season_id,match_id,event_id,event_team,event_minute,event_type,event_player
PL-2020,M-2020-01-01,E-2020-01-0001,FC Arsenal,8',0,Alexandre Lacazette
PL-2020,M-2020-01-01,E-2020-01-0002,FC Arsenal,49',0,Gabriel
PL-2020,M-2020-01-01,E-2020-01-0003,FC Arsenal,57',0,Pierre-Emerick Aubameyang
PL-2020,M-2020-01-02,E-2020-01-0004,Crystal Palace FC,13',0,Wilfried Zaha
PL-2020,M-2020-01-03,E-2020-01-0005,FC Liverpool,4',1,Mohamed Salah
PL-2020,M-2020-01-03,E-2020-01-0006,Leeds United FC ,12',0,Jack Harrison
PL-2020,M-2020-01-03,E-2020-01-0007,FC Liverpool,20',0,Virgil van Dijk
PL-2020,M-2020-01-03,E-2020-01-0008,Leeds United FC ,30',0,Patrick Bamford
PL-2020,M-2020-01-03,E-2020-01-0009,FC Liverpool,33',0,Mohamed Salah
PL-2020,M-2020-01-03,E-2020-01-0010,Leeds United FC ,66',0,Mateusz Klich
PL-2020,M-2020-01-03,E-2020-01-0011,FC Liverpool,88',1,Mohamed Salah
PL-2020,M-2020-01-04,E-2020-01-0012,Newcastle United,56',0,Callum Wilson
PL-2020,M-2020-01-04,E-2020-01-0013,Newcastle United,87',0,Jeff Hendrick
PL-2020,M-2020-01-05,E-2020-01-0014,Leicester City FC,56',0,Timothy Castagne
PL-2020,M-2020-01-05,E-2020-01-0015,Leicester City FC,74',1,Jamie Vardy
PL-2020,M-2020-01-05,E-2020-01-0016,Leicester City FC,84',1,Jamie Vardy
PL-2020,M-2020-01-06,E-2020-01-0017,FC Everton,55',0,Dominic Calvert-Lewin
PL-2020,M-2020-01-07,E-2020-01-0018,Wolverhampton Wanderers,3+1',0,Raúl Jiménez
PL-2020,M-2020-01-07,E-2020-01-0019,Wolverhampton Wanderers,6+1',0,Romain Saïss
PL-2020,M-2020-01-08,E-2020-01-0020,Chelsea FC,23',1,Jorginho
PL-2020,M-2020-01-08,E-2020-01-0021,Brighton & Hove Albion,54',0,Leandro Trossard
PL-2020,M-2020-01-08,E-2020-01-0022,Chelsea FC,56',0,Reece James
PL-2020,M-2020-01-08,E-2020-01-0023,Chelsea FC,66',0,Kurt Zouma
PL-2020,M-2020-01-09,E-2020-01-0024,Manchester United FC,71',0,Paul Pogba
PL-2020,M-2020-01-10,E-2020-01-0025,Manchester City FC,79',0,Bernardo Silva
PL-2020,M-2020-01-10,E-2020-01-0026,Manchester City FC,90',1,İlkay Gündoğan
PL-2020,M-2020-02-01,E-2020-02-0001,West Bromwich Albion,10',0,Grady Diangana
PL-2020,M-2020-02-01,E-2020-02-0002,FC Everton,31',0,Dominic Calvert-Lewin
PL-2020,M-2020-02-01,E-2020-02-0003,FC Everton,45',0,James Rodríguez
PL-2020,M-2020-02-01,E-2020-02-0004,West Bromwich Albion,45+1',-1,Kieran Gibbs
PL-2020,M-2020-02-01,E-2020-02-0005,West Bromwich Albion,47',0,Matheus Pereira
PL-2020,M-2020-02-01,E-2020-02-0006,FC Everton,54',0,Michael Keane
PL-2020,M-2020-02-01,E-2020-02-0007,FC Everton,62',0,Dominic Calvert-Lewin
PL-2020,M-2020-02-01,E-2020-02-0008,FC Everton,66',0,Dominic Calvert-Lewin
PL-2020,M-2020-02-02,E-2020-02-0009,Leeds United FC ,5',0,Hélder Costa
PL-2020,M-2020-02-02,E-2020-02-0010,FC Fulham,34',1,Aleksandar Mitrović
PL-2020,M-2020-02-02,E-2020-02-0011,Leeds United FC ,41',1,Mateusz Klich
PL-2020,M-2020-02-02,E-2020-02-0012,Leeds United FC ,50',0,Patrick Bamford
PL-2020,M-2020-02-02,E-2020-02-0013,Leeds United FC ,57',0,Hélder Costa
PL-2020,M-2020-02-02,E-2020-02-0014,FC Fulham,62',0,Bobby De Cordova-Reid
PL-2020,M-2020-02-02,E-2020-02-0015,FC Fulham,67',0,Aleksandar Mitrović
PL-2020,M-2020-02-03,E-2020-02-0016,Crystal Palace FC,7',0,Andros Townsend
PL-2020,M-2020-02-03,E-2020-02-0017,Crystal Palace FC,74',1,Wilfried Zaha
PL-2020,M-2020-02-03,E-2020-02-0018,Manchester United FC,80',0,Donny van de Beek
PL-2020,M-2020-02-03,E-2020-02-0019,Crystal Palace FC,85',0,Wilfried Zaha
PL-2020,M-2020-02-04,E-2020-02-0020,FC Arsenal,25',0,Alexandre Lacazette
PL-2020,M-2020-02-04,E-2020-02-0021,West Ham United,45',0,Michail Antonio
PL-2020,M-2020-02-04,E-2020-02-0022,FC Arsenal,85',0,Eddie Nketiah
PL-2020,M-2020-02-05,E-2020-02-0023,FC Southampton,32',0,Danny Ings
PL-2020,M-2020-02-05,E-2020-02-0024,Tottenham Hotspur ,45+2',0,Heung-min Son
PL-2020,M-2020-02-05,E-2020-02-0025,Tottenham Hotspur ,47',0,Heung-min Son
PL-2020,M-2020-02-05,E-2020-02-0026,Tottenham Hotspur ,64',0,Heung-min Son
PL-2020,M-2020-02-05,E-2020-02-0027,Tottenham Hotspur ,73',0,Heung-min Son
PL-2020,M-2020-02-05,E-2020-02-0028,Tottenham Hotspur ,82',0,Harry Kane
PL-2020,M-2020-02-05,E-2020-02-0029,FC Southampton,90',1,Danny Ings
PL-2020,M-2020-02-06,E-2020-02-0030,Brighton & Hove Albion,4',1,Neal Maupay
PL-2020,M-2020-02-06,E-2020-02-0031,Brighton & Hove Albion,7',0,Neal Maupay
PL-2020,M-2020-02-06,E-2020-02-0032,Brighton & Hove Albion,83',0,Aaron Connolly
PL-2020,M-2020-02-06,E-2020-02-0033,Brighton & Hove Albion,89',-1,Yves Bissouma
PL-2020,M-2020-02-07,E-2020-02-0034,Chelsea FC,45+1',-1,Andreas Christensen
PL-2020,M-2020-02-07,E-2020-02-0035,FC Liverpool,50',0,Sadio Mané
PL-2020,M-2020-02-07,E-2020-02-0036,FC Liverpool,54',0,Sadio Mané
PL-2020,M-2020-02-07,E-2020-02-0037,Chelsea FC,75',-2,Jorginho
PL-2020,M-2020-02-08,E-2020-02-0038,FC Burnley,10',0,Chris Wood
PL-2020,M-2020-02-08,E-2020-02-0039,Leicester City FC,20',0,Harvey Barnes
PL-2020,M-2020-02-08,E-2020-02-0040,Leicester City FC,50',2,Erik Pieters
PL-2020,M-2020-02-08,E-2020-02-0041,Leicester City FC,61',0,James Justin
PL-2020,M-2020-02-08,E-2020-02-0042,FC Burnley,73',0,Jimmy Dunne
PL-2020,M-2020-02-08,E-2020-02-0043,Leicester City FC,79',0,Dennis Praet
PL-2020,M-2020-02-09,E-2020-02-0044,Sheffield United,12',-1,John Egan
PL-2020,M-2020-02-09,E-2020-02-0045,Sheffield United,36',-2,John Lundstram
PL-2020,M-2020-02-09,E-2020-02-0046,Aston Villa FC,63',0,Ezri Konsa
PL-2020,M-2020-02-10,E-2020-02-0047,Manchester City FC,20',1,Kevin De Bruyne
PL-2020,M-2020-02-10,E-2020-02-0048,Manchester City FC,32',0,Phil Foden
PL-2020,M-2020-02-10,E-2020-02-0049,Wolverhampton Wanderers,78',0,Raúl Jiménez
PL-2020,M-2020-02-10,E-2020-02-0050,Manchester City FC,90+5',0,Gabriel Jesus
PL-2020,M-2020-03-01,E-2020-03-0001,Brighton & Hove Albion,40',1,Neal Maupay
PL-2020,M-2020-03-01,E-2020-03-0002,Manchester United FC,43',2,Lewis Dunk
PL-2020,M-2020-03-01,E-2020-03-0003,Manchester United FC,55',0,Marcus Rashford
PL-2020,M-2020-03-01,E-2020-03-0004,Brighton & Hove Albion,90+5',0,Solly March
PL-2020,M-2020-03-01,E-2020-03-0005,Manchester United FC,90+10',1,Bruno Fernandes
PL-2020,M-2020-03-02,E-2020-03-0006,FC Everton,10',0,Dominic Calvert-Lewin
PL-2020,M-2020-03-02,E-2020-03-0007,Crystal Palace FC,26',0,Cheikhou Kouyaté
PL-2020,M-2020-03-02,E-2020-03-0008,FC Everton,40',1,Richarlison
PL-2020,M-2020-03-03,E-2020-03-0009,West Bromwich Albion,4',0,Callum Robinson
PL-2020,M-2020-03-03,E-2020-03-0010,West Bromwich Albion,25',0,Callum Robinson
PL-2020,M-2020-03-03,E-2020-03-0011,West Bromwich Albion,27',0,Kyle Bartley
PL-2020,M-2020-03-03,E-2020-03-0012,Chelsea FC,55',0,Mason Mount
PL-2020,M-2020-03-03,E-2020-03-0013,Chelsea FC,70',0,Callum Hudson-Odoi
PL-2020,M-2020-03-03,E-2020-03-0014,Chelsea FC,90+3',0,Tammy Abraham
PL-2020,M-2020-03-04,E-2020-03-0015,FC Southampton,5',0,Danny Ings
PL-2020,M-2020-03-05,E-2020-03-0016,Leeds United FC ,88',0,Patrick Bamford
PL-2020,M-2020-03-06,E-2020-03-0017,Tottenham Hotspur ,25',0,Lucas Moura
PL-2020,M-2020-03-06,E-2020-03-0018,Newcastle United,90+7',1,Callum Wilson
PL-2020,M-2020-03-07,E-2020-03-0019,Manchester City FC,4',0,Riyad Mahrez
PL-2020,M-2020-03-07,E-2020-03-0020,Leicester City FC,37',1,Jamie Vardy
PL-2020,M-2020-03-07,E-2020-03-0021,Leicester City FC,54',0,Jamie Vardy
PL-2020,M-2020-03-07,E-2020-03-0022,Leicester City FC,58',1,Jamie Vardy
PL-2020,M-2020-03-07,E-2020-03-0023,Leicester City FC,77',0,James Maddison
PL-2020,M-2020-03-07,E-2020-03-0024,Manchester City FC,84',0,Nathan Aké
PL-2020,M-2020-03-07,E-2020-03-0025,Leicester City FC,88',1,Youri Tielemans
PL-2020,M-2020-03-08,E-2020-03-0026,West Ham United,17',0,Jarrod Bowen
PL-2020,M-2020-03-08,E-2020-03-0027,West Ham United,57',0,Jarrod Bowen
PL-2020,M-2020-03-08,E-2020-03-0028,West Ham United,66',2,Raúl Jiménez
PL-2020,M-2020-03-08,E-2020-03-0029,West Ham United,90+3',0,Sébastien Haller
PL-2020,M-2020-03-09,E-2020-03-0030,Aston Villa FC,4',0,Jack Grealish
PL-2020,M-2020-03-09,E-2020-03-0031,Aston Villa FC,15',0,Conor Hourihane
PL-2020,M-2020-03-09,E-2020-03-0032,Aston Villa FC,48',0,Tyrone Mings
PL-2020,M-2020-03-10,E-2020-03-0033,FC Arsenal,25',0,Alexandre Lacazette
PL-2020,M-2020-03-10,E-2020-03-0034,FC Liverpool,28',0,Sadio Mané
PL-2020,M-2020-03-10,E-2020-03-0035,FC Liverpool,34',0,Andrew Robertson
PL-2020,M-2020-03-10,E-2020-03-0036,FC Liverpool,88',0,Diogo Jota
PL-2020,M-2020-04-01,E-2020-04-0001,Chelsea FC,50',0,Ben Chilwell
PL-2020,M-2020-04-01,E-2020-04-0002,Chelsea FC,66',0,Kurt Zouma
PL-2020,M-2020-04-01,E-2020-04-0003,Chelsea FC,78',1,Jorginho
PL-2020,M-2020-04-01,E-2020-04-0004,Chelsea FC,82',1,Jorginho
PL-2020,M-2020-04-02,E-2020-04-0005,FC Everton,16',0,Dominic Calvert-Lewin
PL-2020,M-2020-04-02,E-2020-04-0006,Brighton & Hove Albion,41',0,Neal Maupay
PL-2020,M-2020-04-02,E-2020-04-0007,FC Everton,45+2',0,Yerry Mina
PL-2020,M-2020-04-02,E-2020-04-0008,FC Everton,52',0,James Rodríguez
PL-2020,M-2020-04-02,E-2020-04-0009,FC Everton,70',0,James Rodríguez
PL-2020,M-2020-04-02,E-2020-04-0010,Brighton & Hove Albion,90+2',0,Yves Bissouma
PL-2020,M-2020-04-03,E-2020-04-0011,Manchester City FC,17',0,Raheem Sterling
PL-2020,M-2020-04-03,E-2020-04-0012,Leeds United FC ,59',0,Rodrigo
PL-2020,M-2020-04-04,E-2020-04-0013,Newcastle United,14',0,Allan Saint-Maximin
PL-2020,M-2020-04-04,E-2020-04-0014,FC Burnley,61',0,Ashley Westwood
PL-2020,M-2020-04-04,E-2020-04-0015,Newcastle United,65',0,Callum Wilson
PL-2020,M-2020-04-04,E-2020-04-0016,Newcastle United,77',1,Callum Wilson
PL-2020,M-2020-04-05,E-2020-04-0017,West Ham United,14',0,Michail Antonio
PL-2020,M-2020-04-05,E-2020-04-0018,West Ham United,34',0,Pablo Fornals
PL-2020,M-2020-04-05,E-2020-04-0019,West Ham United,83',0,Jarrod Bowen
PL-2020,M-2020-04-06,E-2020-04-0020,FC Southampton,41',0,Moussa Djenepo
PL-2020,M-2020-04-06,E-2020-04-0021,FC Southampton,69',0,Oriol Romeu
PL-2020,M-2020-04-07,E-2020-04-0022,FC Arsenal,61',0,Bukayo Saka
PL-2020,M-2020-04-07,E-2020-04-0023,FC Arsenal,64',0,Nicolas Pépé
PL-2020,M-2020-04-07,E-2020-04-0024,Sheffield United,83',0,David McGoldrick
PL-2020,M-2020-04-08,E-2020-04-0025,Wolverhampton Wanderers,56',0,Pedro Neto
PL-2020,M-2020-04-09,E-2020-04-0026,Manchester United FC,2',1,Bruno Fernandes
PL-2020,M-2020-04-09,E-2020-04-0027,Tottenham Hotspur ,4',0,Tanguy Ndombélé
PL-2020,M-2020-04-09,E-2020-04-0028,Tottenham Hotspur ,7',0,Heung-min Son
PL-2020,M-2020-04-09,E-2020-04-0029,Manchester United FC,28',-1,Anthony Martial
PL-2020,M-2020-04-09,E-2020-04-0030,Tottenham Hotspur ,30',0,Harry Kane
PL-2020,M-2020-04-09,E-2020-04-0031,Tottenham Hotspur ,37',0,Heung-min Son
PL-2020,M-2020-04-09,E-2020-04-0032,Tottenham Hotspur ,51',0,Serge Aurier
PL-2020,M-2020-04-09,E-2020-04-0033,Tottenham Hotspur ,79',1,Harry Kane
PL-2020,M-2020-04-10,E-2020-04-0034,Aston Villa FC,4',0,Ollie Watkins
PL-2020,M-2020-04-10,E-2020-04-0035,Aston Villa FC,22',0,Ollie Watkins
PL-2020,M-2020-04-10,E-2020-04-0036,FC Liverpool,33',0,Mohamed Salah
PL-2020,M-2020-04-10,E-2020-04-0037,Aston Villa FC,35',0,John McGinn
PL-2020,M-2020-04-10,E-2020-04-0038,Aston Villa FC,39',0,Ollie Watkins
PL-2020,M-2020-04-10,E-2020-04-0039,Aston Villa FC,55',0,Ross Barkley
PL-2020,M-2020-04-10,E-2020-04-0040,FC Liverpool,60',0,Mohamed Salah
PL-2020,M-2020-04-10,E-2020-04-0041,Aston Villa FC,66',0,Jack Grealish
PL-2020,M-2020-04-10,E-2020-04-0042,Aston Villa FC,75',0,Jack Grealish
PL-2020,M-2020-05-01,E-2020-05-0001,FC Liverpool,3',0,Sadio Mané
PL-2020,M-2020-05-01,E-2020-05-0002,FC Everton,19',0,Michael Keane
PL-2020,M-2020-05-01,E-2020-05-0003,FC Liverpool,72',0,Mohamed Salah
PL-2020,M-2020-05-01,E-2020-05-0004,FC Everton,81',0,Dominic Calvert-Lewin
PL-2020,M-2020-05-01,E-2020-05-0005,FC Everton,90',-1,Richarlison
PL-2020,M-2020-05-02,E-2020-05-0006,Chelsea FC,15',0,Timo Werner
PL-2020,M-2020-05-02,E-2020-05-0007,Chelsea FC,28',0,Timo Werner
PL-2020,M-2020-05-02,E-2020-05-0008,FC Southampton,43',0,Danny Ings
PL-2020,M-2020-05-02,E-2020-05-0009,FC Southampton,57',0,Ché Adams
PL-2020,M-2020-05-02,E-2020-05-0010,Chelsea FC,59',0,Kai Havertz
PL-2020,M-2020-05-02,E-2020-05-0011,FC Southampton,90+2',0,Jannik Vestergaard
PL-2020,M-2020-05-03,E-2020-05-0012,Manchester City FC,23',0,Raheem Sterling
PL-2020,M-2020-05-04,E-2020-05-0013,Newcastle United,2',2,Luke Shaw
PL-2020,M-2020-05-04,E-2020-05-0014,Manchester United FC,23',0,Harry Maguire
PL-2020,M-2020-05-04,E-2020-05-0015,Manchester United FC,58',-2,Bruno Fernandes
PL-2020,M-2020-05-04,E-2020-05-0016,Manchester United FC,86',0,Bruno Fernandes
PL-2020,M-2020-05-04,E-2020-05-0017,Manchester United FC,90',0,Aaron Wan-Bissaka
PL-2020,M-2020-05-04,E-2020-05-0018,Manchester United FC,90+6',0,Marcus Rashford
PL-2020,M-2020-05-05,E-2020-05-0019,FC Fulham,57',-2,Aleksandar Mitrović
PL-2020,M-2020-05-05,E-2020-05-0020,FC Fulham,77',0,Ademola Lookman
PL-2020,M-2020-05-05,E-2020-05-0021,Sheffield United,85',1,Billy Sharp
PL-2020,M-2020-05-06,E-2020-05-0022,Crystal Palace FC,19',1,Wilfried Zaha
PL-2020,M-2020-05-06,E-2020-05-0023,Brighton & Hove Albion,90',0,Alexis Mac Allister
PL-2020,M-2020-05-06,E-2020-05-0024,Brighton & Hove Albion,90+3',-1,Lewis Dunk
PL-2020,M-2020-05-07,E-2020-05-0025,Tottenham Hotspur ,1',0,Heung-min Son
PL-2020,M-2020-05-07,E-2020-05-0026,Tottenham Hotspur ,8',0,Harry Kane
PL-2020,M-2020-05-07,E-2020-05-0027,Tottenham Hotspur ,16',0,Harry Kane
PL-2020,M-2020-05-07,E-2020-05-0028,West Ham United,82',0,Fabián Balbuena
PL-2020,M-2020-05-07,E-2020-05-0029,West Ham United,85',2,Davinson Sánchez
PL-2020,M-2020-05-07,E-2020-05-0030,West Ham United,90+4',0,Manuel Lanzini
PL-2020,M-2020-05-08,E-2020-05-0031,Aston Villa FC,90+1',0,Ross Barkley
PL-2020,M-2020-05-10,E-2020-05-0032,Wolverhampton Wanderers,70',0,Raúl Jiménez
PL-2020,M-2020-06-01,E-2020-06-0001,Leeds United FC ,55',0,Patrick Bamford
PL-2020,M-2020-06-01,E-2020-06-0002,Leeds United FC ,67',0,Patrick Bamford
PL-2020,M-2020-06-01,E-2020-06-0003,Leeds United FC ,74',0,Patrick Bamford
PL-2020,M-2020-06-02,E-2020-06-0004,West Ham United,18',0,Michail Antonio
PL-2020,M-2020-06-02,E-2020-06-0005,Manchester City FC,51',0,Phil Foden
PL-2020,M-2020-06-03,E-2020-06-0006,Crystal Palace FC,8',0,Jaïro Riedewald
PL-2020,M-2020-06-03,E-2020-06-0007,Crystal Palace FC,64',0,Wilfried Zaha
PL-2020,M-2020-06-03,E-2020-06-0008,FC Fulham,88',-1,Aboubakar Kamara
PL-2020,M-2020-06-03,E-2020-06-0009,FC Fulham,90+5',0,Tom Cairney
PL-2020,M-2020-06-05,E-2020-06-0010,Sheffield United,13',1,Sander Berge
PL-2020,M-2020-06-05,E-2020-06-0011,FC Liverpool,41',0,Roberto Firmino
PL-2020,M-2020-06-05,E-2020-06-0012,FC Liverpool,64',0,Diogo Jota
PL-2020,M-2020-06-06,E-2020-06-0013,FC Southampton,27',0,James Ward-Prowse
PL-2020,M-2020-06-06,E-2020-06-0014,FC Southampton,35',0,Ché Adams
PL-2020,M-2020-06-06,E-2020-06-0015,FC Everton,72',-1,Lucas Digne
PL-2020,M-2020-06-07,E-2020-06-0016,Wolverhampton Wanderers,80',0,Raúl Jiménez
PL-2020,M-2020-06-07,E-2020-06-0017,Newcastle United,89',0,Jacob Murphy
PL-2020,M-2020-06-08,E-2020-06-0018,Leicester City FC,80',0,Jamie Vardy
PL-2020,M-2020-06-09,E-2020-06-0019,Brighton & Hove Albion,40',2,Jake Livermore
PL-2020,M-2020-06-09,E-2020-06-0020,West Bromwich Albion,83',0,Karlan Grant
PL-2020,M-2020-06-10,E-2020-06-0021,Tottenham Hotspur ,76',0,Heung-min Son
PL-2020,M-2020-07-01,E-2020-07-0001,Wolverhampton Wanderers,18',0,Rayan Aït-Nouri
PL-2020,M-2020-07-01,E-2020-07-0002,Wolverhampton Wanderers,27',0,Daniel Podence
PL-2020,M-2020-07-01,E-2020-07-0003,Crystal Palace FC,86',-1,Luka Milivojevic
PL-2020,M-2020-07-02,E-2020-07-0004,Manchester City FC,28',0,Kyle Walker
PL-2020,M-2020-07-03,E-2020-07-0005,Chelsea FC,26',0,Hakim Ziyech
PL-2020,M-2020-07-03,E-2020-07-0006,Chelsea FC,63',0,Kurt Zouma
PL-2020,M-2020-07-03,E-2020-07-0007,Chelsea FC,70',0,Timo Werner
PL-2020,M-2020-07-04,E-2020-07-0008,West Ham United,10',0,Pablo Fornals
PL-2020,M-2020-07-04,E-2020-07-0009,FC Liverpool,42',1,Mohamed Salah
PL-2020,M-2020-07-04,E-2020-07-0010,FC Liverpool,85',0,Diogo Jota
PL-2020,M-2020-07-05,E-2020-07-0011,FC Southampton,20',0,Jannik Vestergaard
PL-2020,M-2020-07-05,E-2020-07-0012,FC Southampton,33',0,James Ward-Prowse
PL-2020,M-2020-07-05,E-2020-07-0013,FC Southampton,45',0,James Ward-Prowse
PL-2020,M-2020-07-05,E-2020-07-0014,FC Southampton,58',0,Danny Ings
PL-2020,M-2020-07-05,E-2020-07-0015,Aston Villa FC,62',0,Tyrone Mings
PL-2020,M-2020-07-05,E-2020-07-0016,Aston Villa FC,90+3',1,Ollie Watkins
PL-2020,M-2020-07-05,E-2020-07-0017,Aston Villa FC,90+7',0,Jack Grealish
PL-2020,M-2020-07-06,E-2020-07-0018,Newcastle United,56',1,Callum Wilson
PL-2020,M-2020-07-06,E-2020-07-0019,Newcastle United,84',0,Callum Wilson
PL-2020,M-2020-07-06,E-2020-07-0020,FC Everton,90+1',0,Dominic Calvert-Lewin
PL-2020,M-2020-07-07,E-2020-07-0021,FC Arsenal,69',1,Pierre-Emerick Aubameyang
PL-2020,M-2020-07-08,E-2020-07-0022,Tottenham Hotspur ,13',1,Harry Kane
PL-2020,M-2020-07-08,E-2020-07-0023,Brighton & Hove Albion,56',0,Tariq Lamptey
PL-2020,M-2020-07-08,E-2020-07-0024,Tottenham Hotspur ,73',0,Gareth Bale
PL-2020,M-2020-07-09,E-2020-07-0025,FC Fulham,26',0,Bobby De Cordova-Reid
PL-2020,M-2020-07-09,E-2020-07-0026,FC Fulham,30',0,Ola Aina
PL-2020,M-2020-07-10,E-2020-07-0027,Leicester City FC,2',0,Harvey Barnes
PL-2020,M-2020-07-10,E-2020-07-0028,Leicester City FC,21',0,Youri Tielemans
PL-2020,M-2020-07-10,E-2020-07-0029,Leeds United FC ,48',0,Stuart Dallas
PL-2020,M-2020-07-10,E-2020-07-0030,Leicester City FC,76',0,Jamie Vardy
PL-2020,M-2020-07-10,E-2020-07-0031,Leicester City FC,90+1',1,Youri Tielemans
PL-2020,M-2020-08-02,E-2020-08-0001,FC Southampton,7',0,Ché Adams
PL-2020,M-2020-08-02,E-2020-08-0002,FC Southampton,82',0,Stuart Armstrong
PL-2020,M-2020-08-03,E-2020-08-0003,FC Everton,19',0,Bernard
PL-2020,M-2020-08-03,E-2020-08-0004,Manchester United FC,25',0,Bruno Fernandes
PL-2020,M-2020-08-03,E-2020-08-0005,Manchester United FC,32',0,Bruno Fernandes
PL-2020,M-2020-08-03,E-2020-08-0006,Manchester United FC,90+5',0,Edinson Cavani
PL-2020,M-2020-08-04,E-2020-08-0007,Crystal Palace FC,12',0,Scott Dann
PL-2020,M-2020-08-04,E-2020-08-0008,Crystal Palace FC,22',0,Eberechi Eze
PL-2020,M-2020-08-04,E-2020-08-0009,Leeds United FC ,27',0,Patrick Bamford
PL-2020,M-2020-08-04,E-2020-08-0010,Crystal Palace FC,42',2,Hélder Costa
PL-2020,M-2020-08-04,E-2020-08-0011,Crystal Palace FC,70',0,Jordan Ayew
PL-2020,M-2020-08-05,E-2020-08-0012,Sheffield United,9',0,David McGoldrick
PL-2020,M-2020-08-05,E-2020-08-0013,Chelsea FC,23',0,Tammy Abraham
PL-2020,M-2020-08-05,E-2020-08-0014,Chelsea FC,34',0,Ben Chilwell
PL-2020,M-2020-08-05,E-2020-08-0015,Chelsea FC,77',0,Thiago Silva
PL-2020,M-2020-08-05,E-2020-08-0016,Chelsea FC,80',0,Timo Werner
PL-2020,M-2020-08-06,E-2020-08-0017,West Ham United,90+1',0,Tomáš Souček
PL-2020,M-2020-08-06,E-2020-08-0018,FC Fulham,90+8',-2,Ademola Lookman
PL-2020,M-2020-08-07,E-2020-08-0019,Tottenham Hotspur ,88',0,Harry Kane
PL-2020,M-2020-08-08,E-2020-08-0020,Leicester City FC,15',1,Jamie Vardy
PL-2020,M-2020-08-08,E-2020-08-0021,Leicester City FC,39',-2,Jamie Vardy
PL-2020,M-2020-08-09,E-2020-08-0022,FC Liverpool,13',1,Mohamed Salah
PL-2020,M-2020-08-09,E-2020-08-0023,Manchester City FC,31',0,Gabriel Jesus
PL-2020,M-2020-08-09,E-2020-08-0024,Manchester City FC,42',-2,Kevin De Bruyne
PL-2020,M-2020-08-10,E-2020-08-0025,Aston Villa FC,25',2,Bukayo Saka
PL-2020,M-2020-08-10,E-2020-08-0026,Aston Villa FC,72',0,Ollie Watkins
PL-2020,M-2020-08-10,E-2020-08-0027,Aston Villa FC,75',0,Ollie Watkins
PL-2020,M-2020-09-01,E-2020-09-0001,Chelsea FC,10',2,Federico Fernández
PL-2020,M-2020-09-01,E-2020-09-0002,Chelsea FC,65',0,Tammy Abraham
PL-2020,M-2020-09-02,E-2020-09-0003,Brighton & Hove Albion,12',0,Danny Welbeck
PL-2020,M-2020-09-02,E-2020-09-0004,Aston Villa FC,47',0,Ezri Konsa
PL-2020,M-2020-09-02,E-2020-09-0005,Brighton & Hove Albion,56',0,Solly March
PL-2020,M-2020-09-02,E-2020-09-0006,Brighton & Hove Albion,90+1',-1,Tariq Lamptey
PL-2020,M-2020-09-03,E-2020-09-0007,Tottenham Hotspur ,5',0,Heung-min Son
PL-2020,M-2020-09-03,E-2020-09-0008,Tottenham Hotspur ,65',0,Giovani Lo Celso
PL-2020,M-2020-09-04,E-2020-09-0009,Manchester United FC,56',1,Bruno Fernandes
PL-2020,M-2020-09-05,E-2020-09-0010,FC Everton,1',0,Dominic Calvert-Lewin
PL-2020,M-2020-09-05,E-2020-09-0011,FC Fulham,15',0,Bobby De Cordova-Reid
PL-2020,M-2020-09-05,E-2020-09-0012,FC Everton,29',0,Dominic Calvert-Lewin
PL-2020,M-2020-09-05,E-2020-09-0013,FC Everton,35',0,Abdoulaye Doucouré
PL-2020,M-2020-09-05,E-2020-09-0014,FC Fulham,68',-2,Ivan Cavaleiro
PL-2020,M-2020-09-05,E-2020-09-0015,FC Fulham,70',0,Ruben Loftus-Cheek
PL-2020,M-2020-09-06,E-2020-09-0016,West Ham United,56',0,Sébastien Haller
PL-2020,M-2020-09-07,E-2020-09-0017,FC Arsenal,51',-1,Nicolas Pépé
PL-2020,M-2020-09-08,E-2020-09-0018,FC Liverpool,21',2,Jonny Evans
PL-2020,M-2020-09-08,E-2020-09-0019,FC Liverpool,41',0,Diogo Jota
PL-2020,M-2020-09-08,E-2020-09-0020,FC Liverpool,86',0,Roberto Firmino
PL-2020,M-2020-09-09,E-2020-09-0021,FC Burnley,8',0,Chris Wood
PL-2020,M-2020-09-10,E-2020-09-0022,FC Southampton,58',0,Theo Walcott
PL-2020,M-2020-09-10,E-2020-09-0023,Wolverhampton Wanderers,75',0,Pedro Neto
PL-2020,M-2020-10-01,E-2020-10-0001,Newcastle United,88',0,Callum Wilson
PL-2020,M-2020-10-01,E-2020-10-0002,Newcastle United,89',0,Joelinton
PL-2020,M-2020-10-02,E-2020-10-0003,Brighton & Hove Albion,20',-2,Neal Maupay
PL-2020,M-2020-10-02,E-2020-10-0004,FC Liverpool,60',0,Diogo Jota
PL-2020,M-2020-10-02,E-2020-10-0005,Brighton & Hove Albion,90+3',1,Pascal Groß
PL-2020,M-2020-10-03,E-2020-10-0006,Manchester City FC,6',0,Riyad Mahrez
PL-2020,M-2020-10-03,E-2020-10-0007,Manchester City FC,22',0,Riyad Mahrez
PL-2020,M-2020-10-03,E-2020-10-0008,Manchester City FC,41',0,Benjamin Mendy
PL-2020,M-2020-10-03,E-2020-10-0009,Manchester City FC,66',0,Ferran Torres
PL-2020,M-2020-10-03,E-2020-10-0010,Manchester City FC,69',0,Riyad Mahrez
PL-2020,M-2020-10-04,E-2020-10-0011,Leeds United FC ,79',0,Raphinha
PL-2020,M-2020-10-05,E-2020-10-0012,West Bromwich Albion,13',0,Conor Gallagher
PL-2020,M-2020-10-06,E-2020-10-0013,FC Southampton,23',0,Jan Bednarek
PL-2020,M-2020-10-06,E-2020-10-0014,FC Southampton,33',0,James Ward-Prowse
PL-2020,M-2020-10-06,E-2020-10-0015,Manchester United FC,59',0,Bruno Fernandes
PL-2020,M-2020-10-06,E-2020-10-0016,Manchester United FC,74',0,Edinson Cavani
PL-2020,M-2020-10-06,E-2020-10-0017,Manchester United FC,90+2',0,Edinson Cavani
PL-2020,M-2020-10-08,E-2020-10-0018,Wolverhampton Wanderers,27',0,Pedro Neto
PL-2020,M-2020-10-08,E-2020-10-0019,FC Arsenal,30',0,Gabriel
PL-2020,M-2020-10-08,E-2020-10-0020,Wolverhampton Wanderers,42',0,Daniel Podence
PL-2020,M-2020-10-09,E-2020-10-0021,FC Fulham,30',0,Ademola Lookman
PL-2020,M-2020-10-09,E-2020-10-0022,FC Fulham,38',1,Ivan Cavaleiro
PL-2020,M-2020-10-09,E-2020-10-0023,Leicester City FC,86',0,Harvey Barnes
PL-2020,M-2020-10-10,E-2020-10-0024,West Ham United,2',0,Angelo Ogbonna
PL-2020,M-2020-10-10,E-2020-10-0025,Aston Villa FC,25',0,Jack Grealish
PL-2020,M-2020-10-10,E-2020-10-0026,West Ham United,46',0,Jarrod Bowen
PL-2020,M-2020-10-10,E-2020-10-0027,Aston Villa FC,74',-2,Ollie Watkins
PL-2020,M-2020-11-01,E-2020-11-0001,FC Burnley,3',0,Robbie Brady
PL-2020,M-2020-11-01,E-2020-11-0002,FC Everton,45+3',0,Dominic Calvert-Lewin
PL-2020,M-2020-11-02,E-2020-11-0003,Manchester City FC,5',0,Raheem Sterling
PL-2020,M-2020-11-02,E-2020-11-0004,Manchester City FC,26',1,Kevin De Bruyne
PL-2020,M-2020-11-03,E-2020-11-0005,West Ham United,38',0,Tomáš Souček
PL-2020,M-2020-11-03,E-2020-11-0006,Manchester United FC,65',0,Paul Pogba
PL-2020,M-2020-11-03,E-2020-11-0007,Manchester United FC,68',0,Mason Greenwood
PL-2020,M-2020-11-03,E-2020-11-0008,Manchester United FC,78',0,Marcus Rashford
PL-2020,M-2020-11-04,E-2020-11-0009,Leeds United FC ,4',0,Patrick Bamford
PL-2020,M-2020-11-04,E-2020-11-0010,Chelsea FC,27',0,Olivier Giroud
PL-2020,M-2020-11-04,E-2020-11-0011,Chelsea FC,61',0,Kurt Zouma
PL-2020,M-2020-11-04,E-2020-11-0012,Chelsea FC,90+3',0,Christian Pulisic
PL-2020,M-2020-11-05,E-2020-11-0013,Crystal Palace FC,8',2,Darnell Furlong
PL-2020,M-2020-11-05,E-2020-11-0014,West Bromwich Albion,30',0,Conor Gallagher
PL-2020,M-2020-11-05,E-2020-11-0015,West Bromwich Albion,34',-1,Matheus Pereira
PL-2020,M-2020-11-05,E-2020-11-0016,Crystal Palace FC,55',0,Wilfried Zaha
PL-2020,M-2020-11-05,E-2020-11-0017,Crystal Palace FC,59',0,Christian Benteke
PL-2020,M-2020-11-05,E-2020-11-0018,Crystal Palace FC,68',0,Wilfried Zaha
PL-2020,M-2020-11-05,E-2020-11-0019,Crystal Palace FC,82',0,Christian Benteke
PL-2020,M-2020-11-06,E-2020-11-0020,Leicester City FC,24',0,Ayoze Pérez
PL-2020,M-2020-11-06,E-2020-11-0021,Sheffield United,26',0,Oli McBurnie
PL-2020,M-2020-11-06,E-2020-11-0022,Leicester City FC,90',0,Jamie Vardy
PL-2020,M-2020-11-07,E-2020-11-0023,Tottenham Hotspur ,13',0,Heung-min Son
PL-2020,M-2020-11-07,E-2020-11-0024,Tottenham Hotspur ,45+1',0,Harry Kane
PL-2020,M-2020-11-08,E-2020-11-0025,FC Liverpool,24',0,Mohamed Salah
PL-2020,M-2020-11-08,E-2020-11-0026,FC Liverpool,58',0,Georginio Wijnaldum
PL-2020,M-2020-11-08,E-2020-11-0027,FC Liverpool,67',0,Joël Matip
PL-2020,M-2020-11-08,E-2020-11-0028,FC Liverpool,78',2,Nélson Semedo
PL-2020,M-2020-11-09,E-2020-11-0029,Brighton & Hove Albion,26',1,Pascal Groß
PL-2020,M-2020-11-09,E-2020-11-0030,FC Southampton,45',0,Jannik Vestergaard
PL-2020,M-2020-11-09,E-2020-11-0031,FC Southampton,81',1,Danny Ings
PL-2020,M-2020-11-10,E-2020-11-0032,Aston Villa FC,13',0,Ollie Watkins
PL-2020,M-2020-11-10,E-2020-11-0033,Aston Villa FC,42',0,Bertrand Traoré
PL-2020,M-2020-12-01,E-2020-12-0001,Leeds United FC ,6',1,Mateusz Klich
PL-2020,M-2020-12-01,E-2020-12-0002,West Ham United,25',0,Tomáš Souček
PL-2020,M-2020-12-01,E-2020-12-0003,West Ham United,80',0,Angelo Ogbonna
PL-2020,M-2020-12-02,E-2020-12-0004,Aston Villa FC,85',-1,Douglas Luiz
PL-2020,M-2020-12-02,E-2020-12-0005,Aston Villa FC,90+4',1,Anwar El Ghazi
PL-2020,M-2020-12-02,E-2020-12-0006,Wolverhampton Wanderers,90+5',-1,João Moutinho
PL-2020,M-2020-12-03,E-2020-12-0007,Newcastle United,1',0,Miguel Almirón
PL-2020,M-2020-12-03,E-2020-12-0008,West Bromwich Albion,50',0,Darnell Furlong
PL-2020,M-2020-12-03,E-2020-12-0009,Newcastle United,82',0,Dwight Gayle
PL-2020,M-2020-12-05,E-2020-12-0010,FC Everton,22',1,Gylfi Sigurdsson
PL-2020,M-2020-12-06,E-2020-12-0011,FC Southampton,34',0,Ché Adams
PL-2020,M-2020-12-06,E-2020-12-0012,FC Southampton,62',0,Stuart Armstrong
PL-2020,M-2020-12-06,E-2020-12-0013,FC Southampton,83',0,Nathan Redmond
PL-2020,M-2020-12-07,E-2020-12-0014,Tottenham Hotspur ,23',0,Harry Kane
PL-2020,M-2020-12-07,E-2020-12-0015,Crystal Palace FC,81',0,Jeffrey Schlupp
PL-2020,M-2020-12-08,E-2020-12-0016,FC Fulham,25',0,Bobby De Cordova-Reid
PL-2020,M-2020-12-08,E-2020-12-0017,FC Liverpool,79',1,Mohamed Salah
PL-2020,M-2020-12-09,E-2020-12-0018,FC Arsenal,58',-1,Granit Xhaka
PL-2020,M-2020-12-09,E-2020-12-0019,FC Burnley,73',2,Pierre-Emerick Aubameyang
PL-2020,M-2020-12-10,E-2020-12-0020,Leicester City FC,27',0,James Maddison
PL-2020,M-2020-12-10,E-2020-12-0021,Leicester City FC,41',0,Jamie Vardy
PL-2020,M-2020-12-10,E-2020-12-0022,Leicester City FC,44',0,James Maddison
PL-2020,M-2020-13-01,E-2020-13-0001,Chelsea FC,49',0,Olivier Giroud
PL-2020,M-2020-13-01,E-2020-13-0002,Wolverhampton Wanderers,66',0,Daniel Podence
PL-2020,M-2020-13-01,E-2020-13-0003,Wolverhampton Wanderers,90+5',0,Pedro Neto
PL-2020,M-2020-13-02,E-2020-13-0004,Manchester City FC,30',0,İlkay Gündoğan
PL-2020,M-2020-13-02,E-2020-13-0005,West Bromwich Albion,43',2,Rúben Dias
PL-2020,M-2020-13-03,E-2020-13-0006,FC Southampton,18',0,Theo Walcott
PL-2020,M-2020-13-03,E-2020-13-0007,FC Arsenal,52',0,Pierre-Emerick Aubameyang
PL-2020,M-2020-13-03,E-2020-13-0008,FC Arsenal,62',-1,Gabriel
PL-2020,M-2020-13-04,E-2020-13-0009,Newcastle United,26',0,Jeff Hendrick
PL-2020,M-2020-13-04,E-2020-13-0010,Leeds United FC ,35',0,Patrick Bamford
PL-2020,M-2020-13-04,E-2020-13-0011,Leeds United FC ,61',0,Rodrigo
PL-2020,M-2020-13-04,E-2020-13-0012,Newcastle United,65',0,Ciaran Clark
PL-2020,M-2020-13-04,E-2020-13-0013,Leeds United FC ,77',0,Stuart Dallas
PL-2020,M-2020-13-04,E-2020-13-0014,Leeds United FC ,85',0,Ezgjan Alioski
PL-2020,M-2020-13-04,E-2020-13-0015,Leeds United FC ,88',0,Jack Harrison
PL-2020,M-2020-13-05,E-2020-13-0016,FC Everton,21',0,Richarlison
PL-2020,M-2020-13-05,E-2020-13-0017,FC Everton,72',0,Mason Holgate
PL-2020,M-2020-13-07,E-2020-13-0018,Crystal Palace FC,34',0,Christian Benteke
PL-2020,M-2020-13-07,E-2020-13-0019,West Ham United,55',0,Sébastien Haller
PL-2020,M-2020-13-07,E-2020-13-0020,Crystal Palace FC,70',-1,Christian Benteke
PL-2020,M-2020-13-08,E-2020-13-0021,FC Liverpool,26',0,Mohamed Salah
PL-2020,M-2020-13-08,E-2020-13-0022,Tottenham Hotspur ,33',0,Heung-min Son
PL-2020,M-2020-13-08,E-2020-13-0023,FC Liverpool,90',0,Roberto Firmino
PL-2020,M-2020-13-10,E-2020-13-0024,Sheffield United,5',0,David McGoldrick
PL-2020,M-2020-13-10,E-2020-13-0025,Manchester United FC,26',0,Marcus Rashford
PL-2020,M-2020-13-10,E-2020-13-0026,Manchester United FC,33',0,Anthony Martial
PL-2020,M-2020-13-10,E-2020-13-0027,Manchester United FC,51',0,Marcus Rashford
PL-2020,M-2020-13-10,E-2020-13-0028,Sheffield United,87',0,David McGoldrick
PL-2020,M-2020-14-01,E-2020-14-0001,FC Liverpool,3',0,Takumi Minamino
PL-2020,M-2020-14-01,E-2020-14-0002,FC Liverpool,35',0,Sadio Mané
PL-2020,M-2020-14-01,E-2020-14-0003,FC Liverpool,44',0,Roberto Firmino
PL-2020,M-2020-14-01,E-2020-14-0004,FC Liverpool,52',0,Jordan Henderson
PL-2020,M-2020-14-01,E-2020-14-0005,FC Liverpool,68',0,Roberto Firmino
PL-2020,M-2020-14-01,E-2020-14-0006,FC Liverpool,81',0,Mohamed Salah
PL-2020,M-2020-14-01,E-2020-14-0007,FC Liverpool,84',0,Mohamed Salah
PL-2020,M-2020-14-02,E-2020-14-0008,Manchester City FC,16',0,Raheem Sterling
PL-2020,M-2020-14-03,E-2020-14-0009,FC Everton,22',2,Rob Holding
PL-2020,M-2020-14-03,E-2020-14-0010,FC Arsenal,35',1,Nicolas Pépé
PL-2020,M-2020-14-03,E-2020-14-0011,FC Everton,45',0,Yerry Mina
PL-2020,M-2020-14-04,E-2020-14-0012,FC Fulham,42',2,Matt Ritchie
PL-2020,M-2020-14-04,E-2020-14-0013,FC Fulham,62',-1,Joachim Andersen
PL-2020,M-2020-14-04,E-2020-14-0014,Newcastle United,64',1,Callum Wilson
PL-2020,M-2020-14-05,E-2020-14-0015,Sheffield United,40',-1,John Lundstram
PL-2020,M-2020-14-05,E-2020-14-0016,Sheffield United,63',0,Jayden Bogle
PL-2020,M-2020-14-05,E-2020-14-0017,Brighton & Hove Albion,87',0,Danny Welbeck
PL-2020,M-2020-14-06,E-2020-14-0018,Leicester City FC,45+4',1,Jamie Vardy
PL-2020,M-2020-14-06,E-2020-14-0019,Leicester City FC,59',2,Toby Alderweireld
PL-2020,M-2020-14-07,E-2020-14-0020,Manchester United FC,2',0,Scott McTominay
PL-2020,M-2020-14-07,E-2020-14-0021,Manchester United FC,3',0,Scott McTominay
PL-2020,M-2020-14-07,E-2020-14-0022,Manchester United FC,20',0,Bruno Fernandes
PL-2020,M-2020-14-07,E-2020-14-0023,Manchester United FC,37',0,Victor Lindelöf
PL-2020,M-2020-14-07,E-2020-14-0024,Leeds United FC ,41',0,Liam Cooper
PL-2020,M-2020-14-07,E-2020-14-0025,Manchester United FC,66',0,Daniel James
PL-2020,M-2020-14-07,E-2020-14-0026,Manchester United FC,70',1,Bruno Fernandes
PL-2020,M-2020-14-07,E-2020-14-0027,Leeds United FC ,73',0,Stuart Dallas
PL-2020,M-2020-14-08,E-2020-14-0028,Aston Villa FC,5',0,Anwar El Ghazi
PL-2020,M-2020-14-08,E-2020-14-0029,West Bromwich Albion,36',-1,Jake Livermore
PL-2020,M-2020-14-08,E-2020-14-0030,Aston Villa FC,84',0,Bertrand Traoré
PL-2020,M-2020-14-08,E-2020-14-0031,Aston Villa FC,88',1,Anwar El Ghazi
PL-2020,M-2020-14-09,E-2020-14-0032,FC Burnley,35',0,Ashley Barnes
PL-2020,M-2020-14-09,E-2020-14-0033,FC Burnley,51',0,Chris Wood
PL-2020,M-2020-14-09,E-2020-14-0034,Wolverhampton Wanderers,89',1,Fábio Silva
PL-2020,M-2020-14-10,E-2020-14-0035,Chelsea FC,10',0,Thiago Silva
PL-2020,M-2020-14-10,E-2020-14-0036,Chelsea FC,78',0,Tammy Abraham
PL-2020,M-2020-14-10,E-2020-14-0037,Chelsea FC,80',0,Tammy Abraham
PL-2020,M-2020-15-01,E-2020-15-0001,Manchester United FC,23',0,Marcus Rashford
PL-2020,M-2020-15-01,E-2020-15-0002,Leicester City FC,31',0,Harvey Barnes
PL-2020,M-2020-15-01,E-2020-15-0003,Manchester United FC,79',0,Bruno Fernandes
PL-2020,M-2020-15-01,E-2020-15-0004,Leicester City FC,85',2,Axel Tuanzebe
PL-2020,M-2020-15-02,E-2020-15-0005,Aston Villa FC,5',0,Bertrand Traoré
PL-2020,M-2020-15-02,E-2020-15-0006,Aston Villa FC,45',-1,Tyrone Mings
PL-2020,M-2020-15-02,E-2020-15-0007,Aston Villa FC,66',0,Kortney Hause
PL-2020,M-2020-15-02,E-2020-15-0008,Aston Villa FC,76',0,Anwar El Ghazi
PL-2020,M-2020-15-04,E-2020-15-0009,FC Arsenal,34',1,Alexandre Lacazette
PL-2020,M-2020-15-04,E-2020-15-0010,FC Arsenal,44',0,Granit Xhaka
PL-2020,M-2020-15-04,E-2020-15-0011,FC Arsenal,56',0,Bukayo Saka
PL-2020,M-2020-15-04,E-2020-15-0012,Chelsea FC,85',0,Tammy Abraham
PL-2020,M-2020-15-04,E-2020-15-0013,Chelsea FC,90+1',-2,Jorginho
PL-2020,M-2020-15-05,E-2020-15-0014,Manchester City FC,14',0,İlkay Gündoğan
PL-2020,M-2020-15-05,E-2020-15-0015,Manchester City FC,55',0,Ferran Torres
PL-2020,M-2020-15-06,E-2020-15-0016,FC Everton,80',0,Gylfi Sigurdsson
PL-2020,M-2020-15-07,E-2020-15-0017,Leeds United FC ,5',1,Patrick Bamford
PL-2020,M-2020-15-08,E-2020-15-0018,Brighton & Hove Albion,44',0,Neal Maupay
PL-2020,M-2020-15-08,E-2020-15-0019,West Ham United,60',0,Ben Johnson
PL-2020,M-2020-15-08,E-2020-15-0020,Brighton & Hove Albion,70',0,Lewis Dunk
PL-2020,M-2020-15-08,E-2020-15-0021,West Ham United,82',0,Tomáš Souček
PL-2020,M-2020-15-09,E-2020-15-0022,FC Liverpool,12',0,Sadio Mané
PL-2020,M-2020-15-09,E-2020-15-0023,West Bromwich Albion,82',0,Semi Ajayi
PL-2020,M-2020-15-10,E-2020-15-0024,Tottenham Hotspur ,1',0,Tanguy Ndombélé
PL-2020,M-2020-15-10,E-2020-15-0025,Wolverhampton Wanderers,86',0,Romain Saïss
PL-2020,M-2020-16-01,E-2020-16-0001,Leicester City FC,19',-2,Kelechi Iheanacho
PL-2020,M-2020-16-01,E-2020-16-0002,Crystal Palace FC,58',0,Wilfried Zaha
PL-2020,M-2020-16-01,E-2020-16-0003,Leicester City FC,83',0,Harvey Barnes
PL-2020,M-2020-16-02,E-2020-16-0004,Chelsea FC,34',0,Olivier Giroud
PL-2020,M-2020-16-02,E-2020-16-0005,Aston Villa FC,50',0,Anwar El Ghazi
PL-2020,M-2020-16-03,E-2020-16-0006,FC Arsenal,66',0,Alexandre Lacazette
PL-2020,M-2020-16-04,E-2020-16-0007,FC Burnley,32',0,Ben Mee
PL-2020,M-2020-16-06,E-2020-16-0008,Leeds United FC ,9',2,Romaine Sawyers
PL-2020,M-2020-16-06,E-2020-16-0009,Leeds United FC ,31',0,Ezgjan Alioski
PL-2020,M-2020-16-06,E-2020-16-0010,Leeds United FC ,36',0,Jack Harrison
PL-2020,M-2020-16-06,E-2020-16-0011,Leeds United FC ,40',0,Rodrigo
PL-2020,M-2020-16-06,E-2020-16-0012,Leeds United FC ,72',0,Raphinha
PL-2020,M-2020-16-07,E-2020-16-0013,Manchester United FC,90+3',0,Marcus Rashford
PL-2020,M-2020-16-09,E-2020-16-0014,Tottenham Hotspur ,25',0,Harry Kane
PL-2020,M-2020-16-09,E-2020-16-0015,FC Fulham,74',0,Ivan Cavaleiro
PL-2020,M-2020-16-10,E-2020-16-0016,Manchester City FC,32',0,Phil Foden
PL-2020,M-2020-16-10,E-2020-16-0017,FC Everton,37',0,Richarlison
PL-2020,M-2020-16-10,E-2020-16-0018,Manchester City FC,63',0,Riyad Mahrez
PL-2020,M-2020-16-10,E-2020-16-0019,Manchester City FC,77',0,Bernardo Silva
PL-2020,M-2020-17-01,E-2020-17-0001,West Ham United,86',0,Tomáš Souček
PL-2020,M-2020-17-02,E-2020-17-0002,Manchester United FC,40',0,Anthony Martial
PL-2020,M-2020-17-02,E-2020-17-0003,Aston Villa FC,58',0,Bertrand Traoré
PL-2020,M-2020-17-02,E-2020-17-0004,Manchester United FC,61',1,Bruno Fernandes
PL-2020,M-2020-17-03,E-2020-17-0005,Tottenham Hotspur ,29',1,Harry Kane
PL-2020,M-2020-17-03,E-2020-17-0006,Tottenham Hotspur ,43',0,Heung-min Son
PL-2020,M-2020-17-03,E-2020-17-0007,Tottenham Hotspur ,50',0,Toby Alderweireld
PL-2020,M-2020-17-03,E-2020-17-0008,Tottenham Hotspur ,90+2',-1,Matt Doherty
PL-2020,M-2020-17-04,E-2020-17-0009,Crystal Palace FC,4',0,Jeffrey Schlupp
PL-2020,M-2020-17-04,E-2020-17-0010,Crystal Palace FC,45+6',0,Eberechi Eze
PL-2020,M-2020-17-05,E-2020-17-0011,Brighton & Hove Albion,13',0,Aaron Connolly
PL-2020,M-2020-17-05,E-2020-17-0012,Wolverhampton Wanderers,19',0,Romain Saïss
PL-2020,M-2020-17-05,E-2020-17-0013,Wolverhampton Wanderers,34',2,Dan Burn
PL-2020,M-2020-17-05,E-2020-17-0014,Wolverhampton Wanderers,44',1,Rúben Neves
PL-2020,M-2020-17-05,E-2020-17-0015,Brighton & Hove Albion,46',1,Neal Maupay
PL-2020,M-2020-17-05,E-2020-17-0016,Brighton & Hove Albion,70',0,Lewis Dunk
PL-2020,M-2020-17-06,E-2020-17-0017,FC Arsenal,23',0,Kieran Tierney
PL-2020,M-2020-17-06,E-2020-17-0018,FC Arsenal,28',0,Bukayo Saka
PL-2020,M-2020-17-06,E-2020-17-0019,FC Arsenal,60',0,Alexandre Lacazette
PL-2020,M-2020-17-06,E-2020-17-0020,FC Arsenal,64',0,Alexandre Lacazette
PL-2020,M-2020-17-07,E-2020-17-0021,Leicester City FC,55',0,James Maddison
PL-2020,M-2020-17-07,E-2020-17-0022,Leicester City FC,72',0,Youri Tielemans
PL-2020,M-2020-17-07,E-2020-17-0023,Newcastle United,82',0,Andy Carroll
PL-2020,M-2020-17-08,E-2020-17-0024,Manchester City FC,18',0,İlkay Gündoğan
PL-2020,M-2020-17-08,E-2020-17-0025,Manchester City FC,21',0,Phil Foden
PL-2020,M-2020-17-08,E-2020-17-0026,Manchester City FC,34',0,Kevin De Bruyne
PL-2020,M-2020-17-08,E-2020-17-0027,Chelsea FC,90+2',0,Callum Hudson-Odoi
PL-2020,M-2020-17-09,E-2020-17-0028,FC Southampton,2',0,Danny Ings
PL-2020,M-2020-17-10,E-2020-17-0029,FC Fulham,49',0,Ola Aina
PL-2020,M-2020-17-10,E-2020-17-0030,FC Burnley,52',0,Ashley Barnes
PL-2020,M-2020-18-01,E-2020-18-0001,Newcastle United,45',-1,Ryan Fraser
PL-2020,M-2020-18-01,E-2020-18-0002,Sheffield United,73',1,Billy Sharp
PL-2020,M-2020-18-02,E-2020-18-0003,FC Everton,6',0,Alex Iwobi
PL-2020,M-2020-18-02,E-2020-18-0004,Wolverhampton Wanderers,14',0,Rúben Neves
PL-2020,M-2020-18-02,E-2020-18-0005,FC Everton,77',0,Michael Keane
PL-2020,M-2020-18-03,E-2020-18-0006,Manchester City FC,44',0,Phil Foden
PL-2020,M-2020-18-03,E-2020-18-0007,Manchester City FC,90+2',-2,Raheem Sterling
PL-2020,M-2020-18-05,E-2020-18-0008,West Ham United,45+1',0,Jarrod Bowen
PL-2020,M-2020-18-05,E-2020-18-0009,West Bromwich Albion,51',0,Matheus Pereira
PL-2020,M-2020-18-05,E-2020-18-0010,West Ham United,66',0,Michail Antonio
PL-2020,M-2020-18-06,E-2020-18-0011,Leicester City FC,6',0,Wilfred Ndidi
PL-2020,M-2020-18-06,E-2020-18-0012,Leicester City FC,41',0,James Maddison
PL-2020,M-2020-18-07,E-2020-18-0013,FC Fulham,5',0,Ademola Lookman
PL-2020,M-2020-18-07,E-2020-18-0014,Manchester United FC,21',0,Edinson Cavani
PL-2020,M-2020-18-07,E-2020-18-0015,Manchester United FC,65',0,Paul Pogba
PL-2020,M-2020-18-08,E-2020-18-0016,FC Burnley,83',1,Ashley Barnes
PL-2020,M-2020-18-09,E-2020-18-0017,Leeds United FC ,47',0,Patrick Bamford
PL-2020,M-2020-18-09,E-2020-18-0018,Leeds United FC ,78',0,Stuart Dallas
PL-2020,M-2020-18-09,E-2020-18-0019,Leeds United FC ,84',0,Raphinha
PL-2020,M-2020-18-10,E-2020-18-0020,Tottenham Hotspur ,29',0,Carlos Vinícius
PL-2020,M-2020-18-10,E-2020-18-0021,Tottenham Hotspur ,68',1,Harry Kane
PL-2020,M-2020-19-01,E-2020-19-0001,West Bromwich Albion,8',1,Matheus Pereira
PL-2020,M-2020-19-01,E-2020-19-0002,Wolverhampton Wanderers,38',0,Fábio Silva
PL-2020,M-2020-19-01,E-2020-19-0003,Wolverhampton Wanderers,43',0,Willy Boly
PL-2020,M-2020-19-01,E-2020-19-0004,West Bromwich Albion,52',0,Semi Ajayi
PL-2020,M-2020-19-01,E-2020-19-0005,West Bromwich Albion,56',1,Matheus Pereira
PL-2020,M-2020-19-02,E-2020-19-0006,Brighton & Hove Albion,17',0,Neal Maupay
PL-2020,M-2020-19-03,E-2020-19-0007,West Ham United,9',0,Michail Antonio
PL-2020,M-2020-19-04,E-2020-19-0008,FC Fulham,44',-1,Antonee Robinson
PL-2020,M-2020-19-04,E-2020-19-0009,Chelsea FC,78',0,Mason Mount
PL-2020,M-2020-19-05,E-2020-19-0010,Leicester City FC,37',0,James Maddison
PL-2020,M-2020-19-05,E-2020-19-0011,Leicester City FC,90+5',0,Harvey Barnes
PL-2020,M-2020-19-06,E-2020-19-0012,Tottenham Hotspur ,5',0,Serge Aurier
PL-2020,M-2020-19-06,E-2020-19-0013,Tottenham Hotspur ,40',0,Harry Kane
PL-2020,M-2020-19-06,E-2020-19-0014,Sheffield United,59',0,David McGoldrick
PL-2020,M-2020-19-06,E-2020-19-0015,Tottenham Hotspur ,62',0,Tanguy Ndombélé
PL-2020,M-2020-19-08,E-2020-19-0016,Manchester City FC,26',0,John Stones
PL-2020,M-2020-19-08,E-2020-19-0017,Manchester City FC,56',0,İlkay Gündoğan
PL-2020,M-2020-19-08,E-2020-19-0018,Manchester City FC,68',0,John Stones
PL-2020,M-2020-19-08,E-2020-19-0019,Manchester City FC,88',0,Raheem Sterling
PL-2020,M-2020-19-09,E-2020-19-0020,FC Arsenal,50',0,Pierre-Emerick Aubameyang
PL-2020,M-2020-19-09,E-2020-19-0021,FC Arsenal,60',0,Bukayo Saka
PL-2020,M-2020-19-09,E-2020-19-0022,FC Arsenal,77',0,Pierre-Emerick Aubameyang
PL-2020,M-2020-20-01,E-2020-20-0001,Crystal Palace FC,3',0,Wilfried Zaha
PL-2020,M-2020-20-01,E-2020-20-0002,West Ham United,9',0,Tomáš Souček
PL-2020,M-2020-20-01,E-2020-20-0003,West Ham United,25',0,Tomáš Souček
PL-2020,M-2020-20-01,E-2020-20-0004,West Ham United,65',0,Craig Dawson
PL-2020,M-2020-20-01,E-2020-20-0005,Crystal Palace FC,90+7',0,Michy Batshuayi
PL-2020,M-2020-20-02,E-2020-20-0006,Leeds United FC ,17',0,Raphinha
PL-2020,M-2020-20-02,E-2020-20-0007,Newcastle United,57',0,Miguel Almirón
PL-2020,M-2020-20-02,E-2020-20-0008,Leeds United FC ,61',0,Jack Harrison
PL-2020,M-2020-20-03,E-2020-20-0009,Manchester City FC,6',0,İlkay Gündoğan
PL-2020,M-2020-20-03,E-2020-20-0010,Manchester City FC,20',0,João Cancelo
PL-2020,M-2020-20-03,E-2020-20-0011,Manchester City FC,30',0,İlkay Gündoğan
PL-2020,M-2020-20-03,E-2020-20-0012,Manchester City FC,45+2',0,Riyad Mahrez
PL-2020,M-2020-20-03,E-2020-20-0013,Manchester City FC,57',0,Raheem Sterling
PL-2020,M-2020-20-04,E-2020-20-0014,FC Southampton,3',0,Stuart Armstrong
PL-2020,M-2020-20-04,E-2020-20-0015,FC Arsenal,8',0,Nicolas Pépé
PL-2020,M-2020-20-04,E-2020-20-0016,FC Arsenal,39',0,Bukayo Saka
PL-2020,M-2020-20-04,E-2020-20-0017,FC Arsenal,72',0,Alexandre Lacazette
PL-2020,M-2020-20-05,E-2020-20-0018,Aston Villa FC,14',0,Ollie Watkins
PL-2020,M-2020-20-05,E-2020-20-0019,FC Burnley,52',0,Ben Mee
PL-2020,M-2020-20-05,E-2020-20-0020,Aston Villa FC,68',0,Jack Grealish
PL-2020,M-2020-20-05,E-2020-20-0021,FC Burnley,76',0,Dwight McNeil
PL-2020,M-2020-20-05,E-2020-20-0022,FC Burnley,79',0,Chris Wood
PL-2020,M-2020-20-08,E-2020-20-0023,FC Everton,30',0,James Rodríguez
PL-2020,M-2020-20-08,E-2020-20-0024,Leicester City FC,67',0,Youri Tielemans
PL-2020,M-2020-20-09,E-2020-20-0025,Sheffield United,23',0,Kean Bryan
PL-2020,M-2020-20-09,E-2020-20-0026,Manchester United FC,64',0,Harry Maguire
PL-2020,M-2020-20-09,E-2020-20-0027,Sheffield United,74',0,Oliver Burke
PL-2020,M-2020-20-10,E-2020-20-0028,FC Liverpool,45+4',0,Roberto Firmino
PL-2020,M-2020-20-10,E-2020-20-0029,FC Liverpool,47',0,Trent Alexander-Arnold
PL-2020,M-2020-20-10,E-2020-20-0030,Tottenham Hotspur ,49',0,Pierre-Emile Højbjerg
PL-2020,M-2020-20-10,E-2020-20-0031,FC Liverpool,65',0,Sadio Mané
PL-2020,M-2020-21-01,E-2020-21-0001,Newcastle United,73',0,Callum Wilson
PL-2020,M-2020-21-01,E-2020-21-0002,Newcastle United,90+3',0,Callum Wilson
PL-2020,M-2020-21-02,E-2020-21-0003,Crystal Palace FC,60',0,Eberechi Eze
PL-2020,M-2020-21-03,E-2020-21-0004,Manchester City FC,9',0,Gabriel Jesus
PL-2020,M-2020-21-04,E-2020-21-0005,FC Fulham,10',0,Bobby De Cordova-Reid
PL-2020,M-2020-21-04,E-2020-21-0006,West Bromwich Albion,47',0,Kyle Bartley
PL-2020,M-2020-21-04,E-2020-21-0007,West Bromwich Albion,66',0,Matheus Pereira
PL-2020,M-2020-21-04,E-2020-21-0008,FC Fulham,77',0,Ivan Cavaleiro
PL-2020,M-2020-21-06,E-2020-21-0009,Aston Villa FC,41',0,Ross Barkley
PL-2020,M-2020-21-07,E-2020-21-0010,Chelsea FC,40',0,César Azpilicueta
PL-2020,M-2020-21-07,E-2020-21-0011,Chelsea FC,84',0,Marcos Alonso
PL-2020,M-2020-21-08,E-2020-21-0012,Leicester City FC,13',0,Harvey Barnes
PL-2020,M-2020-21-08,E-2020-21-0013,Leeds United FC ,15',0,Stuart Dallas
PL-2020,M-2020-21-08,E-2020-21-0014,Leeds United FC ,70',0,Patrick Bamford
PL-2020,M-2020-21-08,E-2020-21-0015,Leeds United FC ,84',0,Jack Harrison
PL-2020,M-2020-21-09,E-2020-21-0016,FC Liverpool,57',0,Mohamed Salah
PL-2020,M-2020-21-09,E-2020-21-0017,FC Liverpool,68',0,Mohamed Salah
PL-2020,M-2020-21-09,E-2020-21-0018,FC Liverpool,84',0,Georginio Wijnaldum
PL-2020,M-2020-21-09,E-2020-21-0019,West Ham United,87',0,Craig Dawson
PL-2020,M-2020-21-10,E-2020-21-0020,Brighton & Hove Albion,17',0,Leandro Trossard
PL-2020,M-2020-22-01,E-2020-22-0001,West Bromwich Albion,41',0,Matt Phillips
PL-2020,M-2020-22-01,E-2020-22-0002,Sheffield United,56',0,Jayden Bogle
PL-2020,M-2020-22-01,E-2020-22-0003,Sheffield United,73',0,Billy Sharp
PL-2020,M-2020-22-02,E-2020-22-0004,FC Arsenal,32',0,Nicolas Pépé
PL-2020,M-2020-22-02,E-2020-22-0005,FC Arsenal,45+3',-1,David Luiz
PL-2020,M-2020-22-02,E-2020-22-0006,Wolverhampton Wanderers,45+5',1,Rúben Neves
PL-2020,M-2020-22-02,E-2020-22-0007,Wolverhampton Wanderers,49',0,João Moutinho
PL-2020,M-2020-22-02,E-2020-22-0008,FC Arsenal,72',-1,Bernd Leno
PL-2020,M-2020-22-03,E-2020-22-0009,FC Southampton,2',-1,Alexandre Jankewitz
PL-2020,M-2020-22-03,E-2020-22-0010,Manchester United FC,18',0,Aaron Wan-Bissaka
PL-2020,M-2020-22-03,E-2020-22-0011,Manchester United FC,25',0,Marcus Rashford
PL-2020,M-2020-22-03,E-2020-22-0012,Manchester United FC,34',2,Jan Bednarek
PL-2020,M-2020-22-03,E-2020-22-0013,Manchester United FC,39',0,Edinson Cavani
PL-2020,M-2020-22-03,E-2020-22-0014,Manchester United FC,69',0,Anthony Martial
PL-2020,M-2020-22-03,E-2020-22-0015,Manchester United FC,71',0,Scott McTominay
PL-2020,M-2020-22-03,E-2020-22-0016,FC Southampton,86',-1,Jan Bednarek
PL-2020,M-2020-22-03,E-2020-22-0017,Manchester United FC,87',1,Bruno Fernandes
PL-2020,M-2020-22-03,E-2020-22-0018,Manchester United FC,90',0,Anthony Martial
PL-2020,M-2020-22-03,E-2020-22-0019,Manchester United FC,90+3',0,Daniel James
PL-2020,M-2020-22-04,E-2020-22-0020,Newcastle United,2',0,Jonjo Shelvey
PL-2020,M-2020-22-04,E-2020-22-0021,Crystal Palace FC,21',0,Jaïro Riedewald
PL-2020,M-2020-22-04,E-2020-22-0022,Crystal Palace FC,25',0,Gary Cahill
PL-2020,M-2020-22-05,E-2020-22-0023,Manchester City FC,3',0,Gabriel Jesus
PL-2020,M-2020-22-05,E-2020-22-0024,Manchester City FC,38',0,Raheem Sterling
PL-2020,M-2020-22-06,E-2020-22-0025,Leicester City FC,17',0,Kelechi Iheanacho
PL-2020,M-2020-22-06,E-2020-22-0026,Leicester City FC,44',0,James Justin
PL-2020,M-2020-22-07,E-2020-22-0027,FC Everton,9',0,Gylfi Sigurdsson
PL-2020,M-2020-22-07,E-2020-22-0028,FC Everton,41',0,Dominic Calvert-Lewin
PL-2020,M-2020-22-07,E-2020-22-0029,Leeds United FC ,48',0,Raphinha
PL-2020,M-2020-22-08,E-2020-22-0030,West Ham United,51',0,Tomáš Souček
PL-2020,M-2020-22-08,E-2020-22-0031,West Ham United,56',0,Jesse Lingard
PL-2020,M-2020-22-08,E-2020-22-0032,Aston Villa FC,81',0,Ollie Watkins
PL-2020,M-2020-22-08,E-2020-22-0033,West Ham United,83',0,Jesse Lingard
PL-2020,M-2020-22-09,E-2020-22-0034,Brighton & Hove Albion,56',0,Steven Alzate
PL-2020,M-2020-22-10,E-2020-22-0035,Chelsea FC,24',1,Jorginho
PL-2020,M-2020-23-01,E-2020-23-0001,Aston Villa FC,2',0,Ollie Watkins
PL-2020,M-2020-23-02,E-2020-23-0002,Brighton & Hove Albion,36',0,Lewis Dunk
PL-2020,M-2020-23-02,E-2020-23-0003,FC Burnley,53',0,Jóhann Berg Gudmundsson
PL-2020,M-2020-23-03,E-2020-23-0004,Newcastle United,16',0,Joe Willock
PL-2020,M-2020-23-03,E-2020-23-0005,Newcastle United,26',0,Miguel Almirón
PL-2020,M-2020-23-03,E-2020-23-0006,FC Southampton,30',0,Takumi Minamino
PL-2020,M-2020-23-03,E-2020-23-0007,Newcastle United,45+4',0,Miguel Almirón
PL-2020,M-2020-23-03,E-2020-23-0008,FC Southampton,48',0,James Ward-Prowse
PL-2020,M-2020-23-03,E-2020-23-0009,Newcastle United,50',-1,Jeff Hendrick
PL-2020,M-2020-23-04,E-2020-23-0010,West Ham United,90+7',-1,Tomáš Souček
PL-2020,M-2020-23-05,E-2020-23-0011,Manchester United FC,24',0,Edinson Cavani
PL-2020,M-2020-23-05,E-2020-23-0012,Manchester United FC,45',0,Bruno Fernandes
PL-2020,M-2020-23-05,E-2020-23-0013,FC Everton,49',0,Abdoulaye Doucouré
PL-2020,M-2020-23-05,E-2020-23-0014,FC Everton,52',0,James Rodríguez
PL-2020,M-2020-23-05,E-2020-23-0015,Manchester United FC,70',0,Scott McTominay
PL-2020,M-2020-23-05,E-2020-23-0016,FC Everton,90+5',0,Dominic Calvert-Lewin
PL-2020,M-2020-23-06,E-2020-23-0017,Tottenham Hotspur ,54',0,Harry Kane
PL-2020,M-2020-23-06,E-2020-23-0018,Tottenham Hotspur ,58',0,Heung-min Son
PL-2020,M-2020-23-08,E-2020-23-0019,Manchester City FC,37',-2,İlkay Gündoğan
PL-2020,M-2020-23-08,E-2020-23-0020,Manchester City FC,49',0,İlkay Gündoğan
PL-2020,M-2020-23-08,E-2020-23-0021,FC Liverpool,63',1,Mohamed Salah
PL-2020,M-2020-23-08,E-2020-23-0022,Manchester City FC,73',0,İlkay Gündoğan
PL-2020,M-2020-23-08,E-2020-23-0023,Manchester City FC,76',0,Raheem Sterling
PL-2020,M-2020-23-08,E-2020-23-0024,Manchester City FC,83',0,Phil Foden
PL-2020,M-2020-23-09,E-2020-23-0025,Chelsea FC,43',0,Mason Mount
PL-2020,M-2020-23-09,E-2020-23-0026,Sheffield United,54',2,Antonio Rüdiger
PL-2020,M-2020-23-09,E-2020-23-0027,Chelsea FC,58',1,Jorginho
PL-2020,M-2020-23-10,E-2020-23-0028,Leeds United FC ,3',0,Jack Harrison
PL-2020,M-2020-23-10,E-2020-23-0029,Leeds United FC ,52',0,Patrick Bamford
PL-2020,M-2020-24-01,E-2020-24-0001,FC Liverpool,67',0,Mohamed Salah
PL-2020,M-2020-24-01,E-2020-24-0002,Leicester City FC,78',0,James Maddison
PL-2020,M-2020-24-01,E-2020-24-0003,Leicester City FC,81',0,Jamie Vardy
PL-2020,M-2020-24-01,E-2020-24-0004,Leicester City FC,85',0,Harvey Barnes
PL-2020,M-2020-24-02,E-2020-24-0005,FC Burnley,5',0,Jóhann Berg Gudmundsson
PL-2020,M-2020-24-02,E-2020-24-0006,FC Burnley,10',0,Jay Rodríguez
PL-2020,M-2020-24-02,E-2020-24-0007,FC Burnley,47',0,Matthew Lowton
PL-2020,M-2020-24-03,E-2020-24-0008,Manchester City FC,23',1,Rodri
PL-2020,M-2020-24-03,E-2020-24-0009,Manchester City FC,50',0,İlkay Gündoğan
PL-2020,M-2020-24-03,E-2020-24-0010,Manchester City FC,66',0,İlkay Gündoğan
PL-2020,M-2020-24-05,E-2020-24-0011,FC Southampton,25',0,Danny Ings
PL-2020,M-2020-24-05,E-2020-24-0012,Wolverhampton Wanderers,53',1,Rúben Neves
PL-2020,M-2020-24-05,E-2020-24-0013,Wolverhampton Wanderers,66',0,Pedro Neto
PL-2020,M-2020-24-06,E-2020-24-0014,West Bromwich Albion,2',0,Mbaye Diagne
PL-2020,M-2020-24-06,E-2020-24-0015,Manchester United FC,44',0,Bruno Fernandes
PL-2020,M-2020-24-07,E-2020-24-0016,FC Arsenal,13',0,Pierre-Emerick Aubameyang
PL-2020,M-2020-24-07,E-2020-24-0017,FC Arsenal,41',1,Pierre-Emerick Aubameyang
PL-2020,M-2020-24-07,E-2020-24-0018,FC Arsenal,45',0,Héctor Bellerín
PL-2020,M-2020-24-07,E-2020-24-0019,FC Arsenal,47',0,Pierre-Emerick Aubameyang
PL-2020,M-2020-24-07,E-2020-24-0020,Leeds United FC ,58',0,Pascal Struijk
PL-2020,M-2020-24-07,E-2020-24-0021,Leeds United FC ,69',0,Hélder Costa
PL-2020,M-2020-24-08,E-2020-24-0022,FC Fulham,48',0,Josh Maja
PL-2020,M-2020-24-08,E-2020-24-0023,FC Fulham,65',0,Josh Maja
PL-2020,M-2020-24-09,E-2020-24-0024,West Ham United,41',1,Declan Rice
PL-2020,M-2020-24-09,E-2020-24-0025,West Ham United,58',0,Issa Diop
PL-2020,M-2020-24-09,E-2020-24-0026,West Ham United,90+6',0,Ryan Fredericks
PL-2020,M-2020-24-10,E-2020-24-0027,Chelsea FC,31',0,Olivier Giroud
PL-2020,M-2020-24-10,E-2020-24-0028,Chelsea FC,39',0,Timo Werner
PL-2020,M-2020-25-01,E-2020-25-0001,Wolverhampton Wanderers,64',2,Illan Meslier
PL-2020,M-2020-25-02,E-2020-25-0002,FC Southampton,33',0,Takumi Minamino
PL-2020,M-2020-25-02,E-2020-25-0003,Chelsea FC,54',1,Mason Mount
PL-2020,M-2020-25-03,E-2020-25-0004,West Bromwich Albion,30',-1,Semi Ajayi
PL-2020,M-2020-25-04,E-2020-25-0005,FC Everton,3',0,Richarlison
PL-2020,M-2020-25-04,E-2020-25-0006,FC Everton,83',1,Gylfi Sigurdsson
PL-2020,M-2020-25-05,E-2020-25-0007,FC Fulham,61',0,Ademola Lookman
PL-2020,M-2020-25-06,E-2020-25-0008,West Ham United,5',0,Michail Antonio
PL-2020,M-2020-25-06,E-2020-25-0009,West Ham United,47',0,Jesse Lingard
PL-2020,M-2020-25-06,E-2020-25-0010,Tottenham Hotspur ,64',0,Lucas Moura
PL-2020,M-2020-25-07,E-2020-25-0011,Leicester City FC,19',0,James Maddison
PL-2020,M-2020-25-07,E-2020-25-0012,Leicester City FC,23',0,Harvey Barnes
PL-2020,M-2020-25-07,E-2020-25-0013,Aston Villa FC,48',0,Bertrand Traoré
PL-2020,M-2020-25-08,E-2020-25-0014,Manchester City FC,2',0,Raheem Sterling
PL-2020,M-2020-25-09,E-2020-25-0015,Manchester United FC,30',0,Marcus Rashford
PL-2020,M-2020-25-09,E-2020-25-0016,Newcastle United,36',0,Allan Saint-Maximin
PL-2020,M-2020-25-09,E-2020-25-0017,Manchester United FC,57',0,Daniel James
PL-2020,M-2020-25-09,E-2020-25-0018,Manchester United FC,75',1,Bruno Fernandes
PL-2020,M-2020-25-10,E-2020-25-0019,Crystal Palace FC,28',0,Jean-Philippe Mateta
PL-2020,M-2020-25-10,E-2020-25-0020,Brighton & Hove Albion,55',0,Joël Veltman
PL-2020,M-2020-25-10,E-2020-25-0021,Crystal Palace FC,90+5',0,Christian Benteke
PL-2020,M-2020-26-01,E-2020-26-0001,Manchester City FC,30',0,Rúben Dias
PL-2020,M-2020-26-01,E-2020-26-0002,West Ham United,43',0,Michail Antonio
PL-2020,M-2020-26-01,E-2020-26-0003,Manchester City FC,68',0,John Stones
PL-2020,M-2020-26-02,E-2020-26-0004,West Bromwich Albion,11',0,Kyle Bartley
PL-2020,M-2020-26-02,E-2020-26-0005,Brighton & Hove Albion,19',-2,Pascal Groß
PL-2020,M-2020-26-02,E-2020-26-0006,Brighton & Hove Albion,75',-2,Danny Welbeck
PL-2020,M-2020-26-03,E-2020-26-0007,Aston Villa FC,5',0,Anwar El Ghazi
PL-2020,M-2020-26-04,E-2020-26-0008,Newcastle United,52',0,Jamaal Lascelles
PL-2020,M-2020-26-04,E-2020-26-0009,Wolverhampton Wanderers,73',0,Rúben Neves
PL-2020,M-2020-26-06,E-2020-26-0010,Leicester City FC,6',0,Youri Tielemans
PL-2020,M-2020-26-06,E-2020-26-0011,FC Arsenal,39',0,David Luiz
PL-2020,M-2020-26-06,E-2020-26-0012,FC Arsenal,45+2',1,Alexandre Lacazette
PL-2020,M-2020-26-06,E-2020-26-0013,FC Arsenal,52',0,Nicolas Pépé
PL-2020,M-2020-26-07,E-2020-26-0014,Tottenham Hotspur ,2',0,Gareth Bale
PL-2020,M-2020-26-07,E-2020-26-0015,Tottenham Hotspur ,15',0,Harry Kane
PL-2020,M-2020-26-07,E-2020-26-0016,Tottenham Hotspur ,31',0,Lucas Moura
PL-2020,M-2020-26-07,E-2020-26-0017,Tottenham Hotspur ,55',0,Gareth Bale
PL-2020,M-2020-26-09,E-2020-26-0018,FC Liverpool,48',0,Curtis Jones
PL-2020,M-2020-26-09,E-2020-26-0019,FC Liverpool,64',2,Kean Bryan
PL-2020,M-2020-26-10,E-2020-26-0020,FC Everton,9',0,Richarlison
PL-2020,M-2020-27-01,E-2020-27-0001,FC Arsenal,6',0,Pierre-Emerick Aubameyang
PL-2020,M-2020-27-01,E-2020-27-0002,FC Burnley,39',0,Chris Wood
PL-2020,M-2020-27-02,E-2020-27-0003,FC Southampton,32',1,James Ward-Prowse
PL-2020,M-2020-27-02,E-2020-27-0004,FC Southampton,49',0,Ché Adams
PL-2020,M-2020-27-04,E-2020-27-0005,Brighton & Hove Albion,10',0,Adam Lallana
PL-2020,M-2020-27-04,E-2020-27-0006,Leicester City FC,62',0,Kelechi Iheanacho
PL-2020,M-2020-27-04,E-2020-27-0007,Leicester City FC,87',0,Daniel Amartey
PL-2020,M-2020-27-06,E-2020-27-0008,FC Fulham,45',0,Mario Lemina
PL-2020,M-2020-27-07,E-2020-27-0009,Manchester United FC,2',1,Bruno Fernandes
PL-2020,M-2020-27-07,E-2020-27-0010,Manchester United FC,50',0,Luke Shaw
PL-2020,M-2020-27-08,E-2020-27-0011,Tottenham Hotspur ,25',0,Gareth Bale
PL-2020,M-2020-27-08,E-2020-27-0012,Crystal Palace FC,45+1',0,Christian Benteke
PL-2020,M-2020-27-08,E-2020-27-0013,Tottenham Hotspur ,49',0,Gareth Bale
PL-2020,M-2020-27-08,E-2020-27-0014,Tottenham Hotspur ,52',0,Harry Kane
PL-2020,M-2020-27-08,E-2020-27-0015,Tottenham Hotspur ,76',0,Harry Kane
PL-2020,M-2020-27-09,E-2020-27-0016,Chelsea FC,31',2,Ben Godfrey
PL-2020,M-2020-27-09,E-2020-27-0017,Chelsea FC,65',1,Jorginho
PL-2020,M-2020-27-10,E-2020-27-0018,West Ham United,21',0,Jesse Lingard
PL-2020,M-2020-27-10,E-2020-27-0019,West Ham United,21',-2,Jesse Lingard
PL-2020,M-2020-27-10,E-2020-27-0020,West Ham United,28',0,Craig Dawson
PL-2020,M-2020-28-01,E-2020-28-0001,Aston Villa FC,86',2,Ciaran Clark
PL-2020,M-2020-28-01,E-2020-28-0002,Newcastle United,90+4',0,Jamaal Lascelles
PL-2020,M-2020-28-03,E-2020-28-0003,Crystal Palace FC,37',1,Luka Milivojevic
PL-2020,M-2020-28-04,E-2020-28-0004,FC Burnley,13',0,Chris Wood
PL-2020,M-2020-28-04,E-2020-28-0005,FC Burnley,24',0,Dwight McNeil
PL-2020,M-2020-28-04,E-2020-28-0006,FC Everton,32',0,Dominic Calvert-Lewin
PL-2020,M-2020-28-05,E-2020-28-0007,Manchester City FC,47',0,John Stones
PL-2020,M-2020-28-05,E-2020-28-0008,Manchester City FC,56',0,Gabriel Jesus
PL-2020,M-2020-28-05,E-2020-28-0009,Manchester City FC,60',1,Sergio Agüero
PL-2020,M-2020-28-06,E-2020-28-0010,Brighton & Hove Albion,16',0,Lewis Dunk
PL-2020,M-2020-28-06,E-2020-28-0011,FC Southampton,27',0,Ché Adams
PL-2020,M-2020-28-06,E-2020-28-0012,Brighton & Hove Albion,56',0,Leandro Trossard
PL-2020,M-2020-28-07,E-2020-28-0013,Leicester City FC,39',0,Kelechi Iheanacho
PL-2020,M-2020-28-07,E-2020-28-0014,Leicester City FC,64',0,Ayoze Pérez
PL-2020,M-2020-28-07,E-2020-28-0015,Leicester City FC,69',0,Kelechi Iheanacho
PL-2020,M-2020-28-07,E-2020-28-0016,Leicester City FC,78',0,Kelechi Iheanacho
PL-2020,M-2020-28-07,E-2020-28-0017,Leicester City FC,80',2,Ethan Ampadu
PL-2020,M-2020-28-08,E-2020-28-0018,Tottenham Hotspur ,33',0,Erik Lamela
PL-2020,M-2020-28-08,E-2020-28-0019,FC Arsenal,44',0,Martin Ødegaard
PL-2020,M-2020-28-08,E-2020-28-0020,FC Arsenal,64',1,Alexandre Lacazette
PL-2020,M-2020-28-08,E-2020-28-0021,Tottenham Hotspur ,76',-1,Erik Lamela
PL-2020,M-2020-28-09,E-2020-28-0022,Manchester United FC,53',2,Craig Dawson
PL-2020,M-2020-28-10,E-2020-28-0023,FC Liverpool,45+2',0,Diogo Jota
PL-2020,M-2020-29-01,E-2020-29-0001,Manchester City FC,15',2,Leander Dendoncker
PL-2020,M-2020-29-01,E-2020-29-0002,Wolverhampton Wanderers,61',0,Conor Coady
PL-2020,M-2020-29-01,E-2020-29-0003,Manchester City FC,80',0,Gabriel Jesus
PL-2020,M-2020-29-01,E-2020-29-0004,Manchester City FC,90',0,Riyad Mahrez
PL-2020,M-2020-29-01,E-2020-29-0005,Manchester City FC,90+3',0,Gabriel Jesus
PL-2020,M-2020-29-02,E-2020-29-0006,FC Burnley,4',0,Matej Vydra
PL-2020,M-2020-29-02,E-2020-29-0007,Leicester City FC,34',0,Kelechi Iheanacho
PL-2020,M-2020-29-03,E-2020-29-0008,Sheffield United,30',0,David McGoldrick
PL-2020,M-2020-29-03,E-2020-29-0009,Sheffield United,57',-1,Phil Jagielka
PL-2020,M-2020-29-05,E-2020-29-0010,FC Everton,65',0,Richarlison
PL-2020,M-2020-29-06,E-2020-29-0011,Chelsea FC,42',0,Mason Mount
PL-2020,M-2020-29-07,E-2020-29-0012,Leeds United FC ,29',0,Patrick Bamford
PL-2020,M-2020-29-07,E-2020-29-0013,FC Fulham,38',0,Joachim Andersen
PL-2020,M-2020-29-07,E-2020-29-0014,Leeds United FC ,58',0,Raphinha
PL-2020,M-2020-29-08,E-2020-29-0015,Brighton & Hove Albion,45+3',0,Leandro Trossard
PL-2020,M-2020-29-08,E-2020-29-0016,Brighton & Hove Albion,51',0,Danny Welbeck
PL-2020,M-2020-29-08,E-2020-29-0017,Brighton & Hove Albion,68',0,Neal Maupay
PL-2020,M-2020-29-09,E-2020-29-0018,West Ham United,15',0,Jesse Lingard
PL-2020,M-2020-29-09,E-2020-29-0019,West Ham United,17',0,Jarrod Bowen
PL-2020,M-2020-29-09,E-2020-29-0020,West Ham United,32',0,Tomáš Souček
PL-2020,M-2020-29-09,E-2020-29-0021,FC Arsenal,38',2,Tomáš Souček
PL-2020,M-2020-29-09,E-2020-29-0022,FC Arsenal,61',2,Craig Dawson
PL-2020,M-2020-29-09,E-2020-29-0023,FC Arsenal,82',0,Alexandre Lacazette
PL-2020,M-2020-29-10,E-2020-29-0024,FC Southampton,30',0,Danny Ings
PL-2020,M-2020-29-10,E-2020-29-0025,Tottenham Hotspur ,60',0,Gareth Bale
PL-2020,M-2020-29-10,E-2020-29-0026,Tottenham Hotspur ,90',1,Heung-min Son
PL-2020,M-2020-30-01,E-2020-30-0001,Chelsea FC,27',0,Christian Pulisic
PL-2020,M-2020-30-01,E-2020-30-0002,Chelsea FC,29',-1,Thiago Silva
PL-2020,M-2020-30-01,E-2020-30-0003,West Bromwich Albion,45+2',0,Matheus Pereira
PL-2020,M-2020-30-01,E-2020-30-0004,West Bromwich Albion,45+4',0,Matheus Pereira
PL-2020,M-2020-30-01,E-2020-30-0005,West Bromwich Albion,63',0,Callum Robinson
PL-2020,M-2020-30-01,E-2020-30-0006,West Bromwich Albion,68',0,Mbaye Diagne
PL-2020,M-2020-30-01,E-2020-30-0007,Chelsea FC,71',0,Mason Mount
PL-2020,M-2020-30-01,E-2020-30-0008,West Bromwich Albion,90+1',0,Callum Robinson
PL-2020,M-2020-30-02,E-2020-30-0009,Leeds United FC ,12',0,Jack Harrison
PL-2020,M-2020-30-02,E-2020-30-0010,Sheffield United,45+2',0,Ben Osborn
PL-2020,M-2020-30-02,E-2020-30-0011,Leeds United FC ,49',2,Phil Jagielka
PL-2020,M-2020-30-03,E-2020-30-0012,Manchester City FC,58',0,Benjamin Mendy
PL-2020,M-2020-30-03,E-2020-30-0013,Manchester City FC,74',0,Gabriel Jesus
PL-2020,M-2020-30-04,E-2020-30-0014,FC Liverpool,64',0,Diogo Jota
PL-2020,M-2020-30-04,E-2020-30-0015,FC Liverpool,68',0,Mohamed Salah
PL-2020,M-2020-30-04,E-2020-30-0016,FC Liverpool,82',0,Diogo Jota
PL-2020,M-2020-30-05,E-2020-30-0017,FC Burnley,12',1,Chris Wood
PL-2020,M-2020-30-05,E-2020-30-0018,FC Burnley,28',0,Matej Vydra
PL-2020,M-2020-30-05,E-2020-30-0019,FC Southampton,31',0,Stuart Armstrong
PL-2020,M-2020-30-05,E-2020-30-0020,FC Southampton,42',0,Danny Ings
PL-2020,M-2020-30-05,E-2020-30-0021,FC Southampton,66',0,Nathan Redmond
PL-2020,M-2020-30-06,E-2020-30-0022,Newcastle United,28',0,Joelinton
PL-2020,M-2020-30-06,E-2020-30-0023,Tottenham Hotspur ,30',0,Harry Kane
PL-2020,M-2020-30-06,E-2020-30-0024,Tottenham Hotspur ,34',0,Harry Kane
PL-2020,M-2020-30-06,E-2020-30-0025,Newcastle United,85',0,Joe Willock
PL-2020,M-2020-30-07,E-2020-30-0026,FC Fulham,61',0,Aleksandar Mitrović
PL-2020,M-2020-30-07,E-2020-30-0027,Aston Villa FC,78',0,Trezeguet
PL-2020,M-2020-30-07,E-2020-30-0028,Aston Villa FC,81',0,Trezeguet
PL-2020,M-2020-30-07,E-2020-30-0029,Aston Villa FC,87',0,Ollie Watkins
PL-2020,M-2020-30-08,E-2020-30-0030,Brighton & Hove Albion,13',0,Danny Welbeck
PL-2020,M-2020-30-08,E-2020-30-0031,Manchester United FC,62',0,Marcus Rashford
PL-2020,M-2020-30-08,E-2020-30-0032,Manchester United FC,83',0,Mason Greenwood
PL-2020,M-2020-30-09,E-2020-30-0033,FC Everton,56',0,James Rodríguez
PL-2020,M-2020-30-09,E-2020-30-0034,Crystal Palace FC,86',0,Michy Batshuayi
PL-2020,M-2020-30-10,E-2020-30-0035,West Ham United,6',0,Jesse Lingard
PL-2020,M-2020-30-10,E-2020-30-0036,West Ham United,14',0,Pablo Fornals
PL-2020,M-2020-30-10,E-2020-30-0037,West Ham United,38',0,Jarrod Bowen
PL-2020,M-2020-30-10,E-2020-30-0038,Wolverhampton Wanderers,44',0,Leander Dendoncker
PL-2020,M-2020-30-10,E-2020-30-0039,Wolverhampton Wanderers,68',0,Fábio Silva
PL-2020,M-2020-31-01,E-2020-31-0001,Wolverhampton Wanderers,90+2',0,Adama Traoré
PL-2020,M-2020-31-02,E-2020-31-0002,Leeds United FC ,42',0,Stuart Dallas
PL-2020,M-2020-31-02,E-2020-31-0003,Leeds United FC ,45+1',-1,Liam Cooper
PL-2020,M-2020-31-02,E-2020-31-0004,Manchester City FC,76',0,Ferran Torres
PL-2020,M-2020-31-02,E-2020-31-0005,Leeds United FC ,90+1',0,Stuart Dallas
PL-2020,M-2020-31-03,E-2020-31-0006,Aston Villa FC,43',0,Ollie Watkins
PL-2020,M-2020-31-03,E-2020-31-0007,FC Liverpool,57',0,Mohamed Salah
PL-2020,M-2020-31-03,E-2020-31-0008,FC Liverpool,90+1',0,Trent Alexander-Arnold
PL-2020,M-2020-31-04,E-2020-31-0009,Chelsea FC,8',0,Kai Havertz
PL-2020,M-2020-31-04,E-2020-31-0010,Chelsea FC,10',0,Christian Pulisic
PL-2020,M-2020-31-04,E-2020-31-0011,Chelsea FC,30',0,Kurt Zouma
PL-2020,M-2020-31-04,E-2020-31-0012,Crystal Palace FC,63',0,Christian Benteke
PL-2020,M-2020-31-04,E-2020-31-0013,Chelsea FC,78',0,Christian Pulisic
PL-2020,M-2020-31-05,E-2020-31-0014,FC Burnley,18',0,Matej Vydra
PL-2020,M-2020-31-05,E-2020-31-0015,Newcastle United,59',0,Jacob Murphy
PL-2020,M-2020-31-05,E-2020-31-0016,Newcastle United,64',0,Allan Saint-Maximin
PL-2020,M-2020-31-06,E-2020-31-0017,West Ham United,29',0,Jesse Lingard
PL-2020,M-2020-31-06,E-2020-31-0018,West Ham United,44',0,Jesse Lingard
PL-2020,M-2020-31-06,E-2020-31-0019,West Ham United,48',0,Jarrod Bowen
PL-2020,M-2020-31-06,E-2020-31-0020,Leicester City FC,70',0,Kelechi Iheanacho
PL-2020,M-2020-31-06,E-2020-31-0021,Leicester City FC,90+1',0,Kelechi Iheanacho
PL-2020,M-2020-31-07,E-2020-31-0022,Tottenham Hotspur ,40',0,Heung-min Son
PL-2020,M-2020-31-07,E-2020-31-0023,Manchester United FC,57',0,Fred
PL-2020,M-2020-31-07,E-2020-31-0024,Manchester United FC,79',0,Edinson Cavani
PL-2020,M-2020-31-07,E-2020-31-0025,Manchester United FC,90+6',0,Mason Greenwood
PL-2020,M-2020-31-08,E-2020-31-0026,FC Arsenal,33',0,Alexandre Lacazette
PL-2020,M-2020-31-08,E-2020-31-0027,FC Arsenal,71',0,Gabriel Martinelli
PL-2020,M-2020-31-08,E-2020-31-0028,FC Arsenal,85',0,Alexandre Lacazette
PL-2020,M-2020-31-09,E-2020-31-0029,West Bromwich Albion,32',1,Matheus Pereira
PL-2020,M-2020-31-09,E-2020-31-0030,West Bromwich Albion,35',0,Matt Phillips
PL-2020,M-2020-31-09,E-2020-31-0031,West Bromwich Albion,69',0,Callum Robinson
PL-2020,M-2020-31-09,E-2020-31-0032,FC Southampton,90+4',-2,James Ward-Prowse
PL-2020,M-2020-32-01,E-2020-32-0001,Tottenham Hotspur ,27',0,Harry Kane
PL-2020,M-2020-32-01,E-2020-32-0002,FC Everton,31',1,Gylfi Sigurdsson
PL-2020,M-2020-32-01,E-2020-32-0003,FC Everton,62',0,Gylfi Sigurdsson
PL-2020,M-2020-32-01,E-2020-32-0004,Tottenham Hotspur ,68',0,Harry Kane
PL-2020,M-2020-32-02,E-2020-32-0005,West Ham United,36',-1,Craig Dawson
PL-2020,M-2020-32-02,E-2020-32-0006,Newcastle United,36',2,Issa Diop
PL-2020,M-2020-32-02,E-2020-32-0007,Newcastle United,41',0,Joelinton
PL-2020,M-2020-32-02,E-2020-32-0008,West Ham United,73',0,Issa Diop
PL-2020,M-2020-32-02,E-2020-32-0009,West Ham United,80',1,Jesse Lingard
PL-2020,M-2020-32-02,E-2020-32-0010,Newcastle United,82',0,Joe Willock
PL-2020,M-2020-32-03,E-2020-32-0011,Wolverhampton Wanderers,59',0,Willian José
PL-2020,M-2020-32-04,E-2020-32-0012,FC Fulham,59',1,Josh Maja
PL-2020,M-2020-32-04,E-2020-32-0013,FC Arsenal,90+7',0,Eddie Nketiah
PL-2020,M-2020-32-05,E-2020-32-0014,Manchester United FC,48',0,Mason Greenwood
PL-2020,M-2020-32-05,E-2020-32-0015,FC Burnley,50',0,James Tarkowski
PL-2020,M-2020-32-05,E-2020-32-0016,Manchester United FC,84',0,Mason Greenwood
PL-2020,M-2020-32-05,E-2020-32-0017,Manchester United FC,90+3',0,Edinson Cavani
PL-2020,M-2020-32-06,E-2020-32-0018,FC Liverpool,31',0,Sadio Mané
PL-2020,M-2020-32-06,E-2020-32-0019,Leeds United FC ,87',0,Diego Llorente
PL-2020,M-2020-32-07,E-2020-32-0020,Brighton & Hove Albion,90+2',-1,Ben White
PL-2020,M-2020-32-08,E-2020-32-0021,Aston Villa FC,1',0,John McGinn
PL-2020,M-2020-32-08,E-2020-32-0022,Manchester City FC,22',0,Phil Foden
PL-2020,M-2020-32-08,E-2020-32-0023,Manchester City FC,40',0,Rodri
PL-2020,M-2020-32-08,E-2020-32-0024,Manchester City FC,44',-1,John Stones
PL-2020,M-2020-32-08,E-2020-32-0025,Aston Villa FC,57',-1,Matty Cash
PL-2020,M-2020-32-09,E-2020-32-0026,Leicester City FC,23',0,Jamie Vardy
PL-2020,M-2020-32-09,E-2020-32-0027,Leicester City FC,26',0,Jonny Evans
PL-2020,M-2020-32-09,E-2020-32-0028,Leicester City FC,36',0,Kelechi Iheanacho
PL-2020,M-2020-32-10,E-2020-32-0029,Crystal Palace FC,2',0,Christian Benteke
PL-2020,M-2020-32-10,E-2020-32-0030,FC Southampton,19',0,Danny Ings
PL-2020,M-2020-32-10,E-2020-32-0031,Crystal Palace FC,41',-2,Luka Milivojevic
PL-2020,M-2020-32-10,E-2020-32-0032,FC Southampton,48',0,Ché Adams
PL-2020,M-2020-32-10,E-2020-32-0033,FC Southampton,75',0,Danny Ings
PL-2020,M-2020-33-01,E-2020-33-0001,Tottenham Hotspur ,19',2,Tosin Adarabioyo
PL-2020,M-2020-33-02,E-2020-33-0002,Manchester City FC,15',0,Kevin De Bruyne
PL-2020,M-2020-33-02,E-2020-33-0003,FC Southampton,25',1,James Ward-Prowse
PL-2020,M-2020-33-02,E-2020-33-0004,Manchester City FC,40',0,Riyad Mahrez
PL-2020,M-2020-33-02,E-2020-33-0005,Manchester City FC,45+3',0,İlkay Gündoğan
PL-2020,M-2020-33-02,E-2020-33-0006,Manchester City FC,55',0,Riyad Mahrez
PL-2020,M-2020-33-02,E-2020-33-0007,FC Southampton,56',0,Ché Adams
PL-2020,M-2020-33-02,E-2020-33-0008,Manchester City FC,59',0,Kevin De Bruyne
PL-2020,M-2020-33-03,E-2020-33-0009,FC Everton,76',2,Bernd Leno
PL-2020,M-2020-33-04,E-2020-33-0010,FC Liverpool,3',0,Mohamed Salah
PL-2020,M-2020-33-04,E-2020-33-0011,Newcastle United,90+5',0,Joe Willock
PL-2020,M-2020-33-05,E-2020-33-0012,Chelsea FC,43',0,Timo Werner
PL-2020,M-2020-33-05,E-2020-33-0013,West Ham United,81',-1,Fabián Balbuena
PL-2020,M-2020-33-06,E-2020-33-0014,Sheffield United,19',0,David McGoldrick
PL-2020,M-2020-33-07,E-2020-33-0015,FC Burnley,15',0,Chris Wood
PL-2020,M-2020-33-07,E-2020-33-0016,FC Burnley,21',0,Chris Wood
PL-2020,M-2020-33-07,E-2020-33-0017,FC Burnley,44',0,Chris Wood
PL-2020,M-2020-33-07,E-2020-33-0018,FC Burnley,85',0,Ashley Westwood
PL-2020,M-2020-33-09,E-2020-33-0019,Aston Villa FC,9',1,Anwar El Ghazi
PL-2020,M-2020-33-09,E-2020-33-0020,West Bromwich Albion,23',1,Matheus Pereira
PL-2020,M-2020-33-09,E-2020-33-0021,West Bromwich Albion,47',2,Tyrone Mings
PL-2020,M-2020-33-09,E-2020-33-0022,Aston Villa FC,90+2',0,Keinan Davis
PL-2020,M-2020-33-10,E-2020-33-0023,Crystal Palace FC,12',0,Wilfried Zaha
PL-2020,M-2020-33-10,E-2020-33-0024,Leicester City FC,50',0,Timothy Castagne
PL-2020,M-2020-33-10,E-2020-33-0025,Leicester City FC,80',0,Kelechi Iheanacho
PL-2020,M-2020-34-01,E-2020-34-0001,FC Southampton,10',-1,Jannik Vestergaard
PL-2020,M-2020-34-01,E-2020-34-0002,FC Southampton,61',1,James Ward-Prowse
PL-2020,M-2020-34-01,E-2020-34-0003,Leicester City FC,68',0,Jonny Evans
PL-2020,M-2020-34-02,E-2020-34-0004,Manchester City FC,57',0,Sergio Agüero
PL-2020,M-2020-34-02,E-2020-34-0005,Manchester City FC,59',0,Ferran Torres
PL-2020,M-2020-34-03,E-2020-34-0006,Brighton & Hove Albion,14',1,Pascal Groß
PL-2020,M-2020-34-03,E-2020-34-0007,Brighton & Hove Albion,79',0,Danny Welbeck
PL-2020,M-2020-34-04,E-2020-34-0008,Chelsea FC,10',0,Kai Havertz
PL-2020,M-2020-34-04,E-2020-34-0009,Chelsea FC,49',0,Kai Havertz
PL-2020,M-2020-34-05,E-2020-34-0010,Aston Villa FC,13',0,Ollie Watkins
PL-2020,M-2020-34-05,E-2020-34-0011,FC Everton,19',0,Dominic Calvert-Lewin
PL-2020,M-2020-34-05,E-2020-34-0012,Aston Villa FC,80',0,Anwar El Ghazi
PL-2020,M-2020-34-06,E-2020-34-0013,FC Arsenal,5',0,Mohamed Elneny
PL-2020,M-2020-34-06,E-2020-34-0014,FC Arsenal,66',0,Pierre-Emerick Aubameyang
PL-2020,M-2020-34-06,E-2020-34-0015,Newcastle United,90',-1,Fabian Schär
PL-2020,M-2020-34-07,E-2020-34-0016,Tottenham Hotspur ,36',0,Gareth Bale
PL-2020,M-2020-34-07,E-2020-34-0017,Tottenham Hotspur ,61',0,Gareth Bale
PL-2020,M-2020-34-07,E-2020-34-0018,Tottenham Hotspur ,69',0,Gareth Bale
PL-2020,M-2020-34-07,E-2020-34-0019,Tottenham Hotspur ,77',0,Heung-min Son
PL-2020,M-2020-34-08,E-2020-34-0020,Wolverhampton Wanderers,45+2',0,Fábio Silva
PL-2020,M-2020-34-08,E-2020-34-0021,West Bromwich Albion,62',0,Mbaye Diagne
PL-2020,M-2020-34-09,E-2020-34-0022,FC Burnley,19',1,Chris Wood
PL-2020,M-2020-34-09,E-2020-34-0023,West Ham United,21',0,Michail Antonio
PL-2020,M-2020-34-09,E-2020-34-0024,West Ham United,29',0,Michail Antonio
PL-2020,M-2020-34-10,E-2020-34-0025,Manchester United FC,10',0,Bruno Fernandes
PL-2020,M-2020-34-10,E-2020-34-0026,FC Liverpool,34',0,Diogo Jota
PL-2020,M-2020-34-10,E-2020-34-0027,FC Liverpool,45+3',0,Roberto Firmino
PL-2020,M-2020-34-10,E-2020-34-0028,FC Liverpool,47',0,Roberto Firmino
PL-2020,M-2020-34-10,E-2020-34-0029,Manchester United FC,68',0,Marcus Rashford
PL-2020,M-2020-34-10,E-2020-34-0030,FC Liverpool,90',0,Mohamed Salah
PL-2020,M-2020-35-01,E-2020-35-0001,Newcastle United,22',0,Joe Willock
PL-2020,M-2020-35-01,E-2020-35-0002,Newcastle United,34',0,Paul Dummett
PL-2020,M-2020-35-01,E-2020-35-0003,Newcastle United,64',0,Callum Wilson
PL-2020,M-2020-35-01,E-2020-35-0004,Newcastle United,73',0,Callum Wilson
PL-2020,M-2020-35-01,E-2020-35-0005,Leicester City FC,80',0,Marc Albrighton
PL-2020,M-2020-35-01,E-2020-35-0006,Leicester City FC,87',0,Kelechi Iheanacho
PL-2020,M-2020-35-02,E-2020-35-0007,Leeds United FC ,13',0,Stuart Dallas
PL-2020,M-2020-35-02,E-2020-35-0008,Tottenham Hotspur ,25',0,Heung-min Son
PL-2020,M-2020-35-02,E-2020-35-0009,Leeds United FC ,42',0,Patrick Bamford
PL-2020,M-2020-35-02,E-2020-35-0010,Leeds United FC ,84',0,Rodrigo
PL-2020,M-2020-35-03,E-2020-35-0011,Crystal Palace FC,2',0,Christian Benteke
PL-2020,M-2020-35-03,E-2020-35-0012,Crystal Palace FC,88',0,Eberechi Eze
PL-2020,M-2020-35-04,E-2020-35-0013,Manchester City FC,44',0,Raheem Sterling
PL-2020,M-2020-35-04,E-2020-35-0014,Manchester City FC,45+3',-2,Sergio Agüero
PL-2020,M-2020-35-04,E-2020-35-0015,Chelsea FC,63',0,Hakim Ziyech
PL-2020,M-2020-35-04,E-2020-35-0016,Chelsea FC,90+2',0,Marcos Alonso
PL-2020,M-2020-35-05,E-2020-35-0017,FC Liverpool,31',0,Sadio Mané
PL-2020,M-2020-35-05,E-2020-35-0018,FC Liverpool,90',0,Thiago Alcántara
PL-2020,M-2020-35-06,E-2020-35-0019,Brighton & Hove Albion,13',0,Lewis Dunk
PL-2020,M-2020-35-06,E-2020-35-0020,Brighton & Hove Albion,53',-1,Lewis Dunk
PL-2020,M-2020-35-06,E-2020-35-0021,Wolverhampton Wanderers,76',0,Adama Traoré
PL-2020,M-2020-35-06,E-2020-35-0022,Wolverhampton Wanderers,90',0,Morgan Gibbs-White
PL-2020,M-2020-35-06,E-2020-35-0023,Brighton & Hove Albion,90+7',-1,Neal Maupay
PL-2020,M-2020-35-07,E-2020-35-0024,Aston Villa FC,24',0,Bertrand Traoré
PL-2020,M-2020-35-07,E-2020-35-0025,Manchester United FC,52',1,Bruno Fernandes
PL-2020,M-2020-35-07,E-2020-35-0026,Manchester United FC,56',0,Mason Greenwood
PL-2020,M-2020-35-07,E-2020-35-0027,Manchester United FC,87',0,Edinson Cavani
PL-2020,M-2020-35-07,E-2020-35-0028,Aston Villa FC,89',-1,Ollie Watkins
PL-2020,M-2020-35-08,E-2020-35-0029,FC Everton,24',0,Dominic Calvert-Lewin
PL-2020,M-2020-35-09,E-2020-35-0030,FC Arsenal,29',0,Emile Smith Rowe
PL-2020,M-2020-35-09,E-2020-35-0031,FC Arsenal,35',0,Nicolas Pépé
PL-2020,M-2020-35-09,E-2020-35-0032,West Bromwich Albion,67',0,Matheus Pereira
PL-2020,M-2020-35-09,E-2020-35-0033,FC Arsenal,90',0,Willian
PL-2020,M-2020-35-10,E-2020-35-0034,FC Burnley,35',0,Ashley Westwood
PL-2020,M-2020-35-10,E-2020-35-0035,FC Burnley,44',0,Chris Wood
PL-2020,M-2020-36-01,E-2020-36-0001,Leicester City FC,10',0,Luke Thomas
PL-2020,M-2020-36-01,E-2020-36-0002,Manchester United FC,15',0,Mason Greenwood
PL-2020,M-2020-36-01,E-2020-36-0003,Leicester City FC,66',0,Çağlar Söyüncü
PL-2020,M-2020-36-02,E-2020-36-0004,FC Arsenal,16',0,Emile Smith Rowe
PL-2020,M-2020-36-03,E-2020-36-0005,Newcastle United,25',0,Emil Krafth
PL-2020,M-2020-36-03,E-2020-36-0006,Manchester City FC,39',0,João Cancelo
PL-2020,M-2020-36-03,E-2020-36-0007,Manchester City FC,42',0,Ferran Torres
PL-2020,M-2020-36-03,E-2020-36-0008,Newcastle United,45+6',1,Joelinton
PL-2020,M-2020-36-03,E-2020-36-0009,Newcastle United,62',0,Joe Willock
PL-2020,M-2020-36-03,E-2020-36-0010,Newcastle United,62',-2,Joe Willock
PL-2020,M-2020-36-03,E-2020-36-0011,Manchester City FC,64',0,Ferran Torres
PL-2020,M-2020-36-03,E-2020-36-0012,Manchester City FC,66',0,Ferran Torres
PL-2020,M-2020-36-04,E-2020-36-0013,Leeds United FC ,44',0,Mateusz Klich
PL-2020,M-2020-36-04,E-2020-36-0014,Leeds United FC ,60',0,Jack Harrison
PL-2020,M-2020-36-04,E-2020-36-0015,Leeds United FC ,77',0,Rodrigo
PL-2020,M-2020-36-04,E-2020-36-0016,Leeds United FC ,79',0,Rodrigo
PL-2020,M-2020-36-05,E-2020-36-0017,FC Southampton,27',0,Ché Adams
PL-2020,M-2020-36-05,E-2020-36-0018,FC Southampton,60',0,Nathan Tella
PL-2020,M-2020-36-05,E-2020-36-0019,FC Fulham,75',0,Fábio Carvalho
PL-2020,M-2020-36-05,E-2020-36-0020,FC Southampton,82',0,Theo Walcott
PL-2020,M-2020-36-06,E-2020-36-0021,Brighton & Hove Albion,84',0,Danny Welbeck
PL-2020,M-2020-36-06,E-2020-36-0022,West Ham United,87',0,Saïd Benrahma
PL-2020,M-2020-36-07,E-2020-36-0023,Aston Villa FC,17',0,John McGinn
PL-2020,M-2020-36-07,E-2020-36-0024,Crystal Palace FC,32',0,Christian Benteke
PL-2020,M-2020-36-07,E-2020-36-0025,Aston Villa FC,34',0,Anwar El Ghazi
PL-2020,M-2020-36-07,E-2020-36-0026,Crystal Palace FC,75',0,Wilfried Zaha
PL-2020,M-2020-36-07,E-2020-36-0027,Crystal Palace FC,84',0,Tyrick Mitchell
PL-2020,M-2020-36-08,E-2020-36-0028,Tottenham Hotspur ,45',0,Harry Kane
PL-2020,M-2020-36-08,E-2020-36-0029,Tottenham Hotspur ,62',0,Pierre-Emile Højbjerg
PL-2020,M-2020-36-09,E-2020-36-0030,West Bromwich Albion,15',0,Hal Robson-Kanu
PL-2020,M-2020-36-09,E-2020-36-0031,FC Liverpool,33',0,Mohamed Salah
PL-2020,M-2020-36-09,E-2020-36-0032,FC Liverpool,90+5',0,Alisson
PL-2020,M-2020-36-10,E-2020-36-0033,Sheffield United,7',0,Daniel Jebbison
PL-2020,M-2020-37-01,E-2020-37-0001,Manchester United FC,15',0,Edinson Cavani
PL-2020,M-2020-37-01,E-2020-37-0002,FC Fulham,76',0,Joe Bryan
PL-2020,M-2020-37-02,E-2020-37-0003,Leeds United FC ,73',0,Patrick Bamford
PL-2020,M-2020-37-02,E-2020-37-0004,Leeds United FC ,90+5',0,Tyler Roberts
PL-2020,M-2020-37-03,E-2020-37-0005,Manchester City FC,2',0,İlkay Gündoğan
PL-2020,M-2020-37-03,E-2020-37-0006,Manchester City FC,10',-1,João Cancelo
PL-2020,M-2020-37-03,E-2020-37-0007,Manchester City FC,48',0,Phil Foden
PL-2020,M-2020-37-03,E-2020-37-0008,Brighton & Hove Albion,50',0,Leandro Trossard
PL-2020,M-2020-37-03,E-2020-37-0009,Brighton & Hove Albion,72',0,Adam Webster
PL-2020,M-2020-37-03,E-2020-37-0010,Brighton & Hove Albion,76',0,Dan Burn
PL-2020,M-2020-37-04,E-2020-37-0011,Chelsea FC,47',0,Antonio Rüdiger
PL-2020,M-2020-37-04,E-2020-37-0012,Chelsea FC,66',1,Jorginho
PL-2020,M-2020-37-04,E-2020-37-0013,Leicester City FC,76',0,Kelechi Iheanacho
PL-2020,M-2020-37-05,E-2020-37-0014,FC Everton,48',0,Richarlison
PL-2020,M-2020-37-06,E-2020-37-0015,Newcastle United,45+4',0,Joe Willock
PL-2020,M-2020-37-07,E-2020-37-0016,Tottenham Hotspur ,8',0,Steven Bergwijn
PL-2020,M-2020-37-07,E-2020-37-0017,Aston Villa FC,20',2,Sergio Reguilón
PL-2020,M-2020-37-07,E-2020-37-0018,Aston Villa FC,39',0,Ollie Watkins
PL-2020,M-2020-37-08,E-2020-37-0019,FC Arsenal,35',0,Nicolas Pépé
PL-2020,M-2020-37-08,E-2020-37-0020,Crystal Palace FC,62',0,Christian Benteke
PL-2020,M-2020-37-08,E-2020-37-0021,FC Arsenal,90+1',0,Gabriel Martinelli
PL-2020,M-2020-37-08,E-2020-37-0022,FC Arsenal,90+5',0,Nicolas Pépé
PL-2020,M-2020-37-09,E-2020-37-0023,FC Liverpool,43',0,Roberto Firmino
PL-2020,M-2020-37-09,E-2020-37-0024,FC Liverpool,52',0,Nat Phillips
PL-2020,M-2020-37-09,E-2020-37-0025,FC Liverpool,88',0,Alex Oxlade-Chamberlain
PL-2020,M-2020-37-10,E-2020-37-0026,West Ham United,3',-2,Declan Rice
PL-2020,M-2020-37-10,E-2020-37-0027,West Bromwich Albion,27',0,Matheus Pereira
PL-2020,M-2020-37-10,E-2020-37-0028,West Ham United,45+1',0,Tomáš Souček
PL-2020,M-2020-37-10,E-2020-37-0029,West Ham United,82',0,Angelo Ogbonna
PL-2020,M-2020-37-10,E-2020-37-0030,West Ham United,88',0,Michail Antonio
PL-2020,M-2020-38-01,E-2020-38-0001,FC Arsenal,49',0,Nicolas Pépé
PL-2020,M-2020-38-01,E-2020-38-0002,FC Arsenal,60',0,Nicolas Pépé
PL-2020,M-2020-38-02,E-2020-38-0003,Aston Villa FC,43',0,Bertrand Traoré
PL-2020,M-2020-38-02,E-2020-38-0004,Aston Villa FC,52',1,Anwar El Ghazi
PL-2020,M-2020-38-02,E-2020-38-0005,Chelsea FC,70',0,Ben Chilwell
PL-2020,M-2020-38-02,E-2020-38-0006,Chelsea FC,89',-1,César Azpilicueta
PL-2020,M-2020-38-03,E-2020-38-0007,Newcastle United,23',0,Joe Willock
PL-2020,M-2020-38-03,E-2020-38-0008,Newcastle United,88',1,Fabian Schär
PL-2020,M-2020-38-04,E-2020-38-0009,Leeds United FC ,17',0,Rodrigo
PL-2020,M-2020-38-04,E-2020-38-0010,Leeds United FC ,42',0,Kalvin Phillips
PL-2020,M-2020-38-04,E-2020-38-0011,Leeds United FC ,79',1,Patrick Bamford
PL-2020,M-2020-38-04,E-2020-38-0012,West Bromwich Albion,90',0,Hal Robson-Kanu
PL-2020,M-2020-38-05,E-2020-38-0013,Leicester City FC,18',1,Jamie Vardy
PL-2020,M-2020-38-05,E-2020-38-0014,Tottenham Hotspur ,41',0,Harry Kane
PL-2020,M-2020-38-05,E-2020-38-0015,Leicester City FC,52',1,Jamie Vardy
PL-2020,M-2020-38-05,E-2020-38-0016,Tottenham Hotspur ,76',2,Kasper Schmeichel
PL-2020,M-2020-38-05,E-2020-38-0017,Tottenham Hotspur ,87',0,Gareth Bale
PL-2020,M-2020-38-05,E-2020-38-0018,Tottenham Hotspur ,90+6',0,Gareth Bale
PL-2020,M-2020-38-06,E-2020-38-0019,FC Liverpool,36',0,Sadio Mané
PL-2020,M-2020-38-06,E-2020-38-0020,FC Liverpool,74',0,Sadio Mané
PL-2020,M-2020-38-07,E-2020-38-0021,Manchester City FC,11',0,Kevin De Bruyne
PL-2020,M-2020-38-07,E-2020-38-0022,Manchester City FC,14',0,Gabriel Jesus
PL-2020,M-2020-38-07,E-2020-38-0023,FC Everton,36',-2,Gylfi Sigurdsson
PL-2020,M-2020-38-07,E-2020-38-0024,Manchester City FC,53',0,Phil Foden
PL-2020,M-2020-38-07,E-2020-38-0025,Manchester City FC,71',0,Sergio Agüero
PL-2020,M-2020-38-07,E-2020-38-0026,Manchester City FC,76',0,Sergio Agüero
PL-2020,M-2020-38-08,E-2020-38-0027,Sheffield United,24',0,David McGoldrick
PL-2020,M-2020-38-09,E-2020-38-0028,West Ham United,30',0,Pablo Fornals
PL-2020,M-2020-38-09,E-2020-38-0029,West Ham United,33',0,Pablo Fornals
PL-2020,M-2020-38-09,E-2020-38-0030,West Ham United,86',0,Declan Rice
PL-2020,M-2020-38-10,E-2020-38-0031,Manchester United FC,13',0,Anthony Elanga
PL-2020,M-2020-38-10,E-2020-38-0032,Wolverhampton Wanderers,39',0,Nélson Semedo
PL-2020,M-2020-38-10,E-2020-38-0033,Manchester United FC,45+4',1,Juan Mata
PL-2021,M-2021-01-01,E-2021-01-0001,Brentford FC,22',0,Sergi Canós
PL-2021,M-2021-01-01,E-2021-01-0002,Brentford FC,73',0,Christian Nørgaard
PL-2021,M-2021-01-02,E-2021-01-0003,Manchester United FC,30',0,Bruno Fernandes
PL-2021,M-2021-01-02,E-2021-01-0004,Leeds United FC ,48',0,Luke Ayling
PL-2021,M-2021-01-02,E-2021-01-0005,Manchester United FC,52',0,Mason Greenwood
PL-2021,M-2021-01-02,E-2021-01-0006,Manchester United FC,54',0,Bruno Fernandes
PL-2021,M-2021-01-02,E-2021-01-0007,Manchester United FC,60',0,Bruno Fernandes
PL-2021,M-2021-01-02,E-2021-01-0008,Manchester United FC,68',0,Fred
PL-2021,M-2021-01-03,E-2021-01-0009,FC Burnley,2',0,James Tarkowski
PL-2021,M-2021-01-03,E-2021-01-0010,Brighton & Hove Albion,73',0,Neal Maupay
PL-2021,M-2021-01-03,E-2021-01-0011,Brighton & Hove Albion,78',0,Alexis Mac Allister
PL-2021,M-2021-01-04,E-2021-01-0012,Chelsea FC,27',0,Marcos Alonso
PL-2021,M-2021-01-04,E-2021-01-0013,Chelsea FC,40',0,Christian Pulisic
PL-2021,M-2021-01-04,E-2021-01-0014,Chelsea FC,58',0,Trevoh Chalobah
PL-2021,M-2021-01-05,E-2021-01-0015,FC Southampton,22',0,Adam Armstrong
PL-2021,M-2021-01-05,E-2021-01-0016,FC Everton,47',0,Richarlison
PL-2021,M-2021-01-05,E-2021-01-0017,FC Everton,76',0,Abdoulaye Doucouré
PL-2021,M-2021-01-05,E-2021-01-0018,FC Everton,81',0,Dominic Calvert-Lewin
PL-2021,M-2021-01-06,E-2021-01-0019,Leicester City FC,41',0,Jamie Vardy
PL-2021,M-2021-01-07,E-2021-01-0020,FC Watford,10',0,Emmanuel Dennis
PL-2021,M-2021-01-07,E-2021-01-0021,FC Watford,42',0,Ismaïla Sarr
PL-2021,M-2021-01-07,E-2021-01-0022,FC Watford,67',0,Cucho Hernández
PL-2021,M-2021-01-07,E-2021-01-0023,Aston Villa FC,70',0,John McGinn
PL-2021,M-2021-01-07,E-2021-01-0024,Aston Villa FC,90+7',1,Danny Ings
PL-2021,M-2021-01-08,E-2021-01-0025,FC Liverpool,26',0,Diogo Jota
PL-2021,M-2021-01-08,E-2021-01-0026,FC Liverpool,65',0,Roberto Firmino
PL-2021,M-2021-01-08,E-2021-01-0027,FC Liverpool,74',0,Mohamed Salah
PL-2021,M-2021-01-09,E-2021-01-0028,Newcastle United,5',0,Callum Wilson
PL-2021,M-2021-01-09,E-2021-01-0029,West Ham United,18',0,Aaron Cresswell
PL-2021,M-2021-01-09,E-2021-01-0030,Newcastle United,40',0,Jacob Murphy
PL-2021,M-2021-01-09,E-2021-01-0031,West Ham United,53',0,Saïd Benrahma
PL-2021,M-2021-01-09,E-2021-01-0032,West Ham United,63',0,Tomáš Souček
PL-2021,M-2021-01-09,E-2021-01-0033,West Ham United,63',-2,Michail Antonio
PL-2021,M-2021-01-09,E-2021-01-0034,West Ham United,66',0,Michail Antonio
PL-2021,M-2021-01-10,E-2021-01-0035,Tottenham Hotspur ,55',0,Heung-min Son
PL-2021,M-2021-02-01,E-2021-02-0001,FC Liverpool,18',0,Diogo Jota
PL-2021,M-2021-02-01,E-2021-02-0002,FC Liverpool,69',0,Sadio Mané
PL-2021,M-2021-02-02,E-2021-02-0003,Aston Villa FC,45+3',0,Danny Ings
PL-2021,M-2021-02-02,E-2021-02-0004,Aston Villa FC,62',1,Anwar El Ghazi
PL-2021,M-2021-02-04,E-2021-02-0005,FC Everton,30',1,Dominic Calvert-Lewin
PL-2021,M-2021-02-04,E-2021-02-0006,Leeds United FC ,41',0,Mateusz Klich
PL-2021,M-2021-02-04,E-2021-02-0007,FC Everton,50',0,Demarai Gray
PL-2021,M-2021-02-04,E-2021-02-0008,Leeds United FC ,72',0,Raphinha
PL-2021,M-2021-02-05,E-2021-02-0009,Manchester City FC,7',2,Tim Krul
PL-2021,M-2021-02-05,E-2021-02-0010,Manchester City FC,22',0,Jack Grealish
PL-2021,M-2021-02-05,E-2021-02-0011,Manchester City FC,64',0,Aymeric Laporte
PL-2021,M-2021-02-05,E-2021-02-0012,Manchester City FC,71',0,Raheem Sterling
PL-2021,M-2021-02-05,E-2021-02-0013,Manchester City FC,84',0,Riyad Mahrez
PL-2021,M-2021-02-06,E-2021-02-0014,Brighton & Hove Albion,10',0,Shane Duffy
PL-2021,M-2021-02-06,E-2021-02-0015,Brighton & Hove Albion,41',0,Neal Maupay
PL-2021,M-2021-02-07,E-2021-02-0016,FC Southampton,30',2,Fred
PL-2021,M-2021-02-07,E-2021-02-0017,Manchester United FC,55',0,Mason Greenwood
PL-2021,M-2021-02-08,E-2021-02-0018,Tottenham Hotspur ,10',1,Dele Alli
PL-2021,M-2021-02-09,E-2021-02-0019,Chelsea FC,15',0,Romelu Lukaku
PL-2021,M-2021-02-09,E-2021-02-0020,Chelsea FC,35',0,Reece James
PL-2021,M-2021-02-10,E-2021-02-0021,West Ham United,26',0,Pablo Fornals
PL-2021,M-2021-02-10,E-2021-02-0022,Leicester City FC,40',-1,Ayoze Pérez
PL-2021,M-2021-02-10,E-2021-02-0023,West Ham United,56',0,Saïd Benrahma
PL-2021,M-2021-02-10,E-2021-02-0024,Leicester City FC,69',0,Youri Tielemans
PL-2021,M-2021-02-10,E-2021-02-0025,West Ham United,80',0,Michail Antonio
PL-2021,M-2021-02-10,E-2021-02-0026,West Ham United,84',0,Michail Antonio
PL-2021,M-2021-03-01,E-2021-03-0001,Manchester City FC,7',0,İlkay Gündoğan
PL-2021,M-2021-03-01,E-2021-03-0002,Manchester City FC,12',0,Ferran Torres
PL-2021,M-2021-03-01,E-2021-03-0003,FC Arsenal,35',-1,Granit Xhaka
PL-2021,M-2021-03-01,E-2021-03-0004,Manchester City FC,43',0,Gabriel Jesus
PL-2021,M-2021-03-01,E-2021-03-0005,Manchester City FC,53',0,Rodri
PL-2021,M-2021-03-01,E-2021-03-0006,Manchester City FC,84',0,Ferran Torres
PL-2021,M-2021-03-02,E-2021-03-0007,Brentford FC,7',0,Ivan Toney
PL-2021,M-2021-03-02,E-2021-03-0008,Aston Villa FC,13',0,Emiliano Buendía
PL-2021,M-2021-03-03,E-2021-03-0009,FC Everton,41',0,Demarai Gray
PL-2021,M-2021-03-03,E-2021-03-0010,FC Everton,58',1,Dominic Calvert-Lewin
PL-2021,M-2021-03-04,E-2021-03-0011,Newcastle United,55',0,Callum Wilson
PL-2021,M-2021-03-04,E-2021-03-0012,FC Southampton,74',0,Mohamed Elyounoussi
PL-2021,M-2021-03-04,E-2021-03-0013,Newcastle United,90',0,Allan Saint-Maximin
PL-2021,M-2021-03-04,E-2021-03-0014,FC Southampton,90+6',1,James Ward-Prowse
PL-2021,M-2021-03-05,E-2021-03-0015,Leicester City FC,8',0,Jamie Vardy
PL-2021,M-2021-03-05,E-2021-03-0016,Norwich City,44',1,Teemu Pukki
PL-2021,M-2021-03-05,E-2021-03-0017,Leicester City FC,76',0,Marc Albrighton
PL-2021,M-2021-03-06,E-2021-03-0018,West Ham United,39',0,Pablo Fornals
PL-2021,M-2021-03-06,E-2021-03-0019,Crystal Palace FC,58',0,Conor Gallagher
PL-2021,M-2021-03-06,E-2021-03-0020,West Ham United,68',0,Michail Antonio
PL-2021,M-2021-03-06,E-2021-03-0021,Crystal Palace FC,70',0,Conor Gallagher
PL-2021,M-2021-03-07,E-2021-03-0022,Chelsea FC,22',0,Kai Havertz
PL-2021,M-2021-03-07,E-2021-03-0023,Chelsea FC,45+3',-1,Reece James
PL-2021,M-2021-03-07,E-2021-03-0024,FC Liverpool,45+5',1,Mohamed Salah
PL-2021,M-2021-03-08,E-2021-03-0025,FC Burnley,61',0,Chris Wood
PL-2021,M-2021-03-08,E-2021-03-0026,Leeds United FC ,86',0,Patrick Bamford
PL-2021,M-2021-03-09,E-2021-03-0027,Tottenham Hotspur ,42',0,Heung-min Son
PL-2021,M-2021-03-10,E-2021-03-0028,Manchester United FC,80',0,Mason Greenwood
PL-2021,M-2021-04-01,E-2021-04-0001,Tottenham Hotspur ,58',-1,Japhet Tanganga
PL-2021,M-2021-04-01,E-2021-04-0002,Crystal Palace FC,76',1,Wilfried Zaha
PL-2021,M-2021-04-01,E-2021-04-0003,Crystal Palace FC,84',0,Odsonne Édouard
PL-2021,M-2021-04-01,E-2021-04-0004,Crystal Palace FC,90+2',0,Odsonne Édouard
PL-2021,M-2021-04-02,E-2021-04-0005,FC Arsenal,66',0,Pierre-Emerick Aubameyang
PL-2021,M-2021-04-03,E-2021-04-0006,Brighton & Hove Albion,90',0,Leandro Trossard
PL-2021,M-2021-04-04,E-2021-04-0007,Manchester City FC,62',0,Bernardo Silva
PL-2021,M-2021-04-05,E-2021-04-0008,Manchester United FC,45+2',0,Cristiano Ronaldo
PL-2021,M-2021-04-05,E-2021-04-0009,Newcastle United,56',0,Javier Manquillo
PL-2021,M-2021-04-05,E-2021-04-0010,Manchester United FC,62',0,Cristiano Ronaldo
PL-2021,M-2021-04-05,E-2021-04-0011,Manchester United FC,80',0,Bruno Fernandes
PL-2021,M-2021-04-05,E-2021-04-0012,Manchester United FC,90+2',0,Jesse Lingard
PL-2021,M-2021-04-06,E-2021-04-0013,West Ham United,90+5',-1,Michail Antonio
PL-2021,M-2021-04-07,E-2021-04-0014,Wolverhampton Wanderers,74',2,Francisco Sierralta
PL-2021,M-2021-04-07,E-2021-04-0015,Wolverhampton Wanderers,83',0,Hee-chan Hwang
PL-2021,M-2021-04-08,E-2021-04-0016,Chelsea FC,15',0,Romelu Lukaku
PL-2021,M-2021-04-08,E-2021-04-0017,Chelsea FC,49',0,Mateo Kovacic
PL-2021,M-2021-04-08,E-2021-04-0018,Chelsea FC,90+3',0,Romelu Lukaku
PL-2021,M-2021-04-09,E-2021-04-0019,FC Liverpool,20',0,Mohamed Salah
PL-2021,M-2021-04-09,E-2021-04-0020,FC Liverpool,50',0,Fabinho
PL-2021,M-2021-04-09,E-2021-04-0021,Leeds United FC ,60',-1,Pascal Struijk
PL-2021,M-2021-04-09,E-2021-04-0022,FC Liverpool,90+2',0,Sadio Mané
PL-2021,M-2021-04-10,E-2021-04-0023,FC Burnley,53',0,Ben Mee
PL-2021,M-2021-04-10,E-2021-04-0024,FC Everton,60',0,Michael Keane
PL-2021,M-2021-04-10,E-2021-04-0025,FC Everton,65',0,Andros Townsend
PL-2021,M-2021-04-10,E-2021-04-0026,FC Everton,66',0,Demarai Gray
PL-2021,M-2021-05-01,E-2021-05-0001,Leeds United FC ,13',0,Raphinha
PL-2021,M-2021-05-01,E-2021-05-0002,Newcastle United,44',0,Allan Saint-Maximin
PL-2021,M-2021-05-02,E-2021-05-0003,Brentford FC,28',1,Ivan Toney
PL-2021,M-2021-05-02,E-2021-05-0004,Brentford FC,34',0,Bryan Mbeumo
PL-2021,M-2021-05-02,E-2021-05-0005,Brentford FC,64',-1,Shandon Baptiste
PL-2021,M-2021-05-03,E-2021-05-0006,FC Arsenal,30',0,Martin Ødegaard
PL-2021,M-2021-05-04,E-2021-05-0007,FC Liverpool,43',0,Sadio Mané
PL-2021,M-2021-05-04,E-2021-05-0008,FC Liverpool,78',0,Mohamed Salah
PL-2021,M-2021-05-04,E-2021-05-0009,FC Liverpool,89',0,Naby Keïta
PL-2021,M-2021-05-06,E-2021-05-0010,FC Watford,17',0,Emmanuel Dennis
PL-2021,M-2021-05-06,E-2021-05-0011,Norwich City,35',0,Teemu Pukki
PL-2021,M-2021-05-06,E-2021-05-0012,FC Watford,63',0,Ismaïla Sarr
PL-2021,M-2021-05-06,E-2021-05-0013,FC Watford,80',0,Ismaïla Sarr
PL-2021,M-2021-05-07,E-2021-05-0014,Aston Villa FC,66',0,Matty Cash
PL-2021,M-2021-05-07,E-2021-05-0015,Aston Villa FC,69',2,Lucas Digne
PL-2021,M-2021-05-07,E-2021-05-0016,Aston Villa FC,75',0,Leon Bailey
PL-2021,M-2021-05-08,E-2021-05-0017,Brighton & Hove Albion,35',1,Neal Maupay
PL-2021,M-2021-05-08,E-2021-05-0018,Brighton & Hove Albion,50',0,Danny Welbeck
PL-2021,M-2021-05-08,E-2021-05-0019,Leicester City FC,61',0,Jamie Vardy
PL-2021,M-2021-05-09,E-2021-05-0020,West Ham United,30',0,Saïd Benrahma
PL-2021,M-2021-05-09,E-2021-05-0021,Manchester United FC,35',0,Cristiano Ronaldo
PL-2021,M-2021-05-09,E-2021-05-0022,Manchester United FC,89',0,Jesse Lingard
PL-2021,M-2021-05-09,E-2021-05-0023,West Ham United,90+5',-2,Mark Noble
PL-2021,M-2021-05-10,E-2021-05-0024,Chelsea FC,49',0,Thiago Silva
PL-2021,M-2021-05-10,E-2021-05-0025,Chelsea FC,57',0,N'Golo Kanté
PL-2021,M-2021-05-10,E-2021-05-0026,Chelsea FC,90+2',0,Antonio Rüdiger
PL-2021,M-2021-06-01,E-2021-06-0001,Manchester City FC,53',0,Gabriel Jesus
PL-2021,M-2021-06-02,E-2021-06-0002,Aston Villa FC,88',0,Kortney Hause
PL-2021,M-2021-06-02,E-2021-06-0003,Manchester United FC,90+3',-2,Bruno Fernandes
PL-2021,M-2021-06-03,E-2021-06-0004,FC Everton,29',1,Andros Townsend
PL-2021,M-2021-06-03,E-2021-06-0005,FC Everton,77',0,Abdoulaye Doucouré
PL-2021,M-2021-06-04,E-2021-06-0006,Leeds United FC ,19',0,Raphinha
PL-2021,M-2021-06-04,E-2021-06-0007,West Ham United,67',2,Junior Firpo
PL-2021,M-2021-06-04,E-2021-06-0008,West Ham United,90',0,Michail Antonio
PL-2021,M-2021-06-05,E-2021-06-0009,FC Burnley,12',2,Jamie Vardy
PL-2021,M-2021-06-05,E-2021-06-0010,Leicester City FC,37',0,Jamie Vardy
PL-2021,M-2021-06-05,E-2021-06-0011,FC Burnley,40',0,Maxwel Cornet
PL-2021,M-2021-06-05,E-2021-06-0012,Leicester City FC,85',0,Jamie Vardy
PL-2021,M-2021-06-06,E-2021-06-0013,Newcastle United,23',0,Sean Longstaff
PL-2021,M-2021-06-06,E-2021-06-0014,FC Watford,72',0,Ismaïla Sarr
PL-2021,M-2021-06-07,E-2021-06-0015,Brentford FC,27',0,Ethan Pinnock
PL-2021,M-2021-06-07,E-2021-06-0016,FC Liverpool,31',0,Diogo Jota
PL-2021,M-2021-06-07,E-2021-06-0017,FC Liverpool,54',0,Mohamed Salah
PL-2021,M-2021-06-07,E-2021-06-0018,Brentford FC,63',0,Vitaly Janelt
PL-2021,M-2021-06-07,E-2021-06-0019,FC Liverpool,67',0,Curtis Jones
PL-2021,M-2021-06-07,E-2021-06-0020,Brentford FC,82',0,Yoane Wissa
PL-2021,M-2021-06-08,E-2021-06-0021,Wolverhampton Wanderers,61',0,Raúl Jiménez
PL-2021,M-2021-06-09,E-2021-06-0022,FC Arsenal,12',0,Emile Smith Rowe
PL-2021,M-2021-06-09,E-2021-06-0023,FC Arsenal,27',0,Pierre-Emerick Aubameyang
PL-2021,M-2021-06-09,E-2021-06-0024,FC Arsenal,34',0,Bukayo Saka
PL-2021,M-2021-06-09,E-2021-06-0025,Tottenham Hotspur ,79',0,Heung-min Son
PL-2021,M-2021-06-10,E-2021-06-0026,Crystal Palace FC,45+2',1,Wilfried Zaha
PL-2021,M-2021-06-10,E-2021-06-0027,Brighton & Hove Albion,90+5',0,Neal Maupay
PL-2021,M-2021-07-01,E-2021-07-0001,Manchester United FC,43',0,Anthony Martial
PL-2021,M-2021-07-01,E-2021-07-0002,FC Everton,65',0,Andros Townsend
PL-2021,M-2021-07-03,E-2021-07-0003,Chelsea FC,9',0,Trevoh Chalobah
PL-2021,M-2021-07-03,E-2021-07-0004,FC Southampton,61',1,James Ward-Prowse
PL-2021,M-2021-07-03,E-2021-07-0005,FC Southampton,77',-1,James Ward-Prowse
PL-2021,M-2021-07-03,E-2021-07-0006,Chelsea FC,84',0,Timo Werner
PL-2021,M-2021-07-03,E-2021-07-0007,Chelsea FC,89',0,Ben Chilwell
PL-2021,M-2021-07-04,E-2021-07-0008,Leeds United FC ,18',0,Diego Llorente
PL-2021,M-2021-07-05,E-2021-07-0009,Wolverhampton Wanderers,20',0,Hee-chan Hwang
PL-2021,M-2021-07-05,E-2021-07-0010,Newcastle United,41',0,Jeff Hendrick
PL-2021,M-2021-07-05,E-2021-07-0011,Wolverhampton Wanderers,58',0,Hee-chan Hwang
PL-2021,M-2021-07-07,E-2021-07-0012,Leicester City FC,31',0,Kelechi Iheanacho
PL-2021,M-2021-07-07,E-2021-07-0013,Leicester City FC,37',0,Jamie Vardy
PL-2021,M-2021-07-07,E-2021-07-0014,Crystal Palace FC,61',0,Michael Olise
PL-2021,M-2021-07-07,E-2021-07-0015,Crystal Palace FC,72',0,Jeffrey Schlupp
PL-2021,M-2021-07-08,E-2021-07-0016,Tottenham Hotspur ,27',0,Pierre-Emile Højbjerg
PL-2021,M-2021-07-08,E-2021-07-0017,Aston Villa FC,67',0,Ollie Watkins
PL-2021,M-2021-07-08,E-2021-07-0018,Tottenham Hotspur ,71',2,Matt Targett
PL-2021,M-2021-07-09,E-2021-07-0019,Brentford FC,20',0,Bryan Mbeumo
PL-2021,M-2021-07-09,E-2021-07-0020,West Ham United,80',0,Jarrod Bowen
PL-2021,M-2021-07-09,E-2021-07-0021,Brentford FC,90+4',0,Yoane Wissa
PL-2021,M-2021-07-10,E-2021-07-0022,FC Liverpool,59',0,Sadio Mané
PL-2021,M-2021-07-10,E-2021-07-0023,Manchester City FC,69',0,Phil Foden
PL-2021,M-2021-07-10,E-2021-07-0024,FC Liverpool,76',0,Mohamed Salah
PL-2021,M-2021-07-10,E-2021-07-0025,Manchester City FC,81',0,Kevin De Bruyne
PL-2021,M-2021-08-01,E-2021-08-0001,FC Liverpool,8',0,Sadio Mané
PL-2021,M-2021-08-01,E-2021-08-0002,FC Liverpool,37',0,Roberto Firmino
PL-2021,M-2021-08-01,E-2021-08-0003,FC Liverpool,52',0,Roberto Firmino
PL-2021,M-2021-08-01,E-2021-08-0004,FC Liverpool,54',0,Mohamed Salah
PL-2021,M-2021-08-01,E-2021-08-0005,FC Liverpool,90+1',0,Roberto Firmino
PL-2021,M-2021-08-02,E-2021-08-0006,Aston Villa FC,48',0,Danny Ings
PL-2021,M-2021-08-02,E-2021-08-0007,Aston Villa FC,68',0,John McGinn
PL-2021,M-2021-08-02,E-2021-08-0008,Wolverhampton Wanderers,80',0,Romain Saïss
PL-2021,M-2021-08-02,E-2021-08-0009,Wolverhampton Wanderers,85',0,Conor Coady
PL-2021,M-2021-08-02,E-2021-08-0010,Wolverhampton Wanderers,90+5',0,Rúben Neves
PL-2021,M-2021-08-03,E-2021-08-0011,Manchester United FC,19',0,Mason Greenwood
PL-2021,M-2021-08-03,E-2021-08-0012,Leicester City FC,31',0,Youri Tielemans
PL-2021,M-2021-08-03,E-2021-08-0013,Leicester City FC,78',0,Çağlar Söyüncü
PL-2021,M-2021-08-03,E-2021-08-0014,Manchester United FC,82',0,Marcus Rashford
PL-2021,M-2021-08-03,E-2021-08-0015,Leicester City FC,83',0,Jamie Vardy
PL-2021,M-2021-08-03,E-2021-08-0016,Leicester City FC,90+1',0,Patson Daka
PL-2021,M-2021-08-04,E-2021-08-0017,Manchester City FC,12',0,Bernardo Silva
PL-2021,M-2021-08-04,E-2021-08-0018,Manchester City FC,70',0,Kevin De Bruyne
PL-2021,M-2021-08-06,E-2021-08-0019,FC Southampton,53',0,Armando Broja
PL-2021,M-2021-08-07,E-2021-08-0020,Chelsea FC,45',0,Ben Chilwell
PL-2021,M-2021-08-08,E-2021-08-0021,West Ham United,74',0,Angelo Ogbonna
PL-2021,M-2021-08-09,E-2021-08-0022,Newcastle United,2',0,Callum Wilson
PL-2021,M-2021-08-09,E-2021-08-0023,Tottenham Hotspur ,17',0,Tanguy Ndombélé
PL-2021,M-2021-08-09,E-2021-08-0024,Tottenham Hotspur ,22',0,Harry Kane
PL-2021,M-2021-08-09,E-2021-08-0025,Tottenham Hotspur ,45+4',0,Heung-min Son
PL-2021,M-2021-08-09,E-2021-08-0026,Newcastle United,83',-1,Jonjo Shelvey
PL-2021,M-2021-08-09,E-2021-08-0027,Newcastle United,89',2,Eric Dier
PL-2021,M-2021-08-10,E-2021-08-0028,FC Arsenal,8',0,Pierre-Emerick Aubameyang
PL-2021,M-2021-08-10,E-2021-08-0029,Crystal Palace FC,50',0,Christian Benteke
PL-2021,M-2021-08-10,E-2021-08-0030,Crystal Palace FC,73',0,Odsonne Édouard
PL-2021,M-2021-08-10,E-2021-08-0031,FC Arsenal,90+5',0,Alexandre Lacazette
PL-2021,M-2021-09-01,E-2021-09-0001,FC Arsenal,23',0,Thomas Partey
PL-2021,M-2021-09-01,E-2021-09-0002,FC Arsenal,45+6',0,Pierre-Emerick Aubameyang
PL-2021,M-2021-09-01,E-2021-09-0003,FC Arsenal,45+6',-2,Pierre-Emerick Aubameyang
PL-2021,M-2021-09-01,E-2021-09-0004,FC Arsenal,56',0,Emile Smith Rowe
PL-2021,M-2021-09-01,E-2021-09-0005,Aston Villa FC,82',0,Jacob Ramsey
PL-2021,M-2021-09-02,E-2021-09-0006,Chelsea FC,8',0,Mason Mount
PL-2021,M-2021-09-02,E-2021-09-0007,Chelsea FC,18',0,Callum Hudson-Odoi
PL-2021,M-2021-09-02,E-2021-09-0008,Chelsea FC,42',0,Reece James
PL-2021,M-2021-09-02,E-2021-09-0009,Chelsea FC,57',0,Ben Chilwell
PL-2021,M-2021-09-02,E-2021-09-0010,Chelsea FC,62',2,Max Aarons
PL-2021,M-2021-09-02,E-2021-09-0011,Norwich City,65',-1,Ben Gibson
PL-2021,M-2021-09-02,E-2021-09-0012,Chelsea FC,85',1,Mason Mount
PL-2021,M-2021-09-02,E-2021-09-0013,Chelsea FC,90+1',0,Mason Mount
PL-2021,M-2021-09-03,E-2021-09-0014,Crystal Palace FC,56',0,Christian Benteke
PL-2021,M-2021-09-03,E-2021-09-0015,Newcastle United,65',0,Callum Wilson
PL-2021,M-2021-09-04,E-2021-09-0016,FC Everton,3',0,Tom Davies
PL-2021,M-2021-09-04,E-2021-09-0017,FC Watford,13',0,Joshua King
PL-2021,M-2021-09-04,E-2021-09-0018,FC Everton,63',0,Richarlison
PL-2021,M-2021-09-04,E-2021-09-0019,FC Watford,78',0,Juraj Kucka
PL-2021,M-2021-09-04,E-2021-09-0020,FC Watford,80',0,Joshua King
PL-2021,M-2021-09-04,E-2021-09-0021,FC Watford,86',0,Joshua King
PL-2021,M-2021-09-04,E-2021-09-0022,FC Watford,90+1',0,Emmanuel Dennis
PL-2021,M-2021-09-05,E-2021-09-0023,Wolverhampton Wanderers,10',0,Hee-chan Hwang
PL-2021,M-2021-09-05,E-2021-09-0024,Leeds United FC ,90+4',1,Rodrigo
PL-2021,M-2021-09-06,E-2021-09-0025,FC Burnley,13',0,Maxwel Cornet
PL-2021,M-2021-09-06,E-2021-09-0026,FC Southampton,41',0,Tino Livramento
PL-2021,M-2021-09-06,E-2021-09-0027,FC Southampton,50',0,Armando Broja
PL-2021,M-2021-09-06,E-2021-09-0028,FC Burnley,57',0,Maxwel Cornet
PL-2021,M-2021-09-07,E-2021-09-0029,Manchester City FC,13',0,İlkay Gündoğan
PL-2021,M-2021-09-07,E-2021-09-0030,Manchester City FC,28',0,Phil Foden
PL-2021,M-2021-09-07,E-2021-09-0031,Manchester City FC,31',0,Phil Foden
PL-2021,M-2021-09-07,E-2021-09-0032,Brighton & Hove Albion,81',1,Alexis Mac Allister
PL-2021,M-2021-09-07,E-2021-09-0033,Manchester City FC,90+5',0,Riyad Mahrez
PL-2021,M-2021-09-08,E-2021-09-0034,Leicester City FC,14',0,Youri Tielemans
PL-2021,M-2021-09-08,E-2021-09-0035,Brentford FC,60',0,Zanka
PL-2021,M-2021-09-08,E-2021-09-0036,Leicester City FC,73',0,James Maddison
PL-2021,M-2021-09-09,E-2021-09-0037,West Ham United,72',0,Michail Antonio
PL-2021,M-2021-09-10,E-2021-09-0038,FC Liverpool,5',0,Naby Keïta
PL-2021,M-2021-09-10,E-2021-09-0039,FC Liverpool,13',0,Diogo Jota
PL-2021,M-2021-09-10,E-2021-09-0040,FC Liverpool,38',0,Mohamed Salah
PL-2021,M-2021-09-10,E-2021-09-0041,FC Liverpool,45+5',0,Mohamed Salah
PL-2021,M-2021-09-10,E-2021-09-0042,FC Liverpool,50',0,Mohamed Salah
PL-2021,M-2021-09-10,E-2021-09-0043,Manchester United FC,60',-1,Paul Pogba
PL-2021,M-2021-10-01,E-2021-10-0001,FC Arsenal,5',0,Gabriel
PL-2021,M-2021-10-01,E-2021-10-0002,FC Arsenal,18',0,Emile Smith Rowe
PL-2021,M-2021-10-02,E-2021-10-0003,FC Burnley,4',0,Chris Wood
PL-2021,M-2021-10-02,E-2021-10-0004,FC Burnley,32',0,Matthew Lowton
PL-2021,M-2021-10-02,E-2021-10-0005,FC Burnley,36',0,Maxwel Cornet
PL-2021,M-2021-10-02,E-2021-10-0006,Brentford FC,79',0,Saman Ghoddos
PL-2021,M-2021-10-03,E-2021-10-0007,FC Liverpool,4',0,Jordan Henderson
PL-2021,M-2021-10-03,E-2021-10-0008,FC Liverpool,24',0,Sadio Mané
PL-2021,M-2021-10-03,E-2021-10-0009,Brighton & Hove Albion,41',0,Enock Mwepu
PL-2021,M-2021-10-03,E-2021-10-0010,Brighton & Hove Albion,65',0,Leandro Trossard
PL-2021,M-2021-10-04,E-2021-10-0011,Crystal Palace FC,6',0,Wilfried Zaha
PL-2021,M-2021-10-04,E-2021-10-0012,Manchester City FC,45+2',-1,Aymeric Laporte
PL-2021,M-2021-10-04,E-2021-10-0013,Crystal Palace FC,88',0,Conor Gallagher
PL-2021,M-2021-10-05,E-2021-10-0014,Chelsea FC,65',0,Reece James
PL-2021,M-2021-10-05,E-2021-10-0015,Chelsea FC,77',0,Reece James
PL-2021,M-2021-10-05,E-2021-10-0016,Chelsea FC,81',1,Jorginho
PL-2021,M-2021-10-06,E-2021-10-0017,FC Southampton,20',0,Ché Adams
PL-2021,M-2021-10-07,E-2021-10-0018,Manchester United FC,39',0,Cristiano Ronaldo
PL-2021,M-2021-10-07,E-2021-10-0019,Manchester United FC,64',0,Edinson Cavani
PL-2021,M-2021-10-07,E-2021-10-0020,Manchester United FC,86',0,Marcus Rashford
PL-2021,M-2021-10-08,E-2021-10-0021,Leeds United FC ,56',0,Raphinha
PL-2021,M-2021-10-08,E-2021-10-0022,Norwich City,58',0,Andrew Omobamidele
PL-2021,M-2021-10-08,E-2021-10-0023,Leeds United FC ,60',0,Rodrigo
PL-2021,M-2021-10-09,E-2021-10-0024,West Ham United,7',0,Ben Johnson
PL-2021,M-2021-10-09,E-2021-10-0025,Aston Villa FC,34',0,Ollie Watkins
PL-2021,M-2021-10-09,E-2021-10-0026,West Ham United,38',0,Declan Rice
PL-2021,M-2021-10-09,E-2021-10-0027,Aston Villa FC,50',-1,Ezri Konsa
PL-2021,M-2021-10-09,E-2021-10-0028,West Ham United,80',0,Pablo Fornals
PL-2021,M-2021-10-09,E-2021-10-0029,West Ham United,84',0,Jarrod Bowen
PL-2021,M-2021-10-10,E-2021-10-0030,Wolverhampton Wanderers,28',0,Maximilian Kilman
PL-2021,M-2021-10-10,E-2021-10-0031,Wolverhampton Wanderers,32',0,Raúl Jiménez
PL-2021,M-2021-10-10,E-2021-10-0032,FC Everton,66',0,Alex Iwobi
PL-2021,M-2021-11-01,E-2021-11-0001,FC Southampton,3',0,Adam Armstrong
PL-2021,M-2021-11-02,E-2021-11-0002,Manchester City FC,7',2,Eric Bailly
PL-2021,M-2021-11-02,E-2021-11-0003,Manchester City FC,45',0,Bernardo Silva
PL-2021,M-2021-11-03,E-2021-11-0004,Norwich City,6',0,Mathias Normann
PL-2021,M-2021-11-03,E-2021-11-0005,Norwich City,29',1,Teemu Pukki
PL-2021,M-2021-11-03,E-2021-11-0006,Brentford FC,60',0,Rico Henry
PL-2021,M-2021-11-04,E-2021-11-0007,Chelsea FC,33',0,Kai Havertz
PL-2021,M-2021-11-04,E-2021-11-0008,FC Burnley,79',0,Matej Vydra
PL-2021,M-2021-11-05,E-2021-11-0009,Crystal Palace FC,61',0,Wilfried Zaha
PL-2021,M-2021-11-05,E-2021-11-0010,Crystal Palace FC,78',0,Conor Gallagher
PL-2021,M-2021-11-06,E-2021-11-0011,Brighton & Hove Albion,24',1,Leandro Trossard
PL-2021,M-2021-11-06,E-2021-11-0012,Newcastle United,66',0,Isaac Hayden
PL-2021,M-2021-11-06,E-2021-11-0013,Brighton & Hove Albion,90+2',-1,Robert Sánchez
PL-2021,M-2021-11-07,E-2021-11-0014,FC Arsenal,36',-2,Pierre-Emerick Aubameyang
PL-2021,M-2021-11-07,E-2021-11-0015,FC Arsenal,56',0,Emile Smith Rowe
PL-2021,M-2021-11-07,E-2021-11-0016,FC Watford,89',-1,Juraj Kucka
PL-2021,M-2021-11-08,E-2021-11-0017,FC Everton,90+2',-1,Mason Holgate
PL-2021,M-2021-11-09,E-2021-11-0018,Leeds United FC ,26',0,Raphinha
PL-2021,M-2021-11-09,E-2021-11-0019,Leicester City FC,28',0,Harvey Barnes
PL-2021,M-2021-11-10,E-2021-11-0020,West Ham United,4',2,Alisson
PL-2021,M-2021-11-10,E-2021-11-0021,FC Liverpool,41',0,Trent Alexander-Arnold
PL-2021,M-2021-11-10,E-2021-11-0022,West Ham United,67',0,Pablo Fornals
PL-2021,M-2021-11-10,E-2021-11-0023,West Ham United,74',0,Kurt Zouma
PL-2021,M-2021-11-10,E-2021-11-0024,FC Liverpool,83',0,Divock Origi
PL-2021,M-2021-12-01,E-2021-12-0001,Chelsea FC,14',0,Antonio Rüdiger
PL-2021,M-2021-12-01,E-2021-12-0002,Chelsea FC,28',0,N'Golo Kanté
PL-2021,M-2021-12-01,E-2021-12-0003,Chelsea FC,71',0,Christian Pulisic
PL-2021,M-2021-12-02,E-2021-12-0004,Aston Villa FC,84',0,Ollie Watkins
PL-2021,M-2021-12-02,E-2021-12-0005,Aston Villa FC,89',0,Tyrone Mings
PL-2021,M-2021-12-03,E-2021-12-0006,Crystal Palace FC,8',0,Christian Benteke
PL-2021,M-2021-12-03,E-2021-12-0007,FC Burnley,19',0,Ben Mee
PL-2021,M-2021-12-03,E-2021-12-0008,FC Burnley,27',0,Chris Wood
PL-2021,M-2021-12-03,E-2021-12-0009,Crystal Palace FC,36',0,Christian Benteke
PL-2021,M-2021-12-03,E-2021-12-0010,Crystal Palace FC,41',0,Marc Guéhi
PL-2021,M-2021-12-03,E-2021-12-0011,FC Burnley,49',0,Maxwel Cornet
PL-2021,M-2021-12-04,E-2021-12-0012,Newcastle United,10',0,Jamaal Lascelles
PL-2021,M-2021-12-04,E-2021-12-0013,Brentford FC,11',0,Ivan Toney
PL-2021,M-2021-12-04,E-2021-12-0014,Brentford FC,31',0,Rico Henry
PL-2021,M-2021-12-04,E-2021-12-0015,Newcastle United,39',0,Joelinton
PL-2021,M-2021-12-04,E-2021-12-0016,Brentford FC,61',2,Jamaal Lascelles
PL-2021,M-2021-12-04,E-2021-12-0017,Newcastle United,75',0,Allan Saint-Maximin
PL-2021,M-2021-12-05,E-2021-12-0018,FC Southampton,4',0,Ché Adams
PL-2021,M-2021-12-05,E-2021-12-0019,Norwich City,7',0,Teemu Pukki
PL-2021,M-2021-12-05,E-2021-12-0020,Norwich City,79',0,Grant Hanley
PL-2021,M-2021-12-06,E-2021-12-0021,FC Watford,11',-2,Ismaïla Sarr
PL-2021,M-2021-12-06,E-2021-12-0022,FC Watford,28',0,Joshua King
PL-2021,M-2021-12-06,E-2021-12-0023,FC Watford,44',0,Ismaïla Sarr
PL-2021,M-2021-12-06,E-2021-12-0024,Manchester United FC,50',0,Donny van de Beek
PL-2021,M-2021-12-06,E-2021-12-0025,Manchester United FC,69',-1,Harry Maguire
PL-2021,M-2021-12-06,E-2021-12-0026,FC Watford,90+2',0,João Pedro
PL-2021,M-2021-12-06,E-2021-12-0027,FC Watford,90+6',0,Emmanuel Dennis
PL-2021,M-2021-12-07,E-2021-12-0028,Wolverhampton Wanderers,58',0,Raúl Jiménez
PL-2021,M-2021-12-08,E-2021-12-0029,FC Liverpool,39',0,Sadio Mané
PL-2021,M-2021-12-08,E-2021-12-0030,FC Liverpool,52',0,Diogo Jota
PL-2021,M-2021-12-08,E-2021-12-0031,FC Liverpool,73',0,Mohamed Salah
PL-2021,M-2021-12-08,E-2021-12-0032,FC Liverpool,77',0,Takumi Minamino
PL-2021,M-2021-12-09,E-2021-12-0033,Manchester City FC,44',0,Raheem Sterling
PL-2021,M-2021-12-09,E-2021-12-0034,Manchester City FC,55',0,Rodri
PL-2021,M-2021-12-09,E-2021-12-0035,Manchester City FC,86',0,Bernardo Silva
PL-2021,M-2021-12-10,E-2021-12-0036,Leeds United FC ,44',0,Daniel James
PL-2021,M-2021-12-10,E-2021-12-0037,Tottenham Hotspur ,58',0,Pierre-Emile Højbjerg
PL-2021,M-2021-12-10,E-2021-12-0038,Tottenham Hotspur ,69',0,Sergio Reguilón
PL-2021,M-2021-13-01,E-2021-13-0001,FC Arsenal,56',0,Bukayo Saka
PL-2021,M-2021-13-01,E-2021-13-0002,FC Arsenal,66',0,Gabriel Martinelli
PL-2021,M-2021-13-02,E-2021-13-0003,Aston Villa FC,15',0,Matt Targett
PL-2021,M-2021-13-02,E-2021-13-0004,Aston Villa FC,86',0,John McGinn
PL-2021,M-2021-13-02,E-2021-13-0005,Crystal Palace FC,90+5',0,Marc Guéhi
PL-2021,M-2021-13-03,E-2021-13-0006,FC Liverpool,2',0,Diogo Jota
PL-2021,M-2021-13-03,E-2021-13-0007,FC Liverpool,32',0,Diogo Jota
PL-2021,M-2021-13-03,E-2021-13-0008,FC Liverpool,37',0,Thiago Alcántara
PL-2021,M-2021-13-03,E-2021-13-0009,FC Liverpool,52',0,Virgil van Dijk
PL-2021,M-2021-13-06,E-2021-13-0010,Brentford FC,24',1,Ivan Toney
PL-2021,M-2021-13-07,E-2021-13-0011,Leicester City FC,16',0,James Maddison
PL-2021,M-2021-13-07,E-2021-13-0012,FC Watford,30',1,Joshua King
PL-2021,M-2021-13-07,E-2021-13-0013,Leicester City FC,34',0,Jamie Vardy
PL-2021,M-2021-13-07,E-2021-13-0014,Leicester City FC,42',0,Jamie Vardy
PL-2021,M-2021-13-07,E-2021-13-0015,FC Watford,61',0,Emmanuel Dennis
PL-2021,M-2021-13-07,E-2021-13-0016,Leicester City FC,68',0,Ademola Lookman
PL-2021,M-2021-13-08,E-2021-13-0017,Manchester City FC,33',0,İlkay Gündoğan
PL-2021,M-2021-13-08,E-2021-13-0018,Manchester City FC,90',0,Fernandinho
PL-2021,M-2021-13-08,E-2021-13-0019,West Ham United,90+4',0,Manuel Lanzini
PL-2021,M-2021-13-09,E-2021-13-0020,Manchester United FC,50',0,Jadon Sancho
PL-2021,M-2021-13-09,E-2021-13-0021,Chelsea FC,69',1,Jorginho
PL-2021,M-2021-13-10,E-2021-13-0022,FC Burnley,71',0,Ben Mee
PL-2021,M-2021-14-01,E-2021-14-0001,Newcastle United,9',-1,Ciaran Clark
PL-2021,M-2021-14-01,E-2021-14-0002,Newcastle United,61',1,Callum Wilson
PL-2021,M-2021-14-01,E-2021-14-0003,Norwich City,79',0,Teemu Pukki
PL-2021,M-2021-14-02,E-2021-14-0004,Leeds United FC ,90+3',1,Raphinha
PL-2021,M-2021-14-03,E-2021-14-0005,Chelsea FC,29',0,Mason Mount
PL-2021,M-2021-14-03,E-2021-14-0006,FC Watford,43',0,Emmanuel Dennis
PL-2021,M-2021-14-03,E-2021-14-0007,Chelsea FC,72',0,Hakim Ziyech
PL-2021,M-2021-14-04,E-2021-14-0008,West Ham United,5',0,Tomáš Souček
PL-2021,M-2021-14-04,E-2021-14-0009,Brighton & Hove Albion,89',0,Neal Maupay
PL-2021,M-2021-14-06,E-2021-14-0010,FC Southampton,3',0,Jan Bednarek
PL-2021,M-2021-14-06,E-2021-14-0011,Leicester City FC,22',0,Jonny Evans
PL-2021,M-2021-14-06,E-2021-14-0012,FC Southampton,34',0,Ché Adams
PL-2021,M-2021-14-06,E-2021-14-0013,Leicester City FC,49',0,James Maddison
PL-2021,M-2021-14-07,E-2021-14-0014,Manchester City FC,27',0,Rúben Dias
PL-2021,M-2021-14-07,E-2021-14-0015,Manchester City FC,43',0,Bernardo Silva
PL-2021,M-2021-14-07,E-2021-14-0016,Aston Villa FC,47',0,Ollie Watkins
PL-2021,M-2021-14-08,E-2021-14-0017,FC Liverpool,9',0,Jordan Henderson
PL-2021,M-2021-14-08,E-2021-14-0018,FC Liverpool,19',0,Mohamed Salah
PL-2021,M-2021-14-08,E-2021-14-0019,FC Everton,38',0,Demarai Gray
PL-2021,M-2021-14-08,E-2021-14-0020,FC Liverpool,64',0,Mohamed Salah
PL-2021,M-2021-14-08,E-2021-14-0021,FC Liverpool,79',0,Diogo Jota
PL-2021,M-2021-14-09,E-2021-14-0022,Tottenham Hotspur ,12',2,Sergi Canós
PL-2021,M-2021-14-09,E-2021-14-0023,Tottenham Hotspur ,65',0,Heung-min Son
PL-2021,M-2021-14-10,E-2021-14-0024,FC Arsenal,13',0,Emile Smith Rowe
PL-2021,M-2021-14-10,E-2021-14-0025,Manchester United FC,44',0,Bruno Fernandes
PL-2021,M-2021-14-10,E-2021-14-0026,Manchester United FC,52',0,Cristiano Ronaldo
PL-2021,M-2021-14-10,E-2021-14-0027,FC Arsenal,54',0,Martin Ødegaard
PL-2021,M-2021-14-10,E-2021-14-0028,Manchester United FC,70',1,Cristiano Ronaldo
PL-2021,M-2021-15-01,E-2021-15-0001,Chelsea FC,28',0,Thiago Silva
PL-2021,M-2021-15-01,E-2021-15-0002,West Ham United,40',1,Manuel Lanzini
PL-2021,M-2021-15-01,E-2021-15-0003,Chelsea FC,44',0,Mason Mount
PL-2021,M-2021-15-01,E-2021-15-0004,West Ham United,56',0,Jarrod Bowen
PL-2021,M-2021-15-01,E-2021-15-0005,West Ham United,87',0,Arthur Masuaku
PL-2021,M-2021-15-02,E-2021-15-0006,Newcastle United,40',0,Callum Wilson
PL-2021,M-2021-15-03,E-2021-15-0007,FC Southampton,29',0,Armando Broja
PL-2021,M-2021-15-03,E-2021-15-0008,Brighton & Hove Albion,90+8',0,Neal Maupay
PL-2021,M-2021-15-04,E-2021-15-0009,FC Liverpool,90+4',0,Divock Origi
PL-2021,M-2021-15-05,E-2021-15-0010,Manchester City FC,4',0,Raheem Sterling
PL-2021,M-2021-15-05,E-2021-15-0011,Manchester City FC,31',0,Bernardo Silva
PL-2021,M-2021-15-05,E-2021-15-0012,Manchester City FC,63',0,Bernardo Silva
PL-2021,M-2021-15-05,E-2021-15-0013,FC Watford,74',0,Cucho Hernández
PL-2021,M-2021-15-06,E-2021-15-0014,Leeds United FC ,27',0,Tyler Roberts
PL-2021,M-2021-15-06,E-2021-15-0015,Brentford FC,54',0,Shandon Baptiste
PL-2021,M-2021-15-06,E-2021-15-0016,Brentford FC,61',0,Sergi Canós
PL-2021,M-2021-15-06,E-2021-15-0017,Leeds United FC ,90+5',0,Patrick Bamford
PL-2021,M-2021-15-07,E-2021-15-0018,Manchester United FC,77',0,Fred
PL-2021,M-2021-15-08,E-2021-15-0019,Tottenham Hotspur ,10',0,Lucas Moura
PL-2021,M-2021-15-08,E-2021-15-0020,Tottenham Hotspur ,67',0,Davinson Sánchez
PL-2021,M-2021-15-08,E-2021-15-0021,Tottenham Hotspur ,77',0,Heung-min Son
PL-2021,M-2021-15-09,E-2021-15-0022,Leicester City FC,14',0,Harvey Barnes
PL-2021,M-2021-15-09,E-2021-15-0023,Aston Villa FC,17',0,Ezri Konsa
PL-2021,M-2021-15-09,E-2021-15-0024,Aston Villa FC,54',0,Ezri Konsa
PL-2021,M-2021-15-10,E-2021-15-0025,FC Arsenal,45+2',0,Martin Ødegaard
PL-2021,M-2021-15-10,E-2021-15-0026,FC Everton,79',0,Richarlison
PL-2021,M-2021-15-10,E-2021-15-0027,FC Everton,90+2',0,Demarai Gray
PL-2021,M-2021-16-01,E-2021-16-0001,FC Watford,24',0,Emmanuel Dennis
PL-2021,M-2021-16-01,E-2021-16-0002,Brentford FC,84',0,Pontus Jansson
PL-2021,M-2021-16-01,E-2021-16-0003,Brentford FC,90+6',1,Bryan Mbeumo
PL-2021,M-2021-16-02,E-2021-16-0004,Wolverhampton Wanderers,45+2',-1,Raúl Jiménez
PL-2021,M-2021-16-02,E-2021-16-0005,Manchester City FC,66',1,Raheem Sterling
PL-2021,M-2021-16-03,E-2021-16-0006,FC Arsenal,21',0,Alexandre Lacazette
PL-2021,M-2021-16-03,E-2021-16-0007,FC Arsenal,27',0,Martin Ødegaard
PL-2021,M-2021-16-03,E-2021-16-0008,FC Arsenal,62',0,Gabriel
PL-2021,M-2021-16-04,E-2021-16-0009,Leeds United FC ,28',1,Raphinha
PL-2021,M-2021-16-04,E-2021-16-0010,Chelsea FC,42',0,Mason Mount
PL-2021,M-2021-16-04,E-2021-16-0011,Chelsea FC,58',1,Jorginho
PL-2021,M-2021-16-04,E-2021-16-0012,Leeds United FC ,83',0,Joe Gelhardt
PL-2021,M-2021-16-04,E-2021-16-0013,Chelsea FC,90+4',1,Jorginho
PL-2021,M-2021-16-05,E-2021-16-0014,FC Liverpool,67',1,Mohamed Salah
PL-2021,M-2021-16-06,E-2021-16-0015,Manchester United FC,75',1,Cristiano Ronaldo
PL-2021,M-2021-16-08,E-2021-16-0016,Leicester City FC,38',1,Youri Tielemans
PL-2021,M-2021-16-08,E-2021-16-0017,Leicester City FC,57',0,Patson Daka
PL-2021,M-2021-16-08,E-2021-16-0018,Leicester City FC,81',0,Youri Tielemans
PL-2021,M-2021-16-08,E-2021-16-0019,Leicester City FC,85',0,James Maddison
PL-2021,M-2021-16-09,E-2021-16-0020,Crystal Palace FC,41',0,Conor Gallagher
PL-2021,M-2021-16-09,E-2021-16-0021,Crystal Palace FC,62',0,James Tomkins
PL-2021,M-2021-16-09,E-2021-16-0022,FC Everton,70',0,Salomón Rondón
PL-2021,M-2021-16-09,E-2021-16-0023,Crystal Palace FC,90+3',0,Conor Gallagher
PL-2021,M-2021-16-10,E-2021-16-0024,Tottenham Hotspur ,37',0,Cristian Romero
PL-2021,M-2021-16-10,E-2021-16-0025,Tottenham Hotspur ,57',0,Harry Kane
PL-2021,M-2021-17-01,E-2021-17-0001,Aston Villa FC,34',0,Jacob Ramsey
PL-2021,M-2021-17-01,E-2021-17-0002,Aston Villa FC,87',0,Ollie Watkins
PL-2021,M-2021-17-02,E-2021-17-0003,Manchester City FC,8',0,Phil Foden
PL-2021,M-2021-17-02,E-2021-17-0004,Manchester City FC,13',0,Jack Grealish
PL-2021,M-2021-17-02,E-2021-17-0005,Manchester City FC,32',0,Kevin De Bruyne
PL-2021,M-2021-17-02,E-2021-17-0006,Manchester City FC,49',0,Riyad Mahrez
PL-2021,M-2021-17-02,E-2021-17-0007,Manchester City FC,62',0,Kevin De Bruyne
PL-2021,M-2021-17-02,E-2021-17-0008,Manchester City FC,74',0,John Stones
PL-2021,M-2021-17-02,E-2021-17-0009,Manchester City FC,78',0,Nathan Aké
PL-2021,M-2021-17-03,E-2021-17-0010,Wolverhampton Wanderers,45+1',0,Romain Saïss
PL-2021,M-2021-17-04,E-2021-17-0011,Crystal Palace FC,2',0,Wilfried Zaha
PL-2021,M-2021-17-04,E-2021-17-0012,FC Southampton,32',0,James Ward-Prowse
PL-2021,M-2021-17-04,E-2021-17-0013,FC Southampton,36',0,Armando Broja
PL-2021,M-2021-17-04,E-2021-17-0014,Crystal Palace FC,65',0,Jordan Ayew
PL-2021,M-2021-17-05,E-2021-17-0015,FC Arsenal,48',0,Gabriel Martinelli
PL-2021,M-2021-17-05,E-2021-17-0016,West Ham United,67',-1,Vladimír Coufal
PL-2021,M-2021-17-05,E-2021-17-0017,FC Arsenal,69',-2,Alexandre Lacazette
PL-2021,M-2021-17-05,E-2021-17-0018,FC Arsenal,87',0,Emile Smith Rowe
PL-2021,M-2021-17-06,E-2021-17-0019,Chelsea FC,70',0,Mason Mount
PL-2021,M-2021-17-06,E-2021-17-0020,FC Everton,74',0,Jarrad Branthwaite
PL-2021,M-2021-17-07,E-2021-17-0021,Newcastle United,7',0,Jonjo Shelvey
PL-2021,M-2021-17-07,E-2021-17-0022,FC Liverpool,21',0,Diogo Jota
PL-2021,M-2021-17-07,E-2021-17-0023,FC Liverpool,25',0,Mohamed Salah
PL-2021,M-2021-17-07,E-2021-17-0024,FC Liverpool,87',0,Trent Alexander-Arnold
PL-2021,M-2021-17-08,E-2021-17-0025,Leicester City FC,24',0,Patson Daka
PL-2021,M-2021-17-08,E-2021-17-0026,Tottenham Hotspur ,38',0,Harry Kane
PL-2021,M-2021-17-08,E-2021-17-0027,Leicester City FC,76',0,James Maddison
PL-2021,M-2021-17-08,E-2021-17-0028,Tottenham Hotspur ,90+5',0,Steven Bergwijn
PL-2021,M-2021-17-08,E-2021-17-0029,Tottenham Hotspur ,90+7',0,Steven Bergwijn
PL-2021,M-2021-17-09,E-2021-17-0030,Manchester United FC,55',0,Anthony Elanga
PL-2021,M-2021-17-09,E-2021-17-0031,Manchester United FC,62',0,Mason Greenwood
PL-2021,M-2021-17-09,E-2021-17-0032,Manchester United FC,77',0,Marcus Rashford
PL-2021,M-2021-17-09,E-2021-17-0033,Brentford FC,85',0,Ivan Toney
PL-2021,M-2021-18-01,E-2021-18-0001,FC Arsenal,16',0,Gabriel Martinelli
PL-2021,M-2021-18-01,E-2021-18-0002,FC Arsenal,28',0,Gabriel Martinelli
PL-2021,M-2021-18-01,E-2021-18-0003,FC Arsenal,42',0,Bukayo Saka
PL-2021,M-2021-18-01,E-2021-18-0004,Leeds United FC ,75',1,Raphinha
PL-2021,M-2021-18-01,E-2021-18-0005,FC Arsenal,84',0,Emile Smith Rowe
PL-2021,M-2021-18-02,E-2021-18-0006,Manchester City FC,5',0,Rúben Dias
PL-2021,M-2021-18-02,E-2021-18-0007,Manchester City FC,27',0,João Cancelo
PL-2021,M-2021-18-02,E-2021-18-0008,Manchester City FC,63',0,Riyad Mahrez
PL-2021,M-2021-18-02,E-2021-18-0009,Manchester City FC,86',0,Raheem Sterling
PL-2021,M-2021-18-04,E-2021-18-0010,Tottenham Hotspur ,13',0,Harry Kane
PL-2021,M-2021-18-04,E-2021-18-0011,FC Liverpool,35',0,Diogo Jota
PL-2021,M-2021-18-04,E-2021-18-0012,FC Liverpool,69',0,Andrew Robertson
PL-2021,M-2021-18-04,E-2021-18-0013,Tottenham Hotspur ,74',0,Heung-min Son
PL-2021,M-2021-18-04,E-2021-18-0014,FC Liverpool,77',-1,Andrew Robertson
PL-2021,M-2021-18-05,E-2021-18-0015,FC Southampton,5',0,Jan Bednarek
PL-2021,M-2021-18-05,E-2021-18-0016,Brentford FC,23',0,Vitaly Janelt
PL-2021,M-2021-18-05,E-2021-18-0017,FC Southampton,37',2,Álvaro Ferllo
PL-2021,M-2021-18-05,E-2021-18-0018,FC Southampton,49',0,Armando Broja
PL-2021,M-2021-18-05,E-2021-18-0019,FC Southampton,70',0,Ché Adams
PL-2021,M-2021-18-06,E-2021-18-0020,West Ham United,42',0,Jarrod Bowen
PL-2021,M-2021-18-06,E-2021-18-0021,West Ham United,83',0,Jarrod Bowen
PL-2021,M-2021-18-07,E-2021-18-0022,Manchester United FC,51',0,Cristiano Ronaldo
PL-2021,M-2021-18-07,E-2021-18-0023,Brighton & Hove Albion,54',-1,Lewis Dunk
PL-2021,M-2021-18-07,E-2021-18-0024,Manchester United FC,90+7',0,Bruno Fernandes
PL-2021,M-2021-18-08,E-2021-18-0025,Crystal Palace FC,15',0,Jean-Philippe Mateta
PL-2021,M-2021-18-08,E-2021-18-0026,FC Watford,18',0,Moussa Sissoko
PL-2021,M-2021-18-08,E-2021-18-0027,Crystal Palace FC,42',0,Conor Gallagher
PL-2021,M-2021-18-08,E-2021-18-0028,Crystal Palace FC,85',0,Wilfried Zaha
PL-2021,M-2021-18-08,E-2021-18-0029,Crystal Palace FC,90',0,Wilfried Zaha
PL-2021,M-2021-18-09,E-2021-18-0030,Leicester City FC,5',0,Harvey Barnes
PL-2021,M-2021-18-09,E-2021-18-0031,FC Everton,90+2',0,Richarlison
PL-2021,M-2021-18-10,E-2021-18-0032,FC Burnley,45',1,Ashley Barnes
PL-2021,M-2021-18-10,E-2021-18-0033,Aston Villa FC,48',0,Emiliano Buendía
PL-2021,M-2021-18-10,E-2021-18-0034,FC Burnley,90+1',-1,Matthew Lowton
PL-2021,M-2021-19-01,E-2021-19-0001,Manchester City FC,5',0,Kevin De Bruyne
PL-2021,M-2021-19-01,E-2021-19-0002,Manchester City FC,14',1,Riyad Mahrez
PL-2021,M-2021-19-01,E-2021-19-0003,Manchester City FC,21',0,İlkay Gündoğan
PL-2021,M-2021-19-01,E-2021-19-0004,Manchester City FC,25',1,Raheem Sterling
PL-2021,M-2021-19-01,E-2021-19-0005,Leicester City FC,55',0,James Maddison
PL-2021,M-2021-19-01,E-2021-19-0006,Leicester City FC,59',0,Ademola Lookman
PL-2021,M-2021-19-01,E-2021-19-0007,Leicester City FC,65',0,Kelechi Iheanacho
PL-2021,M-2021-19-01,E-2021-19-0008,Manchester City FC,69',0,Aymeric Laporte
PL-2021,M-2021-19-01,E-2021-19-0009,Manchester City FC,87',0,Raheem Sterling
PL-2021,M-2021-19-02,E-2021-19-0010,FC Arsenal,6',0,Bukayo Saka
PL-2021,M-2021-19-02,E-2021-19-0011,FC Arsenal,44',0,Kieran Tierney
PL-2021,M-2021-19-02,E-2021-19-0012,FC Arsenal,67',0,Bukayo Saka
PL-2021,M-2021-19-02,E-2021-19-0013,FC Arsenal,84',1,Alexandre Lacazette
PL-2021,M-2021-19-02,E-2021-19-0014,FC Arsenal,90+1',0,Emile Smith Rowe
PL-2021,M-2021-19-03,E-2021-19-0015,Tottenham Hotspur ,32',0,Harry Kane
PL-2021,M-2021-19-03,E-2021-19-0016,Tottenham Hotspur ,34',0,Lucas Moura
PL-2021,M-2021-19-03,E-2021-19-0017,Crystal Palace FC,37',-1,Wilfried Zaha
PL-2021,M-2021-19-03,E-2021-19-0018,Tottenham Hotspur ,74',0,Heung-min Son
PL-2021,M-2021-19-04,E-2021-19-0019,FC Southampton,8',0,Mohamed Elyounoussi
PL-2021,M-2021-19-04,E-2021-19-0020,West Ham United,49',0,Michail Antonio
PL-2021,M-2021-19-04,E-2021-19-0021,FC Southampton,61',1,James Ward-Prowse
PL-2021,M-2021-19-04,E-2021-19-0022,West Ham United,64',0,Saïd Benrahma
PL-2021,M-2021-19-04,E-2021-19-0023,FC Southampton,70',0,Jan Bednarek
PL-2021,M-2021-19-05,E-2021-19-0024,Aston Villa FC,28',2,Reece James
PL-2021,M-2021-19-05,E-2021-19-0025,Chelsea FC,34',1,Jorginho
PL-2021,M-2021-19-05,E-2021-19-0026,Chelsea FC,56',0,Romelu Lukaku
PL-2021,M-2021-19-05,E-2021-19-0027,Chelsea FC,90+3',1,Jorginho
PL-2021,M-2021-19-06,E-2021-19-0028,Brighton & Hove Albion,34',0,Leandro Trossard
PL-2021,M-2021-19-06,E-2021-19-0029,Brighton & Hove Albion,42',0,Neal Maupay
PL-2021,M-2021-19-07,E-2021-19-0030,Newcastle United,7',0,Allan Saint-Maximin
PL-2021,M-2021-19-07,E-2021-19-0031,Manchester United FC,71',0,Edinson Cavani
PL-2021,M-2021-19-08,E-2021-19-0032,FC Liverpool,15',1,Mohamed Salah
PL-2021,M-2021-19-08,E-2021-19-0033,FC Liverpool,30',0,Joël Matip
PL-2021,M-2021-19-08,E-2021-19-0034,FC Liverpool,35',1,Mohamed Salah
PL-2021,M-2021-19-08,E-2021-19-0035,FC Liverpool,80',0,Sadio Mané
PL-2021,M-2021-19-08,E-2021-19-0036,FC Liverpool,90',0,Sadio Mané
PL-2021,M-2021-19-08,E-2021-19-0037,FC Liverpool,90+3',0,Virgil van Dijk
PL-2021,M-2021-19-09,E-2021-19-0038,Wolverhampton Wanderers,13',0,Raúl Jiménez
PL-2021,M-2021-19-09,E-2021-19-0039,Wolverhampton Wanderers,18',2,Cucho Hernández
PL-2021,M-2021-19-09,E-2021-19-0040,Wolverhampton Wanderers,21',0,Daniel Podence
PL-2021,M-2021-19-09,E-2021-19-0041,Wolverhampton Wanderers,85',0,Rúben Neves
PL-2021,M-2021-19-10,E-2021-19-0042,FC Burnley,12',0,Nathan Collins
PL-2021,M-2021-19-10,E-2021-19-0043,FC Everton,18',1,Richarlison
PL-2021,M-2021-19-10,E-2021-19-0044,FC Everton,41',1,Richarlison
PL-2021,M-2021-19-10,E-2021-19-0045,FC Burnley,57',0,Jay Rodríguez
PL-2021,M-2021-19-10,E-2021-19-0046,FC Burnley,85',0,Maxwel Cornet
PL-2021,M-2021-20-01,E-2021-20-0001,Crystal Palace FC,8',1,Odsonne Édouard
PL-2021,M-2021-20-01,E-2021-20-0002,Crystal Palace FC,38',0,Jean-Philippe Mateta
PL-2021,M-2021-20-01,E-2021-20-0003,Crystal Palace FC,42',0,Jeffrey Schlupp
PL-2021,M-2021-20-02,E-2021-20-0004,FC Southampton,25',0,James Ward-Prowse
PL-2021,M-2021-20-02,E-2021-20-0005,FC Southampton,39',-1,Mohammed Salisu
PL-2021,M-2021-20-02,E-2021-20-0006,Tottenham Hotspur ,41',1,Harry Kane
PL-2021,M-2021-20-03,E-2021-20-0007,FC Watford,4',0,Emmanuel Dennis
PL-2021,M-2021-20-03,E-2021-20-0008,West Ham United,27',0,Tomáš Souček
PL-2021,M-2021-20-03,E-2021-20-0009,West Ham United,29',0,Saïd Benrahma
PL-2021,M-2021-20-03,E-2021-20-0010,West Ham United,58',1,Mark Noble
PL-2021,M-2021-20-03,E-2021-20-0011,West Ham United,90+2',0,Nikola Vlašić
PL-2021,M-2021-20-04,E-2021-20-0012,FC Liverpool,16',-2,Mohamed Salah
PL-2021,M-2021-20-04,E-2021-20-0013,Leicester City FC,59',0,Ademola Lookman
PL-2021,M-2021-20-05,E-2021-20-0014,Chelsea FC,28',0,Romelu Lukaku
PL-2021,M-2021-20-05,E-2021-20-0015,Brighton & Hove Albion,90+1',0,Danny Welbeck
PL-2021,M-2021-20-06,E-2021-20-0016,Manchester City FC,16',0,Phil Foden
PL-2021,M-2021-20-07,E-2021-20-0017,Manchester United FC,8',0,Scott McTominay
PL-2021,M-2021-20-07,E-2021-20-0018,Manchester United FC,27',2,Ben Mee
PL-2021,M-2021-20-07,E-2021-20-0019,Manchester United FC,35',0,Cristiano Ronaldo
PL-2021,M-2021-20-07,E-2021-20-0020,FC Burnley,38',0,Aaron Lennon
PL-2021,M-2021-20-08,E-2021-20-0021,Wolverhampton Wanderers,10',0,Hee-chan Hwang
PL-2021,M-2021-20-08,E-2021-20-0022,FC Arsenal,82',0,Nicolas Pépé
PL-2021,M-2021-20-08,E-2021-20-0023,FC Arsenal,90+5',2,José Sá
PL-2021,M-2021-20-09,E-2021-20-0024,Aston Villa FC,22',0,Philippe Coutinho
PL-2021,M-2021-20-09,E-2021-20-0025,Aston Villa FC,65',0,Matty Cash
PL-2021,M-2021-20-09,E-2021-20-0026,Aston Villa FC,73',0,Calum Chambers
PL-2021,M-2021-20-10,E-2021-20-0027,FC Everton,83',-1,Allan
PL-2021,M-2021-20-10,E-2021-20-0028,FC Everton,90+9',0,Alex Iwobi
PL-2021,M-2021-21-01,E-2021-21-0001,FC Arsenal,31',0,Bukayo Saka
PL-2021,M-2021-21-01,E-2021-21-0002,Manchester City FC,57',1,Riyad Mahrez
PL-2021,M-2021-21-01,E-2021-21-0003,FC Arsenal,59',-1,Gabriel
PL-2021,M-2021-21-01,E-2021-21-0004,Manchester City FC,90+3',0,Rodri
PL-2021,M-2021-21-02,E-2021-21-0005,Tottenham Hotspur ,90+6',0,Davinson Sánchez
PL-2021,M-2021-21-03,E-2021-21-0006,West Ham United,22',0,Michail Antonio
PL-2021,M-2021-21-03,E-2021-21-0007,West Ham United,25',0,Manuel Lanzini
PL-2021,M-2021-21-03,E-2021-21-0008,West Ham United,45+5',1,Manuel Lanzini
PL-2021,M-2021-21-03,E-2021-21-0009,Crystal Palace FC,83',0,Odsonne Édouard
PL-2021,M-2021-21-03,E-2021-21-0010,Crystal Palace FC,90',0,Michael Olise
PL-2021,M-2021-21-04,E-2021-21-0011,Aston Villa FC,16',0,Danny Ings
PL-2021,M-2021-21-04,E-2021-21-0012,Brentford FC,42',0,Yoane Wissa
PL-2021,M-2021-21-04,E-2021-21-0013,Brentford FC,83',0,Mads Roerslev
PL-2021,M-2021-21-05,E-2021-21-0014,Brighton & Hove Albion,3',0,Alexis Mac Allister
PL-2021,M-2021-21-05,E-2021-21-0015,Brighton & Hove Albion,21',0,Dan Burn
PL-2021,M-2021-21-05,E-2021-21-0016,FC Everton,25',-2,Dominic Calvert-Lewin
PL-2021,M-2021-21-05,E-2021-21-0017,FC Everton,53',0,Anthony Gordon
PL-2021,M-2021-21-05,E-2021-21-0018,Brighton & Hove Albion,71',0,Alexis Mac Allister
PL-2021,M-2021-21-05,E-2021-21-0019,FC Everton,76',0,Anthony Gordon
PL-2021,M-2021-21-06,E-2021-21-0020,Leeds United FC ,39',0,Jack Harrison
PL-2021,M-2021-21-06,E-2021-21-0021,FC Burnley,54',0,Maxwel Cornet
PL-2021,M-2021-21-06,E-2021-21-0022,Leeds United FC ,77',0,Stuart Dallas
PL-2021,M-2021-21-06,E-2021-21-0023,Leeds United FC ,90+2',0,Daniel James
PL-2021,M-2021-21-07,E-2021-21-0024,FC Liverpool,9',0,Sadio Mané
PL-2021,M-2021-21-07,E-2021-21-0025,FC Liverpool,26',0,Mohamed Salah
PL-2021,M-2021-21-07,E-2021-21-0026,Chelsea FC,42',0,Mateo Kovacic
PL-2021,M-2021-21-07,E-2021-21-0027,Chelsea FC,45+1',0,Christian Pulisic
PL-2021,M-2021-21-08,E-2021-21-0028,Wolverhampton Wanderers,82',0,João Moutinho
PL-2021,M-2021-21-09,E-2021-21-0029,FC Southampton,25',0,Stuart Armstrong
PL-2021,M-2021-21-09,E-2021-21-0030,Newcastle United,32',0,Chris Wood
PL-2021,M-2021-21-09,E-2021-21-0031,Newcastle United,52',0,Bruno Guimarães
PL-2021,M-2021-21-10,E-2021-21-0032,Leicester City FC,54',0,Jamie Vardy
PL-2021,M-2021-21-10,E-2021-21-0033,Leicester City FC,62',0,Jamie Vardy
PL-2021,M-2021-21-10,E-2021-21-0034,Leicester City FC,70',0,James Maddison
PL-2021,M-2021-22-01,E-2021-22-0001,Brighton & Hove Albion,38',-2,Pascal Groß
PL-2021,M-2021-22-01,E-2021-22-0002,Crystal Palace FC,69',0,Conor Gallagher
PL-2021,M-2021-22-01,E-2021-22-0003,Brighton & Hove Albion,87',2,Joachim Andersen
PL-2021,M-2021-22-02,E-2021-22-0004,Manchester City FC,70',0,Kevin De Bruyne
PL-2021,M-2021-22-03,E-2021-22-0005,Newcastle United,49',0,Allan Saint-Maximin
PL-2021,M-2021-22-03,E-2021-22-0006,FC Watford,88',0,João Pedro
PL-2021,M-2021-22-04,E-2021-22-0007,Norwich City,16',2,Michael Keane
PL-2021,M-2021-22-04,E-2021-22-0008,Norwich City,18',0,Adam Idah
PL-2021,M-2021-22-04,E-2021-22-0009,FC Everton,60',0,Richarlison
PL-2021,M-2021-22-05,E-2021-22-0010,Wolverhampton Wanderers,37',1,Raúl Jiménez
PL-2021,M-2021-22-05,E-2021-22-0011,Wolverhampton Wanderers,59',0,Conor Coady
PL-2021,M-2021-22-05,E-2021-22-0012,FC Southampton,84',0,James Ward-Prowse
PL-2021,M-2021-22-05,E-2021-22-0013,Wolverhampton Wanderers,90+1',0,Adama Traoré
PL-2021,M-2021-22-06,E-2021-22-0014,Manchester United FC,6',0,Bruno Fernandes
PL-2021,M-2021-22-06,E-2021-22-0015,Manchester United FC,67',0,Bruno Fernandes
PL-2021,M-2021-22-06,E-2021-22-0016,Aston Villa FC,77',0,Jacob Ramsey
PL-2021,M-2021-22-06,E-2021-22-0017,Aston Villa FC,81',0,Philippe Coutinho
PL-2021,M-2021-22-07,E-2021-22-0018,FC Liverpool,44',0,Fabinho
PL-2021,M-2021-22-07,E-2021-22-0019,FC Liverpool,69',0,Alex Oxlade-Chamberlain
PL-2021,M-2021-22-07,E-2021-22-0020,FC Liverpool,77',0,Takumi Minamino
PL-2021,M-2021-22-08,E-2021-22-0021,Leeds United FC ,10',0,Jack Harrison
PL-2021,M-2021-22-08,E-2021-22-0022,West Ham United,34',0,Jarrod Bowen
PL-2021,M-2021-22-08,E-2021-22-0023,Leeds United FC ,37',0,Jack Harrison
PL-2021,M-2021-22-08,E-2021-22-0024,West Ham United,52',0,Pablo Fornals
PL-2021,M-2021-22-08,E-2021-22-0025,Leeds United FC ,60',0,Jack Harrison
PL-2021,M-2021-22-09,E-2021-22-0026,Leicester City FC,82',0,James Maddison
PL-2021,M-2021-22-09,E-2021-22-0027,Leicester City FC,90',0,Jamie Vardy
PL-2021,M-2021-22-10,E-2021-22-0028,Tottenham Hotspur ,22',1,Harry Kane
PL-2021,M-2021-22-10,E-2021-22-0029,FC Arsenal,33',-1,Rob Holding
PL-2021,M-2021-22-10,E-2021-22-0030,Tottenham Hotspur ,37',0,Harry Kane
PL-2021,M-2021-22-10,E-2021-22-0031,Tottenham Hotspur ,47',0,Heung-min Son
PL-2021,M-2021-23-01,E-2021-23-0001,Norwich City,51',0,Josh Sargent
PL-2021,M-2021-23-01,E-2021-23-0002,Norwich City,74',0,Josh Sargent
PL-2021,M-2021-23-01,E-2021-23-0003,FC Watford,78',-1,Emmanuel Dennis
PL-2021,M-2021-23-01,E-2021-23-0004,Norwich City,90+2',2,Juraj Kucka
PL-2021,M-2021-23-02,E-2021-23-0005,Aston Villa FC,45+3',0,Emiliano Buendía
PL-2021,M-2021-23-03,E-2021-23-0006,Wolverhampton Wanderers,48',0,João Moutinho
PL-2021,M-2021-23-03,E-2021-23-0007,Brentford FC,71',0,Ivan Toney
PL-2021,M-2021-23-03,E-2021-23-0008,Wolverhampton Wanderers,78',0,Rúben Neves
PL-2021,M-2021-23-04,E-2021-23-0009,Newcastle United,75',0,Jonjo Shelvey
PL-2021,M-2021-23-05,E-2021-23-0010,Manchester United FC,90+3',0,Marcus Rashford
PL-2021,M-2021-23-06,E-2021-23-0011,FC Southampton,7',0,Kyle Walker-Peters
PL-2021,M-2021-23-06,E-2021-23-0012,Manchester City FC,65',0,Aymeric Laporte
PL-2021,M-2021-23-08,E-2021-23-0013,FC Liverpool,8',0,Virgil van Dijk
PL-2021,M-2021-23-08,E-2021-23-0014,FC Liverpool,32',0,Alex Oxlade-Chamberlain
PL-2021,M-2021-23-08,E-2021-23-0015,Crystal Palace FC,55',0,Odsonne Édouard
PL-2021,M-2021-23-08,E-2021-23-0016,FC Liverpool,89',1,Fabinho
PL-2021,M-2021-23-09,E-2021-23-0017,Leicester City FC,46',0,Patson Daka
PL-2021,M-2021-23-09,E-2021-23-0018,Brighton & Hove Albion,82',0,Danny Welbeck
PL-2021,M-2021-23-10,E-2021-23-0019,Chelsea FC,47',0,Hakim Ziyech
PL-2021,M-2021-23-10,E-2021-23-0020,Chelsea FC,55',0,Thiago Silva
PL-2021,M-2021-24-01,E-2021-24-0001,Chelsea FC,28',0,Hakim Ziyech
PL-2021,M-2021-24-01,E-2021-24-0002,Brighton & Hove Albion,60',0,Adam Webster
PL-2021,M-2021-24-02,E-2021-24-0003,West Ham United,68',0,Jarrod Bowen
PL-2021,M-2021-24-03,E-2021-24-0004,FC Everton,36',2,Jamaal Lascelles
PL-2021,M-2021-24-03,E-2021-24-0005,Newcastle United,37',2,Mason Holgate
PL-2021,M-2021-24-03,E-2021-24-0006,Newcastle United,56',0,Ryan Fraser
PL-2021,M-2021-24-03,E-2021-24-0007,Newcastle United,80',0,Kieran Trippier
PL-2021,M-2021-24-04,E-2021-24-0008,Manchester United FC,18',0,Paul Pogba
PL-2021,M-2021-24-04,E-2021-24-0009,FC Burnley,47',0,Jay Rodríguez
PL-2021,M-2021-24-05,E-2021-24-0010,Norwich City,1',0,Teemu Pukki
PL-2021,M-2021-24-05,E-2021-24-0011,Crystal Palace FC,60',0,Wilfried Zaha
PL-2021,M-2021-24-05,E-2021-24-0012,Crystal Palace FC,63',-2,Wilfried Zaha
PL-2021,M-2021-24-06,E-2021-24-0013,Manchester City FC,40',1,Riyad Mahrez
PL-2021,M-2021-24-06,E-2021-24-0014,Manchester City FC,69',0,Kevin De Bruyne
PL-2021,M-2021-24-07,E-2021-24-0015,Tottenham Hotspur ,18',2,Jan Bednarek
PL-2021,M-2021-24-07,E-2021-24-0016,FC Southampton,23',0,Armando Broja
PL-2021,M-2021-24-07,E-2021-24-0017,Tottenham Hotspur ,70',0,Heung-min Son
PL-2021,M-2021-24-07,E-2021-24-0018,FC Southampton,79',0,Mohamed Elyounoussi
PL-2021,M-2021-24-07,E-2021-24-0019,FC Southampton,82',0,Ché Adams
PL-2021,M-2021-24-08,E-2021-24-0020,Leeds United FC ,9',0,Daniel James
PL-2021,M-2021-24-08,E-2021-24-0021,Aston Villa FC,30',0,Philippe Coutinho
PL-2021,M-2021-24-08,E-2021-24-0022,Aston Villa FC,38',0,Jacob Ramsey
PL-2021,M-2021-24-08,E-2021-24-0023,Aston Villa FC,43',0,Jacob Ramsey
PL-2021,M-2021-24-08,E-2021-24-0024,Leeds United FC ,45+2',0,Daniel James
PL-2021,M-2021-24-08,E-2021-24-0025,Leeds United FC ,63',0,Diego Llorente
PL-2021,M-2021-24-08,E-2021-24-0026,Aston Villa FC,87',-1,Ezri Konsa
PL-2021,M-2021-24-09,E-2021-24-0027,FC Arsenal,25',0,Gabriel
PL-2021,M-2021-24-09,E-2021-24-0028,FC Arsenal,69',-1,Gabriel Martinelli
PL-2021,M-2021-24-10,E-2021-24-0029,FC Liverpool,34',0,Diogo Jota
PL-2021,M-2021-24-10,E-2021-24-0030,FC Liverpool,87',0,Diogo Jota
PL-2021,M-2021-25-01,E-2021-25-0001,Manchester United FC,21',0,Jadon Sancho
PL-2021,M-2021-25-01,E-2021-25-0002,FC Southampton,48',0,Ché Adams
PL-2021,M-2021-25-03,E-2021-25-0003,FC Everton,10',0,Séamus Coleman
PL-2021,M-2021-25-03,E-2021-25-0004,FC Everton,23',0,Michael Keane
PL-2021,M-2021-25-03,E-2021-25-0005,FC Everton,78',0,Anthony Gordon
PL-2021,M-2021-25-04,E-2021-25-0006,Brighton & Hove Albion,44',0,Neal Maupay
PL-2021,M-2021-25-04,E-2021-25-0007,Brighton & Hove Albion,82',0,Adam Webster
PL-2021,M-2021-25-05,E-2021-25-0008,Manchester City FC,31',0,Raheem Sterling
PL-2021,M-2021-25-05,E-2021-25-0009,Manchester City FC,48',0,Phil Foden
PL-2021,M-2021-25-05,E-2021-25-0010,Manchester City FC,70',0,Raheem Sterling
PL-2021,M-2021-25-05,E-2021-25-0011,Manchester City FC,90',0,Raheem Sterling
PL-2021,M-2021-25-05,E-2021-25-0012,Manchester City FC,90',-2,Raheem Sterling
PL-2021,M-2021-25-06,E-2021-25-0013,FC Liverpool,40',0,Fabinho
PL-2021,M-2021-25-07,E-2021-25-0014,Newcastle United,35',0,Kieran Trippier
PL-2021,M-2021-25-08,E-2021-25-0015,Wolverhampton Wanderers,6',0,Raúl Jiménez
PL-2021,M-2021-25-08,E-2021-25-0016,Wolverhampton Wanderers,18',0,Leander Dendoncker
PL-2021,M-2021-25-09,E-2021-25-0017,West Ham United,10',0,Jarrod Bowen
PL-2021,M-2021-25-09,E-2021-25-0018,Leicester City FC,45',1,Youri Tielemans
PL-2021,M-2021-25-09,E-2021-25-0019,Leicester City FC,57',0,Ricardo Pereira
PL-2021,M-2021-25-09,E-2021-25-0020,West Ham United,90+1',0,Craig Dawson
PL-2021,M-2021-25-10,E-2021-25-0021,FC Arsenal,13',0,Eddie Nketiah
PL-2021,M-2021-25-10,E-2021-25-0022,Chelsea FC,17',0,Timo Werner
PL-2021,M-2021-25-10,E-2021-25-0023,FC Arsenal,27',0,Emile Smith Rowe
PL-2021,M-2021-25-10,E-2021-25-0024,Chelsea FC,32',0,César Azpilicueta
PL-2021,M-2021-25-10,E-2021-25-0025,FC Arsenal,57',0,Eddie Nketiah
PL-2021,M-2021-25-10,E-2021-25-0026,FC Arsenal,90+2',1,Bukayo Saka
PL-2021,M-2021-26-01,E-2021-26-0001,West Ham United,32',0,Craig Dawson
PL-2021,M-2021-26-01,E-2021-26-0002,Newcastle United,45+1',0,Joe Willock
PL-2021,M-2021-26-02,E-2021-26-0003,FC Arsenal,48',0,Emile Smith Rowe
PL-2021,M-2021-26-02,E-2021-26-0004,FC Arsenal,79',0,Bukayo Saka
PL-2021,M-2021-26-02,E-2021-26-0005,Brentford FC,90+3',0,Christian Nørgaard
PL-2021,M-2021-26-03,E-2021-26-0006,FC Watford,78',0,Emmanuel Dennis
PL-2021,M-2021-26-04,E-2021-26-0007,FC Burnley,21',0,Wout Weghorst
PL-2021,M-2021-26-04,E-2021-26-0008,FC Burnley,40',0,Josh Brownhill
PL-2021,M-2021-26-04,E-2021-26-0009,FC Burnley,69',0,Aaron Lennon
PL-2021,M-2021-26-05,E-2021-26-0010,Chelsea FC,89',0,Hakim Ziyech
PL-2021,M-2021-26-06,E-2021-26-0011,Norwich City,48',0,Milot Rashica
PL-2021,M-2021-26-06,E-2021-26-0012,FC Liverpool,64',0,Sadio Mané
PL-2021,M-2021-26-06,E-2021-26-0013,FC Liverpool,67',0,Mohamed Salah
PL-2021,M-2021-26-06,E-2021-26-0014,FC Liverpool,81',0,Luis Díaz
PL-2021,M-2021-26-07,E-2021-26-0015,FC Southampton,52',0,Stuart Armstrong
PL-2021,M-2021-26-07,E-2021-26-0016,FC Southampton,84',0,Shane Long
PL-2021,M-2021-26-08,E-2021-26-0017,Tottenham Hotspur ,4',0,Dejan Kulusevski
PL-2021,M-2021-26-08,E-2021-26-0018,Manchester City FC,33',0,İlkay Gündoğan
PL-2021,M-2021-26-08,E-2021-26-0019,Tottenham Hotspur ,59',0,Harry Kane
PL-2021,M-2021-26-08,E-2021-26-0020,Manchester City FC,90+2',1,Riyad Mahrez
PL-2021,M-2021-26-08,E-2021-26-0021,Tottenham Hotspur ,90+5',0,Harry Kane
PL-2021,M-2021-26-09,E-2021-26-0022,Manchester United FC,34',0,Harry Maguire
PL-2021,M-2021-26-09,E-2021-26-0023,Manchester United FC,45+5',0,Bruno Fernandes
PL-2021,M-2021-26-09,E-2021-26-0024,Leeds United FC ,53',0,Rodrigo
PL-2021,M-2021-26-09,E-2021-26-0025,Leeds United FC ,54',0,Raphinha
PL-2021,M-2021-26-09,E-2021-26-0026,Manchester United FC,70',0,Fred
PL-2021,M-2021-26-09,E-2021-26-0027,Manchester United FC,88',0,Anthony Elanga
PL-2021,M-2021-26-10,E-2021-26-0028,Wolverhampton Wanderers,9',0,Rúben Neves
PL-2021,M-2021-26-10,E-2021-26-0029,Leicester City FC,41',0,Ademola Lookman
PL-2021,M-2021-26-10,E-2021-26-0030,Wolverhampton Wanderers,66',0,Daniel Podence
PL-2021,M-2021-27-01,E-2021-27-0001,FC Southampton,36',0,Ché Adams
PL-2021,M-2021-27-01,E-2021-27-0002,FC Southampton,88',0,Oriol Romeu
PL-2021,M-2021-27-02,E-2021-27-0003,Tottenham Hotspur ,10',0,Matt Doherty
PL-2021,M-2021-27-02,E-2021-27-0004,Tottenham Hotspur ,15',0,Dejan Kulusevski
PL-2021,M-2021-27-02,E-2021-27-0005,Tottenham Hotspur ,27',0,Harry Kane
PL-2021,M-2021-27-02,E-2021-27-0006,Tottenham Hotspur ,85',0,Heung-min Son
PL-2021,M-2021-27-03,E-2021-27-0007,Brentford FC,11',-1,Josh Dasilva
PL-2021,M-2021-27-03,E-2021-27-0008,Newcastle United,33',0,Joelinton
PL-2021,M-2021-27-03,E-2021-27-0009,Newcastle United,44',0,Joe Willock
PL-2021,M-2021-27-04,E-2021-27-0010,Aston Villa FC,17',0,Matty Cash
PL-2021,M-2021-27-04,E-2021-27-0011,Aston Villa FC,68',0,Ollie Watkins
PL-2021,M-2021-27-05,E-2021-27-0012,Crystal Palace FC,9',0,Jeffrey Schlupp
PL-2021,M-2021-27-05,E-2021-27-0013,FC Burnley,46',2,Luka Milivojevic
PL-2021,M-2021-27-07,E-2021-27-0014,Manchester City FC,82',0,Phil Foden
PL-2021,M-2021-27-08,E-2021-27-0015,West Ham United,59',0,Tomáš Souček
PL-2021,M-2021-27-09,E-2021-27-0016,FC Liverpool,54',0,Diogo Jota
PL-2021,M-2021-27-09,E-2021-27-0017,FC Liverpool,62',0,Roberto Firmino
PL-2021,M-2021-27-10,E-2021-27-0018,Leicester City FC,6',0,James Maddison
PL-2021,M-2021-27-10,E-2021-27-0019,Chelsea FC,34',0,Marcos Alonso
PL-2021,M-2021-28-01,E-2021-28-0001,Leicester City FC,67',0,Harvey Barnes
PL-2021,M-2021-28-02,E-2021-28-0002,Aston Villa FC,9',0,Ollie Watkins
PL-2021,M-2021-28-02,E-2021-28-0003,Aston Villa FC,44',0,Douglas Luiz
PL-2021,M-2021-28-02,E-2021-28-0004,Aston Villa FC,52',0,Philippe Coutinho
PL-2021,M-2021-28-02,E-2021-28-0005,Aston Villa FC,54',0,Danny Ings
PL-2021,M-2021-28-03,E-2021-28-0006,Chelsea FC,47',0,Reece James
PL-2021,M-2021-28-03,E-2021-28-0007,Chelsea FC,52',0,Kai Havertz
PL-2021,M-2021-28-03,E-2021-28-0008,Chelsea FC,55',0,Kai Havertz
PL-2021,M-2021-28-03,E-2021-28-0009,Chelsea FC,69',0,Christian Pulisic
PL-2021,M-2021-28-04,E-2021-28-0010,Newcastle United,12',0,Ryan Fraser
PL-2021,M-2021-28-04,E-2021-28-0011,Newcastle United,14',0,Fabian Schär
PL-2021,M-2021-28-04,E-2021-28-0012,Brighton & Hove Albion,55',0,Lewis Dunk
PL-2021,M-2021-28-05,E-2021-28-0013,Brentford FC,32',0,Ivan Toney
PL-2021,M-2021-28-05,E-2021-28-0014,Brentford FC,52',1,Ivan Toney
PL-2021,M-2021-28-05,E-2021-28-0015,Brentford FC,58',1,Ivan Toney
PL-2021,M-2021-28-05,E-2021-28-0016,Norwich City,90+2',0,Teemu Pukki
PL-2021,M-2021-28-06,E-2021-28-0017,Crystal Palace FC,19',0,Jean-Philippe Mateta
PL-2021,M-2021-28-06,E-2021-28-0018,Crystal Palace FC,34',1,Wilfried Zaha
PL-2021,M-2021-28-07,E-2021-28-0019,FC Liverpool,27',0,Sadio Mané
PL-2021,M-2021-28-08,E-2021-28-0020,FC Arsenal,5',0,Martin Ødegaard
PL-2021,M-2021-28-08,E-2021-28-0021,FC Watford,11',0,Cucho Hernández
PL-2021,M-2021-28-08,E-2021-28-0022,FC Arsenal,30',0,Bukayo Saka
PL-2021,M-2021-28-08,E-2021-28-0023,FC Arsenal,52',0,Gabriel Martinelli
PL-2021,M-2021-28-08,E-2021-28-0024,FC Watford,87',0,Moussa Sissoko
PL-2021,M-2021-28-09,E-2021-28-0025,Manchester City FC,5',0,Kevin De Bruyne
PL-2021,M-2021-28-09,E-2021-28-0026,Manchester United FC,22',0,Jadon Sancho
PL-2021,M-2021-28-09,E-2021-28-0027,Manchester City FC,28',0,Kevin De Bruyne
PL-2021,M-2021-28-09,E-2021-28-0028,Manchester City FC,68',0,Riyad Mahrez
PL-2021,M-2021-28-09,E-2021-28-0029,Manchester City FC,90',0,Riyad Mahrez
PL-2021,M-2021-28-10,E-2021-28-0030,Tottenham Hotspur ,14',2,Michael Keane
PL-2021,M-2021-28-10,E-2021-28-0031,Tottenham Hotspur ,17',0,Heung-min Son
PL-2021,M-2021-28-10,E-2021-28-0032,Tottenham Hotspur ,37',0,Harry Kane
PL-2021,M-2021-28-10,E-2021-28-0033,Tottenham Hotspur ,46',0,Sergio Reguilón
PL-2021,M-2021-28-10,E-2021-28-0034,Tottenham Hotspur ,55',0,Harry Kane
PL-2021,M-2021-29-01,E-2021-29-0001,FC Liverpool,19',0,Luis Díaz
PL-2021,M-2021-29-01,E-2021-29-0002,FC Liverpool,61',1,Mohamed Salah
PL-2021,M-2021-29-02,E-2021-29-0003,Brentford FC,85',0,Ivan Toney
PL-2021,M-2021-29-02,E-2021-29-0004,FC Burnley,90+2',-1,Nathan Collins
PL-2021,M-2021-29-02,E-2021-29-0005,Brentford FC,90+4',1,Ivan Toney
PL-2021,M-2021-29-03,E-2021-29-0006,Manchester United FC,12',0,Cristiano Ronaldo
PL-2021,M-2021-29-03,E-2021-29-0007,Tottenham Hotspur ,35',1,Harry Kane
PL-2021,M-2021-29-03,E-2021-29-0008,Manchester United FC,38',0,Cristiano Ronaldo
PL-2021,M-2021-29-03,E-2021-29-0009,Tottenham Hotspur ,72',2,Harry Maguire
PL-2021,M-2021-29-03,E-2021-29-0010,Manchester United FC,81',0,Cristiano Ronaldo
PL-2021,M-2021-29-04,E-2021-29-0011,Chelsea FC,89',0,Kai Havertz
PL-2021,M-2021-29-05,E-2021-29-0012,Wolverhampton Wanderers,49',0,Conor Coady
PL-2021,M-2021-29-05,E-2021-29-0013,FC Everton,78',-1,Jonjoe Kenny
PL-2021,M-2021-29-06,E-2021-29-0014,Leeds United FC ,14',0,Rodrigo
PL-2021,M-2021-29-06,E-2021-29-0015,Norwich City,90+1',0,Kenny McLean
PL-2021,M-2021-29-06,E-2021-29-0016,Leeds United FC ,90+4',0,Joe Gelhardt
PL-2021,M-2021-29-07,E-2021-29-0017,FC Watford,14',0,Cucho Hernández
PL-2021,M-2021-29-07,E-2021-29-0018,FC Watford,34',0,Cucho Hernández
PL-2021,M-2021-29-07,E-2021-29-0019,FC Southampton,45',0,Mohamed Elyounoussi
PL-2021,M-2021-29-08,E-2021-29-0020,West Ham United,70',0,Andriy Yarmolenko
PL-2021,M-2021-29-08,E-2021-29-0021,West Ham United,82',0,Pablo Fornals
PL-2021,M-2021-29-08,E-2021-29-0022,Aston Villa FC,90',0,Jacob Ramsey
PL-2021,M-2021-29-09,E-2021-29-0023,FC Arsenal,11',0,Thomas Partey
PL-2021,M-2021-29-09,E-2021-29-0024,FC Arsenal,59',1,Alexandre Lacazette
PL-2021,M-2021-30-01,E-2021-30-0001,Chelsea FC,3',0,Trevoh Chalobah
PL-2021,M-2021-30-01,E-2021-30-0002,Chelsea FC,14',0,Mason Mount
PL-2021,M-2021-30-01,E-2021-30-0003,Norwich City,69',1,Teemu Pukki
PL-2021,M-2021-30-01,E-2021-30-0004,Chelsea FC,90',0,Kai Havertz
PL-2021,M-2021-30-02,E-2021-30-0005,Wolverhampton Wanderers,26',0,Jonny Otto
PL-2021,M-2021-30-02,E-2021-30-0006,Wolverhampton Wanderers,45+11',0,Francisco Trincão
PL-2021,M-2021-30-02,E-2021-30-0007,Wolverhampton Wanderers,53',-1,Raúl Jiménez
PL-2021,M-2021-30-02,E-2021-30-0008,Leeds United FC ,63',0,Jack Harrison
PL-2021,M-2021-30-02,E-2021-30-0009,Leeds United FC ,66',0,Rodrigo
PL-2021,M-2021-30-02,E-2021-30-0010,Leeds United FC ,90+1',0,Luke Ayling
PL-2021,M-2021-30-03,E-2021-30-0011,FC Arsenal,30',0,Bukayo Saka
PL-2021,M-2021-30-04,E-2021-30-0012,Leicester City FC,20',0,Timothy Castagne
PL-2021,M-2021-30-04,E-2021-30-0013,Leicester City FC,33',0,James Maddison
PL-2021,M-2021-30-04,E-2021-30-0014,Brentford FC,85',0,Yoane Wissa
PL-2021,M-2021-30-05,E-2021-30-0015,Tottenham Hotspur ,9',2,Kurt Zouma
PL-2021,M-2021-30-05,E-2021-30-0016,Tottenham Hotspur ,24',0,Heung-min Son
PL-2021,M-2021-30-05,E-2021-30-0017,West Ham United,35',0,Saïd Benrahma
PL-2021,M-2021-30-05,E-2021-30-0018,Tottenham Hotspur ,88',0,Heung-min Son
PL-2021,M-2021-30-06,E-2021-30-0019,FC Liverpool,5',0,Luis Díaz
PL-2021,M-2021-30-06,E-2021-30-0020,FC Liverpool,22',0,Mohamed Salah
PL-2021,M-2021-30-06,E-2021-30-0021,FC Liverpool,68',0,Sadio Mané
PL-2021,M-2021-30-06,E-2021-30-0022,FC Liverpool,85',0,Mohamed Salah
PL-2021,M-2021-30-07,E-2021-30-0023,Newcastle United,32',0,Miguel Almirón
PL-2021,M-2021-30-08,E-2021-30-0024,Manchester City FC,53',0,Riyad Mahrez
PL-2021,M-2021-30-08,E-2021-30-0025,Manchester City FC,65',0,Phil Foden
PL-2021,M-2021-30-08,E-2021-30-0026,Manchester City FC,82',0,Bernardo Silva
PL-2021,M-2021-30-09,E-2021-30-0027,FC Burnley,12',0,Connor Roberts
PL-2021,M-2021-30-09,E-2021-30-0028,FC Burnley,44',0,Nathan Collins
PL-2021,M-2021-31-01,E-2021-31-0001,FC Liverpool,22',0,Diogo Jota
PL-2021,M-2021-31-01,E-2021-31-0002,FC Liverpool,89',1,Fabinho
PL-2021,M-2021-31-02,E-2021-31-0003,Brighton & Hove Albion,29',-2,Neal Maupay
PL-2021,M-2021-31-03,E-2021-31-0004,Manchester City FC,5',0,Kevin De Bruyne
PL-2021,M-2021-31-03,E-2021-31-0005,Manchester City FC,25',0,İlkay Gündoğan
PL-2021,M-2021-31-04,E-2021-31-0006,Chelsea FC,48',0,Antonio Rüdiger
PL-2021,M-2021-31-04,E-2021-31-0007,Brentford FC,50',0,Vitaly Janelt
PL-2021,M-2021-31-04,E-2021-31-0008,Brentford FC,54',0,Christian Eriksen
PL-2021,M-2021-31-04,E-2021-31-0009,Brentford FC,60',0,Vitaly Janelt
PL-2021,M-2021-31-04,E-2021-31-0010,Brentford FC,87',0,Yoane Wissa
PL-2021,M-2021-31-05,E-2021-31-0011,Leeds United FC ,29',0,Jack Harrison
PL-2021,M-2021-31-05,E-2021-31-0012,FC Southampton,49',0,James Ward-Prowse
PL-2021,M-2021-31-06,E-2021-31-0013,Wolverhampton Wanderers,7',0,Jonny Otto
PL-2021,M-2021-31-06,E-2021-31-0014,Wolverhampton Wanderers,36',2,Ashley Young
PL-2021,M-2021-31-06,E-2021-31-0015,Aston Villa FC,86',1,Ollie Watkins
PL-2021,M-2021-31-07,E-2021-31-0016,Leicester City FC,63',0,Kelechi Iheanacho
PL-2021,M-2021-31-07,E-2021-31-0017,Manchester United FC,66',0,Fred
PL-2021,M-2021-31-08,E-2021-31-0018,West Ham United,32',0,Aaron Cresswell
PL-2021,M-2021-31-08,E-2021-31-0019,FC Everton,53',0,Mason Holgate
PL-2021,M-2021-31-08,E-2021-31-0020,West Ham United,58',0,Jarrod Bowen
PL-2021,M-2021-31-08,E-2021-31-0021,FC Everton,65',-1,Michael Keane
PL-2021,M-2021-31-09,E-2021-31-0022,Newcastle United,39',0,Fabian Schär
PL-2021,M-2021-31-09,E-2021-31-0023,Tottenham Hotspur ,43',0,Ben Davies
PL-2021,M-2021-31-09,E-2021-31-0024,Tottenham Hotspur ,48',0,Matt Doherty
PL-2021,M-2021-31-09,E-2021-31-0025,Tottenham Hotspur ,54',0,Heung-min Son
PL-2021,M-2021-31-09,E-2021-31-0026,Tottenham Hotspur ,63',0,Emerson Royal
PL-2021,M-2021-31-09,E-2021-31-0027,Tottenham Hotspur ,83',0,Steven Bergwijn
PL-2021,M-2021-31-10,E-2021-31-0028,Crystal Palace FC,16',0,Jean-Philippe Mateta
PL-2021,M-2021-31-10,E-2021-31-0029,Crystal Palace FC,24',0,Jordan Ayew
PL-2021,M-2021-31-10,E-2021-31-0030,Crystal Palace FC,74',1,Wilfried Zaha
PL-2021,M-2021-32-01,E-2021-32-0001,Newcastle United,72',1,Chris Wood
PL-2021,M-2021-32-02,E-2021-32-0002,FC Everton,27',0,Anthony Gordon
PL-2021,M-2021-32-03,E-2021-32-0003,Brighton & Hove Albion,28',0,Leandro Trossard
PL-2021,M-2021-32-03,E-2021-32-0004,Brighton & Hove Albion,66',0,Enock Mwepu
PL-2021,M-2021-32-03,E-2021-32-0005,FC Arsenal,89',0,Martin Ødegaard
PL-2021,M-2021-32-04,E-2021-32-0006,Chelsea FC,8',0,Marcos Alonso
PL-2021,M-2021-32-04,E-2021-32-0007,Chelsea FC,16',0,Mason Mount
PL-2021,M-2021-32-04,E-2021-32-0008,Chelsea FC,21',0,Timo Werner
PL-2021,M-2021-32-04,E-2021-32-0009,Chelsea FC,31',0,Kai Havertz
PL-2021,M-2021-32-04,E-2021-32-0010,Chelsea FC,49',0,Timo Werner
PL-2021,M-2021-32-04,E-2021-32-0011,Chelsea FC,54',0,Mason Mount
PL-2021,M-2021-32-05,E-2021-32-0012,Leeds United FC ,21',0,Raphinha
PL-2021,M-2021-32-05,E-2021-32-0013,Leeds United FC ,73',0,Rodrigo
PL-2021,M-2021-32-05,E-2021-32-0014,Leeds United FC ,85',0,Jack Harrison
PL-2021,M-2021-32-06,E-2021-32-0015,Tottenham Hotspur ,3',0,Heung-min Son
PL-2021,M-2021-32-06,E-2021-32-0016,Tottenham Hotspur ,50',0,Dejan Kulusevski
PL-2021,M-2021-32-06,E-2021-32-0017,Tottenham Hotspur ,66',0,Heung-min Son
PL-2021,M-2021-32-06,E-2021-32-0018,Tottenham Hotspur ,71',0,Heung-min Son
PL-2021,M-2021-32-07,E-2021-32-0019,Brentford FC,48',0,Bryan Mbeumo
PL-2021,M-2021-32-07,E-2021-32-0020,Brentford FC,64',0,Ivan Toney
PL-2021,M-2021-32-08,E-2021-32-0021,Leicester City FC,39',0,Ademola Lookman
PL-2021,M-2021-32-08,E-2021-32-0022,Leicester City FC,45',0,Kiernan Dewsbury-Hall
PL-2021,M-2021-32-08,E-2021-32-0023,Crystal Palace FC,65',0,Wilfried Zaha
PL-2021,M-2021-32-08,E-2021-32-0024,Crystal Palace FC,65',-2,Wilfried Zaha
PL-2021,M-2021-32-09,E-2021-32-0025,Norwich City,9',0,Pierre Lees-Melou
PL-2021,M-2021-32-09,E-2021-32-0026,Norwich City,86',0,Teemu Pukki
PL-2021,M-2021-32-10,E-2021-32-0027,Manchester City FC,5',0,Kevin De Bruyne
PL-2021,M-2021-32-10,E-2021-32-0028,FC Liverpool,13',0,Diogo Jota
PL-2021,M-2021-32-10,E-2021-32-0029,Manchester City FC,37',0,Gabriel Jesus
PL-2021,M-2021-32-10,E-2021-32-0030,FC Liverpool,46',0,Sadio Mané
PL-2021,M-2021-33-01,E-2021-33-0001,Brighton & Hove Albion,90',0,Leandro Trossard
PL-2021,M-2021-33-02,E-2021-33-0002,Manchester United FC,7',0,Cristiano Ronaldo
PL-2021,M-2021-33-02,E-2021-33-0003,Manchester United FC,32',0,Cristiano Ronaldo
PL-2021,M-2021-33-02,E-2021-33-0004,Norwich City,45+1',0,Kieran Dowell
PL-2021,M-2021-33-02,E-2021-33-0005,Norwich City,52',0,Teemu Pukki
PL-2021,M-2021-33-02,E-2021-33-0006,Manchester United FC,76',0,Cristiano Ronaldo
PL-2021,M-2021-33-03,E-2021-33-0007,FC Southampton,44',0,Jan Bednarek
PL-2021,M-2021-33-04,E-2021-33-0008,Brentford FC,15',0,Christian Nørgaard
PL-2021,M-2021-33-04,E-2021-33-0009,FC Watford,55',0,Emmanuel Dennis
PL-2021,M-2021-33-04,E-2021-33-0010,Brentford FC,90+5',0,Pontus Jansson
PL-2021,M-2021-33-05,E-2021-33-0011,Leicester City FC,19',0,Ademola Lookman
PL-2021,M-2021-33-05,E-2021-33-0012,Newcastle United,30',0,Bruno Guimarães
PL-2021,M-2021-33-05,E-2021-33-0013,Newcastle United,90+5',0,Bruno Guimarães
PL-2021,M-2021-33-06,E-2021-33-0014,FC Burnley,33',0,Wout Weghorst
PL-2021,M-2021-33-06,E-2021-33-0015,FC Burnley,45+1',-2,Maxwel Cornet
PL-2021,M-2021-33-06,E-2021-33-0016,West Ham United,74',0,Tomáš Souček
PL-2021,M-2021-33-07,E-2021-33-0017,Aston Villa FC,3',0,Douglas Luiz
PL-2021,M-2021-33-07,E-2021-33-0018,FC Liverpool,6',0,Joël Matip
PL-2021,M-2021-33-07,E-2021-33-0019,FC Liverpool,65',0,Sadio Mané
PL-2021,M-2021-33-08,E-2021-33-0020,Chelsea FC,4',0,Mason Mount
PL-2021,M-2021-33-08,E-2021-33-0021,Leeds United FC ,24',-1,Daniel James
PL-2021,M-2021-33-08,E-2021-33-0022,Chelsea FC,55',0,Christian Pulisic
PL-2021,M-2021-33-08,E-2021-33-0023,Chelsea FC,83',0,Romelu Lukaku
PL-2021,M-2021-33-09,E-2021-33-0024,Manchester City FC,7',0,Kevin De Bruyne
PL-2021,M-2021-33-09,E-2021-33-0025,Wolverhampton Wanderers,11',0,Leander Dendoncker
PL-2021,M-2021-33-09,E-2021-33-0026,Manchester City FC,16',0,Kevin De Bruyne
PL-2021,M-2021-33-09,E-2021-33-0027,Manchester City FC,24',0,Kevin De Bruyne
PL-2021,M-2021-33-09,E-2021-33-0028,Manchester City FC,60',0,Kevin De Bruyne
PL-2021,M-2021-33-09,E-2021-33-0029,Manchester City FC,84',0,Raheem Sterling
PL-2021,M-2021-33-10,E-2021-33-0030,Crystal Palace FC,21',0,Jean-Philippe Mateta
PL-2021,M-2021-33-10,E-2021-33-0031,Crystal Palace FC,36',0,Jordan Ayew
PL-2021,M-2021-33-10,E-2021-33-0032,FC Everton,54',0,Michael Keane
PL-2021,M-2021-33-10,E-2021-33-0033,FC Everton,75',0,Richarlison
PL-2021,M-2021-33-10,E-2021-33-0034,FC Everton,85',0,Dominic Calvert-Lewin
PL-2021,M-2021-34-01,E-2021-34-0001,FC Arsenal,3',0,Nuno Tavares
PL-2021,M-2021-34-01,E-2021-34-0002,FC Arsenal,32',1,Bukayo Saka
PL-2021,M-2021-34-01,E-2021-34-0003,Manchester United FC,34',0,Cristiano Ronaldo
PL-2021,M-2021-34-01,E-2021-34-0004,Manchester United FC,57',-2,Bruno Fernandes
PL-2021,M-2021-34-01,E-2021-34-0005,FC Arsenal,70',0,Granit Xhaka
PL-2021,M-2021-34-03,E-2021-34-0006,Manchester City FC,4',0,Gabriel Jesus
PL-2021,M-2021-34-03,E-2021-34-0007,Manchester City FC,23',0,Gabriel Jesus
PL-2021,M-2021-34-03,E-2021-34-0008,FC Watford,28',0,Hassane Kamara
PL-2021,M-2021-34-03,E-2021-34-0009,Manchester City FC,34',0,Rodri
PL-2021,M-2021-34-03,E-2021-34-0010,Manchester City FC,49',1,Gabriel Jesus
PL-2021,M-2021-34-03,E-2021-34-0011,Manchester City FC,53',0,Gabriel Jesus
PL-2021,M-2021-34-04,E-2021-34-0012,Newcastle United,35',0,Joelinton
PL-2021,M-2021-34-04,E-2021-34-0013,Newcastle United,41',0,Joelinton
PL-2021,M-2021-34-04,E-2021-34-0014,Newcastle United,49',0,Bruno Guimarães
PL-2021,M-2021-34-06,E-2021-34-0015,Brighton & Hove Albion,2',0,Danny Welbeck
PL-2021,M-2021-34-06,E-2021-34-0016,Brighton & Hove Albion,44',2,Mohammed Salisu
PL-2021,M-2021-34-06,E-2021-34-0017,FC Southampton,45+4',0,James Ward-Prowse
PL-2021,M-2021-34-06,E-2021-34-0018,FC Southampton,54',0,James Ward-Prowse
PL-2021,M-2021-34-07,E-2021-34-0019,FC Burnley,62',0,Matej Vydra
PL-2021,M-2021-34-08,E-2021-34-0020,West Ham United,86',-1,Craig Dawson
PL-2021,M-2021-34-08,E-2021-34-0021,Chelsea FC,87',-2,Jorginho
PL-2021,M-2021-34-08,E-2021-34-0022,Chelsea FC,90',0,Christian Pulisic
PL-2021,M-2021-34-09,E-2021-34-0023,FC Liverpool,62',0,Andrew Robertson
PL-2021,M-2021-34-09,E-2021-34-0024,FC Liverpool,85',0,Divock Origi
PL-2021,M-2021-35-01,E-2021-35-0001,FC Liverpool,19',0,Naby Keïta
PL-2021,M-2021-35-02,E-2021-35-0002,Aston Villa FC,41',0,Ollie Watkins
PL-2021,M-2021-35-02,E-2021-35-0003,Aston Villa FC,90+3',0,Danny Ings
PL-2021,M-2021-35-03,E-2021-35-0004,FC Southampton,9',0,Oriol Romeu
PL-2021,M-2021-35-03,E-2021-35-0005,Crystal Palace FC,60',0,Eberechi Eze
PL-2021,M-2021-35-03,E-2021-35-0006,Crystal Palace FC,90+2',0,Wilfried Zaha
PL-2021,M-2021-35-04,E-2021-35-0007,FC Watford,8',2,James Tarkowski
PL-2021,M-2021-35-04,E-2021-35-0008,FC Burnley,83',0,Jack Cork
PL-2021,M-2021-35-04,E-2021-35-0009,FC Burnley,86',0,Josh Brownhill
PL-2021,M-2021-35-05,E-2021-35-0010,Brighton & Hove Albion,33',-2,Alexis Mac Allister
PL-2021,M-2021-35-05,E-2021-35-0011,Brighton & Hove Albion,42',1,Alexis Mac Allister
PL-2021,M-2021-35-05,E-2021-35-0012,Brighton & Hove Albion,70',0,Leandro Trossard
PL-2021,M-2021-35-05,E-2021-35-0013,Brighton & Hove Albion,86',0,Yves Bissouma
PL-2021,M-2021-35-06,E-2021-35-0014,Manchester City FC,13',0,Rodri
PL-2021,M-2021-35-06,E-2021-35-0015,Manchester City FC,54',0,Nathan Aké
PL-2021,M-2021-35-06,E-2021-35-0016,Manchester City FC,78',0,Gabriel Jesus
PL-2021,M-2021-35-06,E-2021-35-0017,Manchester City FC,90+3',0,Fernandinho
PL-2021,M-2021-35-07,E-2021-35-0018,FC Everton,46',0,Richarlison
PL-2021,M-2021-35-08,E-2021-35-0019,Tottenham Hotspur ,22',0,Harry Kane
PL-2021,M-2021-35-08,E-2021-35-0020,Tottenham Hotspur ,60',0,Heung-min Son
PL-2021,M-2021-35-08,E-2021-35-0021,Tottenham Hotspur ,79',0,Heung-min Son
PL-2021,M-2021-35-08,E-2021-35-0022,Leicester City FC,90+1',0,Kelechi Iheanacho
PL-2021,M-2021-35-09,E-2021-35-0023,FC Arsenal,38',0,Rob Holding
PL-2021,M-2021-35-09,E-2021-35-0024,West Ham United,45',0,Jarrod Bowen
PL-2021,M-2021-35-09,E-2021-35-0025,FC Arsenal,54',0,Gabriel
PL-2021,M-2021-35-10,E-2021-35-0026,Manchester United FC,9',0,Bruno Fernandes
PL-2021,M-2021-35-10,E-2021-35-0027,Manchester United FC,61',1,Cristiano Ronaldo
PL-2021,M-2021-35-10,E-2021-35-0028,Manchester United FC,72',0,Raphaël Varane
PL-2021,M-2021-36-01,E-2021-36-0001,Brentford FC,13',0,Pontus Jansson
PL-2021,M-2021-36-01,E-2021-36-0002,Brentford FC,14',0,Yoane Wissa
PL-2021,M-2021-36-01,E-2021-36-0003,Brentford FC,79',0,Kristoffer Ajer
PL-2021,M-2021-36-02,E-2021-36-0004,Aston Villa FC,7',0,Danny Ings
PL-2021,M-2021-36-02,E-2021-36-0005,Aston Villa FC,31',0,Emiliano Buendía
PL-2021,M-2021-36-02,E-2021-36-0006,Aston Villa FC,52',0,Ollie Watkins
PL-2021,M-2021-36-02,E-2021-36-0007,FC Burnley,90+1',0,Maxwel Cornet
PL-2021,M-2021-36-03,E-2021-36-0008,Chelsea FC,56',1,Romelu Lukaku
PL-2021,M-2021-36-03,E-2021-36-0009,Chelsea FC,58',0,Romelu Lukaku
PL-2021,M-2021-36-03,E-2021-36-0010,Wolverhampton Wanderers,79',0,Francisco Trincão
PL-2021,M-2021-36-03,E-2021-36-0011,Wolverhampton Wanderers,90+7',0,Conor Coady
PL-2021,M-2021-36-04,E-2021-36-0012,Crystal Palace FC,31',1,Wilfried Zaha
PL-2021,M-2021-36-04,E-2021-36-0013,FC Watford,69',-1,Hassane Kamara
PL-2021,M-2021-36-05,E-2021-36-0014,Brighton & Hove Albion,15',0,Moisés Caicedo
PL-2021,M-2021-36-05,E-2021-36-0015,Brighton & Hove Albion,49',0,Marc Cucurella
PL-2021,M-2021-36-05,E-2021-36-0016,Brighton & Hove Albion,57',0,Pascal Groß
PL-2021,M-2021-36-05,E-2021-36-0017,Brighton & Hove Albion,60',0,Leandro Trossard
PL-2021,M-2021-36-06,E-2021-36-0018,Tottenham Hotspur ,56',0,Heung-min Son
PL-2021,M-2021-36-06,E-2021-36-0019,FC Liverpool,74',0,Luis Díaz
PL-2021,M-2021-36-07,E-2021-36-0020,FC Arsenal,5',0,Eddie Nketiah
PL-2021,M-2021-36-07,E-2021-36-0021,FC Arsenal,10',0,Eddie Nketiah
PL-2021,M-2021-36-07,E-2021-36-0022,Leeds United FC ,27',-1,Luke Ayling
PL-2021,M-2021-36-07,E-2021-36-0023,Leeds United FC ,66',0,Diego Llorente
PL-2021,M-2021-36-08,E-2021-36-0024,FC Everton,6',0,Vitaliy Mykolenko
PL-2021,M-2021-36-08,E-2021-36-0025,Leicester City FC,11',0,Patson Daka
PL-2021,M-2021-36-08,E-2021-36-0026,FC Everton,30',0,Mason Holgate
PL-2021,M-2021-36-09,E-2021-36-0027,West Ham United,12',0,Saïd Benrahma
PL-2021,M-2021-36-09,E-2021-36-0028,West Ham United,30',0,Michail Antonio
PL-2021,M-2021-36-09,E-2021-36-0029,West Ham United,45+3',0,Saïd Benrahma
PL-2021,M-2021-36-09,E-2021-36-0030,West Ham United,65',1,Manuel Lanzini
PL-2021,M-2021-36-10,E-2021-36-0031,Manchester City FC,19',0,Raheem Sterling
PL-2021,M-2021-36-10,E-2021-36-0032,Manchester City FC,38',0,Aymeric Laporte
PL-2021,M-2021-36-10,E-2021-36-0033,Manchester City FC,61',0,Rodri
PL-2021,M-2021-36-10,E-2021-36-0034,Manchester City FC,90',0,Phil Foden
PL-2021,M-2021-36-10,E-2021-36-0035,Manchester City FC,90+3',0,Raheem Sterling
PL-2021,M-2021-37-01,E-2021-37-0001,Chelsea FC,60',0,Marcos Alonso
PL-2021,M-2021-37-01,E-2021-37-0002,Manchester United FC,62',0,Cristiano Ronaldo
PL-2021,M-2021-37-02,E-2021-37-0003,Tottenham Hotspur ,45+8',1,Harry Kane
PL-2021,M-2021-37-03,E-2021-37-0004,Aston Villa FC,69',0,Ollie Watkins
PL-2021,M-2021-37-03,E-2021-37-0005,Crystal Palace FC,81',0,Jeffrey Schlupp
PL-2021,M-2021-37-04,E-2021-37-0006,Brighton & Hove Albion,21',0,Danny Welbeck
PL-2021,M-2021-37-04,E-2021-37-0007,Leeds United FC ,90+2',0,Pascal Struijk
PL-2021,M-2021-37-05,E-2021-37-0008,FC Watford,6',0,João Pedro
PL-2021,M-2021-37-05,E-2021-37-0009,Leicester City FC,18',0,James Maddison
PL-2021,M-2021-37-05,E-2021-37-0010,Leicester City FC,22',0,Jamie Vardy
PL-2021,M-2021-37-05,E-2021-37-0011,Leicester City FC,46',0,Harvey Barnes
PL-2021,M-2021-37-05,E-2021-37-0012,Leicester City FC,70',0,Jamie Vardy
PL-2021,M-2021-37-05,E-2021-37-0013,Leicester City FC,86',0,Harvey Barnes
PL-2021,M-2021-37-06,E-2021-37-0014,West Ham United,24',0,Jarrod Bowen
PL-2021,M-2021-37-06,E-2021-37-0015,West Ham United,45',0,Jarrod Bowen
PL-2021,M-2021-37-06,E-2021-37-0016,Manchester City FC,49',0,Jack Grealish
PL-2021,M-2021-37-06,E-2021-37-0017,Manchester City FC,69',2,Vladimír Coufal
PL-2021,M-2021-37-06,E-2021-37-0018,Manchester City FC,86',-2,Riyad Mahrez
PL-2021,M-2021-37-07,E-2021-37-0019,Norwich City,37',0,Teemu Pukki
PL-2021,M-2021-37-07,E-2021-37-0020,Wolverhampton Wanderers,55',0,Rayan Aït-Nouri
PL-2021,M-2021-37-08,E-2021-37-0021,FC Everton,10',0,Dominic Calvert-Lewin
PL-2021,M-2021-37-08,E-2021-37-0022,FC Everton,18',-1,Jarrad Branthwaite
PL-2021,M-2021-37-08,E-2021-37-0023,Brentford FC,37',2,Séamus Coleman
PL-2021,M-2021-37-08,E-2021-37-0024,FC Everton,45+2',1,Richarlison
PL-2021,M-2021-37-08,E-2021-37-0025,Brentford FC,62',0,Yoane Wissa
PL-2021,M-2021-37-08,E-2021-37-0026,Brentford FC,64',0,Rico Henry
PL-2021,M-2021-37-08,E-2021-37-0027,FC Everton,88',-1,Salomón Rondón
PL-2021,M-2021-37-09,E-2021-37-0028,Newcastle United,55',2,Ben White
PL-2021,M-2021-37-09,E-2021-37-0029,Newcastle United,85',0,Bruno Guimarães
PL-2021,M-2021-37-10,E-2021-37-0030,FC Southampton,13',0,Nathan Redmond
PL-2021,M-2021-37-10,E-2021-37-0031,FC Liverpool,27',0,Takumi Minamino
PL-2021,M-2021-37-10,E-2021-37-0032,FC Liverpool,67',0,Joël Matip
PL-2021,M-2021-38-01,E-2021-38-0001,FC Arsenal,27',1,Gabriel Martinelli
PL-2021,M-2021-38-01,E-2021-38-0002,FC Arsenal,31',0,Eddie Nketiah
PL-2021,M-2021-38-01,E-2021-38-0003,FC Everton,45+3',0,Donny van de Beek
PL-2021,M-2021-38-01,E-2021-38-0004,FC Arsenal,56',0,Cédric Soares
PL-2021,M-2021-38-01,E-2021-38-0005,FC Arsenal,59',0,Gabriel
PL-2021,M-2021-38-01,E-2021-38-0006,FC Arsenal,82',0,Martin Ødegaard
PL-2021,M-2021-38-02,E-2021-38-0007,Leeds United FC ,56',1,Raphinha
PL-2021,M-2021-38-02,E-2021-38-0008,Brentford FC,78',0,Sergi Canós
PL-2021,M-2021-38-02,E-2021-38-0009,Brentford FC,80',-1,Sergi Canós
PL-2021,M-2021-38-02,E-2021-38-0010,Leeds United FC ,90+4',0,Jack Harrison
PL-2021,M-2021-38-03,E-2021-38-0011,West Ham United,40',0,Michail Antonio
PL-2021,M-2021-38-03,E-2021-38-0012,Brighton & Hove Albion,50',0,Joël Veltman
PL-2021,M-2021-38-03,E-2021-38-0013,Brighton & Hove Albion,80',0,Pascal Groß
PL-2021,M-2021-38-03,E-2021-38-0014,Brighton & Hove Albion,90+2',0,Danny Welbeck
PL-2021,M-2021-38-04,E-2021-38-0015,Newcastle United,20',1,Callum Wilson
PL-2021,M-2021-38-04,E-2021-38-0016,Newcastle United,60',0,Callum Wilson
PL-2021,M-2021-38-04,E-2021-38-0017,FC Burnley,69',0,Maxwel Cornet
PL-2021,M-2021-38-05,E-2021-38-0018,Chelsea FC,11',0,Kai Havertz
PL-2021,M-2021-38-05,E-2021-38-0019,FC Watford,87',0,Dan Gosling
PL-2021,M-2021-38-05,E-2021-38-0020,Chelsea FC,90+1',0,Ross Barkley
PL-2021,M-2021-38-06,E-2021-38-0021,Crystal Palace FC,37',0,Wilfried Zaha
PL-2021,M-2021-38-07,E-2021-38-0022,Leicester City FC,49',0,James Maddison
PL-2021,M-2021-38-07,E-2021-38-0023,Leicester City FC,74',0,Jamie Vardy
PL-2021,M-2021-38-07,E-2021-38-0024,FC Southampton,79',1,James Ward-Prowse
PL-2021,M-2021-38-07,E-2021-38-0025,Leicester City FC,81',0,Ayoze Pérez
PL-2021,M-2021-38-07,E-2021-38-0026,Leicester City FC,90+6',0,Ayoze Pérez
PL-2021,M-2021-38-08,E-2021-38-0027,Wolverhampton Wanderers,3',0,Pedro Neto
PL-2021,M-2021-38-08,E-2021-38-0028,FC Liverpool,24',0,Sadio Mané
PL-2021,M-2021-38-08,E-2021-38-0029,FC Liverpool,84',0,Mohamed Salah
PL-2021,M-2021-38-08,E-2021-38-0030,FC Liverpool,89',0,Andrew Robertson
PL-2021,M-2021-38-09,E-2021-38-0031,Aston Villa FC,37',0,Matty Cash
PL-2021,M-2021-38-09,E-2021-38-0032,Aston Villa FC,69',0,Philippe Coutinho
PL-2021,M-2021-38-09,E-2021-38-0033,Manchester City FC,76',0,İlkay Gündoğan
PL-2021,M-2021-38-09,E-2021-38-0034,Manchester City FC,78',0,Rodri
PL-2021,M-2021-38-09,E-2021-38-0035,Manchester City FC,81',0,İlkay Gündoğan
PL-2021,M-2021-38-10,E-2021-38-0036,Tottenham Hotspur ,16',0,Dejan Kulusevski
PL-2021,M-2021-38-10,E-2021-38-0037,Tottenham Hotspur ,32',0,Harry Kane
PL-2021,M-2021-38-10,E-2021-38-0038,Tottenham Hotspur ,64',0,Dejan Kulusevski
PL-2021,M-2021-38-10,E-2021-38-0039,Tottenham Hotspur ,70',0,Heung-min Son
PL-2021,M-2021-38-10,E-2021-38-0040,Tottenham Hotspur ,75',0,Heung-min Son
PL-2022,M-2022-01-01,E-2022-01-0001,FC Arsenal,20',0,Gabriel Martinelli
PL-2022,M-2022-01-01,E-2022-01-0002,FC Arsenal,85',2,Marc Guéhi
PL-2022,M-2022-01-02,E-2022-01-0003,FC Fulham,32',0,Aleksandar Mitrović
PL-2022,M-2022-01-02,E-2022-01-0004,FC Liverpool,64',0,Darwin Núñez
PL-2022,M-2022-01-02,E-2022-01-0005,FC Fulham,72',1,Aleksandar Mitrović
PL-2022,M-2022-01-02,E-2022-01-0006,FC Liverpool,80',0,Mohamed Salah
PL-2022,M-2022-01-03,E-2022-01-0007,FC Southampton,12',0,James Ward-Prowse
PL-2022,M-2022-01-03,E-2022-01-0008,Tottenham Hotspur ,21',0,Ryan Sessegnon
PL-2022,M-2022-01-03,E-2022-01-0009,Tottenham Hotspur ,31',0,Eric Dier
PL-2022,M-2022-01-03,E-2022-01-0010,Tottenham Hotspur ,61',2,Mohammed Salisu
PL-2022,M-2022-01-03,E-2022-01-0011,Tottenham Hotspur ,63',0,Dejan Kulusevski
PL-2022,M-2022-01-04,E-2022-01-0012,Newcastle United,58',0,Fabian Schär
PL-2022,M-2022-01-04,E-2022-01-0013,Newcastle United,78',0,Callum Wilson
PL-2022,M-2022-01-05,E-2022-01-0014,Wolverhampton Wanderers,6',0,Daniel Podence
PL-2022,M-2022-01-05,E-2022-01-0015,Leeds United FC ,24',0,Rodrigo
PL-2022,M-2022-01-05,E-2022-01-0016,Leeds United FC ,74',2,Rayan Aït-Nouri
PL-2022,M-2022-01-06,E-2022-01-0017,AFC Bournemouth,2',0,Jefferson Lerma
PL-2022,M-2022-01-06,E-2022-01-0018,AFC Bournemouth,80',0,Kieffer Moore
PL-2022,M-2022-01-07,E-2022-01-0019,Chelsea FC,45+9',1,Jorginho
PL-2022,M-2022-01-08,E-2022-01-0020,Leicester City FC,33',0,Timothy Castagne
PL-2022,M-2022-01-08,E-2022-01-0021,Leicester City FC,46',0,Kiernan Dewsbury-Hall
PL-2022,M-2022-01-08,E-2022-01-0022,Brentford FC,62',0,Ivan Toney
PL-2022,M-2022-01-08,E-2022-01-0023,Brentford FC,86',0,Josh Dasilva
PL-2022,M-2022-01-09,E-2022-01-0024,Brighton & Hove Albion,30',0,Pascal Groß
PL-2022,M-2022-01-09,E-2022-01-0025,Brighton & Hove Albion,39',0,Pascal Groß
PL-2022,M-2022-01-09,E-2022-01-0026,Manchester United FC,68',2,Alexis Mac Allister
PL-2022,M-2022-01-10,E-2022-01-0027,Manchester City FC,36',1,Erling Haaland
PL-2022,M-2022-01-10,E-2022-01-0028,Manchester City FC,65',0,Erling Haaland
PL-2022,M-2022-02-01,E-2022-02-0001,Aston Villa FC,31',0,Danny Ings
PL-2022,M-2022-02-01,E-2022-02-0002,Aston Villa FC,85',0,Emiliano Buendía
PL-2022,M-2022-02-01,E-2022-02-0003,FC Everton,87',2,Lucas Digne
PL-2022,M-2022-02-02,E-2022-02-0004,FC Fulham,81',-2,Aleksandar Mitrović
PL-2022,M-2022-02-03,E-2022-02-0005,Leeds United FC ,46',0,Rodrigo
PL-2022,M-2022-02-03,E-2022-02-0006,Leeds United FC ,60',0,Rodrigo
PL-2022,M-2022-02-03,E-2022-02-0007,FC Southampton,72',0,Joe Aribo
PL-2022,M-2022-02-03,E-2022-02-0008,FC Southampton,81',0,Kyle Walker-Peters
PL-2022,M-2022-02-04,E-2022-02-0009,Manchester City FC,19',0,İlkay Gündoğan
PL-2022,M-2022-02-04,E-2022-02-0010,Manchester City FC,31',0,Kevin De Bruyne
PL-2022,M-2022-02-04,E-2022-02-0011,Manchester City FC,37',0,Phil Foden
PL-2022,M-2022-02-04,E-2022-02-0012,Manchester City FC,79',2,Jefferson Lerma
PL-2022,M-2022-02-06,E-2022-02-0013,FC Arsenal,23',0,Gabriel Jesus
PL-2022,M-2022-02-06,E-2022-02-0014,FC Arsenal,35',0,Gabriel Jesus
PL-2022,M-2022-02-06,E-2022-02-0015,Leicester City FC,53',2,William Saliba
PL-2022,M-2022-02-06,E-2022-02-0016,FC Arsenal,55',0,Granit Xhaka
PL-2022,M-2022-02-06,E-2022-02-0017,Leicester City FC,74',0,James Maddison
PL-2022,M-2022-02-06,E-2022-02-0018,FC Arsenal,75',0,Gabriel Martinelli
PL-2022,M-2022-02-07,E-2022-02-0019,Brentford FC,10',0,Josh Dasilva
PL-2022,M-2022-02-07,E-2022-02-0020,Brentford FC,18',0,Mathias Jensen
PL-2022,M-2022-02-07,E-2022-02-0021,Brentford FC,30',0,Ben Mee
PL-2022,M-2022-02-07,E-2022-02-0022,Brentford FC,35',0,Bryan Mbeumo
PL-2022,M-2022-02-08,E-2022-02-0023,Nottingham Forest,45+2',0,Taiwo Awoniyi
PL-2022,M-2022-02-08,E-2022-02-0024,West Ham United,65',-2,Declan Rice
PL-2022,M-2022-02-09,E-2022-02-0025,Chelsea FC,19',0,Kalidou Koulibaly
PL-2022,M-2022-02-09,E-2022-02-0026,Tottenham Hotspur ,68',0,Pierre-Emile Højbjerg
PL-2022,M-2022-02-09,E-2022-02-0027,Chelsea FC,77',0,Reece James
PL-2022,M-2022-02-09,E-2022-02-0028,Tottenham Hotspur ,90+6',0,Harry Kane
PL-2022,M-2022-02-10,E-2022-02-0029,Crystal Palace FC,32',0,Wilfried Zaha
PL-2022,M-2022-02-10,E-2022-02-0030,FC Liverpool,57',-1,Darwin Núñez
PL-2022,M-2022-02-10,E-2022-02-0031,FC Liverpool,61',0,Luis Díaz
PL-2022,M-2022-03-01,E-2022-03-0001,Tottenham Hotspur ,64',0,Harry Kane
PL-2022,M-2022-03-02,E-2022-03-0002,Aston Villa FC,5',0,Ollie Watkins
PL-2022,M-2022-03-02,E-2022-03-0003,Crystal Palace FC,7',0,Wilfried Zaha
PL-2022,M-2022-03-02,E-2022-03-0004,Crystal Palace FC,58',0,Wilfried Zaha
PL-2022,M-2022-03-02,E-2022-03-0005,Crystal Palace FC,58',-2,Wilfried Zaha
PL-2022,M-2022-03-02,E-2022-03-0006,Crystal Palace FC,71',0,Jean-Philippe Mateta
PL-2022,M-2022-03-03,E-2022-03-0007,Nottingham Forest,81',0,Brennan Johnson
PL-2022,M-2022-03-03,E-2022-03-0008,FC Everton,88',0,Demarai Gray
PL-2022,M-2022-03-04,E-2022-03-0009,FC Fulham,1',0,Bobby De Cordova-Reid
PL-2022,M-2022-03-04,E-2022-03-0010,FC Fulham,20',0,João Palhinha
PL-2022,M-2022-03-04,E-2022-03-0011,Brentford FC,44',0,Christian Nørgaard
PL-2022,M-2022-03-04,E-2022-03-0012,Brentford FC,71',0,Ivan Toney
PL-2022,M-2022-03-04,E-2022-03-0013,FC Fulham,90',0,Aleksandar Mitrović
PL-2022,M-2022-03-05,E-2022-03-0014,Leicester City FC,54',0,James Maddison
PL-2022,M-2022-03-05,E-2022-03-0015,FC Southampton,68',0,Ché Adams
PL-2022,M-2022-03-05,E-2022-03-0016,FC Southampton,84',0,Ché Adams
PL-2022,M-2022-03-06,E-2022-03-0017,FC Arsenal,5',0,Martin Ødegaard
PL-2022,M-2022-03-06,E-2022-03-0018,FC Arsenal,11',0,Martin Ødegaard
PL-2022,M-2022-03-06,E-2022-03-0019,FC Arsenal,54',0,William Saliba
PL-2022,M-2022-03-07,E-2022-03-0020,Leeds United FC ,33',0,Brenden Aaronson
PL-2022,M-2022-03-07,E-2022-03-0021,Leeds United FC ,37',0,Rodrigo
PL-2022,M-2022-03-07,E-2022-03-0022,Leeds United FC ,69',0,Jack Harrison
PL-2022,M-2022-03-07,E-2022-03-0023,Chelsea FC,84',-1,Kalidou Koulibaly
PL-2022,M-2022-03-08,E-2022-03-0024,Brighton & Hove Albion,22',1,Alexis Mac Allister
PL-2022,M-2022-03-08,E-2022-03-0025,Brighton & Hove Albion,66',0,Leandro Trossard
PL-2022,M-2022-03-09,E-2022-03-0026,Manchester City FC,5',0,İlkay Gündoğan
PL-2022,M-2022-03-09,E-2022-03-0027,Newcastle United,28',0,Miguel Almirón
PL-2022,M-2022-03-09,E-2022-03-0028,Newcastle United,39',0,Callum Wilson
PL-2022,M-2022-03-09,E-2022-03-0029,Newcastle United,54',0,Kieran Trippier
PL-2022,M-2022-03-09,E-2022-03-0030,Manchester City FC,60',0,Erling Haaland
PL-2022,M-2022-03-09,E-2022-03-0031,Manchester City FC,64',0,Bernardo Silva
PL-2022,M-2022-03-10,E-2022-03-0032,Manchester United FC,16',0,Jadon Sancho
PL-2022,M-2022-03-10,E-2022-03-0033,Manchester United FC,53',0,Marcus Rashford
PL-2022,M-2022-03-10,E-2022-03-0034,FC Liverpool,81',0,Mohamed Salah
PL-2022,M-2022-04-01,E-2022-04-0001,Manchester United FC,55',0,Bruno Fernandes
PL-2022,M-2022-04-02,E-2022-04-0002,FC Everton,24',0,Anthony Gordon
PL-2022,M-2022-04-02,E-2022-04-0003,Brentford FC,84',0,Vitaly Janelt
PL-2022,M-2022-04-03,E-2022-04-0004,Brighton & Hove Albion,66',0,Pascal Groß
PL-2022,M-2022-04-04,E-2022-04-0005,Chelsea FC,28',-1,Conor Gallagher
PL-2022,M-2022-04-04,E-2022-04-0006,Chelsea FC,47',0,Raheem Sterling
PL-2022,M-2022-04-04,E-2022-04-0007,Chelsea FC,63',0,Raheem Sterling
PL-2022,M-2022-04-04,E-2022-04-0008,Leicester City FC,66',0,Harvey Barnes
PL-2022,M-2022-04-05,E-2022-04-0009,FC Liverpool,3',0,Luis Díaz
PL-2022,M-2022-04-05,E-2022-04-0010,FC Liverpool,6',0,Harvey Elliott
PL-2022,M-2022-04-05,E-2022-04-0011,FC Liverpool,28',0,Trent Alexander-Arnold
PL-2022,M-2022-04-05,E-2022-04-0012,FC Liverpool,31',0,Roberto Firmino
PL-2022,M-2022-04-05,E-2022-04-0013,FC Liverpool,45',0,Virgil van Dijk
PL-2022,M-2022-04-05,E-2022-04-0014,FC Liverpool,46',2,Chris Mepham
PL-2022,M-2022-04-05,E-2022-04-0015,FC Liverpool,62',0,Roberto Firmino
PL-2022,M-2022-04-05,E-2022-04-0016,FC Liverpool,80',0,Fábio Carvalho
PL-2022,M-2022-04-05,E-2022-04-0017,FC Liverpool,85',0,Luis Díaz
PL-2022,M-2022-04-06,E-2022-04-0018,Crystal Palace FC,4',2,John Stones
PL-2022,M-2022-04-06,E-2022-04-0019,Crystal Palace FC,21',0,Joachim Andersen
PL-2022,M-2022-04-06,E-2022-04-0020,Manchester City FC,53',0,Bernardo Silva
PL-2022,M-2022-04-06,E-2022-04-0021,Manchester City FC,62',0,Erling Haaland
PL-2022,M-2022-04-06,E-2022-04-0022,Manchester City FC,70',0,Erling Haaland
PL-2022,M-2022-04-06,E-2022-04-0023,Manchester City FC,81',0,Erling Haaland
PL-2022,M-2022-04-07,E-2022-04-0024,FC Fulham,56',0,Aleksandar Mitrović
PL-2022,M-2022-04-07,E-2022-04-0025,FC Arsenal,64',0,Martin Ødegaard
PL-2022,M-2022-04-07,E-2022-04-0026,FC Arsenal,86',0,Gabriel
PL-2022,M-2022-04-08,E-2022-04-0027,West Ham United,74',0,Pablo Fornals
PL-2022,M-2022-04-09,E-2022-04-0028,Wolverhampton Wanderers,38',0,Rúben Neves
PL-2022,M-2022-04-09,E-2022-04-0029,Newcastle United,90',0,Allan Saint-Maximin
PL-2022,M-2022-04-10,E-2022-04-0030,Tottenham Hotspur ,5',0,Harry Kane
PL-2022,M-2022-04-10,E-2022-04-0031,Tottenham Hotspur ,56',-2,Harry Kane
PL-2022,M-2022-04-10,E-2022-04-0032,Tottenham Hotspur ,81',0,Harry Kane
PL-2022,M-2022-05-01,E-2022-05-0001,FC Fulham,48',0,Aleksandar Mitrović
PL-2022,M-2022-05-01,E-2022-05-0002,FC Fulham,55',2,Lewis Dunk
PL-2022,M-2022-05-01,E-2022-05-0003,Brighton & Hove Albion,60',1,Alexis Mac Allister
PL-2022,M-2022-05-02,E-2022-05-0004,Crystal Palace FC,59',0,Wilfried Zaha
PL-2022,M-2022-05-02,E-2022-05-0005,Brentford FC,88',0,Yoane Wissa
PL-2022,M-2022-05-03,E-2022-05-0006,Chelsea FC,23',0,Raheem Sterling
PL-2022,M-2022-05-03,E-2022-05-0007,FC Southampton,28',0,Roméo Lavia
PL-2022,M-2022-05-03,E-2022-05-0008,FC Southampton,45+1',0,Adam Armstrong
PL-2022,M-2022-05-04,E-2022-05-0009,FC Everton,17',0,Anthony Gordon
PL-2022,M-2022-05-04,E-2022-05-0010,Leeds United FC ,55',0,Luis Sinisterra
PL-2022,M-2022-05-06,E-2022-05-0011,FC Arsenal,30',0,Gabriel Jesus
PL-2022,M-2022-05-06,E-2022-05-0012,Aston Villa FC,74',0,Douglas Luiz
PL-2022,M-2022-05-06,E-2022-05-0013,FC Arsenal,77',0,Gabriel Martinelli
PL-2022,M-2022-05-07,E-2022-05-0014,Manchester City FC,12',0,Erling Haaland
PL-2022,M-2022-05-07,E-2022-05-0015,Manchester City FC,23',0,Erling Haaland
PL-2022,M-2022-05-07,E-2022-05-0016,Manchester City FC,38',0,Erling Haaland
PL-2022,M-2022-05-07,E-2022-05-0017,Manchester City FC,50',0,João Cancelo
PL-2022,M-2022-05-07,E-2022-05-0018,Manchester City FC,65',0,Julián Alvarez
PL-2022,M-2022-05-07,E-2022-05-0019,Manchester City FC,87',0,Julián Alvarez
PL-2022,M-2022-05-08,E-2022-05-0020,Tottenham Hotspur ,34',2,Thilo Kehrer
PL-2022,M-2022-05-08,E-2022-05-0021,West Ham United,55',0,Tomáš Souček
PL-2022,M-2022-05-09,E-2022-05-0022,Newcastle United,38',0,Alexander Isak
PL-2022,M-2022-05-09,E-2022-05-0023,FC Liverpool,61',0,Roberto Firmino
PL-2022,M-2022-05-09,E-2022-05-0024,FC Liverpool,90+8',0,Fábio Carvalho
PL-2022,M-2022-05-10,E-2022-05-0025,Manchester United FC,23',0,Jadon Sancho
PL-2022,M-2022-06-02,E-2022-06-0001,Brentford FC,30',1,Ivan Toney
PL-2022,M-2022-06-02,E-2022-06-0002,Brentford FC,43',0,Ivan Toney
PL-2022,M-2022-06-02,E-2022-06-0003,Leeds United FC ,45+1',0,Luis Sinisterra
PL-2022,M-2022-06-02,E-2022-06-0004,Brentford FC,58',0,Ivan Toney
PL-2022,M-2022-06-02,E-2022-06-0005,Leeds United FC ,79',0,Marc Roca
PL-2022,M-2022-06-02,E-2022-06-0006,Brentford FC,80',0,Bryan Mbeumo
PL-2022,M-2022-06-02,E-2022-06-0007,Brentford FC,90+1',0,Yoane Wissa
PL-2022,M-2022-06-03,E-2022-06-0008,West Ham United,62',0,Michail Antonio
PL-2022,M-2022-06-03,E-2022-06-0009,Chelsea FC,76',0,Ben Chilwell
PL-2022,M-2022-06-03,E-2022-06-0010,Chelsea FC,88',0,Kai Havertz
PL-2022,M-2022-06-05,E-2022-06-0011,Nottingham Forest,33',0,Cheikhou Kouyaté
PL-2022,M-2022-06-05,E-2022-06-0012,Nottingham Forest,45+2',1,Brennan Johnson
PL-2022,M-2022-06-05,E-2022-06-0013,AFC Bournemouth,51',0,Philip Billing
PL-2022,M-2022-06-05,E-2022-06-0014,AFC Bournemouth,63',0,Dominic Solanke
PL-2022,M-2022-06-05,E-2022-06-0015,AFC Bournemouth,87',0,Jaidon Anthony
PL-2022,M-2022-06-06,E-2022-06-0016,Tottenham Hotspur ,40',0,Pierre-Emile Højbjerg
PL-2022,M-2022-06-06,E-2022-06-0017,Tottenham Hotspur ,75',0,Harry Kane
PL-2022,M-2022-06-06,E-2022-06-0018,FC Fulham,83',0,Aleksandar Mitrović
PL-2022,M-2022-06-07,E-2022-06-0019,Wolverhampton Wanderers,45+1',0,Daniel Podence
PL-2022,M-2022-06-08,E-2022-06-0020,Manchester City FC,50',0,Erling Haaland
PL-2022,M-2022-06-08,E-2022-06-0021,Aston Villa FC,74',0,Leon Bailey
PL-2022,M-2022-06-09,E-2022-06-0022,Leicester City FC,1',0,Kelechi Iheanacho
PL-2022,M-2022-06-09,E-2022-06-0023,Brighton & Hove Albion,10',2,Luke Thomas
PL-2022,M-2022-06-09,E-2022-06-0024,Brighton & Hove Albion,15',0,Moisés Caicedo
PL-2022,M-2022-06-09,E-2022-06-0025,Leicester City FC,33',0,Patson Daka
PL-2022,M-2022-06-09,E-2022-06-0026,Brighton & Hove Albion,64',0,Leandro Trossard
PL-2022,M-2022-06-09,E-2022-06-0027,Brighton & Hove Albion,71',1,Alexis Mac Allister
PL-2022,M-2022-06-09,E-2022-06-0028,Brighton & Hove Albion,90+7',0,Alexis Mac Allister
PL-2022,M-2022-06-10,E-2022-06-0029,Manchester United FC,35',0,Antony
PL-2022,M-2022-06-10,E-2022-06-0030,FC Arsenal,60',0,Bukayo Saka
PL-2022,M-2022-06-10,E-2022-06-0031,Manchester United FC,66',0,Marcus Rashford
PL-2022,M-2022-06-10,E-2022-06-0032,Manchester United FC,75',0,Marcus Rashford
PL-2022,M-2022-07-01,E-2022-07-0001,FC Fulham,25',0,Willian
PL-2022,M-2022-07-01,E-2022-07-0002,Chelsea FC,47',0,Kalidou Koulibaly
PL-2022,M-2022-07-01,E-2022-07-0003,Chelsea FC,58',-1,João Félix
PL-2022,M-2022-07-01,E-2022-07-0004,FC Fulham,73',0,Carlos Vinícius
PL-2022,M-2022-07-02,E-2022-07-0005,Manchester United FC,43',0,Bruno Fernandes
PL-2022,M-2022-07-02,E-2022-07-0006,Crystal Palace FC,90+1',0,Michael Olise
PL-2022,M-2022-07-03,E-2022-07-0007,Tottenham Hotspur ,44',0,Dejan Kulusevski
PL-2022,M-2022-07-03,E-2022-07-0008,Tottenham Hotspur ,45+2',0,Emerson Royal
PL-2022,M-2022-07-03,E-2022-07-0009,Manchester City FC,51',0,Julián Alvarez
PL-2022,M-2022-07-03,E-2022-07-0010,Manchester City FC,53',0,Erling Haaland
PL-2022,M-2022-07-03,E-2022-07-0011,Manchester City FC,63',0,Riyad Mahrez
PL-2022,M-2022-07-03,E-2022-07-0012,Manchester City FC,90',0,Riyad Mahrez
PL-2022,M-2022-07-04,E-2022-07-0013,FC Arsenal,40',0,Bukayo Saka
PL-2022,M-2022-07-04,E-2022-07-0014,FC Arsenal,45+1',0,Gabriel Martinelli
PL-2022,M-2022-07-04,E-2022-07-0015,FC Arsenal,71',0,Martin Ødegaard
PL-2022,M-2022-07-04,E-2022-07-0016,FC Arsenal,80',0,Gabriel Martinelli
PL-2022,M-2022-07-05,E-2022-07-0017,FC Liverpool,73',0,Virgil van Dijk
PL-2022,M-2022-07-05,E-2022-07-0018,FC Liverpool,77',0,Mohamed Salah
PL-2022,M-2022-07-06,E-2022-07-0019,Brentford FC,32',0,Ivan Toney
PL-2022,M-2022-07-06,E-2022-07-0020,Brentford FC,90+7',0,Yoane Wissa
PL-2022,M-2022-07-07,E-2022-07-0021,Brighton & Hove Albion,27',0,Evan Ferguson
PL-2022,M-2022-07-07,E-2022-07-0022,Brighton & Hove Albion,90+1',0,Julio Enciso
PL-2022,M-2022-07-08,E-2022-07-0023,Nottingham Forest,12',0,Orel Mangala
PL-2022,M-2022-07-08,E-2022-07-0024,Leeds United FC ,20',0,Jack Harrison
PL-2022,M-2022-07-08,E-2022-07-0025,Leeds United FC ,45+1',0,Luis Sinisterra
PL-2022,M-2022-07-09,E-2022-07-0026,Aston Villa FC,24',0,Ollie Watkins
PL-2022,M-2022-07-09,E-2022-07-0027,Leicester City FC,35',0,Harvey Barnes
PL-2022,M-2022-07-09,E-2022-07-0028,Leicester City FC,70',-1,Kiernan Dewsbury-Hall
PL-2022,M-2022-07-09,E-2022-07-0029,Aston Villa FC,87',0,Bertrand Traoré
PL-2022,M-2022-07-10,E-2022-07-0030,Newcastle United,6',0,Callum Wilson
PL-2022,M-2022-07-10,E-2022-07-0031,Newcastle United,13',0,Joelinton
PL-2022,M-2022-07-10,E-2022-07-0032,West Ham United,40',0,Kurt Zouma
PL-2022,M-2022-07-10,E-2022-07-0033,Newcastle United,46',0,Callum Wilson
PL-2022,M-2022-07-10,E-2022-07-0034,Newcastle United,82',0,Alexander Isak
PL-2022,M-2022-07-10,E-2022-07-0035,Newcastle United,90',0,Joelinton
PL-2022,M-2022-08-01,E-2022-08-0001,Aston Villa FC,41',0,Jacob Ramsey
PL-2022,M-2022-08-02,E-2022-08-0002,Nottingham Forest,11',0,Taiwo Awoniyi
PL-2022,M-2022-08-02,E-2022-08-0003,FC Fulham,54',0,Tosin Adarabioyo
PL-2022,M-2022-08-02,E-2022-08-0004,FC Fulham,57',0,João Palhinha
PL-2022,M-2022-08-02,E-2022-08-0005,FC Fulham,60',0,Harrison Reed
PL-2022,M-2022-08-02,E-2022-08-0006,Nottingham Forest,77',0,Lewis O'Brien
PL-2022,M-2022-08-03,E-2022-08-0007,Manchester City FC,1',0,Jack Grealish
PL-2022,M-2022-08-03,E-2022-08-0008,Manchester City FC,16',0,Erling Haaland
PL-2022,M-2022-08-03,E-2022-08-0009,Wolverhampton Wanderers,33',-1,Nathan Collins
PL-2022,M-2022-08-03,E-2022-08-0010,Manchester City FC,69',0,Phil Foden
PL-2022,M-2022-08-04,E-2022-08-0011,AFC Bournemouth,62',0,Philip Billing
PL-2022,M-2022-08-04,E-2022-08-0012,Newcastle United,67',1,Alexander Isak
PL-2022,M-2022-08-05,E-2022-08-0013,Leicester City FC,6',1,Youri Tielemans
PL-2022,M-2022-08-05,E-2022-08-0014,Tottenham Hotspur ,8',0,Harry Kane
PL-2022,M-2022-08-05,E-2022-08-0015,Tottenham Hotspur ,21',0,Eric Dier
PL-2022,M-2022-08-05,E-2022-08-0016,Leicester City FC,41',0,James Maddison
PL-2022,M-2022-08-05,E-2022-08-0017,Tottenham Hotspur ,47',0,Rodrigo Bentancur
PL-2022,M-2022-08-05,E-2022-08-0018,Tottenham Hotspur ,73',0,Heung-min Son
PL-2022,M-2022-08-05,E-2022-08-0019,Tottenham Hotspur ,84',0,Heung-min Son
PL-2022,M-2022-08-05,E-2022-08-0020,Tottenham Hotspur ,86',0,Heung-min Son
PL-2022,M-2022-08-06,E-2022-08-0021,FC Arsenal,17',0,William Saliba
PL-2022,M-2022-08-06,E-2022-08-0022,FC Arsenal,28',0,Gabriel Jesus
PL-2022,M-2022-08-06,E-2022-08-0023,FC Arsenal,49',0,Fábio Vieira
PL-2022,M-2022-08-07,E-2022-08-0024,FC Everton,53',0,Neal Maupay
PL-2022,M-2022-08-08,E-2022-08-0025,Leeds United FC ,1',0,Wilfried Gnonto
PL-2022,M-2022-08-08,E-2022-08-0026,Leeds United FC ,48',2,Raphaël Varane
PL-2022,M-2022-08-08,E-2022-08-0027,Manchester United FC,62',0,Marcus Rashford
PL-2022,M-2022-08-08,E-2022-08-0028,Manchester United FC,70',0,Jadon Sancho
PL-2022,M-2022-08-09,E-2022-08-0029,Brighton & Hove Albion,15',0,Solly March
PL-2022,M-2022-09-01,E-2022-09-0001,FC Arsenal,20',0,Thomas Partey
PL-2022,M-2022-09-01,E-2022-09-0002,Tottenham Hotspur ,31',1,Harry Kane
PL-2022,M-2022-09-01,E-2022-09-0003,FC Arsenal,49',0,Gabriel Jesus
PL-2022,M-2022-09-01,E-2022-09-0004,Tottenham Hotspur ,62',-1,Emerson Royal
PL-2022,M-2022-09-01,E-2022-09-0005,FC Arsenal,67',0,Granit Xhaka
PL-2022,M-2022-09-03,E-2022-09-0006,Crystal Palace FC,7',0,Odsonne Édouard
PL-2022,M-2022-09-03,E-2022-09-0007,Chelsea FC,38',0,Pierre-Emerick Aubameyang
PL-2022,M-2022-09-03,E-2022-09-0008,Chelsea FC,90',0,Conor Gallagher
PL-2022,M-2022-09-04,E-2022-09-0009,FC Fulham,8',-1,Nathaniel Chalobah
PL-2022,M-2022-09-04,E-2022-09-0010,Newcastle United,11',0,Callum Wilson
PL-2022,M-2022-09-04,E-2022-09-0011,Newcastle United,33',0,Miguel Almirón
PL-2022,M-2022-09-04,E-2022-09-0012,Newcastle United,43',0,Sean Longstaff
PL-2022,M-2022-09-04,E-2022-09-0013,Newcastle United,57',0,Miguel Almirón
PL-2022,M-2022-09-04,E-2022-09-0014,FC Fulham,88',0,Bobby De Cordova-Reid
PL-2022,M-2022-09-05,E-2022-09-0015,Brighton & Hove Albion,4',0,Leandro Trossard
PL-2022,M-2022-09-05,E-2022-09-0016,Brighton & Hove Albion,17',0,Leandro Trossard
PL-2022,M-2022-09-05,E-2022-09-0017,FC Liverpool,33',0,Roberto Firmino
PL-2022,M-2022-09-05,E-2022-09-0018,FC Liverpool,54',0,Roberto Firmino
PL-2022,M-2022-09-05,E-2022-09-0019,FC Liverpool,63',2,Adam Webster
PL-2022,M-2022-09-05,E-2022-09-0020,Brighton & Hove Albion,83',0,Leandro Trossard
PL-2022,M-2022-09-06,E-2022-09-0021,FC Southampton,49',0,Joe Aribo
PL-2022,M-2022-09-06,E-2022-09-0022,FC Everton,52',0,Conor Coady
PL-2022,M-2022-09-06,E-2022-09-0023,FC Everton,54',0,Dwight McNeil
PL-2022,M-2022-09-07,E-2022-09-0024,West Ham United,29',0,Gianluca Scamacca
PL-2022,M-2022-09-07,E-2022-09-0025,West Ham United,54',0,Jarrod Bowen
PL-2022,M-2022-09-08,E-2022-09-0026,Manchester City FC,8',0,Phil Foden
PL-2022,M-2022-09-08,E-2022-09-0027,Manchester City FC,34',0,Erling Haaland
PL-2022,M-2022-09-08,E-2022-09-0028,Manchester City FC,37',0,Erling Haaland
PL-2022,M-2022-09-08,E-2022-09-0029,Manchester City FC,44',0,Phil Foden
PL-2022,M-2022-09-08,E-2022-09-0030,Manchester United FC,56',0,Antony
PL-2022,M-2022-09-08,E-2022-09-0031,Manchester City FC,64',0,Erling Haaland
PL-2022,M-2022-09-08,E-2022-09-0032,Manchester City FC,73',0,Phil Foden
PL-2022,M-2022-09-08,E-2022-09-0033,Manchester United FC,84',0,Anthony Martial
PL-2022,M-2022-09-08,E-2022-09-0034,Manchester United FC,90+1',1,Anthony Martial
PL-2022,M-2022-09-09,E-2022-09-0035,Leeds United FC ,48',-1,Luis Sinisterra
PL-2022,M-2022-09-10,E-2022-09-0036,Leicester City FC,25',0,James Maddison
PL-2022,M-2022-09-10,E-2022-09-0037,Leicester City FC,27',0,Harvey Barnes
PL-2022,M-2022-09-10,E-2022-09-0038,Leicester City FC,35',0,James Maddison
PL-2022,M-2022-09-10,E-2022-09-0039,Leicester City FC,73',0,Patson Daka
PL-2022,M-2022-10-01,E-2022-10-0001,Leicester City FC,10',0,Patson Daka
PL-2022,M-2022-10-01,E-2022-10-0002,AFC Bournemouth,67',0,Philip Billing
PL-2022,M-2022-10-01,E-2022-10-0003,AFC Bournemouth,71',0,Ryan Christie
PL-2022,M-2022-10-02,E-2022-10-0004,Chelsea FC,45+3',0,Kai Havertz
PL-2022,M-2022-10-02,E-2022-10-0005,Chelsea FC,54',0,Christian Pulisic
PL-2022,M-2022-10-02,E-2022-10-0006,Chelsea FC,89',0,Armando Broja
PL-2022,M-2022-10-03,E-2022-10-0007,Manchester City FC,20',0,João Cancelo
PL-2022,M-2022-10-03,E-2022-10-0008,Manchester City FC,32',0,Phil Foden
PL-2022,M-2022-10-03,E-2022-10-0009,Manchester City FC,49',0,Riyad Mahrez
PL-2022,M-2022-10-03,E-2022-10-0010,Manchester City FC,65',0,Erling Haaland
PL-2022,M-2022-10-04,E-2022-10-0011,Newcastle United,21',0,Bruno Guimarães
PL-2022,M-2022-10-04,E-2022-10-0012,Newcastle United,28',0,Jacob Murphy
PL-2022,M-2022-10-04,E-2022-10-0013,Brentford FC,54',1,Ivan Toney
PL-2022,M-2022-10-04,E-2022-10-0014,Newcastle United,56',0,Bruno Guimarães
PL-2022,M-2022-10-04,E-2022-10-0015,Newcastle United,82',0,Miguel Almirón
PL-2022,M-2022-10-04,E-2022-10-0016,Newcastle United,90',2,Ethan Pinnock
PL-2022,M-2022-10-05,E-2022-10-0017,Tottenham Hotspur ,22',0,Harry Kane
PL-2022,M-2022-10-06,E-2022-10-0018,Leeds United FC ,10',0,Pascal Struijk
PL-2022,M-2022-10-06,E-2022-10-0019,Crystal Palace FC,24',0,Odsonne Édouard
PL-2022,M-2022-10-06,E-2022-10-0020,Crystal Palace FC,76',0,Eberechi Eze
PL-2022,M-2022-10-07,E-2022-10-0021,FC Fulham,5',0,Andreas Pereira
PL-2022,M-2022-10-07,E-2022-10-0022,West Ham United,29',1,Jarrod Bowen
PL-2022,M-2022-10-07,E-2022-10-0023,West Ham United,62',0,Gianluca Scamacca
PL-2022,M-2022-10-07,E-2022-10-0024,West Ham United,90+1',0,Michail Antonio
PL-2022,M-2022-10-08,E-2022-10-0025,FC Arsenal,1',0,Gabriel Martinelli
PL-2022,M-2022-10-08,E-2022-10-0026,FC Liverpool,34',0,Darwin Núñez
PL-2022,M-2022-10-08,E-2022-10-0027,FC Arsenal,45+5',0,Bukayo Saka
PL-2022,M-2022-10-08,E-2022-10-0028,FC Liverpool,53',0,Roberto Firmino
PL-2022,M-2022-10-08,E-2022-10-0029,FC Arsenal,76',1,Bukayo Saka
PL-2022,M-2022-10-09,E-2022-10-0030,FC Everton,5',0,Alex Iwobi
PL-2022,M-2022-10-09,E-2022-10-0031,Manchester United FC,15',0,Antony
PL-2022,M-2022-10-09,E-2022-10-0032,Manchester United FC,44',0,Cristiano Ronaldo
PL-2022,M-2022-10-10,E-2022-10-0033,Nottingham Forest,15',0,Emmanuel Dennis
PL-2022,M-2022-10-10,E-2022-10-0034,Aston Villa FC,22',0,Ashley Young
PL-2022,M-2022-11-01,E-2022-11-0001,Brentford FC,27',0,Ivan Toney
PL-2022,M-2022-11-01,E-2022-11-0002,Brentford FC,64',1,Ivan Toney
PL-2022,M-2022-11-03,E-2022-11-0003,AFC Bournemouth,2',0,Dominic Solanke
PL-2022,M-2022-11-03,E-2022-11-0004,FC Fulham,22',0,Issa Diop
PL-2022,M-2022-11-03,E-2022-11-0005,AFC Bournemouth,29',0,Jefferson Lerma
PL-2022,M-2022-11-03,E-2022-11-0006,FC Fulham,52',1,Aleksandar Mitrović
PL-2022,M-2022-11-04,E-2022-11-0007,Wolverhampton Wanderers,56',1,Rúben Neves
PL-2022,M-2022-11-04,E-2022-11-0008,Nottingham Forest,79',-2,Brennan Johnson
PL-2022,M-2022-11-05,E-2022-11-0009,Tottenham Hotspur ,59',1,Harry Kane
PL-2022,M-2022-11-05,E-2022-11-0010,Tottenham Hotspur ,86',0,Pierre-Emile Højbjerg
PL-2022,M-2022-11-06,E-2022-11-0011,Chelsea FC,6',0,Mason Mount
PL-2022,M-2022-11-06,E-2022-11-0012,Chelsea FC,65',0,Mason Mount
PL-2022,M-2022-11-07,E-2022-11-0013,FC Arsenal,35',0,Bukayo Saka
PL-2022,M-2022-11-07,E-2022-11-0014,Leeds United FC ,64',-2,Patrick Bamford
PL-2022,M-2022-11-09,E-2022-11-0015,FC Southampton,20',0,Romain Perraud
PL-2022,M-2022-11-09,E-2022-11-0016,West Ham United,64',0,Declan Rice
PL-2022,M-2022-11-10,E-2022-11-0017,FC Liverpool,76',0,Mohamed Salah
PL-2022,M-2022-12-02,E-2022-12-0001,Wolverhampton Wanderers,31',0,Adama Traoré
PL-2022,M-2022-12-02,E-2022-12-0002,Crystal Palace FC,47',0,Eberechi Eze
PL-2022,M-2022-12-02,E-2022-12-0003,Crystal Palace FC,70',0,Wilfried Zaha
PL-2022,M-2022-12-03,E-2022-12-0004,FC Southampton,9',0,Ché Adams
PL-2022,M-2022-12-05,E-2022-12-0005,Newcastle United,31',0,Miguel Almirón
PL-2022,M-2022-12-06,E-2022-12-0006,FC Liverpool,22',0,Darwin Núñez
PL-2022,M-2022-12-06,E-2022-12-0007,West Ham United,45',-2,Jarrod Bowen
PL-2022,M-2022-12-07,E-2022-12-0008,Manchester United FC,47',0,Fred
PL-2022,M-2022-12-07,E-2022-12-0009,Manchester United FC,69',0,Bruno Fernandes
PL-2022,M-2022-12-08,E-2022-12-0010,FC Fulham,36',0,Harrison Reed
PL-2022,M-2022-12-08,E-2022-12-0011,Aston Villa FC,62',-1,Douglas Luiz
PL-2022,M-2022-12-08,E-2022-12-0012,FC Fulham,68',1,Aleksandar Mitrović
PL-2022,M-2022-12-08,E-2022-12-0013,FC Fulham,83',2,Tyrone Mings
PL-2022,M-2022-12-09,E-2022-12-0014,Leicester City FC,16',2,Robin Koch
PL-2022,M-2022-12-09,E-2022-12-0015,Leicester City FC,35',0,Harvey Barnes
PL-2022,M-2022-12-10,E-2022-12-0016,Manchester City FC,24',0,Kevin De Bruyne
PL-2022,M-2022-12-10,E-2022-12-0017,FC Arsenal,42',1,Bukayo Saka
PL-2022,M-2022-12-10,E-2022-12-0018,Manchester City FC,72',0,Jack Grealish
PL-2022,M-2022-12-10,E-2022-12-0019,Manchester City FC,82',0,Erling Haaland
PL-2022,M-2022-13-01,E-2022-13-0001,Nottingham Forest,55',0,Taiwo Awoniyi
PL-2022,M-2022-13-02,E-2022-13-0002,FC Everton,11',0,Dominic Calvert-Lewin
PL-2022,M-2022-13-02,E-2022-13-0003,FC Everton,63',0,Anthony Gordon
PL-2022,M-2022-13-02,E-2022-13-0004,FC Everton,84',0,Dwight McNeil
PL-2022,M-2022-13-03,E-2022-13-0005,Manchester City FC,22',0,Erling Haaland
PL-2022,M-2022-13-03,E-2022-13-0006,Manchester City FC,43',1,Erling Haaland
PL-2022,M-2022-13-03,E-2022-13-0007,Brighton & Hove Albion,53',0,Leandro Trossard
PL-2022,M-2022-13-03,E-2022-13-0008,Manchester City FC,75',0,Kevin De Bruyne
PL-2022,M-2022-13-04,E-2022-13-0009,Chelsea FC,87',1,Jorginho
PL-2022,M-2022-13-04,E-2022-13-0010,Manchester United FC,90+4',0,Casemiro
PL-2022,M-2022-13-05,E-2022-13-0011,Aston Villa FC,2',0,Leon Bailey
PL-2022,M-2022-13-05,E-2022-13-0012,Aston Villa FC,7',0,Danny Ings
PL-2022,M-2022-13-05,E-2022-13-0013,Aston Villa FC,14',1,Danny Ings
PL-2022,M-2022-13-05,E-2022-13-0014,Aston Villa FC,59',0,Ollie Watkins
PL-2022,M-2022-13-06,E-2022-13-0015,Leeds United FC ,20',0,Rodrigo
PL-2022,M-2022-13-06,E-2022-13-0016,FC Fulham,26',0,Aleksandar Mitrović
PL-2022,M-2022-13-06,E-2022-13-0017,FC Fulham,74',0,Bobby De Cordova-Reid
PL-2022,M-2022-13-06,E-2022-13-0018,FC Fulham,84',0,Willian
PL-2022,M-2022-13-06,E-2022-13-0019,Leeds United FC ,90+1',0,Crysencio Summerville
PL-2022,M-2022-13-07,E-2022-13-0020,FC Arsenal,11',0,Granit Xhaka
PL-2022,M-2022-13-07,E-2022-13-0021,FC Southampton,65',0,Stuart Armstrong
PL-2022,M-2022-13-08,E-2022-13-0022,Leicester City FC,8',0,Youri Tielemans
PL-2022,M-2022-13-08,E-2022-13-0023,Leicester City FC,19',0,Harvey Barnes
PL-2022,M-2022-13-08,E-2022-13-0024,Leicester City FC,65',0,James Maddison
PL-2022,M-2022-13-08,E-2022-13-0025,Leicester City FC,79',0,Jamie Vardy
PL-2022,M-2022-13-09,E-2022-13-0026,Newcastle United,31',0,Callum Wilson
PL-2022,M-2022-13-09,E-2022-13-0027,Newcastle United,40',0,Miguel Almirón
PL-2022,M-2022-13-09,E-2022-13-0028,Tottenham Hotspur ,54',0,Harry Kane
PL-2022,M-2022-13-10,E-2022-13-0029,West Ham United,45',0,Kurt Zouma
PL-2022,M-2022-13-10,E-2022-13-0030,West Ham United,90+2',1,Saïd Benrahma
PL-2022,M-2022-14-01,E-2022-14-0001,Manchester City FC,49',0,Kevin De Bruyne
PL-2022,M-2022-14-02,E-2022-14-0002,AFC Bournemouth,22',0,Kieffer Moore
PL-2022,M-2022-14-02,E-2022-14-0003,AFC Bournemouth,49',0,Kieffer Moore
PL-2022,M-2022-14-02,E-2022-14-0004,Tottenham Hotspur ,57',0,Ryan Sessegnon
PL-2022,M-2022-14-02,E-2022-14-0005,Tottenham Hotspur ,73',0,Ben Davies
PL-2022,M-2022-14-02,E-2022-14-0006,Tottenham Hotspur ,90+2',0,Rodrigo Bentancur
PL-2022,M-2022-14-03,E-2022-14-0007,Brentford FC,50',0,Ben Mee
PL-2022,M-2022-14-03,E-2022-14-0008,Wolverhampton Wanderers,52',0,Rúben Neves
PL-2022,M-2022-14-03,E-2022-14-0009,Wolverhampton Wanderers,90+7',-1,Diego Costa
PL-2022,M-2022-14-04,E-2022-14-0010,Brighton & Hove Albion,5',0,Leandro Trossard
PL-2022,M-2022-14-04,E-2022-14-0011,Brighton & Hove Albion,14',2,Ruben Loftus-Cheek
PL-2022,M-2022-14-04,E-2022-14-0012,Brighton & Hove Albion,42',2,Trevoh Chalobah
PL-2022,M-2022-14-04,E-2022-14-0013,Chelsea FC,48',0,Kai Havertz
PL-2022,M-2022-14-04,E-2022-14-0014,Brighton & Hove Albion,90+2',0,Pascal Groß
PL-2022,M-2022-14-05,E-2022-14-0015,Crystal Palace FC,38',0,Odsonne Édouard
PL-2022,M-2022-14-06,E-2022-14-0016,Newcastle United,45+6',1,Callum Wilson
PL-2022,M-2022-14-06,E-2022-14-0017,Newcastle United,56',0,Callum Wilson
PL-2022,M-2022-14-06,E-2022-14-0018,Newcastle United,59',0,Joelinton
PL-2022,M-2022-14-06,E-2022-14-0019,Newcastle United,67',0,Miguel Almirón
PL-2022,M-2022-14-08,E-2022-14-0020,Leeds United FC ,4',0,Rodrigo
PL-2022,M-2022-14-08,E-2022-14-0021,FC Liverpool,14',0,Mohamed Salah
PL-2022,M-2022-14-08,E-2022-14-0022,Leeds United FC ,89',0,Crysencio Summerville
PL-2022,M-2022-14-09,E-2022-14-0023,FC Arsenal,5',0,Gabriel Martinelli
PL-2022,M-2022-14-09,E-2022-14-0024,FC Arsenal,49',0,Reiss Nelson
PL-2022,M-2022-14-09,E-2022-14-0025,FC Arsenal,52',0,Reiss Nelson
PL-2022,M-2022-14-09,E-2022-14-0026,FC Arsenal,57',0,Thomas Partey
PL-2022,M-2022-14-09,E-2022-14-0027,FC Arsenal,78',0,Martin Ødegaard
PL-2022,M-2022-14-10,E-2022-14-0028,Manchester United FC,38',0,Marcus Rashford
PL-2022,M-2022-15-01,E-2022-15-0001,Leeds United FC ,3',1,Rodrigo
PL-2022,M-2022-15-01,E-2022-15-0002,AFC Bournemouth,7',0,Marcus Tavernier
PL-2022,M-2022-15-01,E-2022-15-0003,AFC Bournemouth,19',0,Philip Billing
PL-2022,M-2022-15-01,E-2022-15-0004,AFC Bournemouth,48',0,Dominic Solanke
PL-2022,M-2022-15-01,E-2022-15-0005,Leeds United FC ,60',0,Sam Greenwood
PL-2022,M-2022-15-01,E-2022-15-0006,Leeds United FC ,68',0,Liam Cooper
PL-2022,M-2022-15-01,E-2022-15-0007,Leeds United FC ,84',0,Crysencio Summerville
PL-2022,M-2022-15-02,E-2022-15-0008,Manchester City FC,16',0,Julián Alvarez
PL-2022,M-2022-15-02,E-2022-15-0009,Manchester City FC,26',-1,João Cancelo
PL-2022,M-2022-15-02,E-2022-15-0010,FC Fulham,28',1,Andreas Pereira
PL-2022,M-2022-15-02,E-2022-15-0011,Manchester City FC,90+5',1,Erling Haaland
PL-2022,M-2022-15-03,E-2022-15-0012,Nottingham Forest,20',0,Morgan Gibbs-White
PL-2022,M-2022-15-03,E-2022-15-0013,Brentford FC,45+3',1,Bryan Mbeumo
PL-2022,M-2022-15-03,E-2022-15-0014,Brentford FC,75',0,Yoane Wissa
PL-2022,M-2022-15-03,E-2022-15-0015,Nottingham Forest,90+6',2,Zanka
PL-2022,M-2022-15-04,E-2022-15-0016,Brighton & Hove Albion,10',0,Adam Lallana
PL-2022,M-2022-15-04,E-2022-15-0017,Wolverhampton Wanderers,12',0,Gonçalo Guedes
PL-2022,M-2022-15-04,E-2022-15-0018,Wolverhampton Wanderers,35',1,Rúben Neves
PL-2022,M-2022-15-04,E-2022-15-0019,Brighton & Hove Albion,44',0,Kaoru Mitoma
PL-2022,M-2022-15-04,E-2022-15-0020,Wolverhampton Wanderers,45+5',-1,Nélson Semedo
PL-2022,M-2022-15-04,E-2022-15-0021,Brighton & Hove Albion,83',0,Pascal Groß
PL-2022,M-2022-15-05,E-2022-15-0022,Leicester City FC,45',0,Youri Tielemans
PL-2022,M-2022-15-05,E-2022-15-0023,Leicester City FC,86',0,Harvey Barnes
PL-2022,M-2022-15-06,E-2022-15-0024,FC Arsenal,63',0,Gabriel
PL-2022,M-2022-15-07,E-2022-15-0025,Aston Villa FC,7',0,Leon Bailey
PL-2022,M-2022-15-07,E-2022-15-0026,Aston Villa FC,11',0,Lucas Digne
PL-2022,M-2022-15-07,E-2022-15-0027,Manchester United FC,45',2,Jacob Ramsey
PL-2022,M-2022-15-07,E-2022-15-0028,Aston Villa FC,49',0,Jacob Ramsey
PL-2022,M-2022-15-08,E-2022-15-0029,Newcastle United,35',0,Miguel Almirón
PL-2022,M-2022-15-08,E-2022-15-0030,Newcastle United,58',0,Chris Wood
PL-2022,M-2022-15-08,E-2022-15-0031,Newcastle United,62',0,Joe Willock
PL-2022,M-2022-15-08,E-2022-15-0032,FC Southampton,89',0,Romain Perraud
PL-2022,M-2022-15-08,E-2022-15-0033,Newcastle United,90+1',0,Bruno Guimarães
PL-2022,M-2022-15-09,E-2022-15-0034,West Ham United,20',0,Saïd Benrahma
PL-2022,M-2022-15-09,E-2022-15-0035,Crystal Palace FC,41',0,Wilfried Zaha
PL-2022,M-2022-15-09,E-2022-15-0036,Crystal Palace FC,90+4',0,Michael Olise
PL-2022,M-2022-15-10,E-2022-15-0037,FC Liverpool,11',0,Mohamed Salah
PL-2022,M-2022-15-10,E-2022-15-0038,FC Liverpool,40',0,Mohamed Salah
PL-2022,M-2022-15-10,E-2022-15-0039,Tottenham Hotspur ,70',0,Harry Kane
PL-2022,M-2022-16-01,E-2022-16-0001,Brentford FC,16',0,Ivan Toney
PL-2022,M-2022-16-01,E-2022-16-0002,Manchester City FC,45+1',0,Phil Foden
PL-2022,M-2022-16-01,E-2022-16-0003,Brentford FC,90+8',0,Ivan Toney
PL-2022,M-2022-16-02,E-2022-16-0004,AFC Bournemouth,18',0,Marcus Tavernier
PL-2022,M-2022-16-02,E-2022-16-0005,AFC Bournemouth,25',0,Kieffer Moore
PL-2022,M-2022-16-02,E-2022-16-0006,AFC Bournemouth,69',0,Jaidon Anthony
PL-2022,M-2022-16-03,E-2022-16-0007,FC Liverpool,6',0,Roberto Firmino
PL-2022,M-2022-16-03,E-2022-16-0008,FC Southampton,9',0,Ché Adams
PL-2022,M-2022-16-03,E-2022-16-0009,FC Liverpool,21',0,Darwin Núñez
PL-2022,M-2022-16-03,E-2022-16-0010,FC Liverpool,42',0,Darwin Núñez
PL-2022,M-2022-16-04,E-2022-16-0011,Crystal Palace FC,41',-2,Wilfried Zaha
PL-2022,M-2022-16-04,E-2022-16-0012,Nottingham Forest,54',0,Morgan Gibbs-White
PL-2022,M-2022-16-05,E-2022-16-0013,Leeds United FC ,10',0,Crysencio Summerville
PL-2022,M-2022-16-05,E-2022-16-0014,Tottenham Hotspur ,25',0,Harry Kane
PL-2022,M-2022-16-05,E-2022-16-0015,Leeds United FC ,43',0,Rodrigo
PL-2022,M-2022-16-05,E-2022-16-0016,Tottenham Hotspur ,51',0,Ben Davies
PL-2022,M-2022-16-05,E-2022-16-0017,Leeds United FC ,76',0,Rodrigo
PL-2022,M-2022-16-05,E-2022-16-0018,Tottenham Hotspur ,81',0,Rodrigo Bentancur
PL-2022,M-2022-16-05,E-2022-16-0019,Tottenham Hotspur ,83',0,Rodrigo Bentancur
PL-2022,M-2022-16-05,E-2022-16-0020,Leeds United FC ,87',-1,Tyler Adams
PL-2022,M-2022-16-06,E-2022-16-0021,Leicester City FC,8',0,James Maddison
PL-2022,M-2022-16-06,E-2022-16-0022,Leicester City FC,42',-2,Youri Tielemans
PL-2022,M-2022-16-06,E-2022-16-0023,Leicester City FC,78',0,Harvey Barnes
PL-2022,M-2022-16-07,E-2022-16-0024,Newcastle United,67',0,Joe Willock
PL-2022,M-2022-16-08,E-2022-16-0025,FC Arsenal,55',0,Martin Ødegaard
PL-2022,M-2022-16-08,E-2022-16-0026,FC Arsenal,75',0,Martin Ødegaard
PL-2022,M-2022-16-09,E-2022-16-0027,Brighton & Hove Albion,1',0,Alexis Mac Allister
PL-2022,M-2022-16-09,E-2022-16-0028,Aston Villa FC,20',1,Danny Ings
PL-2022,M-2022-16-09,E-2022-16-0029,Aston Villa FC,54',0,Danny Ings
PL-2022,M-2022-16-10,E-2022-16-0030,Manchester United FC,14',0,Christian Eriksen
PL-2022,M-2022-16-10,E-2022-16-0031,FC Fulham,61',0,Daniel James
PL-2022,M-2022-16-10,E-2022-16-0032,Manchester United FC,90+3',0,Alejandro Garnacho
PL-2022,M-2022-17-01,E-2022-17-0001,Brentford FC,15',0,Vitaly Janelt
PL-2022,M-2022-17-01,E-2022-17-0002,Brentford FC,54',0,Ivan Toney
PL-2022,M-2022-17-01,E-2022-17-0003,Tottenham Hotspur ,65',0,Harry Kane
PL-2022,M-2022-17-01,E-2022-17-0004,Tottenham Hotspur ,71',0,Pierre-Emile Højbjerg
PL-2022,M-2022-17-02,E-2022-17-0005,FC Fulham,31',0,Bobby De Cordova-Reid
PL-2022,M-2022-17-02,E-2022-17-0006,Crystal Palace FC,34',-1,Tyrick Mitchell
PL-2022,M-2022-17-02,E-2022-17-0007,Crystal Palace FC,57',-1,James Tomkins
PL-2022,M-2022-17-02,E-2022-17-0008,FC Fulham,71',0,Tim Ream
PL-2022,M-2022-17-02,E-2022-17-0009,FC Fulham,80',0,Aleksandar Mitrović
PL-2022,M-2022-17-03,E-2022-17-0010,FC Everton,7',0,Yerry Mina
PL-2022,M-2022-17-03,E-2022-17-0011,Wolverhampton Wanderers,22',0,Daniel Podence
PL-2022,M-2022-17-03,E-2022-17-0012,Wolverhampton Wanderers,90+5',0,Rayan Aït-Nouri
PL-2022,M-2022-17-04,E-2022-17-0013,Newcastle United,3',1,Chris Wood
PL-2022,M-2022-17-04,E-2022-17-0014,Newcastle United,7',0,Miguel Almirón
PL-2022,M-2022-17-04,E-2022-17-0015,Newcastle United,32',0,Joelinton
PL-2022,M-2022-17-05,E-2022-17-0016,Brighton & Hove Albion,14',0,Adam Lallana
PL-2022,M-2022-17-05,E-2022-17-0017,Brighton & Hove Albion,35',2,Romain Perraud
PL-2022,M-2022-17-05,E-2022-17-0018,Brighton & Hove Albion,56',0,Solly March
PL-2022,M-2022-17-05,E-2022-17-0019,FC Southampton,73',0,James Ward-Prowse
PL-2022,M-2022-17-05,E-2022-17-0020,FC Southampton,73',-2,James Ward-Prowse
PL-2022,M-2022-17-06,E-2022-17-0021,FC Liverpool,5',0,Mohamed Salah
PL-2022,M-2022-17-06,E-2022-17-0022,FC Liverpool,37',0,Virgil van Dijk
PL-2022,M-2022-17-06,E-2022-17-0023,Aston Villa FC,59',0,Ollie Watkins
PL-2022,M-2022-17-06,E-2022-17-0024,FC Liverpool,81',0,Stefan Bajcetic
PL-2022,M-2022-17-07,E-2022-17-0025,West Ham United,27',1,Saïd Benrahma
PL-2022,M-2022-17-07,E-2022-17-0026,FC Arsenal,53',0,Bukayo Saka
PL-2022,M-2022-17-07,E-2022-17-0027,FC Arsenal,58',0,Gabriel Martinelli
PL-2022,M-2022-17-07,E-2022-17-0028,FC Arsenal,69',0,Eddie Nketiah
PL-2022,M-2022-17-08,E-2022-17-0029,Chelsea FC,16',0,Kai Havertz
PL-2022,M-2022-17-08,E-2022-17-0030,Chelsea FC,24',0,Mason Mount
PL-2022,M-2022-17-09,E-2022-17-0031,Manchester United FC,19',0,Marcus Rashford
PL-2022,M-2022-17-09,E-2022-17-0032,Manchester United FC,22',0,Anthony Martial
PL-2022,M-2022-17-09,E-2022-17-0033,Manchester United FC,87',0,Fred
PL-2022,M-2022-17-10,E-2022-17-0034,Manchester City FC,45+1',0,Rodri
PL-2022,M-2022-17-10,E-2022-17-0035,Manchester City FC,51',0,Erling Haaland
PL-2022,M-2022-17-10,E-2022-17-0036,Manchester City FC,64',0,Erling Haaland
PL-2022,M-2022-17-10,E-2022-17-0037,Leeds United FC ,73',0,Pascal Struijk
PL-2022,M-2022-18-01,E-2022-18-0001,Brentford FC,18',0,Ivan Toney
PL-2022,M-2022-18-01,E-2022-18-0002,Brentford FC,43',0,Josh Dasilva
PL-2022,M-2022-18-02,E-2022-18-0003,Leicester City FC,4',0,Kiernan Dewsbury-Hall
PL-2022,M-2022-18-02,E-2022-18-0004,FC Liverpool,38',2,Wout Faes
PL-2022,M-2022-18-02,E-2022-18-0005,FC Liverpool,45',2,Wout Faes
PL-2022,M-2022-18-03,E-2022-18-0006,Manchester United FC,76',0,Marcus Rashford
PL-2022,M-2022-18-04,E-2022-18-0007,Crystal Palace FC,19',0,Jordan Ayew
PL-2022,M-2022-18-04,E-2022-18-0008,Crystal Palace FC,36',0,Eberechi Eze
PL-2022,M-2022-18-05,E-2022-18-0009,FC Fulham,32',2,James Ward-Prowse
PL-2022,M-2022-18-05,E-2022-18-0010,FC Southampton,56',0,James Ward-Prowse
PL-2022,M-2022-18-05,E-2022-18-0011,FC Fulham,88',0,João Palhinha
PL-2022,M-2022-18-05,E-2022-18-0012,FC Fulham,90+6',-2,Aleksandar Mitrović
PL-2022,M-2022-18-06,E-2022-18-0013,Manchester City FC,24',0,Erling Haaland
PL-2022,M-2022-18-06,E-2022-18-0014,FC Everton,64',0,Demarai Gray
PL-2022,M-2022-18-08,E-2022-18-0015,FC Arsenal,2',0,Bukayo Saka
PL-2022,M-2022-18-08,E-2022-18-0016,FC Arsenal,39',0,Martin Ødegaard
PL-2022,M-2022-18-08,E-2022-18-0017,FC Arsenal,47',0,Eddie Nketiah
PL-2022,M-2022-18-08,E-2022-18-0018,Brighton & Hove Albion,65',0,Kaoru Mitoma
PL-2022,M-2022-18-08,E-2022-18-0019,FC Arsenal,71',0,Gabriel Martinelli
PL-2022,M-2022-18-08,E-2022-18-0020,Brighton & Hove Albion,77',0,Evan Ferguson
PL-2022,M-2022-18-09,E-2022-18-0021,Aston Villa FC,50',0,Emiliano Buendía
PL-2022,M-2022-18-09,E-2022-18-0022,Aston Villa FC,73',0,Douglas Luiz
PL-2022,M-2022-18-10,E-2022-18-0023,Chelsea FC,16',0,Raheem Sterling
PL-2022,M-2022-18-10,E-2022-18-0024,Nottingham Forest,63',0,Serge Aurier
PL-2022,M-2022-19-01,E-2022-19-0001,Brentford FC,19',2,Ibrahima Konaté
PL-2022,M-2022-19-01,E-2022-19-0002,Brentford FC,42',0,Yoane Wissa
PL-2022,M-2022-19-01,E-2022-19-0003,FC Liverpool,50',0,Alex Oxlade-Chamberlain
PL-2022,M-2022-19-01,E-2022-19-0004,Brentford FC,84',0,Bryan Mbeumo
PL-2022,M-2022-19-03,E-2022-19-0005,Brighton & Hove Albion,14',0,Kaoru Mitoma
PL-2022,M-2022-19-03,E-2022-19-0006,Brighton & Hove Albion,51',0,Evan Ferguson
PL-2022,M-2022-19-03,E-2022-19-0007,Brighton & Hove Albion,54',0,Solly March
PL-2022,M-2022-19-03,E-2022-19-0008,Brighton & Hove Albion,57',0,Pascal Groß
PL-2022,M-2022-19-03,E-2022-19-0009,FC Everton,90+2',1,Demarai Gray
PL-2022,M-2022-19-04,E-2022-19-0010,FC Fulham,17',0,Aleksandar Mitrović
PL-2022,M-2022-19-05,E-2022-19-0011,Manchester United FC,23',0,Casemiro
PL-2022,M-2022-19-05,E-2022-19-0012,Manchester United FC,49',0,Luke Shaw
PL-2022,M-2022-19-05,E-2022-19-0013,Manchester United FC,86',0,Marcus Rashford
PL-2022,M-2022-19-06,E-2022-19-0014,Nottingham Forest,27',0,Taiwo Awoniyi
PL-2022,M-2022-19-07,E-2022-19-0015,Leeds United FC ,27',0,Wilfried Gnonto
PL-2022,M-2022-19-07,E-2022-19-0016,West Ham United,45',1,Lucas Paquetá
PL-2022,M-2022-19-07,E-2022-19-0017,West Ham United,46',0,Gianluca Scamacca
PL-2022,M-2022-19-07,E-2022-19-0018,Leeds United FC ,70',0,Rodrigo
PL-2022,M-2022-19-08,E-2022-19-0019,Wolverhampton Wanderers,12',0,Daniel Podence
PL-2022,M-2022-19-08,E-2022-19-0020,Aston Villa FC,78',0,Danny Ings
PL-2022,M-2022-19-09,E-2022-19-0021,Tottenham Hotspur ,48',0,Harry Kane
PL-2022,M-2022-19-09,E-2022-19-0022,Tottenham Hotspur ,53',0,Harry Kane
PL-2022,M-2022-19-09,E-2022-19-0023,Tottenham Hotspur ,68',0,Matt Doherty
PL-2022,M-2022-19-09,E-2022-19-0024,Tottenham Hotspur ,72',0,Heung-min Son
PL-2022,M-2022-19-10,E-2022-19-0025,Manchester City FC,63',0,Riyad Mahrez
PL-2022,M-2022-20-01,E-2022-20-0001,Aston Villa FC,3',0,Leon Bailey
PL-2022,M-2022-20-01,E-2022-20-0002,Aston Villa FC,64',0,Emiliano Buendía
PL-2022,M-2022-20-01,E-2022-20-0003,Leeds United FC ,83',0,Patrick Bamford
PL-2022,M-2022-20-02,E-2022-20-0004,Manchester City FC,60',0,Jack Grealish
PL-2022,M-2022-20-02,E-2022-20-0005,Manchester United FC,78',0,Bruno Fernandes
PL-2022,M-2022-20-02,E-2022-20-0006,Manchester United FC,82',0,Marcus Rashford
PL-2022,M-2022-20-03,E-2022-20-0007,Brighton & Hove Albion,46',0,Solly March
PL-2022,M-2022-20-03,E-2022-20-0008,Brighton & Hove Albion,53',0,Solly March
PL-2022,M-2022-20-03,E-2022-20-0009,Brighton & Hove Albion,81',0,Danny Welbeck
PL-2022,M-2022-20-04,E-2022-20-0010,Wolverhampton Wanderers,48',0,Daniel Podence
PL-2022,M-2022-20-05,E-2022-20-0011,Nottingham Forest,56',0,Brennan Johnson
PL-2022,M-2022-20-05,E-2022-20-0012,Nottingham Forest,84',0,Brennan Johnson
PL-2022,M-2022-20-06,E-2022-20-0013,FC Everton,39',0,Amadou Onana
PL-2022,M-2022-20-06,E-2022-20-0014,FC Southampton,46',0,James Ward-Prowse
PL-2022,M-2022-20-06,E-2022-20-0015,FC Southampton,78',0,James Ward-Prowse
PL-2022,M-2022-20-07,E-2022-20-0016,Brentford FC,39',1,Ivan Toney
PL-2022,M-2022-20-07,E-2022-20-0017,Brentford FC,75',0,Mathias Jensen
PL-2022,M-2022-20-08,E-2022-20-0018,Chelsea FC,64',0,Kai Havertz
PL-2022,M-2022-20-09,E-2022-20-0019,FC Fulham,69',-2,Aleksandar Mitrović
PL-2022,M-2022-20-09,E-2022-20-0020,Newcastle United,89',0,Alexander Isak
PL-2022,M-2022-20-10,E-2022-20-0021,FC Arsenal,14',2,Hugo Lloris
PL-2022,M-2022-20-10,E-2022-20-0022,FC Arsenal,36',0,Martin Ødegaard
PL-2022,M-2022-21-02,E-2022-21-0001,AFC Bournemouth,28',0,Jaidon Anthony
PL-2022,M-2022-21-02,E-2022-21-0002,Nottingham Forest,83',0,Sam Surridge
PL-2022,M-2022-21-03,E-2022-21-0003,West Ham United,34',0,Jarrod Bowen
PL-2022,M-2022-21-03,E-2022-21-0004,West Ham United,41',0,Jarrod Bowen
PL-2022,M-2022-21-04,E-2022-21-0005,Aston Villa FC,77',0,Ollie Watkins
PL-2022,M-2022-21-05,E-2022-21-0006,Brighton & Hove Albion,27',0,Kaoru Mitoma
PL-2022,M-2022-21-05,E-2022-21-0007,Leicester City FC,38',0,Marc Albrighton
PL-2022,M-2022-21-05,E-2022-21-0008,Leicester City FC,63',0,Harvey Barnes
PL-2022,M-2022-21-05,E-2022-21-0009,Brighton & Hove Albion,88',0,Evan Ferguson
PL-2022,M-2022-21-07,E-2022-21-0010,Manchester City FC,40',0,Erling Haaland
PL-2022,M-2022-21-07,E-2022-21-0011,Manchester City FC,50',1,Erling Haaland
PL-2022,M-2022-21-07,E-2022-21-0012,Manchester City FC,54',0,Erling Haaland
PL-2022,M-2022-21-09,E-2022-21-0013,Manchester United FC,17',0,Marcus Rashford
PL-2022,M-2022-21-09,E-2022-21-0014,FC Arsenal,24',0,Eddie Nketiah
PL-2022,M-2022-21-09,E-2022-21-0015,FC Arsenal,53',0,Bukayo Saka
PL-2022,M-2022-21-09,E-2022-21-0016,Manchester United FC,59',0,Lisandro Martínez
PL-2022,M-2022-21-09,E-2022-21-0017,FC Arsenal,90',0,Eddie Nketiah
PL-2022,M-2022-21-10,E-2022-21-0018,Tottenham Hotspur ,45+1',0,Harry Kane
PL-2022,M-2022-22-02,E-2022-22-0001,FC Everton,60',0,James Tarkowski
PL-2022,M-2022-22-03,E-2022-22-0002,Aston Villa FC,9',0,Ollie Watkins
PL-2022,M-2022-22-03,E-2022-22-0003,Leicester City FC,12',0,James Maddison
PL-2022,M-2022-22-03,E-2022-22-0004,Aston Villa FC,32',2,Harry Souttar
PL-2022,M-2022-22-03,E-2022-22-0005,Leicester City FC,41',0,Kelechi Iheanacho
PL-2022,M-2022-22-03,E-2022-22-0006,Leicester City FC,45+2',0,Tetê
PL-2022,M-2022-22-03,E-2022-22-0007,Leicester City FC,79',0,Dennis Praet
PL-2022,M-2022-22-04,E-2022-22-0008,Brentford FC,41',0,Ben Mee
PL-2022,M-2022-22-04,E-2022-22-0009,Brentford FC,44',0,Bryan Mbeumo
PL-2022,M-2022-22-04,E-2022-22-0010,Brentford FC,80',0,Mathias Jensen
PL-2022,M-2022-22-05,E-2022-22-0011,Brighton & Hove Albion,87',0,Kaoru Mitoma
PL-2022,M-2022-22-06,E-2022-22-0012,Manchester United FC,7',1,Bruno Fernandes
PL-2022,M-2022-22-06,E-2022-22-0013,Manchester United FC,62',0,Marcus Rashford
PL-2022,M-2022-22-06,E-2022-22-0014,Manchester United FC,70',-1,Casemiro
PL-2022,M-2022-22-06,E-2022-22-0015,Crystal Palace FC,76',0,Jeffrey Schlupp
PL-2022,M-2022-22-07,E-2022-22-0016,Wolverhampton Wanderers,5',2,Joël Matip
PL-2022,M-2022-22-07,E-2022-22-0017,Wolverhampton Wanderers,12',0,Craig Dawson
PL-2022,M-2022-22-07,E-2022-22-0018,Wolverhampton Wanderers,71',0,Rúben Neves
PL-2022,M-2022-22-08,E-2022-22-0019,Newcastle United,3',0,Callum Wilson
PL-2022,M-2022-22-08,E-2022-22-0020,West Ham United,32',0,Lucas Paquetá
PL-2022,M-2022-22-09,E-2022-22-0021,Nottingham Forest,14',0,Brennan Johnson
PL-2022,M-2022-22-10,E-2022-22-0022,Tottenham Hotspur ,15',0,Harry Kane
PL-2022,M-2022-22-10,E-2022-22-0023,Tottenham Hotspur ,87',-1,Cristian Romero
PL-2022,M-2022-23-01,E-2022-23-0001,Chelsea FC,16',0,João Félix
PL-2022,M-2022-23-01,E-2022-23-0002,West Ham United,28',0,Emerson
PL-2022,M-2022-23-02,E-2022-23-0003,FC Southampton,24',0,Carlos Alcaraz
PL-2022,M-2022-23-02,E-2022-23-0004,Wolverhampton Wanderers,27',-1,Mario Lemina
PL-2022,M-2022-23-02,E-2022-23-0005,Wolverhampton Wanderers,72',2,Jan Bednarek
PL-2022,M-2022-23-02,E-2022-23-0006,Wolverhampton Wanderers,87',0,João Gomes
PL-2022,M-2022-23-03,E-2022-23-0007,Tottenham Hotspur ,14',0,Rodrigo Bentancur
PL-2022,M-2022-23-03,E-2022-23-0008,Leicester City FC,23',0,Nampalys Mendy
PL-2022,M-2022-23-03,E-2022-23-0009,Leicester City FC,25',0,James Maddison
PL-2022,M-2022-23-03,E-2022-23-0010,Leicester City FC,45+4',0,Kelechi Iheanacho
PL-2022,M-2022-23-03,E-2022-23-0011,Leicester City FC,81',0,Harvey Barnes
PL-2022,M-2022-23-04,E-2022-23-0012,FC Arsenal,66',0,Leandro Trossard
PL-2022,M-2022-23-04,E-2022-23-0013,Brentford FC,74',0,Ivan Toney
PL-2022,M-2022-23-05,E-2022-23-0014,Brighton & Hove Albion,63',0,Solly March
PL-2022,M-2022-23-05,E-2022-23-0015,Crystal Palace FC,69',0,James Tomkins
PL-2022,M-2022-23-06,E-2022-23-0016,FC Fulham,17',0,Willian
PL-2022,M-2022-23-06,E-2022-23-0017,FC Fulham,88',0,Manor Solomon
PL-2022,M-2022-23-07,E-2022-23-0018,AFC Bournemouth,30',0,Marcos Senesi
PL-2022,M-2022-23-07,E-2022-23-0019,Newcastle United,45+2',0,Miguel Almirón
PL-2022,M-2022-23-08,E-2022-23-0020,Manchester United FC,80',0,Marcus Rashford
PL-2022,M-2022-23-08,E-2022-23-0021,Manchester United FC,85',0,Alejandro Garnacho
PL-2022,M-2022-23-09,E-2022-23-0022,Manchester City FC,4',0,Rodri
PL-2022,M-2022-23-09,E-2022-23-0023,Manchester City FC,39',0,İlkay Gündoğan
PL-2022,M-2022-23-09,E-2022-23-0024,Manchester City FC,45+1',1,Riyad Mahrez
PL-2022,M-2022-23-09,E-2022-23-0025,Aston Villa FC,61',0,Ollie Watkins
PL-2022,M-2022-23-10,E-2022-23-0026,FC Liverpool,36',0,Mohamed Salah
PL-2022,M-2022-23-10,E-2022-23-0027,FC Liverpool,49',0,Cody Gakpo
PL-2022,M-2022-24-01,E-2022-24-0001,Aston Villa FC,5',0,Ollie Watkins
PL-2022,M-2022-24-01,E-2022-24-0002,FC Arsenal,16',0,Bukayo Saka
PL-2022,M-2022-24-01,E-2022-24-0003,Aston Villa FC,31',0,Philippe Coutinho
PL-2022,M-2022-24-01,E-2022-24-0004,FC Arsenal,61',0,Oleksandr Zinchenko
PL-2022,M-2022-24-01,E-2022-24-0005,FC Arsenal,90+3',2,Emiliano Martínez
PL-2022,M-2022-24-01,E-2022-24-0006,FC Arsenal,90+8',0,Gabriel Martinelli
PL-2022,M-2022-24-02,E-2022-24-0007,Crystal Palace FC,69',0,Eberechi Eze
PL-2022,M-2022-24-02,E-2022-24-0008,Brentford FC,90+6',0,Vitaly Janelt
PL-2022,M-2022-24-03,E-2022-24-0009,FC Fulham,88',0,Manor Solomon
PL-2022,M-2022-24-04,E-2022-24-0010,FC Southampton,45+1',0,James Ward-Prowse
PL-2022,M-2022-24-05,E-2022-24-0011,FC Everton,64',0,Séamus Coleman
PL-2022,M-2022-24-06,E-2022-24-0012,AFC Bournemouth,49',0,Marcus Tavernier
PL-2022,M-2022-24-07,E-2022-24-0013,Manchester City FC,41',0,Bernardo Silva
PL-2022,M-2022-24-07,E-2022-24-0014,Nottingham Forest,84',0,Chris Wood
PL-2022,M-2022-24-08,E-2022-24-0015,FC Liverpool,10',0,Darwin Núñez
PL-2022,M-2022-24-08,E-2022-24-0016,FC Liverpool,17',0,Cody Gakpo
PL-2022,M-2022-24-08,E-2022-24-0017,Newcastle United,22',-1,Nick Pope
PL-2022,M-2022-24-09,E-2022-24-0018,Manchester United FC,25',0,Marcus Rashford
PL-2022,M-2022-24-09,E-2022-24-0019,Manchester United FC,56',0,Marcus Rashford
PL-2022,M-2022-24-09,E-2022-24-0020,Manchester United FC,61',0,Jadon Sancho
PL-2022,M-2022-24-10,E-2022-24-0021,Tottenham Hotspur ,56',0,Emerson Royal
PL-2022,M-2022-24-10,E-2022-24-0022,Tottenham Hotspur ,72',0,Heung-min Son
PL-2022,M-2022-25-01,E-2022-25-0001,Wolverhampton Wanderers,23',0,Pablo Sarabia
PL-2022,M-2022-25-01,E-2022-25-0002,FC Fulham,64',0,Manor Solomon
PL-2022,M-2022-25-02,E-2022-25-0003,Aston Villa FC,63',1,Ollie Watkins
PL-2022,M-2022-25-02,E-2022-25-0004,Aston Villa FC,81',0,Emiliano Buendía
PL-2022,M-2022-25-03,E-2022-25-0005,Leeds United FC ,77',0,Junior Firpo
PL-2022,M-2022-25-04,E-2022-25-0006,FC Arsenal,46',0,Gabriel Martinelli
PL-2022,M-2022-25-05,E-2022-25-0007,West Ham United,71',0,Danny Ings
PL-2022,M-2022-25-05,E-2022-25-0008,West Ham United,73',0,Danny Ings
PL-2022,M-2022-25-05,E-2022-25-0009,West Ham United,78',0,Declan Rice
PL-2022,M-2022-25-05,E-2022-25-0010,West Ham United,85',0,Michail Antonio
PL-2022,M-2022-25-06,E-2022-25-0011,Manchester City FC,15',0,Julián Alvarez
PL-2022,M-2022-25-06,E-2022-25-0012,Manchester City FC,29',0,Erling Haaland
PL-2022,M-2022-25-06,E-2022-25-0013,Manchester City FC,45',0,Phil Foden
PL-2022,M-2022-25-06,E-2022-25-0014,Manchester City FC,51',2,Chris Mepham
PL-2022,M-2022-25-06,E-2022-25-0015,AFC Bournemouth,83',0,Jefferson Lerma
PL-2022,M-2022-25-08,E-2022-25-0016,Tottenham Hotspur ,46',0,Oliver Skipp
PL-2022,M-2022-25-08,E-2022-25-0017,Tottenham Hotspur ,82',0,Harry Kane
PL-2022,M-2022-25-09,E-2022-25-0018,Manchester United FC,27',0,Marcus Rashford
PL-2022,M-2022-25-10,E-2022-25-0019,Newcastle United,22',2,Deniz Undav
PL-2022,M-2022-25-10,E-2022-25-0020,Newcastle United,45+4',0,Dan Burn
PL-2022,M-2022-25-10,E-2022-25-0021,Brighton & Hove Albion,51',0,Deniz Undav
PL-2022,M-2022-25-10,E-2022-25-0022,Newcastle United,89',0,Callum Wilson
PL-2022,M-2022-25-10,E-2022-25-0023,Newcastle United,90+1',0,Bruno Guimarães
PL-2022,M-2022-26-01,E-2022-26-0001,Manchester City FC,15',0,Phil Foden
PL-2022,M-2022-26-01,E-2022-26-0002,Manchester City FC,67',0,Bernardo Silva
PL-2022,M-2022-26-02,E-2022-26-0003,Wolverhampton Wanderers,82',0,Adama Traoré
PL-2022,M-2022-26-03,E-2022-26-0004,Chelsea FC,53',0,Wesley Fofana
PL-2022,M-2022-26-04,E-2022-26-0005,Brighton & Hove Albion,18',1,Alexis Mac Allister
PL-2022,M-2022-26-04,E-2022-26-0006,Brighton & Hove Albion,51',0,Joël Veltman
PL-2022,M-2022-26-04,E-2022-26-0007,Brighton & Hove Albion,69',0,Kaoru Mitoma
PL-2022,M-2022-26-04,E-2022-26-0008,Brighton & Hove Albion,89',0,Danny Welbeck
PL-2022,M-2022-26-05,E-2022-26-0009,Aston Villa FC,27',2,Joachim Andersen
PL-2022,M-2022-26-05,E-2022-26-0010,Crystal Palace FC,62',-1,Cheick Doucouré
PL-2022,M-2022-26-06,E-2022-26-0011,AFC Bournemouth,1',0,Philip Billing
PL-2022,M-2022-26-06,E-2022-26-0012,AFC Bournemouth,57',0,Marcos Senesi
PL-2022,M-2022-26-06,E-2022-26-0013,FC Arsenal,62',0,Thomas Partey
PL-2022,M-2022-26-06,E-2022-26-0014,FC Arsenal,70',0,Ben White
PL-2022,M-2022-26-06,E-2022-26-0015,FC Arsenal,90+7',0,Reiss Nelson
PL-2022,M-2022-26-07,E-2022-26-0016,FC Southampton,32',-2,James Ward-Prowse
PL-2022,M-2022-26-07,E-2022-26-0017,FC Southampton,35',0,Carlos Alcaraz
PL-2022,M-2022-26-08,E-2022-26-0018,FC Everton,10',1,Demarai Gray
PL-2022,M-2022-26-08,E-2022-26-0019,Nottingham Forest,19',0,Brennan Johnson
PL-2022,M-2022-26-08,E-2022-26-0020,FC Everton,29',0,Abdoulaye Doucouré
PL-2022,M-2022-26-08,E-2022-26-0021,Nottingham Forest,77',0,Brennan Johnson
PL-2022,M-2022-26-09,E-2022-26-0022,FC Liverpool,43',0,Cody Gakpo
PL-2022,M-2022-26-09,E-2022-26-0023,FC Liverpool,47',0,Darwin Núñez
PL-2022,M-2022-26-09,E-2022-26-0024,FC Liverpool,50',0,Cody Gakpo
PL-2022,M-2022-26-09,E-2022-26-0025,FC Liverpool,66',0,Mohamed Salah
PL-2022,M-2022-26-09,E-2022-26-0026,FC Liverpool,75',0,Darwin Núñez
PL-2022,M-2022-26-09,E-2022-26-0027,FC Liverpool,83',0,Mohamed Salah
PL-2022,M-2022-26-09,E-2022-26-0028,FC Liverpool,88',0,Roberto Firmino
PL-2022,M-2022-26-10,E-2022-26-0029,Brentford FC,6',0,Ethan Pinnock
PL-2022,M-2022-26-10,E-2022-26-0030,FC Fulham,39',0,Manor Solomon
PL-2022,M-2022-26-10,E-2022-26-0031,Brentford FC,53',1,Ivan Toney
PL-2022,M-2022-26-10,E-2022-26-0032,Brentford FC,85',0,Mathias Jensen
PL-2022,M-2022-26-10,E-2022-26-0033,FC Fulham,90+9',0,Carlos Vinícius
PL-2022,M-2022-27-01,E-2022-27-0001,AFC Bournemouth,28',0,Philip Billing
PL-2022,M-2022-27-01,E-2022-27-0002,FC Liverpool,69',-2,Mohamed Salah
PL-2022,M-2022-27-02,E-2022-27-0003,FC Everton,1',0,Dwight McNeil
PL-2022,M-2022-27-03,E-2022-27-0004,Brighton & Hove Albion,33',0,Alexis Mac Allister
PL-2022,M-2022-27-03,E-2022-27-0005,Leeds United FC ,40',0,Patrick Bamford
PL-2022,M-2022-27-03,E-2022-27-0006,Brighton & Hove Albion,61',0,Solly March
PL-2022,M-2022-27-03,E-2022-27-0007,Leeds United FC ,78',0,Jack Harrison
PL-2022,M-2022-27-04,E-2022-27-0008,Tottenham Hotspur ,19',0,Harry Kane
PL-2022,M-2022-27-04,E-2022-27-0009,Tottenham Hotspur ,35',1,Harry Kane
PL-2022,M-2022-27-04,E-2022-27-0010,Tottenham Hotspur ,62',0,Heung-min Son
PL-2022,M-2022-27-04,E-2022-27-0011,Nottingham Forest,81',0,Joe Worrall
PL-2022,M-2022-27-04,E-2022-27-0012,Nottingham Forest,90+6',-2,André Ayew
PL-2022,M-2022-27-05,E-2022-27-0013,Chelsea FC,11',0,Ben Chilwell
PL-2022,M-2022-27-05,E-2022-27-0014,Leicester City FC,39',0,Patson Daka
PL-2022,M-2022-27-05,E-2022-27-0015,Chelsea FC,45+6',0,Kai Havertz
PL-2022,M-2022-27-05,E-2022-27-0016,Chelsea FC,78',0,Mateo Kovacic
PL-2022,M-2022-27-05,E-2022-27-0017,Leicester City FC,87',-1,Wout Faes
PL-2022,M-2022-27-06,E-2022-27-0018,Manchester City FC,78',1,Erling Haaland
PL-2022,M-2022-27-07,E-2022-27-0019,FC Arsenal,21',0,Gabriel
PL-2022,M-2022-27-07,E-2022-27-0020,FC Arsenal,26',0,Gabriel Martinelli
PL-2022,M-2022-27-07,E-2022-27-0021,FC Arsenal,45+2',0,Martin Ødegaard
PL-2022,M-2022-27-08,E-2022-27-0022,Aston Villa FC,17',0,Ollie Watkins
PL-2022,M-2022-27-08,E-2022-27-0023,West Ham United,26',1,Saïd Benrahma
PL-2022,M-2022-27-09,E-2022-27-0024,Manchester United FC,34',-1,Casemiro
PL-2022,M-2022-27-10,E-2022-27-0025,Newcastle United,26',0,Alexander Isak
PL-2022,M-2022-27-10,E-2022-27-0026,Wolverhampton Wanderers,70',0,Hee-chan Hwang
PL-2022,M-2022-27-10,E-2022-27-0027,Newcastle United,79',0,Miguel Almirón
PL-2022,M-2022-28-01,E-2022-28-0001,Nottingham Forest,26',0,Emmanuel Dennis
PL-2022,M-2022-28-01,E-2022-28-0002,Newcastle United,45+2',0,Alexander Isak
PL-2022,M-2022-28-01,E-2022-28-0003,Newcastle United,90+3',1,Alexander Isak
PL-2022,M-2022-28-02,E-2022-28-0004,Aston Villa FC,7',0,Douglas Luiz
PL-2022,M-2022-28-02,E-2022-28-0005,Aston Villa FC,80',0,Jacob Ramsey
PL-2022,M-2022-28-02,E-2022-28-0006,Aston Villa FC,89',0,Emiliano Buendía
PL-2022,M-2022-28-03,E-2022-28-0007,Brentford FC,32',0,Mathias Jensen
PL-2022,M-2022-28-03,E-2022-28-0008,Leicester City FC,52',0,Harvey Barnes
PL-2022,M-2022-28-03,E-2022-28-0009,Brentford FC,90+2',-1,Shandon Baptiste
PL-2022,M-2022-28-04,E-2022-28-0010,Tottenham Hotspur ,45+1',0,Pedro Porro
PL-2022,M-2022-28-04,E-2022-28-0011,FC Southampton,46',0,Ché Adams
PL-2022,M-2022-28-04,E-2022-28-0012,Tottenham Hotspur ,65',0,Harry Kane
PL-2022,M-2022-28-04,E-2022-28-0013,Tottenham Hotspur ,74',0,Ivan Perišić
PL-2022,M-2022-28-04,E-2022-28-0014,FC Southampton,77',0,Theo Walcott
PL-2022,M-2022-28-04,E-2022-28-0015,FC Southampton,90+3',1,James Ward-Prowse
PL-2022,M-2022-28-05,E-2022-28-0016,Leeds United FC ,6',0,Jack Harrison
PL-2022,M-2022-28-05,E-2022-28-0017,Leeds United FC ,49',0,Luke Ayling
PL-2022,M-2022-28-05,E-2022-28-0018,Leeds United FC ,62',0,Rasmus Kristensen
PL-2022,M-2022-28-05,E-2022-28-0019,Wolverhampton Wanderers,65',0,Jonny Otto
PL-2022,M-2022-28-05,E-2022-28-0020,Wolverhampton Wanderers,73',0,Matheus Cunha
PL-2022,M-2022-28-05,E-2022-28-0021,Wolverhampton Wanderers,84',-1,Jonny Otto
PL-2022,M-2022-28-05,E-2022-28-0022,Leeds United FC ,90+7',0,Rodrigo
PL-2022,M-2022-28-05,E-2022-28-0023,Wolverhampton Wanderers,90+10',-1,Matheus Nunes
PL-2022,M-2022-28-06,E-2022-28-0024,Chelsea FC,52',0,João Félix
PL-2022,M-2022-28-06,E-2022-28-0025,FC Everton,69',0,Abdoulaye Doucouré
PL-2022,M-2022-28-06,E-2022-28-0026,Chelsea FC,76',1,Kai Havertz
PL-2022,M-2022-28-06,E-2022-28-0027,FC Everton,89',0,Ellis Simms
PL-2022,M-2022-28-07,E-2022-28-0028,FC Arsenal,28',0,Gabriel Martinelli
PL-2022,M-2022-28-07,E-2022-28-0029,FC Arsenal,43',0,Bukayo Saka
PL-2022,M-2022-28-07,E-2022-28-0030,FC Arsenal,55',0,Granit Xhaka
PL-2022,M-2022-28-07,E-2022-28-0031,Crystal Palace FC,63',0,Jeffrey Schlupp
PL-2022,M-2022-28-07,E-2022-28-0032,FC Arsenal,74',0,Bukayo Saka
PL-2022,M-2022-28-08,E-2022-28-0033,FC Liverpool,39',1,Mohamed Salah
PL-2022,M-2022-28-09,E-2022-28-0034,Manchester City FC,50',0,Nathan Aké
PL-2022,M-2022-28-09,E-2022-28-0035,Manchester City FC,70',0,Erling Haaland
PL-2022,M-2022-28-09,E-2022-28-0036,Manchester City FC,85',0,Phil Foden
PL-2022,M-2022-28-10,E-2022-28-0037,Brighton & Hove Albion,90+9',1,Alexis Mac Allister
PL-2022,M-2022-29-01,E-2022-29-0001,FC Liverpool,17',0,Mohamed Salah
PL-2022,M-2022-29-01,E-2022-29-0002,Manchester City FC,27',0,Julián Alvarez
PL-2022,M-2022-29-01,E-2022-29-0003,Manchester City FC,46',0,Kevin De Bruyne
PL-2022,M-2022-29-01,E-2022-29-0004,Manchester City FC,53',0,İlkay Gündoğan
PL-2022,M-2022-29-01,E-2022-29-0005,Manchester City FC,74',0,Jack Grealish
PL-2022,M-2022-29-02,E-2022-29-0006,Nottingham Forest,38',0,Brennan Johnson
PL-2022,M-2022-29-02,E-2022-29-0007,Wolverhampton Wanderers,83',0,Daniel Podence
PL-2022,M-2022-29-03,E-2022-29-0008,Leicester City FC,56',0,Ricardo Pereira
PL-2022,M-2022-29-03,E-2022-29-0009,Crystal Palace FC,59',2,Daniel Iversen
PL-2022,M-2022-29-03,E-2022-29-0010,Crystal Palace FC,90+4',0,Jean-Philippe Mateta
PL-2022,M-2022-29-04,E-2022-29-0011,Brentford FC,10',0,Pontus Jansson
PL-2022,M-2022-29-04,E-2022-29-0012,Brighton & Hove Albion,21',0,Kaoru Mitoma
PL-2022,M-2022-29-04,E-2022-29-0013,Brentford FC,22',0,Ivan Toney
PL-2022,M-2022-29-04,E-2022-29-0014,Brighton & Hove Albion,28',0,Danny Welbeck
PL-2022,M-2022-29-04,E-2022-29-0015,Brentford FC,49',0,Ethan Pinnock
PL-2022,M-2022-29-04,E-2022-29-0016,Brighton & Hove Albion,90',1,Alexis Mac Allister
PL-2022,M-2022-29-05,E-2022-29-0017,FC Fulham,16',0,Andreas Pereira
PL-2022,M-2022-29-05,E-2022-29-0018,AFC Bournemouth,50',0,Marcus Tavernier
PL-2022,M-2022-29-05,E-2022-29-0019,AFC Bournemouth,79',0,Dominic Solanke
PL-2022,M-2022-29-06,E-2022-29-0020,FC Arsenal,35',1,Gabriel Jesus
PL-2022,M-2022-29-06,E-2022-29-0021,FC Arsenal,47',0,Ben White
PL-2022,M-2022-29-06,E-2022-29-0022,FC Arsenal,55',0,Gabriel Jesus
PL-2022,M-2022-29-06,E-2022-29-0023,Leeds United FC ,76',0,Rasmus Kristensen
PL-2022,M-2022-29-06,E-2022-29-0024,FC Arsenal,84',0,Granit Xhaka
PL-2022,M-2022-29-07,E-2022-29-0025,Aston Villa FC,18',0,Ollie Watkins
PL-2022,M-2022-29-07,E-2022-29-0026,Aston Villa FC,56',0,John McGinn
PL-2022,M-2022-29-08,E-2022-29-0027,West Ham United,25',0,Nayef Aguerd
PL-2022,M-2022-29-09,E-2022-29-0028,Newcastle United,65',0,Joe Willock
PL-2022,M-2022-29-09,E-2022-29-0029,Newcastle United,88',0,Callum Wilson
PL-2022,M-2022-29-10,E-2022-29-0030,FC Everton,58',-1,Abdoulaye Doucouré
PL-2022,M-2022-29-10,E-2022-29-0031,Tottenham Hotspur ,68',1,Harry Kane
PL-2022,M-2022-29-10,E-2022-29-0032,Tottenham Hotspur ,88',-1,Lucas Moura
PL-2022,M-2022-29-10,E-2022-29-0033,FC Everton,90',0,Michael Keane
PL-2022,M-2022-30-01,E-2022-30-0001,Manchester United FC,36',0,Scott McTominay
PL-2022,M-2022-30-01,E-2022-30-0002,Manchester United FC,71',0,Anthony Martial
PL-2022,M-2022-30-02,E-2022-30-0003,Wolverhampton Wanderers,31',0,Matheus Nunes
PL-2022,M-2022-30-03,E-2022-30-0004,Tottenham Hotspur ,10',0,Heung-min Son
PL-2022,M-2022-30-03,E-2022-30-0005,Brighton & Hove Albion,34',0,Lewis Dunk
PL-2022,M-2022-30-03,E-2022-30-0006,Tottenham Hotspur ,79',0,Harry Kane
PL-2022,M-2022-30-04,E-2022-30-0007,AFC Bournemouth,40',0,Philip Billing
PL-2022,M-2022-30-05,E-2022-30-0008,West Ham United,23',2,Harrison Reed
PL-2022,M-2022-30-06,E-2022-30-0009,Brentford FC,29',-2,Ivan Toney
PL-2022,M-2022-30-06,E-2022-30-0010,Brentford FC,45+1',1,Ivan Toney
PL-2022,M-2022-30-06,E-2022-30-0011,Newcastle United,54',2,David Raya
PL-2022,M-2022-30-06,E-2022-30-0012,Newcastle United,61',0,Alexander Isak
PL-2022,M-2022-30-07,E-2022-30-0013,Aston Villa FC,48',0,Bertrand Traoré
PL-2022,M-2022-30-07,E-2022-30-0014,Aston Villa FC,90+5',0,Ollie Watkins
PL-2022,M-2022-30-08,E-2022-30-0015,Manchester City FC,45',0,Erling Haaland
PL-2022,M-2022-30-08,E-2022-30-0016,Manchester City FC,58',0,Jack Grealish
PL-2022,M-2022-30-08,E-2022-30-0017,Manchester City FC,68',0,Erling Haaland
PL-2022,M-2022-30-08,E-2022-30-0018,FC Southampton,72',0,Sékou Mara
PL-2022,M-2022-30-08,E-2022-30-0019,Manchester City FC,75',1,Julián Alvarez
PL-2022,M-2022-30-09,E-2022-30-0020,Leeds United FC ,21',0,Patrick Bamford
PL-2022,M-2022-30-09,E-2022-30-0021,Crystal Palace FC,45+1',0,Marc Guéhi
PL-2022,M-2022-30-09,E-2022-30-0022,Crystal Palace FC,53',0,Jordan Ayew
PL-2022,M-2022-30-09,E-2022-30-0023,Crystal Palace FC,55',0,Eberechi Eze
PL-2022,M-2022-30-09,E-2022-30-0024,Crystal Palace FC,69',0,Odsonne Édouard
PL-2022,M-2022-30-09,E-2022-30-0025,Crystal Palace FC,77',0,Jordan Ayew
PL-2022,M-2022-30-10,E-2022-30-0026,FC Arsenal,8',0,Gabriel Martinelli
PL-2022,M-2022-30-10,E-2022-30-0027,FC Arsenal,28',0,Gabriel Jesus
PL-2022,M-2022-30-10,E-2022-30-0028,FC Liverpool,42',0,Mohamed Salah
PL-2022,M-2022-30-10,E-2022-30-0029,FC Liverpool,54',-2,Mohamed Salah
PL-2022,M-2022-30-10,E-2022-30-0030,FC Liverpool,87',0,Roberto Firmino
PL-2022,M-2022-31-01,E-2022-31-0001,Aston Villa FC,11',0,Jacob Ramsey
PL-2022,M-2022-31-01,E-2022-31-0002,Aston Villa FC,64',0,Ollie Watkins
PL-2022,M-2022-31-01,E-2022-31-0003,Aston Villa FC,83',0,Ollie Watkins
PL-2022,M-2022-31-02,E-2022-31-0004,Wolverhampton Wanderers,27',0,Diego Costa
PL-2022,M-2022-31-02,E-2022-31-0005,Wolverhampton Wanderers,69',0,Hee-chan Hwang
PL-2022,M-2022-31-03,E-2022-31-0006,Tottenham Hotspur ,14',0,Heung-min Son
PL-2022,M-2022-31-03,E-2022-31-0007,AFC Bournemouth,38',0,Matías Viña
PL-2022,M-2022-31-03,E-2022-31-0008,AFC Bournemouth,51',0,Dominic Solanke
PL-2022,M-2022-31-03,E-2022-31-0009,Tottenham Hotspur ,88',0,Arnaut Danjuma
PL-2022,M-2022-31-03,E-2022-31-0010,AFC Bournemouth,90+5',0,Dango Ouattara
PL-2022,M-2022-31-04,E-2022-31-0011,Crystal Palace FC,54',0,Eberechi Eze
PL-2022,M-2022-31-04,E-2022-31-0012,Crystal Palace FC,68',0,Eberechi Eze
PL-2022,M-2022-31-05,E-2022-31-0013,FC Fulham,22',0,Harrison Reed
PL-2022,M-2022-31-05,E-2022-31-0014,FC Everton,35',0,Dwight McNeil
PL-2022,M-2022-31-05,E-2022-31-0015,FC Fulham,51',0,Harry Wilson
PL-2022,M-2022-31-05,E-2022-31-0016,FC Fulham,68',0,Daniel James
PL-2022,M-2022-31-06,E-2022-31-0017,Chelsea FC,13',0,Conor Gallagher
PL-2022,M-2022-31-06,E-2022-31-0018,Brighton & Hove Albion,42',0,Danny Welbeck
PL-2022,M-2022-31-06,E-2022-31-0019,Brighton & Hove Albion,69',0,Julio Enciso
PL-2022,M-2022-31-07,E-2022-31-0020,Manchester City FC,5',0,John Stones
PL-2022,M-2022-31-07,E-2022-31-0021,Manchester City FC,13',1,Erling Haaland
PL-2022,M-2022-31-07,E-2022-31-0022,Manchester City FC,25',0,Erling Haaland
PL-2022,M-2022-31-07,E-2022-31-0023,Leicester City FC,75',0,Kelechi Iheanacho
PL-2022,M-2022-31-08,E-2022-31-0024,FC Arsenal,7',0,Gabriel Jesus
PL-2022,M-2022-31-08,E-2022-31-0025,FC Arsenal,10',0,Martin Ødegaard
PL-2022,M-2022-31-08,E-2022-31-0026,West Ham United,33',1,Saïd Benrahma
PL-2022,M-2022-31-08,E-2022-31-0027,FC Arsenal,52',-2,Bukayo Saka
PL-2022,M-2022-31-08,E-2022-31-0028,West Ham United,54',0,Jarrod Bowen
PL-2022,M-2022-31-09,E-2022-31-0029,Manchester United FC,32',0,Antony
PL-2022,M-2022-31-09,E-2022-31-0030,Manchester United FC,76',0,Diogo Dalot
PL-2022,M-2022-31-10,E-2022-31-0031,FC Liverpool,35',0,Cody Gakpo
PL-2022,M-2022-31-10,E-2022-31-0032,FC Liverpool,39',0,Mohamed Salah
PL-2022,M-2022-31-10,E-2022-31-0033,Leeds United FC ,47',0,Luis Sinisterra
PL-2022,M-2022-31-10,E-2022-31-0034,FC Liverpool,52',0,Diogo Jota
PL-2022,M-2022-31-10,E-2022-31-0035,FC Liverpool,64',0,Mohamed Salah
PL-2022,M-2022-31-10,E-2022-31-0036,FC Liverpool,73',0,Diogo Jota
PL-2022,M-2022-31-10,E-2022-31-0037,FC Liverpool,90',0,Darwin Núñez
PL-2022,M-2022-32-01,E-2022-32-0001,FC Southampton,1',0,Carlos Alcaraz
PL-2022,M-2022-32-01,E-2022-32-0002,FC Southampton,14',0,Theo Walcott
PL-2022,M-2022-32-01,E-2022-32-0003,FC Arsenal,20',0,Gabriel Martinelli
PL-2022,M-2022-32-01,E-2022-32-0004,FC Southampton,66',0,Duje Caleta-Car
PL-2022,M-2022-32-01,E-2022-32-0005,FC Arsenal,88',0,Martin Ødegaard
PL-2022,M-2022-32-01,E-2022-32-0006,FC Arsenal,90',0,Bukayo Saka
PL-2022,M-2022-32-02,E-2022-32-0007,FC Fulham,58',0,Harry Wilson
PL-2022,M-2022-32-02,E-2022-32-0008,FC Fulham,72',0,Andreas Pereira
PL-2022,M-2022-32-02,E-2022-32-0009,Leeds United FC ,79',2,João Palhinha
PL-2022,M-2022-32-03,E-2022-32-0010,FC Liverpool,47',0,Diogo Jota
PL-2022,M-2022-32-03,E-2022-32-0011,Nottingham Forest,51',0,Neco Williams
PL-2022,M-2022-32-03,E-2022-32-0012,FC Liverpool,55',0,Diogo Jota
PL-2022,M-2022-32-03,E-2022-32-0013,Nottingham Forest,67',0,Morgan Gibbs-White
PL-2022,M-2022-32-03,E-2022-32-0014,FC Liverpool,70',0,Mohamed Salah
PL-2022,M-2022-32-04,E-2022-32-0015,Wolverhampton Wanderers,13',0,Matheus Cunha
PL-2022,M-2022-32-04,E-2022-32-0016,Leicester City FC,37',1,Kelechi Iheanacho
PL-2022,M-2022-32-04,E-2022-32-0017,Leicester City FC,75',0,Timothy Castagne
PL-2022,M-2022-32-05,E-2022-32-0018,FC Everton,80',-1,Mason Holgate
PL-2022,M-2022-32-06,E-2022-32-0019,Brentford FC,65',0,Ivan Toney
PL-2022,M-2022-32-06,E-2022-32-0020,Aston Villa FC,87',0,Douglas Luiz
PL-2022,M-2022-32-07,E-2022-32-0021,Newcastle United,2',0,Jacob Murphy
PL-2022,M-2022-32-07,E-2022-32-0022,Newcastle United,6',0,Joelinton
PL-2022,M-2022-32-07,E-2022-32-0023,Newcastle United,9',0,Jacob Murphy
PL-2022,M-2022-32-07,E-2022-32-0024,Newcastle United,19',0,Alexander Isak
PL-2022,M-2022-32-07,E-2022-32-0025,Newcastle United,21',0,Alexander Isak
PL-2022,M-2022-32-07,E-2022-32-0026,Tottenham Hotspur ,49',0,Harry Kane
PL-2022,M-2022-32-07,E-2022-32-0027,Newcastle United,67',0,Callum Wilson
PL-2022,M-2022-32-08,E-2022-32-0028,West Ham United,5',0,Michail Antonio
PL-2022,M-2022-32-08,E-2022-32-0029,West Ham United,12',0,Lucas Paquetá
PL-2022,M-2022-32-08,E-2022-32-0030,West Ham United,43',0,Declan Rice
PL-2022,M-2022-32-08,E-2022-32-0031,West Ham United,72',0,Pablo Fornals
PL-2022,M-2022-32-09,E-2022-32-0032,Manchester City FC,25',0,Phil Foden
PL-2022,M-2022-32-09,E-2022-32-0033,Brighton & Hove Albion,38',0,Julio Enciso
PL-2022,M-2022-32-10,E-2022-32-0034,Manchester United FC,6',0,Casemiro
PL-2022,M-2022-32-10,E-2022-32-0035,Manchester United FC,45+5',0,Anthony Martial
PL-2022,M-2022-32-10,E-2022-32-0036,Manchester United FC,73',1,Bruno Fernandes
PL-2022,M-2022-32-10,E-2022-32-0037,Manchester United FC,78',0,Marcus Rashford
PL-2022,M-2022-32-10,E-2022-32-0038,Chelsea FC,89',0,João Félix
PL-2022,M-2022-33-01,E-2022-33-0001,Wolverhampton Wanderers,3',2,Joachim Andersen
PL-2022,M-2022-33-01,E-2022-33-0002,Wolverhampton Wanderers,90+4',1,Rúben Neves
PL-2022,M-2022-33-02,E-2022-33-0003,Aston Villa FC,21',0,Tyrone Mings
PL-2022,M-2022-33-03,E-2022-33-0004,Leeds United FC ,20',0,Luis Sinisterra
PL-2022,M-2022-33-03,E-2022-33-0005,Leicester City FC,80',0,Jamie Vardy
PL-2022,M-2022-33-04,E-2022-33-0006,Nottingham Forest,11',-2,Brennan Johnson
PL-2022,M-2022-33-04,E-2022-33-0007,Brighton & Hove Albion,38',0,Facundo Buonanotte
PL-2022,M-2022-33-04,E-2022-33-0008,Nottingham Forest,45+3',2,Pascal Groß
PL-2022,M-2022-33-04,E-2022-33-0009,Nottingham Forest,69',0,Danilo
PL-2022,M-2022-33-04,E-2022-33-0010,Nottingham Forest,90+1',1,Morgan Gibbs-White
PL-2022,M-2022-33-05,E-2022-33-0011,Brentford FC,37',2,César Azpilicueta
PL-2022,M-2022-33-05,E-2022-33-0012,Brentford FC,78',0,Bryan Mbeumo
PL-2022,M-2022-33-06,E-2022-33-0013,West Ham United,12',0,Lucas Paquetá
PL-2022,M-2022-33-06,E-2022-33-0014,FC Liverpool,18',0,Cody Gakpo
PL-2022,M-2022-33-06,E-2022-33-0015,FC Liverpool,67',0,Joël Matip
PL-2022,M-2022-33-07,E-2022-33-0016,Manchester City FC,7',0,Kevin De Bruyne
PL-2022,M-2022-33-07,E-2022-33-0017,Manchester City FC,45+1',0,John Stones
PL-2022,M-2022-33-07,E-2022-33-0018,Manchester City FC,54',0,Kevin De Bruyne
PL-2022,M-2022-33-07,E-2022-33-0019,FC Arsenal,86',0,Rob Holding
PL-2022,M-2022-33-07,E-2022-33-0020,Manchester City FC,90+5',0,Erling Haaland
PL-2022,M-2022-33-08,E-2022-33-0021,AFC Bournemouth,50',0,Marcus Tavernier
PL-2022,M-2022-33-09,E-2022-33-0022,Newcastle United,28',0,Callum Wilson
PL-2022,M-2022-33-09,E-2022-33-0023,Newcastle United,72',0,Joelinton
PL-2022,M-2022-33-09,E-2022-33-0024,Newcastle United,75',0,Callum Wilson
PL-2022,M-2022-33-09,E-2022-33-0025,FC Everton,80',0,Dwight McNeil
PL-2022,M-2022-33-09,E-2022-33-0026,Newcastle United,81',0,Jacob Murphy
PL-2022,M-2022-33-10,E-2022-33-0027,Manchester United FC,7',0,Jadon Sancho
PL-2022,M-2022-33-10,E-2022-33-0028,Manchester United FC,44',0,Marcus Rashford
PL-2022,M-2022-33-10,E-2022-33-0029,Tottenham Hotspur ,56',0,Pedro Porro
PL-2022,M-2022-33-10,E-2022-33-0030,Tottenham Hotspur ,79',0,Heung-min Son
PL-2022,M-2022-34-01,E-2022-34-0001,West Ham United,9',0,Tomáš Souček
PL-2022,M-2022-34-01,E-2022-34-0002,Crystal Palace FC,15',0,Jordan Ayew
PL-2022,M-2022-34-01,E-2022-34-0003,Crystal Palace FC,20',0,Wilfried Zaha
PL-2022,M-2022-34-01,E-2022-34-0004,Crystal Palace FC,30',0,Jeffrey Schlupp
PL-2022,M-2022-34-01,E-2022-34-0005,West Ham United,35',0,Michail Antonio
PL-2022,M-2022-34-01,E-2022-34-0006,Crystal Palace FC,66',1,Eberechi Eze
PL-2022,M-2022-34-01,E-2022-34-0007,West Ham United,72',0,Nayef Aguerd
PL-2022,M-2022-34-02,E-2022-34-0008,Brighton & Hove Albion,6',0,Deniz Undav
PL-2022,M-2022-34-02,E-2022-34-0009,Brighton & Hove Albion,13',0,Pascal Groß
PL-2022,M-2022-34-02,E-2022-34-0010,Brighton & Hove Albion,26',0,Pascal Groß
PL-2022,M-2022-34-02,E-2022-34-0011,Brighton & Hove Albion,39',0,Danny Welbeck
PL-2022,M-2022-34-02,E-2022-34-0012,Brighton & Hove Albion,48',0,Danny Welbeck
PL-2022,M-2022-34-02,E-2022-34-0013,Brighton & Hove Albion,66',0,Deniz Undav
PL-2022,M-2022-34-03,E-2022-34-0014,Nottingham Forest,45+1',0,Danilo
PL-2022,M-2022-34-03,E-2022-34-0015,Brentford FC,82',0,Ivan Toney
PL-2022,M-2022-34-03,E-2022-34-0016,Brentford FC,90+4',0,Josh Dasilva
PL-2022,M-2022-34-04,E-2022-34-0017,FC Southampton,41',0,Stuart Armstrong
PL-2022,M-2022-34-04,E-2022-34-0018,Newcastle United,54',0,Callum Wilson
PL-2022,M-2022-34-04,E-2022-34-0019,Newcastle United,79',2,Theo Walcott
PL-2022,M-2022-34-04,E-2022-34-0020,Newcastle United,81',0,Callum Wilson
PL-2022,M-2022-34-05,E-2022-34-0021,Manchester United FC,39',0,Bruno Fernandes
PL-2022,M-2022-34-06,E-2022-34-0022,Manchester City FC,3',1,Erling Haaland
PL-2022,M-2022-34-06,E-2022-34-0023,FC Fulham,15',0,Carlos Vinícius
PL-2022,M-2022-34-06,E-2022-34-0024,Manchester City FC,36',0,Julián Alvarez
PL-2022,M-2022-34-07,E-2022-34-0025,AFC Bournemouth,20',0,Jefferson Lerma
PL-2022,M-2022-34-07,E-2022-34-0026,AFC Bournemouth,24',0,Jefferson Lerma
PL-2022,M-2022-34-07,E-2022-34-0027,Leeds United FC ,32',0,Patrick Bamford
PL-2022,M-2022-34-07,E-2022-34-0028,AFC Bournemouth,63',0,Dominic Solanke
PL-2022,M-2022-34-07,E-2022-34-0029,AFC Bournemouth,90+1',0,Antoine Semenyo
PL-2022,M-2022-34-08,E-2022-34-0030,FC Liverpool,3',0,Curtis Jones
PL-2022,M-2022-34-08,E-2022-34-0031,FC Liverpool,5',0,Luis Díaz
PL-2022,M-2022-34-08,E-2022-34-0032,FC Liverpool,15',1,Mohamed Salah
PL-2022,M-2022-34-08,E-2022-34-0033,Tottenham Hotspur ,39',0,Harry Kane
PL-2022,M-2022-34-08,E-2022-34-0034,Tottenham Hotspur ,77',0,Heung-min Son
PL-2022,M-2022-34-08,E-2022-34-0035,Tottenham Hotspur ,90+3',0,Richarlison
PL-2022,M-2022-34-08,E-2022-34-0036,FC Liverpool,90+4',0,Diogo Jota
PL-2022,M-2022-34-09,E-2022-34-0037,FC Everton,15',1,Dominic Calvert-Lewin
PL-2022,M-2022-34-09,E-2022-34-0038,Leicester City FC,22',0,Çağlar Söyüncü
PL-2022,M-2022-34-09,E-2022-34-0039,Leicester City FC,33',0,Jamie Vardy
PL-2022,M-2022-34-09,E-2022-34-0040,Leicester City FC,45+9',-2,James Maddison
PL-2022,M-2022-34-09,E-2022-34-0041,FC Everton,54',0,Alex Iwobi
PL-2022,M-2022-34-10,E-2022-34-0042,FC Arsenal,18',0,Martin Ødegaard
PL-2022,M-2022-34-10,E-2022-34-0043,FC Arsenal,31',0,Martin Ødegaard
PL-2022,M-2022-34-10,E-2022-34-0044,FC Arsenal,34',0,Gabriel Jesus
PL-2022,M-2022-34-10,E-2022-34-0045,Chelsea FC,65',0,Noni Madueke
PL-2022,M-2022-35-01,E-2022-35-0001,Chelsea FC,9',0,Conor Gallagher
PL-2022,M-2022-35-01,E-2022-35-0002,AFC Bournemouth,21',0,Matías Viña
PL-2022,M-2022-35-01,E-2022-35-0003,Chelsea FC,82',0,Benoît Badiashile
PL-2022,M-2022-35-01,E-2022-35-0004,Chelsea FC,86',0,João Félix
PL-2022,M-2022-35-02,E-2022-35-0005,Manchester City FC,19',0,İlkay Gündoğan
PL-2022,M-2022-35-02,E-2022-35-0006,Manchester City FC,27',0,İlkay Gündoğan
PL-2022,M-2022-35-02,E-2022-35-0007,Manchester City FC,84',-2,İlkay Gündoğan
PL-2022,M-2022-35-02,E-2022-35-0008,Leeds United FC ,85',0,Rodrigo
PL-2022,M-2022-35-03,E-2022-35-0009,Wolverhampton Wanderers,9',0,Toti
PL-2022,M-2022-35-04,E-2022-35-0010,Tottenham Hotspur ,45+1',0,Harry Kane
PL-2022,M-2022-35-05,E-2022-35-0011,FC Liverpool,13',0,Mohamed Salah
PL-2022,M-2022-35-06,E-2022-35-0012,FC Arsenal,14',0,Martin Ødegaard
PL-2022,M-2022-35-06,E-2022-35-0013,FC Arsenal,71',2,Fabian Schär
PL-2022,M-2022-35-07,E-2022-35-0014,West Ham United,27',0,Saïd Benrahma
PL-2022,M-2022-35-08,E-2022-35-0015,FC Fulham,10',0,Willian
PL-2022,M-2022-35-08,E-2022-35-0016,FC Fulham,18',0,Carlos Vinícius
PL-2022,M-2022-35-08,E-2022-35-0017,FC Fulham,44',0,Tom Cairney
PL-2022,M-2022-35-08,E-2022-35-0018,FC Fulham,51',0,Tom Cairney
PL-2022,M-2022-35-08,E-2022-35-0019,Leicester City FC,59',0,Harvey Barnes
PL-2022,M-2022-35-08,E-2022-35-0020,Leicester City FC,66',-2,Jamie Vardy
PL-2022,M-2022-35-08,E-2022-35-0021,FC Fulham,70',0,Willian
PL-2022,M-2022-35-08,E-2022-35-0022,Leicester City FC,81',1,James Maddison
PL-2022,M-2022-35-08,E-2022-35-0023,Leicester City FC,89',0,Harvey Barnes
PL-2022,M-2022-35-09,E-2022-35-0024,FC Everton,1',0,Abdoulaye Doucouré
PL-2022,M-2022-35-09,E-2022-35-0025,FC Everton,29',0,Abdoulaye Doucouré
PL-2022,M-2022-35-09,E-2022-35-0026,FC Everton,35',2,Jason Steele
PL-2022,M-2022-35-09,E-2022-35-0027,FC Everton,76',0,Dwight McNeil
PL-2022,M-2022-35-09,E-2022-35-0028,Brighton & Hove Albion,79',0,Alexis Mac Allister
PL-2022,M-2022-35-09,E-2022-35-0029,FC Everton,90+6',0,Dwight McNeil
PL-2022,M-2022-35-10,E-2022-35-0030,Nottingham Forest,18',0,Taiwo Awoniyi
PL-2022,M-2022-35-10,E-2022-35-0031,Nottingham Forest,21',0,Taiwo Awoniyi
PL-2022,M-2022-35-10,E-2022-35-0032,FC Southampton,25',0,Carlos Alcaraz
PL-2022,M-2022-35-10,E-2022-35-0033,Nottingham Forest,44',1,Morgan Gibbs-White
PL-2022,M-2022-35-10,E-2022-35-0034,FC Southampton,51',0,Lyanco
PL-2022,M-2022-35-10,E-2022-35-0035,Nottingham Forest,73',0,Danilo
PL-2022,M-2022-35-10,E-2022-35-0036,FC Southampton,90+6',1,James Ward-Prowse
PL-2022,M-2022-36-01,E-2022-36-0001,Leeds United FC ,7',0,Luke Ayling
PL-2022,M-2022-36-01,E-2022-36-0002,Leeds United FC ,28',-2,Patrick Bamford
PL-2022,M-2022-36-01,E-2022-36-0003,Newcastle United,31',1,Callum Wilson
PL-2022,M-2022-36-01,E-2022-36-0004,Newcastle United,69',1,Callum Wilson
PL-2022,M-2022-36-01,E-2022-36-0005,Leeds United FC ,79',0,Rasmus Kristensen
PL-2022,M-2022-36-01,E-2022-36-0006,Leeds United FC ,90+1',-1,Junior Firpo
PL-2022,M-2022-36-02,E-2022-36-0007,Aston Villa FC,8',0,Jacob Ramsey
PL-2022,M-2022-36-02,E-2022-36-0008,Aston Villa FC,72',0,Douglas Luiz
PL-2022,M-2022-36-02,E-2022-36-0009,Tottenham Hotspur ,90',1,Harry Kane
PL-2022,M-2022-36-03,E-2022-36-0010,Nottingham Forest,13',0,Taiwo Awoniyi
PL-2022,M-2022-36-03,E-2022-36-0011,Chelsea FC,51',0,Raheem Sterling
PL-2022,M-2022-36-03,E-2022-36-0012,Chelsea FC,58',0,Raheem Sterling
PL-2022,M-2022-36-03,E-2022-36-0013,Nottingham Forest,62',0,Taiwo Awoniyi
PL-2022,M-2022-36-04,E-2022-36-0014,Crystal Palace FC,39',0,Eberechi Eze
PL-2022,M-2022-36-04,E-2022-36-0015,Crystal Palace FC,58',0,Eberechi Eze
PL-2022,M-2022-36-05,E-2022-36-0016,Manchester United FC,32',0,Anthony Martial
PL-2022,M-2022-36-05,E-2022-36-0017,Manchester United FC,90+4',0,Alejandro Garnacho
PL-2022,M-2022-36-06,E-2022-36-0018,FC Fulham,48',0,Carlos Vinícius
PL-2022,M-2022-36-06,E-2022-36-0019,FC Fulham,72',0,Aleksandar Mitrović
PL-2022,M-2022-36-07,E-2022-36-0020,Brentford FC,20',0,Bryan Mbeumo
PL-2022,M-2022-36-07,E-2022-36-0021,Brentford FC,43',0,Yoane Wissa
PL-2022,M-2022-36-08,E-2022-36-0022,Manchester City FC,37',0,İlkay Gündoğan
PL-2022,M-2022-36-08,E-2022-36-0023,Manchester City FC,39',0,Erling Haaland
PL-2022,M-2022-36-08,E-2022-36-0024,Manchester City FC,51',0,İlkay Gündoğan
PL-2022,M-2022-36-09,E-2022-36-0025,Brighton & Hove Albion,51',0,Julio Enciso
PL-2022,M-2022-36-09,E-2022-36-0026,Brighton & Hove Albion,86',0,Deniz Undav
PL-2022,M-2022-36-09,E-2022-36-0027,Brighton & Hove Albion,90+6',0,Pervis Estupiñán
PL-2022,M-2022-36-10,E-2022-36-0028,FC Liverpool,33',0,Curtis Jones
PL-2022,M-2022-36-10,E-2022-36-0029,FC Liverpool,36',0,Curtis Jones
PL-2022,M-2022-36-10,E-2022-36-0030,FC Liverpool,71',0,Trent Alexander-Arnold
PL-2022,M-2022-37-01,E-2022-37-0001,Tottenham Hotspur ,8',0,Harry Kane
PL-2022,M-2022-37-01,E-2022-37-0002,Brentford FC,50',0,Bryan Mbeumo
PL-2022,M-2022-37-01,E-2022-37-0003,Brentford FC,62',0,Bryan Mbeumo
PL-2022,M-2022-37-01,E-2022-37-0004,Brentford FC,88',0,Yoane Wissa
PL-2022,M-2022-37-02,E-2022-37-0005,Manchester United FC,9',0,Casemiro
PL-2022,M-2022-37-03,E-2022-37-0006,Crystal Palace FC,34',0,Odsonne Édouard
PL-2022,M-2022-37-03,E-2022-37-0007,FC Fulham,45+5',1,Aleksandar Mitrović
PL-2022,M-2022-37-03,E-2022-37-0008,FC Fulham,61',0,Aleksandar Mitrović
PL-2022,M-2022-37-03,E-2022-37-0009,Crystal Palace FC,83',0,Joel Ward
PL-2022,M-2022-37-04,E-2022-37-0010,Aston Villa FC,22',-2,Ollie Watkins
PL-2022,M-2022-37-04,E-2022-37-0011,Aston Villa FC,27',0,Jacob Ramsey
PL-2022,M-2022-37-04,E-2022-37-0012,FC Liverpool,89',0,Roberto Firmino
PL-2022,M-2022-37-05,E-2022-37-0013,Wolverhampton Wanderers,34',0,Hee-chan Hwang
PL-2022,M-2022-37-05,E-2022-37-0014,FC Everton,90+9',0,Yerry Mina
PL-2022,M-2022-37-06,E-2022-37-0015,Nottingham Forest,19',0,Taiwo Awoniyi
PL-2022,M-2022-37-07,E-2022-37-0016,Leeds United FC ,17',0,Rodrigo
PL-2022,M-2022-37-07,E-2022-37-0017,West Ham United,31',0,Declan Rice
PL-2022,M-2022-37-07,E-2022-37-0018,West Ham United,72',0,Jarrod Bowen
PL-2022,M-2022-37-07,E-2022-37-0019,West Ham United,90+4',0,Manuel Lanzini
PL-2022,M-2022-37-08,E-2022-37-0020,Brighton & Hove Albion,29',0,Evan Ferguson
PL-2022,M-2022-37-08,E-2022-37-0021,Brighton & Hove Albion,40',0,Evan Ferguson
PL-2022,M-2022-37-08,E-2022-37-0022,FC Southampton,58',0,Mohamed Elyounoussi
PL-2022,M-2022-37-08,E-2022-37-0023,Brighton & Hove Albion,69',0,Pascal Groß
PL-2022,M-2022-37-09,E-2022-37-0024,Manchester City FC,12',0,Julián Alvarez
PL-2022,M-2022-38-01,E-2022-38-0001,FC Arsenal,11',0,Granit Xhaka
PL-2022,M-2022-38-01,E-2022-38-0002,FC Arsenal,14',0,Granit Xhaka
PL-2022,M-2022-38-01,E-2022-38-0003,FC Arsenal,27',0,Bukayo Saka
PL-2022,M-2022-38-01,E-2022-38-0004,FC Arsenal,58',0,Gabriel Jesus
PL-2022,M-2022-38-01,E-2022-38-0005,FC Arsenal,78',0,Jakub Kiwior
PL-2022,M-2022-38-02,E-2022-38-0006,Aston Villa FC,8',0,Douglas Luiz
PL-2022,M-2022-38-02,E-2022-38-0007,Aston Villa FC,26',0,Ollie Watkins
PL-2022,M-2022-38-02,E-2022-38-0008,Brighton & Hove Albion,38',0,Deniz Undav
PL-2022,M-2022-38-03,E-2022-38-0009,Brentford FC,85',0,Ethan Pinnock
PL-2022,M-2022-38-04,E-2022-38-0010,Newcastle United,9',0,Anthony Gordon
PL-2022,M-2022-38-04,E-2022-38-0011,Chelsea FC,27',2,Kieran Trippier
PL-2022,M-2022-38-05,E-2022-38-0012,Nottingham Forest,31',0,Taiwo Awoniyi
PL-2022,M-2022-38-05,E-2022-38-0013,Crystal Palace FC,66',0,Will Hughes
PL-2022,M-2022-38-06,E-2022-38-0014,FC Everton,57',0,Abdoulaye Doucouré
PL-2022,M-2022-38-07,E-2022-38-0015,Tottenham Hotspur ,2',0,Harry Kane
PL-2022,M-2022-38-07,E-2022-38-0016,Tottenham Hotspur ,47',0,Pedro Porro
PL-2022,M-2022-38-07,E-2022-38-0017,Leeds United FC ,67',0,Jack Harrison
PL-2022,M-2022-38-07,E-2022-38-0018,Tottenham Hotspur ,69',0,Harry Kane
PL-2022,M-2022-38-07,E-2022-38-0019,Tottenham Hotspur ,90+5',0,Lucas Moura
PL-2022,M-2022-38-08,E-2022-38-0020,Leicester City FC,34',0,Harvey Barnes
PL-2022,M-2022-38-08,E-2022-38-0021,Leicester City FC,62',0,Wout Faes
PL-2022,M-2022-38-08,E-2022-38-0022,West Ham United,79',0,Pablo Fornals
PL-2022,M-2022-38-09,E-2022-38-0023,FC Fulham,19',0,Kenny Tete
PL-2022,M-2022-38-09,E-2022-38-0024,FC Fulham,26',-2,Aleksandar Mitrović
PL-2022,M-2022-38-09,E-2022-38-0025,Manchester United FC,39',0,Jadon Sancho
PL-2022,M-2022-38-09,E-2022-38-0026,Manchester United FC,55',0,Bruno Fernandes
PL-2022,M-2022-38-10,E-2022-38-0027,FC Liverpool,10',0,Diogo Jota
PL-2022,M-2022-38-10,E-2022-38-0028,FC Liverpool,14',0,Roberto Firmino
PL-2022,M-2022-38-10,E-2022-38-0029,FC Southampton,19',0,James Ward-Prowse
PL-2022,M-2022-38-10,E-2022-38-0030,FC Southampton,28',0,Kamaldeen Sulemana
PL-2022,M-2022-38-10,E-2022-38-0031,FC Southampton,47',0,Kamaldeen Sulemana
PL-2022,M-2022-38-10,E-2022-38-0032,FC Southampton,64',0,Adam Armstrong
PL-2022,M-2022-38-10,E-2022-38-0033,FC Liverpool,72',0,Cody Gakpo
PL-2022,M-2022-38-10,E-2022-38-0034,FC Liverpool,73',0,Diogo Jota
PL-2023,M-2023-01-01,E-2023-01-0001,Manchester City FC,4',0,Erling Haaland
PL-2023,M-2023-01-01,E-2023-01-0002,Manchester City FC,36',0,Erling Haaland
PL-2023,M-2023-01-01,E-2023-01-0003,Manchester City FC,75',0,Rodri
PL-2023,M-2023-01-01,E-2023-01-0004,FC Burnley,90+4',-1,Anass Zaroury
PL-2023,M-2023-01-02,E-2023-01-0005,FC Arsenal,26',0,Eddie Nketiah
PL-2023,M-2023-01-02,E-2023-01-0006,FC Arsenal,32',0,Bukayo Saka
PL-2023,M-2023-01-02,E-2023-01-0007,Nottingham Forest,82',0,Taiwo Awoniyi
PL-2023,M-2023-01-03,E-2023-01-0008,West Ham United,51',0,Jarrod Bowen
PL-2023,M-2023-01-03,E-2023-01-0009,AFC Bournemouth,82',0,Dominic Solanke
PL-2023,M-2023-01-04,E-2023-01-0010,Brighton & Hove Albion,36',0,Solly March
PL-2023,M-2023-01-04,E-2023-01-0011,Brighton & Hove Albion,71',1,João Pedro
PL-2023,M-2023-01-04,E-2023-01-0012,Luton Town,81',1,Carlton Morris
PL-2023,M-2023-01-04,E-2023-01-0013,Brighton & Hove Albion,85',0,Simon Adingra
PL-2023,M-2023-01-04,E-2023-01-0014,Brighton & Hove Albion,90+5',0,Evan Ferguson
PL-2023,M-2023-01-05,E-2023-01-0015,FC Fulham,73',0,Bobby De Cordova-Reid
PL-2023,M-2023-01-06,E-2023-01-0016,Crystal Palace FC,49',0,Odsonne Édouard
PL-2023,M-2023-01-07,E-2023-01-0017,Newcastle United,6',0,Sandro Tonali
PL-2023,M-2023-01-07,E-2023-01-0018,Aston Villa FC,11',0,Moussa Diaby
PL-2023,M-2023-01-07,E-2023-01-0019,Newcastle United,16',0,Alexander Isak
PL-2023,M-2023-01-07,E-2023-01-0020,Newcastle United,58',0,Alexander Isak
PL-2023,M-2023-01-07,E-2023-01-0021,Newcastle United,77',0,Callum Wilson
PL-2023,M-2023-01-07,E-2023-01-0022,Newcastle United,90+1',0,Harvey Barnes
PL-2023,M-2023-01-08,E-2023-01-0023,Tottenham Hotspur ,11',0,Cristian Romero
PL-2023,M-2023-01-08,E-2023-01-0024,Brentford FC,26',1,Bryan Mbeumo
PL-2023,M-2023-01-08,E-2023-01-0025,Brentford FC,36',0,Yoane Wissa
PL-2023,M-2023-01-08,E-2023-01-0026,Tottenham Hotspur ,45+4',0,Emerson Royal
PL-2023,M-2023-01-09,E-2023-01-0027,FC Liverpool,18',0,Luis Díaz
PL-2023,M-2023-01-09,E-2023-01-0028,Chelsea FC,37',0,Axel Disasi
PL-2023,M-2023-01-10,E-2023-01-0029,Manchester United FC,76',0,Raphaël Varane
PL-2023,M-2023-02-01,E-2023-02-0001,Nottingham Forest,3',0,Taiwo Awoniyi
PL-2023,M-2023-02-01,E-2023-02-0002,Sheffield United,48',0,Gustavo Hamer
PL-2023,M-2023-02-01,E-2023-02-0003,Nottingham Forest,89',0,Chris Wood
PL-2023,M-2023-02-02,E-2023-02-0004,Brentford FC,44',0,Yoane Wissa
PL-2023,M-2023-02-02,E-2023-02-0005,FC Fulham,64',-1,Tim Ream
PL-2023,M-2023-02-02,E-2023-02-0006,Brentford FC,66',1,Bryan Mbeumo
PL-2023,M-2023-02-02,E-2023-02-0007,Brentford FC,90+2',0,Bryan Mbeumo
PL-2023,M-2023-02-03,E-2023-02-0008,AFC Bournemouth,3',0,Antoine Semenyo
PL-2023,M-2023-02-03,E-2023-02-0009,FC Liverpool,27',0,Luis Díaz
PL-2023,M-2023-02-03,E-2023-02-0010,FC Liverpool,36',0,Mohamed Salah
PL-2023,M-2023-02-03,E-2023-02-0011,FC Liverpool,36',-2,Mohamed Salah
PL-2023,M-2023-02-03,E-2023-02-0012,FC Liverpool,58',-1,Alexis Mac Allister
PL-2023,M-2023-02-03,E-2023-02-0013,FC Liverpool,62',0,Diogo Jota
PL-2023,M-2023-02-04,E-2023-02-0014,Brighton & Hove Albion,15',0,Kaoru Mitoma
PL-2023,M-2023-02-04,E-2023-02-0015,Brighton & Hove Albion,46',0,Pervis Estupiñán
PL-2023,M-2023-02-04,E-2023-02-0016,Brighton & Hove Albion,51',0,Solly March
PL-2023,M-2023-02-04,E-2023-02-0017,Brighton & Hove Albion,55',0,Solly March
PL-2023,M-2023-02-04,E-2023-02-0018,Wolverhampton Wanderers,61',0,Hee-chan Hwang
PL-2023,M-2023-02-04,E-2023-02-0019,Wolverhampton Wanderers,90+5',-1,Matheus Nunes
PL-2023,M-2023-02-05,E-2023-02-0020,Tottenham Hotspur ,49',0,Pape Matar Sarr
PL-2023,M-2023-02-05,E-2023-02-0021,Tottenham Hotspur ,83',2,Lisandro Martínez
PL-2023,M-2023-02-06,E-2023-02-0022,Manchester City FC,31',0,Julián Alvarez
PL-2023,M-2023-02-07,E-2023-02-0023,Aston Villa FC,18',0,John McGinn
PL-2023,M-2023-02-07,E-2023-02-0024,Aston Villa FC,24',1,Douglas Luiz
PL-2023,M-2023-02-07,E-2023-02-0025,Aston Villa FC,51',0,Leon Bailey
PL-2023,M-2023-02-07,E-2023-02-0026,Aston Villa FC,75',0,Jhon Durán
PL-2023,M-2023-02-08,E-2023-02-0027,West Ham United,7',0,Nayef Aguerd
PL-2023,M-2023-02-08,E-2023-02-0028,Chelsea FC,28',0,Carney Chukwuemeka
PL-2023,M-2023-02-08,E-2023-02-0029,Chelsea FC,43',-2,Enzo Fernández
PL-2023,M-2023-02-08,E-2023-02-0030,West Ham United,53',0,Michail Antonio
PL-2023,M-2023-02-08,E-2023-02-0031,West Ham United,67',-1,Nayef Aguerd
PL-2023,M-2023-02-08,E-2023-02-0032,West Ham United,90+5',1,Lucas Paquetá
PL-2023,M-2023-02-09,E-2023-02-0033,FC Arsenal,53',1,Martin Ødegaard
PL-2023,M-2023-02-09,E-2023-02-0034,FC Arsenal,67',-1,Takehiro Tomiyasu
PL-2023,M-2023-02-10,E-2023-02-0035,FC Burnley,45+2',0,Lyle Foster
PL-2023,M-2023-02-10,E-2023-02-0036,Luton Town,84',0,Elijah Adebayo
PL-2023,M-2023-02-10,E-2023-02-0037,FC Burnley,85',0,Jacob Bruun Larsen
PL-2023,M-2023-03-01,E-2023-03-0001,Chelsea FC,17',0,Raheem Sterling
PL-2023,M-2023-03-01,E-2023-03-0002,Chelsea FC,68',0,Raheem Sterling
PL-2023,M-2023-03-01,E-2023-03-0003,Chelsea FC,75',0,Nicolas Jackson
PL-2023,M-2023-03-02,E-2023-03-0004,Tottenham Hotspur ,17',0,James Maddison
PL-2023,M-2023-03-02,E-2023-03-0005,Tottenham Hotspur ,63',0,Dejan Kulusevski
PL-2023,M-2023-03-03,E-2023-03-0006,FC Fulham,1',0,Andreas Pereira
PL-2023,M-2023-03-03,E-2023-03-0007,FC Arsenal,70',1,Bukayo Saka
PL-2023,M-2023-03-03,E-2023-03-0008,FC Arsenal,72',0,Eddie Nketiah
PL-2023,M-2023-03-03,E-2023-03-0009,FC Fulham,83',-1,Calvin Bassey
PL-2023,M-2023-03-03,E-2023-03-0010,FC Fulham,87',0,João Palhinha
PL-2023,M-2023-03-04,E-2023-03-0011,Brentford FC,18',0,Kevin Schade
PL-2023,M-2023-03-04,E-2023-03-0012,Crystal Palace FC,76',0,Joachim Andersen
PL-2023,M-2023-03-05,E-2023-03-0013,Wolverhampton Wanderers,87',0,Sasa Kalajdzic
PL-2023,M-2023-03-06,E-2023-03-0014,Nottingham Forest,2',0,Taiwo Awoniyi
PL-2023,M-2023-03-06,E-2023-03-0015,Nottingham Forest,4',0,Willy Boly
PL-2023,M-2023-03-06,E-2023-03-0016,Manchester United FC,17',0,Christian Eriksen
PL-2023,M-2023-03-06,E-2023-03-0017,Manchester United FC,52',0,Casemiro
PL-2023,M-2023-03-06,E-2023-03-0018,Nottingham Forest,67',-1,Joe Worrall
PL-2023,M-2023-03-06,E-2023-03-0019,Manchester United FC,76',1,Bruno Fernandes
PL-2023,M-2023-03-07,E-2023-03-0020,West Ham United,19',0,James Ward-Prowse
PL-2023,M-2023-03-07,E-2023-03-0021,West Ham United,58',0,Jarrod Bowen
PL-2023,M-2023-03-07,E-2023-03-0022,West Ham United,63',0,Michail Antonio
PL-2023,M-2023-03-07,E-2023-03-0023,Brighton & Hove Albion,81',0,Pascal Groß
PL-2023,M-2023-03-08,E-2023-03-0024,Aston Villa FC,8',0,Matty Cash
PL-2023,M-2023-03-08,E-2023-03-0025,Aston Villa FC,20',0,Matty Cash
PL-2023,M-2023-03-08,E-2023-03-0026,FC Burnley,47',0,Lyle Foster
PL-2023,M-2023-03-08,E-2023-03-0027,Aston Villa FC,61',0,Moussa Diaby
PL-2023,M-2023-03-09,E-2023-03-0028,Manchester City FC,37',-2,Erling Haaland
PL-2023,M-2023-03-09,E-2023-03-0029,Manchester City FC,63',0,Erling Haaland
PL-2023,M-2023-03-09,E-2023-03-0030,Sheffield United,85',0,Jayden Bogle
PL-2023,M-2023-03-09,E-2023-03-0031,Manchester City FC,88',0,Rodri
PL-2023,M-2023-03-10,E-2023-03-0032,Newcastle United,25',0,Anthony Gordon
PL-2023,M-2023-03-10,E-2023-03-0033,FC Liverpool,28',-1,Virgil van Dijk
PL-2023,M-2023-03-10,E-2023-03-0034,FC Liverpool,81',0,Darwin Núñez
PL-2023,M-2023-03-10,E-2023-03-0035,FC Liverpool,90+3',0,Darwin Núñez
PL-2023,M-2023-04-01,E-2023-04-0001,West Ham United,37',0,Jarrod Bowen
PL-2023,M-2023-04-01,E-2023-04-0002,West Ham United,85',0,Kurt Zouma
PL-2023,M-2023-04-01,E-2023-04-0003,Luton Town,90+2',0,Mads Andersen
PL-2023,M-2023-04-02,E-2023-04-0004,FC Everton,14',0,Abdoulaye Doucouré
PL-2023,M-2023-04-02,E-2023-04-0005,Sheffield United,33',0,Cameron Archer
PL-2023,M-2023-04-02,E-2023-04-0006,Sheffield United,45+3',2,Jordan Pickford
PL-2023,M-2023-04-02,E-2023-04-0007,FC Everton,55',0,Arnaut Danjuma
PL-2023,M-2023-04-03,E-2023-04-0008,Brentford FC,7',0,Mathias Jensen
PL-2023,M-2023-04-03,E-2023-04-0009,AFC Bournemouth,30',0,Dominic Solanke
PL-2023,M-2023-04-03,E-2023-04-0010,AFC Bournemouth,77',0,David Brooks
PL-2023,M-2023-04-03,E-2023-04-0011,Brentford FC,90+3',0,Bryan Mbeumo
PL-2023,M-2023-04-04,E-2023-04-0012,FC Burnley,4',0,Lyle Foster
PL-2023,M-2023-04-04,E-2023-04-0013,Tottenham Hotspur ,16',0,Heung-min Son
PL-2023,M-2023-04-04,E-2023-04-0014,Tottenham Hotspur ,45+2',0,Cristian Romero
PL-2023,M-2023-04-04,E-2023-04-0015,Tottenham Hotspur ,54',0,James Maddison
PL-2023,M-2023-04-04,E-2023-04-0016,Tottenham Hotspur ,63',0,Heung-min Son
PL-2023,M-2023-04-04,E-2023-04-0017,Tottenham Hotspur ,66',0,Heung-min Son
PL-2023,M-2023-04-04,E-2023-04-0018,FC Burnley,90+4',0,Josh Brownhill
PL-2023,M-2023-04-05,E-2023-04-0019,Nottingham Forest,48',0,Anthony Elanga
PL-2023,M-2023-04-06,E-2023-04-0020,Manchester City FC,31',0,Julián Alvarez
PL-2023,M-2023-04-06,E-2023-04-0021,FC Fulham,33',0,Tim Ream
PL-2023,M-2023-04-06,E-2023-04-0022,Manchester City FC,45+5',0,Nathan Aké
PL-2023,M-2023-04-06,E-2023-04-0023,Manchester City FC,58',0,Erling Haaland
PL-2023,M-2023-04-06,E-2023-04-0024,Manchester City FC,70',1,Erling Haaland
PL-2023,M-2023-04-06,E-2023-04-0025,Manchester City FC,90+5',0,Erling Haaland
PL-2023,M-2023-04-07,E-2023-04-0026,Brighton & Hove Albion,27',0,Evan Ferguson
PL-2023,M-2023-04-07,E-2023-04-0027,Brighton & Hove Albion,65',0,Evan Ferguson
PL-2023,M-2023-04-07,E-2023-04-0028,Brighton & Hove Albion,70',0,Evan Ferguson
PL-2023,M-2023-04-07,E-2023-04-0029,Newcastle United,90+2',0,Callum Wilson
PL-2023,M-2023-04-08,E-2023-04-0030,Crystal Palace FC,56',0,Odsonne Édouard
PL-2023,M-2023-04-08,E-2023-04-0031,Wolverhampton Wanderers,65',0,Hee-chan Hwang
PL-2023,M-2023-04-08,E-2023-04-0032,Crystal Palace FC,78',0,Eberechi Eze
PL-2023,M-2023-04-08,E-2023-04-0033,Crystal Palace FC,84',0,Odsonne Édouard
PL-2023,M-2023-04-08,E-2023-04-0034,Wolverhampton Wanderers,90+6',0,Matheus Cunha
PL-2023,M-2023-04-09,E-2023-04-0035,FC Liverpool,3',0,Dominik Szoboszlai
PL-2023,M-2023-04-09,E-2023-04-0036,FC Liverpool,22',2,Matty Cash
PL-2023,M-2023-04-09,E-2023-04-0037,FC Liverpool,55',0,Mohamed Salah
PL-2023,M-2023-04-10,E-2023-04-0038,Manchester United FC,27',0,Marcus Rashford
PL-2023,M-2023-04-10,E-2023-04-0039,FC Arsenal,28',0,Martin Ødegaard
PL-2023,M-2023-04-10,E-2023-04-0040,FC Arsenal,90+6',0,Declan Rice
PL-2023,M-2023-04-10,E-2023-04-0041,FC Arsenal,90+11',0,Gabriel Jesus
PL-2023,M-2023-05-01,E-2023-05-0001,Wolverhampton Wanderers,7',0,Hee-chan Hwang
PL-2023,M-2023-05-01,E-2023-05-0002,FC Liverpool,55',0,Cody Gakpo
PL-2023,M-2023-05-01,E-2023-05-0003,FC Liverpool,85',0,Andrew Robertson
PL-2023,M-2023-05-01,E-2023-05-0004,FC Liverpool,90+1',2,Hugo Bueno
PL-2023,M-2023-05-02,E-2023-05-0005,Crystal Palace FC,47',0,Odsonne Édouard
PL-2023,M-2023-05-02,E-2023-05-0006,Aston Villa FC,87',0,Jhon Durán
PL-2023,M-2023-05-02,E-2023-05-0007,Aston Villa FC,90+8',1,Douglas Luiz
PL-2023,M-2023-05-02,E-2023-05-0008,Aston Villa FC,90+11',0,Leon Bailey
PL-2023,M-2023-05-03,E-2023-05-0009,Brighton & Hove Albion,20',0,Danny Welbeck
PL-2023,M-2023-05-03,E-2023-05-0010,Brighton & Hove Albion,53',0,Pascal Groß
PL-2023,M-2023-05-03,E-2023-05-0011,Brighton & Hove Albion,71',0,João Pedro
PL-2023,M-2023-05-03,E-2023-05-0012,Manchester United FC,73',0,Hannibal
PL-2023,M-2023-05-04,E-2023-05-0013,Sheffield United,73',0,Gustavo Hamer
PL-2023,M-2023-05-04,E-2023-05-0014,Tottenham Hotspur ,90+8',0,Richarlison
PL-2023,M-2023-05-04,E-2023-05-0015,Tottenham Hotspur ,90+10',0,Dejan Kulusevski
PL-2023,M-2023-05-04,E-2023-05-0016,Sheffield United,90+14',-1,Oli McBurnie
PL-2023,M-2023-05-05,E-2023-05-0017,West Ham United,36',0,James Ward-Prowse
PL-2023,M-2023-05-05,E-2023-05-0018,Manchester City FC,46',0,Jérémy Doku
PL-2023,M-2023-05-05,E-2023-05-0019,Manchester City FC,76',0,Bernardo Silva
PL-2023,M-2023-05-05,E-2023-05-0020,Manchester City FC,86',0,Erling Haaland
PL-2023,M-2023-05-06,E-2023-05-0021,FC Fulham,65',0,Carlos Vinícius
PL-2023,M-2023-05-07,E-2023-05-0022,Newcastle United,64',1,Callum Wilson
PL-2023,M-2023-05-09,E-2023-05-0023,FC Arsenal,69',0,Leandro Trossard
PL-2023,M-2023-05-10,E-2023-05-0024,FC Burnley,41',0,Zeki Amdouni
PL-2023,M-2023-05-10,E-2023-05-0025,Nottingham Forest,61',0,Callum Hudson-Odoi
PL-2023,M-2023-05-10,E-2023-05-0026,FC Burnley,90+4',-1,Lyle Foster
PL-2023,M-2023-06-02,E-2023-06-0001,Wolverhampton Wanderers,39',-1,Jean-Ricner Bellegarde
PL-2023,M-2023-06-02,E-2023-06-0002,Wolverhampton Wanderers,50',0,Pedro Neto
PL-2023,M-2023-06-02,E-2023-06-0003,Luton Town,65',1,Carlton Morris
PL-2023,M-2023-06-03,E-2023-06-0004,Manchester City FC,7',0,Phil Foden
PL-2023,M-2023-06-03,E-2023-06-0005,Manchester City FC,14',0,Erling Haaland
PL-2023,M-2023-06-03,E-2023-06-0006,Manchester City FC,46',-1,Rodri
PL-2023,M-2023-06-04,E-2023-06-0007,FC Everton,6',0,Abdoulaye Doucouré
PL-2023,M-2023-06-04,E-2023-06-0008,Brentford FC,28',0,Mathias Jensen
PL-2023,M-2023-06-04,E-2023-06-0009,FC Everton,67',0,James Tarkowski
PL-2023,M-2023-06-04,E-2023-06-0010,FC Everton,71',0,Dominic Calvert-Lewin
PL-2023,M-2023-06-05,E-2023-06-0011,Manchester United FC,45',0,Bruno Fernandes
PL-2023,M-2023-06-06,E-2023-06-0012,FC Arsenal,26',2,Cristian Romero
PL-2023,M-2023-06-06,E-2023-06-0013,Tottenham Hotspur ,42',0,Heung-min Son
PL-2023,M-2023-06-06,E-2023-06-0014,FC Arsenal,54',1,Bukayo Saka
PL-2023,M-2023-06-06,E-2023-06-0015,Tottenham Hotspur ,55',0,Heung-min Son
PL-2023,M-2023-06-07,E-2023-06-0016,AFC Bournemouth,25',0,Dominic Solanke
PL-2023,M-2023-06-07,E-2023-06-0017,Brighton & Hove Albion,45+2',2,Milos Kerkez
PL-2023,M-2023-06-07,E-2023-06-0018,Brighton & Hove Albion,46',0,Kaoru Mitoma
PL-2023,M-2023-06-07,E-2023-06-0019,Brighton & Hove Albion,77',0,Kaoru Mitoma
PL-2023,M-2023-06-08,E-2023-06-0020,Chelsea FC,58',-1,Malo Gusto
PL-2023,M-2023-06-08,E-2023-06-0021,Aston Villa FC,73',0,Ollie Watkins
PL-2023,M-2023-06-09,E-2023-06-0022,FC Liverpool,16',1,Mohamed Salah
PL-2023,M-2023-06-09,E-2023-06-0023,West Ham United,42',0,Jarrod Bowen
PL-2023,M-2023-06-09,E-2023-06-0024,FC Liverpool,60',0,Darwin Núñez
PL-2023,M-2023-06-09,E-2023-06-0025,FC Liverpool,85',0,Diogo Jota
PL-2023,M-2023-06-10,E-2023-06-0026,Newcastle United,21',0,Sean Longstaff
PL-2023,M-2023-06-10,E-2023-06-0027,Newcastle United,31',0,Dan Burn
PL-2023,M-2023-06-10,E-2023-06-0028,Newcastle United,35',0,Sven Botman
PL-2023,M-2023-06-10,E-2023-06-0029,Newcastle United,56',0,Callum Wilson
PL-2023,M-2023-06-10,E-2023-06-0030,Newcastle United,61',0,Anthony Gordon
PL-2023,M-2023-06-10,E-2023-06-0031,Newcastle United,68',0,Miguel Almirón
PL-2023,M-2023-06-10,E-2023-06-0032,Newcastle United,73',0,Bruno Guimarães
PL-2023,M-2023-06-10,E-2023-06-0033,Newcastle United,87',0,Alexander Isak
PL-2023,M-2023-07-01,E-2023-07-0001,Aston Villa FC,14',0,Ollie Watkins
PL-2023,M-2023-07-01,E-2023-07-0002,Aston Villa FC,21',0,Ollie Watkins
PL-2023,M-2023-07-01,E-2023-07-0003,Aston Villa FC,26',2,Pervis Estupiñán
PL-2023,M-2023-07-01,E-2023-07-0004,Brighton & Hove Albion,50',0,Ansu Fati
PL-2023,M-2023-07-01,E-2023-07-0005,Aston Villa FC,65',0,Ollie Watkins
PL-2023,M-2023-07-01,E-2023-07-0006,Aston Villa FC,85',0,Jacob Ramsey
PL-2023,M-2023-07-01,E-2023-07-0007,Aston Villa FC,90+7',0,Douglas Luiz
PL-2023,M-2023-07-02,E-2023-07-0008,FC Arsenal,17',0,Bukayo Saka
PL-2023,M-2023-07-02,E-2023-07-0009,FC Arsenal,44',1,Martin Ødegaard
PL-2023,M-2023-07-02,E-2023-07-0010,FC Arsenal,53',1,Kai Havertz
PL-2023,M-2023-07-02,E-2023-07-0011,FC Arsenal,90+3',0,Ben White
PL-2023,M-2023-07-03,E-2023-07-0012,Luton Town,24',0,Tom Lockyer
PL-2023,M-2023-07-03,E-2023-07-0013,Luton Town,31',0,Carlton Morris
PL-2023,M-2023-07-03,E-2023-07-0014,FC Everton,41',0,Dominic Calvert-Lewin
PL-2023,M-2023-07-04,E-2023-07-0015,Crystal Palace FC,25',0,Joachim Andersen
PL-2023,M-2023-07-05,E-2023-07-0016,Newcastle United,14',0,Miguel Almirón
PL-2023,M-2023-07-05,E-2023-07-0017,Newcastle United,76',1,Alexander Isak
PL-2023,M-2023-07-06,E-2023-07-0018,West Ham United,24',0,Jarrod Bowen
PL-2023,M-2023-07-06,E-2023-07-0019,West Ham United,37',0,Tomáš Souček
PL-2023,M-2023-07-07,E-2023-07-0020,Wolverhampton Wanderers,13',2,Rúben Dias
PL-2023,M-2023-07-07,E-2023-07-0021,Manchester City FC,58',0,Julián Alvarez
PL-2023,M-2023-07-07,E-2023-07-0022,Wolverhampton Wanderers,66',0,Hee-chan Hwang
PL-2023,M-2023-07-08,E-2023-07-0023,FC Liverpool,26',-1,Curtis Jones
PL-2023,M-2023-07-08,E-2023-07-0024,Tottenham Hotspur ,36',0,Heung-min Son
PL-2023,M-2023-07-08,E-2023-07-0025,FC Liverpool,45+4',0,Cody Gakpo
PL-2023,M-2023-07-08,E-2023-07-0026,FC Liverpool,69',-1,Diogo Jota
PL-2023,M-2023-07-08,E-2023-07-0027,Tottenham Hotspur ,90+6',2,Joël Matip
PL-2023,M-2023-07-09,E-2023-07-0028,Nottingham Forest,56',-1,Moussa Niakhaté
PL-2023,M-2023-07-09,E-2023-07-0029,Brentford FC,58',0,Christian Nørgaard
PL-2023,M-2023-07-09,E-2023-07-0030,Nottingham Forest,65',0,Nicolás Domínguez
PL-2023,M-2023-07-10,E-2023-07-0031,Chelsea FC,18',0,Mykhaylo Mudryk
PL-2023,M-2023-07-10,E-2023-07-0032,Chelsea FC,19',0,Armando Broja
PL-2023,M-2023-08-01,E-2023-08-0001,Tottenham Hotspur ,45+4',-1,Yves Bissouma
PL-2023,M-2023-08-01,E-2023-08-0002,Tottenham Hotspur ,52',0,Micky van de Ven
PL-2023,M-2023-08-02,E-2023-08-0003,FC Burnley,15',0,Wilson Odobert
PL-2023,M-2023-08-02,E-2023-08-0004,Chelsea FC,42',2,Ameen Al-Dakhil
PL-2023,M-2023-08-02,E-2023-08-0005,Chelsea FC,50',1,Cole Palmer
PL-2023,M-2023-08-02,E-2023-08-0006,Chelsea FC,65',0,Raheem Sterling
PL-2023,M-2023-08-02,E-2023-08-0007,Chelsea FC,74',0,Nicolas Jackson
PL-2023,M-2023-08-03,E-2023-08-0008,FC Everton,8',0,James Garner
PL-2023,M-2023-08-03,E-2023-08-0009,FC Everton,37',0,Jack Harrison
PL-2023,M-2023-08-03,E-2023-08-0010,FC Everton,60',0,Abdoulaye Doucouré
PL-2023,M-2023-08-04,E-2023-08-0011,FC Fulham,53',0,Bobby De Cordova-Reid
PL-2023,M-2023-08-04,E-2023-08-0012,Sheffield United,68',2,Antonee Robinson
PL-2023,M-2023-08-04,E-2023-08-0013,FC Fulham,76',2,Wes Foderingham
PL-2023,M-2023-08-04,E-2023-08-0014,FC Fulham,90+2',0,Willian
PL-2023,M-2023-08-05,E-2023-08-0015,Brentford FC,26',0,Mathias Jensen
PL-2023,M-2023-08-05,E-2023-08-0016,Manchester United FC,90+3',0,Scott McTominay
PL-2023,M-2023-08-05,E-2023-08-0017,Manchester United FC,90+7',0,Scott McTominay
PL-2023,M-2023-08-07,E-2023-08-0018,Brighton & Hove Albion,20',0,Simon Adingra
PL-2023,M-2023-08-07,E-2023-08-0019,FC Liverpool,40',0,Mohamed Salah
PL-2023,M-2023-08-07,E-2023-08-0020,FC Liverpool,45+1',1,Mohamed Salah
PL-2023,M-2023-08-07,E-2023-08-0021,Brighton & Hove Albion,78',0,Lewis Dunk
PL-2023,M-2023-08-08,E-2023-08-0022,West Ham United,8',0,Tomáš Souček
PL-2023,M-2023-08-08,E-2023-08-0023,Newcastle United,57',0,Alexander Isak
PL-2023,M-2023-08-08,E-2023-08-0024,Newcastle United,62',0,Alexander Isak
PL-2023,M-2023-08-08,E-2023-08-0025,West Ham United,89',0,Mohammed Kudus
PL-2023,M-2023-08-09,E-2023-08-0026,Wolverhampton Wanderers,53',0,Hee-chan Hwang
PL-2023,M-2023-08-09,E-2023-08-0027,Aston Villa FC,55',0,Pau Torres
PL-2023,M-2023-08-09,E-2023-08-0028,Wolverhampton Wanderers,90+4',-1,Mario Lemina
PL-2023,M-2023-08-10,E-2023-08-0029,FC Arsenal,86',0,Gabriel Martinelli
PL-2023,M-2023-09-01,E-2023-09-0001,FC Everton,37',-1,Ashley Young
PL-2023,M-2023-09-01,E-2023-09-0002,FC Liverpool,75',1,Mohamed Salah
PL-2023,M-2023-09-01,E-2023-09-0003,FC Liverpool,90+7',0,Mohamed Salah
PL-2023,M-2023-09-02,E-2023-09-0004,AFC Bournemouth,17',0,Dominic Solanke
PL-2023,M-2023-09-02,E-2023-09-0005,Wolverhampton Wanderers,47',0,Matheus Cunha
PL-2023,M-2023-09-02,E-2023-09-0006,AFC Bournemouth,54',-1,Lewis Cook
PL-2023,M-2023-09-02,E-2023-09-0007,Wolverhampton Wanderers,88',0,Sasa Kalajdzic
PL-2023,M-2023-09-03,E-2023-09-0008,Brentford FC,25',0,Yoane Wissa
PL-2023,M-2023-09-03,E-2023-09-0009,Brentford FC,62',0,Bryan Mbeumo
PL-2023,M-2023-09-03,E-2023-09-0010,FC Burnley,78',-1,Connor Roberts
PL-2023,M-2023-09-03,E-2023-09-0011,Brentford FC,87',0,Saman Ghoddos
PL-2023,M-2023-09-04,E-2023-09-0012,Manchester City FC,7',0,Julián Alvarez
PL-2023,M-2023-09-04,E-2023-09-0013,Manchester City FC,19',0,Erling Haaland
PL-2023,M-2023-09-04,E-2023-09-0014,Brighton & Hove Albion,73',0,Ansu Fati
PL-2023,M-2023-09-04,E-2023-09-0015,Manchester City FC,90+5',-1,Manuel Akanji
PL-2023,M-2023-09-05,E-2023-09-0016,Newcastle United,4',0,Jacob Murphy
PL-2023,M-2023-09-05,E-2023-09-0017,Newcastle United,44',0,Anthony Gordon
PL-2023,M-2023-09-05,E-2023-09-0018,Newcastle United,45+2',0,Sean Longstaff
PL-2023,M-2023-09-05,E-2023-09-0019,Newcastle United,66',0,Callum Wilson
PL-2023,M-2023-09-06,E-2023-09-0020,Nottingham Forest,48',0,Chris Wood
PL-2023,M-2023-09-06,E-2023-09-0021,Nottingham Forest,76',0,Chris Wood
PL-2023,M-2023-09-06,E-2023-09-0022,Luton Town,83',0,Chiedozie Ogbene
PL-2023,M-2023-09-06,E-2023-09-0023,Luton Town,90+2',0,Elijah Adebayo
PL-2023,M-2023-09-07,E-2023-09-0024,Chelsea FC,15',1,Cole Palmer
PL-2023,M-2023-09-07,E-2023-09-0025,Chelsea FC,48',0,Mykhaylo Mudryk
PL-2023,M-2023-09-07,E-2023-09-0026,FC Arsenal,77',0,Declan Rice
PL-2023,M-2023-09-07,E-2023-09-0027,FC Arsenal,84',0,Leandro Trossard
PL-2023,M-2023-09-08,E-2023-09-0028,Manchester United FC,28',0,Scott McTominay
PL-2023,M-2023-09-08,E-2023-09-0029,Sheffield United,34',1,Oli McBurnie
PL-2023,M-2023-09-08,E-2023-09-0030,Manchester United FC,77',0,Diogo Dalot
PL-2023,M-2023-09-09,E-2023-09-0031,Aston Villa FC,30',0,Douglas Luiz
PL-2023,M-2023-09-09,E-2023-09-0032,Aston Villa FC,51',1,Douglas Luiz
PL-2023,M-2023-09-09,E-2023-09-0033,West Ham United,56',0,Jarrod Bowen
PL-2023,M-2023-09-09,E-2023-09-0034,Aston Villa FC,74',0,Ollie Watkins
PL-2023,M-2023-09-09,E-2023-09-0035,Aston Villa FC,89',0,Leon Bailey
PL-2023,M-2023-09-10,E-2023-09-0036,Tottenham Hotspur ,36',0,Heung-min Son
PL-2023,M-2023-09-10,E-2023-09-0037,Tottenham Hotspur ,54',0,James Maddison
PL-2023,M-2023-10-01,E-2023-10-0001,Tottenham Hotspur ,53',2,Joel Ward
PL-2023,M-2023-10-01,E-2023-10-0002,Tottenham Hotspur ,66',0,Heung-min Son
PL-2023,M-2023-10-01,E-2023-10-0003,Crystal Palace FC,90+4',0,Jordan Ayew
PL-2023,M-2023-10-02,E-2023-10-0004,Brentford FC,58',0,Ethan Pinnock
PL-2023,M-2023-10-02,E-2023-10-0005,Brentford FC,90+6',0,Bryan Mbeumo
PL-2023,M-2023-10-03,E-2023-10-0006,FC Burnley,11',0,Charlie Taylor
PL-2023,M-2023-10-03,E-2023-10-0007,AFC Bournemouth,22',0,Antoine Semenyo
PL-2023,M-2023-10-03,E-2023-10-0008,AFC Bournemouth,76',0,Philip Billing
PL-2023,M-2023-10-04,E-2023-10-0009,FC Arsenal,28',0,Eddie Nketiah
PL-2023,M-2023-10-04,E-2023-10-0010,FC Arsenal,50',0,Eddie Nketiah
PL-2023,M-2023-10-04,E-2023-10-0011,FC Arsenal,58',0,Eddie Nketiah
PL-2023,M-2023-10-04,E-2023-10-0012,FC Arsenal,88',1,Fábio Vieira
PL-2023,M-2023-10-04,E-2023-10-0013,FC Arsenal,90+6',0,Takehiro Tomiyasu
PL-2023,M-2023-10-05,E-2023-10-0014,Newcastle United,22',0,Callum Wilson
PL-2023,M-2023-10-05,E-2023-10-0015,Wolverhampton Wanderers,36',0,Mario Lemina
PL-2023,M-2023-10-05,E-2023-10-0016,Newcastle United,45+4',1,Callum Wilson
PL-2023,M-2023-10-05,E-2023-10-0017,Wolverhampton Wanderers,71',0,Hee-chan Hwang
PL-2023,M-2023-10-06,E-2023-10-0018,FC Everton,51',0,Dominic Calvert-Lewin
PL-2023,M-2023-10-07,E-2023-10-0019,Aston Villa FC,17',0,John McGinn
PL-2023,M-2023-10-07,E-2023-10-0020,Aston Villa FC,49',0,Moussa Diaby
PL-2023,M-2023-10-07,E-2023-10-0021,Aston Villa FC,62',2,Tom Lockyer
PL-2023,M-2023-10-07,E-2023-10-0022,Luton Town,83',2,Emiliano Martínez
PL-2023,M-2023-10-08,E-2023-10-0023,Brighton & Hove Albion,26',0,Evan Ferguson
PL-2023,M-2023-10-08,E-2023-10-0024,FC Fulham,65',0,João Palhinha
PL-2023,M-2023-10-09,E-2023-10-0025,FC Liverpool,31',0,Diogo Jota
PL-2023,M-2023-10-09,E-2023-10-0026,FC Liverpool,35',0,Darwin Núñez
PL-2023,M-2023-10-09,E-2023-10-0027,FC Liverpool,77',0,Mohamed Salah
PL-2023,M-2023-10-10,E-2023-10-0028,Manchester City FC,26',1,Erling Haaland
PL-2023,M-2023-10-10,E-2023-10-0029,Manchester City FC,49',0,Erling Haaland
PL-2023,M-2023-10-10,E-2023-10-0030,Manchester City FC,80',0,Phil Foden
PL-2023,M-2023-11-01,E-2023-11-0001,Manchester United FC,90+1',0,Bruno Fernandes
PL-2023,M-2023-11-02,E-2023-11-0002,Brentford FC,11',0,Neal Maupay
PL-2023,M-2023-11-02,E-2023-11-0003,West Ham United,19',0,Mohammed Kudus
PL-2023,M-2023-11-02,E-2023-11-0004,West Ham United,26',0,Jarrod Bowen
PL-2023,M-2023-11-02,E-2023-11-0005,Brentford FC,55',2,Konstantinos Mavropanos
PL-2023,M-2023-11-02,E-2023-11-0006,Brentford FC,69',0,Nathan Collins
PL-2023,M-2023-11-03,E-2023-11-0007,Crystal Palace FC,22',0,Jeffrey Schlupp
PL-2023,M-2023-11-03,E-2023-11-0008,Crystal Palace FC,90+4',0,Tyrick Mitchell
PL-2023,M-2023-11-04,E-2023-11-0009,FC Everton,7',0,Vitaliy Mykolenko
PL-2023,M-2023-11-04,E-2023-11-0010,Brighton & Hove Albion,84',2,Ashley Young
PL-2023,M-2023-11-05,E-2023-11-0011,Manchester City FC,30',0,Jérémy Doku
PL-2023,M-2023-11-05,E-2023-11-0012,Manchester City FC,33',0,Bernardo Silva
PL-2023,M-2023-11-05,E-2023-11-0013,Manchester City FC,37',0,Manuel Akanji
PL-2023,M-2023-11-05,E-2023-11-0014,Manchester City FC,64',0,Phil Foden
PL-2023,M-2023-11-05,E-2023-11-0015,AFC Bournemouth,74',0,Luis Sinisterra
PL-2023,M-2023-11-05,E-2023-11-0016,Manchester City FC,83',0,Bernardo Silva
PL-2023,M-2023-11-05,E-2023-11-0017,Manchester City FC,88',0,Nathan Aké
PL-2023,M-2023-11-06,E-2023-11-0018,Sheffield United,72',0,Cameron Archer
PL-2023,M-2023-11-06,E-2023-11-0019,Wolverhampton Wanderers,89',0,Jean-Ricner Bellegarde
PL-2023,M-2023-11-06,E-2023-11-0020,Sheffield United,90+10',1,Oliver Norwood
PL-2023,M-2023-11-07,E-2023-11-0021,Newcastle United,64',0,Anthony Gordon
PL-2023,M-2023-11-08,E-2023-11-0022,Nottingham Forest,5',0,Ola Aina
PL-2023,M-2023-11-08,E-2023-11-0023,Nottingham Forest,47',0,Orel Mangala
PL-2023,M-2023-11-09,E-2023-11-0024,Luton Town,80',0,Tahith Chong
PL-2023,M-2023-11-09,E-2023-11-0025,FC Liverpool,90+5',0,Luis Díaz
PL-2023,M-2023-11-10,E-2023-11-0026,Tottenham Hotspur ,6',0,Dejan Kulusevski
PL-2023,M-2023-11-10,E-2023-11-0027,Tottenham Hotspur ,33',-1,Cristian Romero
PL-2023,M-2023-11-10,E-2023-11-0028,Chelsea FC,35',1,Cole Palmer
PL-2023,M-2023-11-10,E-2023-11-0029,Tottenham Hotspur ,55',-1,Destiny Udogie
PL-2023,M-2023-11-10,E-2023-11-0030,Chelsea FC,75',0,Nicolas Jackson
PL-2023,M-2023-11-10,E-2023-11-0031,Chelsea FC,90+4',0,Nicolas Jackson
PL-2023,M-2023-11-10,E-2023-11-0032,Chelsea FC,90+7',0,Nicolas Jackson
PL-2023,M-2023-12-01,E-2023-12-0001,Tottenham Hotspur ,3',0,Brennan Johnson
PL-2023,M-2023-12-01,E-2023-12-0002,Wolverhampton Wanderers,90+1',0,Pablo Sarabia
PL-2023,M-2023-12-01,E-2023-12-0003,Wolverhampton Wanderers,90+7',0,Mario Lemina
PL-2023,M-2023-12-02,E-2023-12-0004,FC Arsenal,45+1',0,Leandro Trossard
PL-2023,M-2023-12-02,E-2023-12-0005,FC Burnley,54',0,Josh Brownhill
PL-2023,M-2023-12-02,E-2023-12-0006,FC Arsenal,57',0,William Saliba
PL-2023,M-2023-12-02,E-2023-12-0007,FC Arsenal,74',0,Oleksandr Zinchenko
PL-2023,M-2023-12-02,E-2023-12-0008,FC Arsenal,83',-1,Fábio Vieira
PL-2023,M-2023-12-03,E-2023-12-0009,FC Everton,1',0,Vitaliy Mykolenko
PL-2023,M-2023-12-03,E-2023-12-0010,Crystal Palace FC,5',1,Eberechi Eze
PL-2023,M-2023-12-03,E-2023-12-0011,FC Everton,49',0,Abdoulaye Doucouré
PL-2023,M-2023-12-03,E-2023-12-0012,Crystal Palace FC,73',0,Odsonne Édouard
PL-2023,M-2023-12-03,E-2023-12-0013,FC Everton,86',0,Idrissa Gueye
PL-2023,M-2023-12-04,E-2023-12-0014,Manchester United FC,59',0,Victor Lindelöf
PL-2023,M-2023-12-05,E-2023-12-0015,AFC Bournemouth,60',0,Dominic Solanke
PL-2023,M-2023-12-05,E-2023-12-0016,AFC Bournemouth,73',0,Dominic Solanke
PL-2023,M-2023-12-06,E-2023-12-0017,Aston Villa FC,27',2,Antonee Robinson
PL-2023,M-2023-12-06,E-2023-12-0018,Aston Villa FC,42',0,John McGinn
PL-2023,M-2023-12-06,E-2023-12-0019,Aston Villa FC,64',0,Ollie Watkins
PL-2023,M-2023-12-06,E-2023-12-0020,FC Fulham,70',0,Raúl Jiménez
PL-2023,M-2023-12-07,E-2023-12-0021,Brighton & Hove Albion,6',0,Simon Adingra
PL-2023,M-2023-12-07,E-2023-12-0022,Brighton & Hove Albion,69',-1,Mahmoud Dahoud
PL-2023,M-2023-12-07,E-2023-12-0023,Sheffield United,74',2,Adam Webster
PL-2023,M-2023-12-08,E-2023-12-0024,FC Liverpool,39',0,Mohamed Salah
PL-2023,M-2023-12-08,E-2023-12-0025,FC Liverpool,62',0,Mohamed Salah
PL-2023,M-2023-12-08,E-2023-12-0026,FC Liverpool,74',0,Diogo Jota
PL-2023,M-2023-12-09,E-2023-12-0027,West Ham United,3',0,Lucas Paquetá
PL-2023,M-2023-12-09,E-2023-12-0028,Nottingham Forest,44',0,Taiwo Awoniyi
PL-2023,M-2023-12-09,E-2023-12-0029,Nottingham Forest,63',0,Anthony Elanga
PL-2023,M-2023-12-09,E-2023-12-0030,West Ham United,65',0,Jarrod Bowen
PL-2023,M-2023-12-09,E-2023-12-0031,West Ham United,88',0,Tomáš Souček
PL-2023,M-2023-12-10,E-2023-12-0032,Manchester City FC,25',1,Erling Haaland
PL-2023,M-2023-12-10,E-2023-12-0033,Chelsea FC,29',0,Thiago Silva
PL-2023,M-2023-12-10,E-2023-12-0034,Chelsea FC,37',0,Raheem Sterling
PL-2023,M-2023-12-10,E-2023-12-0035,Manchester City FC,45+1',0,Manuel Akanji
PL-2023,M-2023-12-10,E-2023-12-0036,Manchester City FC,47',0,Erling Haaland
PL-2023,M-2023-12-10,E-2023-12-0037,Chelsea FC,67',0,Nicolas Jackson
PL-2023,M-2023-12-10,E-2023-12-0038,Manchester City FC,86',0,Rodri
PL-2023,M-2023-12-10,E-2023-12-0039,Chelsea FC,90+5',1,Cole Palmer
PL-2023,M-2023-13-01,E-2023-13-0001,Manchester City FC,27',0,Erling Haaland
PL-2023,M-2023-13-01,E-2023-13-0002,FC Liverpool,80',0,Trent Alexander-Arnold
PL-2023,M-2023-13-02,E-2023-13-0003,FC Burnley,49',1,Jay Rodríguez
PL-2023,M-2023-13-02,E-2023-13-0004,West Ham United,86',2,Dara O'Shea
PL-2023,M-2023-13-02,E-2023-13-0005,West Ham United,90+1',0,Tomáš Souček
PL-2023,M-2023-13-03,E-2023-13-0006,Luton Town,72',0,Teden Mengi
PL-2023,M-2023-13-03,E-2023-13-0007,Crystal Palace FC,74',0,Michael Olise
PL-2023,M-2023-13-03,E-2023-13-0008,Luton Town,83',0,Jacob Brown
PL-2023,M-2023-13-04,E-2023-13-0009,Newcastle United,13',0,Alexander Isak
PL-2023,M-2023-13-04,E-2023-13-0010,Chelsea FC,23',0,Raheem Sterling
PL-2023,M-2023-13-04,E-2023-13-0011,Newcastle United,60',0,Jamaal Lascelles
PL-2023,M-2023-13-04,E-2023-13-0012,Newcastle United,61',0,Joelinton
PL-2023,M-2023-13-04,E-2023-13-0013,Chelsea FC,73',-1,Reece James
PL-2023,M-2023-13-04,E-2023-13-0014,Newcastle United,83',0,Anthony Gordon
PL-2023,M-2023-13-05,E-2023-13-0015,Nottingham Forest,3',0,Anthony Elanga
PL-2023,M-2023-13-05,E-2023-13-0016,Brighton & Hove Albion,26',0,Evan Ferguson
PL-2023,M-2023-13-05,E-2023-13-0017,Brighton & Hove Albion,45+4',0,João Pedro
PL-2023,M-2023-13-05,E-2023-13-0018,Brighton & Hove Albion,58',1,João Pedro
PL-2023,M-2023-13-05,E-2023-13-0019,Brighton & Hove Albion,73',-1,Lewis Dunk
PL-2023,M-2023-13-05,E-2023-13-0020,Nottingham Forest,76',1,Morgan Gibbs-White
PL-2023,M-2023-13-06,E-2023-13-0021,AFC Bournemouth,12',0,Marcus Tavernier
PL-2023,M-2023-13-06,E-2023-13-0022,AFC Bournemouth,45+3',0,Justin Kluivert
PL-2023,M-2023-13-06,E-2023-13-0023,AFC Bournemouth,51',0,Marcus Tavernier
PL-2023,M-2023-13-06,E-2023-13-0024,Sheffield United,90+7',0,Oli McBurnie
PL-2023,M-2023-13-07,E-2023-13-0025,FC Arsenal,89',0,Kai Havertz
PL-2023,M-2023-13-08,E-2023-13-0026,Tottenham Hotspur ,22',0,Giovani Lo Celso
PL-2023,M-2023-13-08,E-2023-13-0027,Aston Villa FC,45+7',0,Pau Torres
PL-2023,M-2023-13-08,E-2023-13-0028,Aston Villa FC,61',0,Ollie Watkins
PL-2023,M-2023-13-09,E-2023-13-0029,Manchester United FC,3',0,Alejandro Garnacho
PL-2023,M-2023-13-09,E-2023-13-0030,Manchester United FC,56',1,Marcus Rashford
PL-2023,M-2023-13-09,E-2023-13-0031,Manchester United FC,75',0,Anthony Martial
PL-2023,M-2023-13-10,E-2023-13-0032,FC Fulham,7',0,Alex Iwobi
PL-2023,M-2023-13-10,E-2023-13-0033,Wolverhampton Wanderers,22',0,Matheus Cunha
PL-2023,M-2023-13-10,E-2023-13-0034,FC Fulham,59',1,Willian
PL-2023,M-2023-13-10,E-2023-13-0035,Wolverhampton Wanderers,75',1,Hee-chan Hwang
PL-2023,M-2023-13-10,E-2023-13-0036,FC Fulham,90+4',1,Willian
PL-2023,M-2023-14-01,E-2023-14-0001,FC Arsenal,6',0,Bukayo Saka
PL-2023,M-2023-14-01,E-2023-14-0002,FC Arsenal,13',0,Martin Ødegaard
PL-2023,M-2023-14-01,E-2023-14-0003,Wolverhampton Wanderers,86',0,Matheus Cunha
PL-2023,M-2023-14-02,E-2023-14-0004,Brentford FC,49',0,Neal Maupay
PL-2023,M-2023-14-02,E-2023-14-0005,Brentford FC,56',0,Ben Mee
PL-2023,M-2023-14-02,E-2023-14-0006,Luton Town,76',0,Jacob Brown
PL-2023,M-2023-14-02,E-2023-14-0007,Brentford FC,81',0,Shandon Baptiste
PL-2023,M-2023-14-03,E-2023-14-0008,FC Burnley,1',0,Jay Rodríguez
PL-2023,M-2023-14-03,E-2023-14-0009,FC Burnley,29',0,Jacob Bruun Larsen
PL-2023,M-2023-14-03,E-2023-14-0010,Sheffield United,45+1',-1,Oli McBurnie
PL-2023,M-2023-14-03,E-2023-14-0011,FC Burnley,73',0,Zeki Amdouni
PL-2023,M-2023-14-03,E-2023-14-0012,FC Burnley,75',0,Luca Koleosho
PL-2023,M-2023-14-03,E-2023-14-0013,FC Burnley,80',0,Josh Brownhill
PL-2023,M-2023-14-04,E-2023-14-0014,FC Everton,67',0,Dwight McNeil
PL-2023,M-2023-14-05,E-2023-14-0015,Newcastle United,55',0,Anthony Gordon
PL-2023,M-2023-14-06,E-2023-14-0016,AFC Bournemouth,10',0,Antoine Semenyo
PL-2023,M-2023-14-06,E-2023-14-0017,Aston Villa FC,20',0,Leon Bailey
PL-2023,M-2023-14-06,E-2023-14-0018,AFC Bournemouth,52',0,Dominic Solanke
PL-2023,M-2023-14-06,E-2023-14-0019,Aston Villa FC,90',0,Ollie Watkins
PL-2023,M-2023-14-07,E-2023-14-0020,Chelsea FC,17',0,Enzo Fernández
PL-2023,M-2023-14-07,E-2023-14-0021,Chelsea FC,21',0,Levi Colwill
PL-2023,M-2023-14-07,E-2023-14-0022,Brighton & Hove Albion,43',0,Facundo Buonanotte
PL-2023,M-2023-14-07,E-2023-14-0023,Chelsea FC,45',-1,Conor Gallagher
PL-2023,M-2023-14-07,E-2023-14-0024,Chelsea FC,65',1,Enzo Fernández
PL-2023,M-2023-14-07,E-2023-14-0025,Brighton & Hove Albion,90+2',0,João Pedro
PL-2023,M-2023-14-08,E-2023-14-0026,FC Liverpool,20',2,Bernd Leno
PL-2023,M-2023-14-08,E-2023-14-0027,FC Fulham,24',0,Harry Wilson
PL-2023,M-2023-14-08,E-2023-14-0028,FC Liverpool,38',0,Alexis Mac Allister
PL-2023,M-2023-14-08,E-2023-14-0029,FC Fulham,45+3',0,Kenny Tete
PL-2023,M-2023-14-08,E-2023-14-0030,FC Fulham,80',0,Bobby De Cordova-Reid
PL-2023,M-2023-14-08,E-2023-14-0031,FC Liverpool,87',0,Wataru Endo
PL-2023,M-2023-14-08,E-2023-14-0032,FC Liverpool,88',0,Trent Alexander-Arnold
PL-2023,M-2023-14-09,E-2023-14-0033,West Ham United,13',0,Mohammed Kudus
PL-2023,M-2023-14-09,E-2023-14-0034,Crystal Palace FC,53',0,Odsonne Édouard
PL-2023,M-2023-14-10,E-2023-14-0035,Tottenham Hotspur ,6',0,Heung-min Son
PL-2023,M-2023-14-10,E-2023-14-0036,Manchester City FC,9',2,Heung-min Son
PL-2023,M-2023-14-10,E-2023-14-0037,Manchester City FC,31',0,Phil Foden
PL-2023,M-2023-14-10,E-2023-14-0038,Tottenham Hotspur ,69',0,Giovani Lo Celso
PL-2023,M-2023-14-10,E-2023-14-0039,Manchester City FC,81',0,Jack Grealish
PL-2023,M-2023-14-10,E-2023-14-0040,Tottenham Hotspur ,90',0,Dejan Kulusevski
PL-2023,M-2023-15-01,E-2023-15-0001,Wolverhampton Wanderers,42',0,Hee-chan Hwang
PL-2023,M-2023-15-02,E-2023-15-0002,FC Arsenal,20',0,Gabriel Martinelli
PL-2023,M-2023-15-02,E-2023-15-0003,Luton Town,25',0,Gabriel Osho
PL-2023,M-2023-15-02,E-2023-15-0004,FC Arsenal,45',0,Gabriel Jesus
PL-2023,M-2023-15-02,E-2023-15-0005,Luton Town,49',0,Elijah Adebayo
PL-2023,M-2023-15-02,E-2023-15-0006,Luton Town,57',0,Ross Barkley
PL-2023,M-2023-15-02,E-2023-15-0007,FC Arsenal,60',0,Kai Havertz
PL-2023,M-2023-15-02,E-2023-15-0008,FC Arsenal,90+7',0,Declan Rice
PL-2023,M-2023-15-03,E-2023-15-0009,Brentford FC,27',1,Bryan Mbeumo
PL-2023,M-2023-15-03,E-2023-15-0010,Brighton & Hove Albion,31',0,Pascal Groß
PL-2023,M-2023-15-03,E-2023-15-0011,Brighton & Hove Albion,52',0,Jack Hinshelwood
PL-2023,M-2023-15-04,E-2023-15-0012,FC Fulham,30',0,Alex Iwobi
PL-2023,M-2023-15-04,E-2023-15-0013,FC Fulham,34',0,Raúl Jiménez
PL-2023,M-2023-15-04,E-2023-15-0014,FC Fulham,54',0,Raúl Jiménez
PL-2023,M-2023-15-04,E-2023-15-0015,FC Fulham,73',0,Alex Iwobi
PL-2023,M-2023-15-04,E-2023-15-0016,FC Fulham,86',0,Tom Cairney
PL-2023,M-2023-15-05,E-2023-15-0017,FC Liverpool,37',0,Virgil van Dijk
PL-2023,M-2023-15-05,E-2023-15-0018,FC Liverpool,90+4',0,Dominik Szoboszlai
PL-2023,M-2023-15-06,E-2023-15-0019,AFC Bournemouth,25',0,Marcos Senesi
PL-2023,M-2023-15-06,E-2023-15-0020,AFC Bournemouth,90+1',0,Kieffer Moore
PL-2023,M-2023-15-07,E-2023-15-0021,Aston Villa FC,74',0,Leon Bailey
PL-2023,M-2023-15-08,E-2023-15-0022,Manchester United FC,9',-2,Bruno Fernandes
PL-2023,M-2023-15-08,E-2023-15-0023,Manchester United FC,19',0,Scott McTominay
PL-2023,M-2023-15-08,E-2023-15-0024,Chelsea FC,45',0,Cole Palmer
PL-2023,M-2023-15-08,E-2023-15-0025,Manchester United FC,69',0,Scott McTominay
PL-2023,M-2023-15-09,E-2023-15-0026,FC Everton,79',0,Dwight McNeil
PL-2023,M-2023-15-09,E-2023-15-0027,FC Everton,86',0,Abdoulaye Doucouré
PL-2023,M-2023-15-09,E-2023-15-0028,FC Everton,90+6',0,Beto
PL-2023,M-2023-15-10,E-2023-15-0029,Tottenham Hotspur ,11',0,Cristian Romero
PL-2023,M-2023-15-10,E-2023-15-0030,West Ham United,52',0,Jarrod Bowen
PL-2023,M-2023-15-10,E-2023-15-0031,West Ham United,74',0,James Ward-Prowse
PL-2023,M-2023-16-01,E-2023-16-0001,Crystal Palace FC,57',1,Jean-Philippe Mateta
PL-2023,M-2023-16-01,E-2023-16-0002,Crystal Palace FC,75',-1,Jordan Ayew
PL-2023,M-2023-16-01,E-2023-16-0003,FC Liverpool,76',0,Mohamed Salah
PL-2023,M-2023-16-01,E-2023-16-0004,FC Liverpool,90+1',0,Harvey Elliott
PL-2023,M-2023-16-02,E-2023-16-0005,FC Burnley,45',0,Wilson Odobert
PL-2023,M-2023-16-02,E-2023-16-0006,Brighton & Hove Albion,77',0,Simon Adingra
PL-2023,M-2023-16-03,E-2023-16-0007,AFC Bournemouth,5',0,Dominic Solanke
PL-2023,M-2023-16-03,E-2023-16-0008,AFC Bournemouth,68',0,Philip Billing
PL-2023,M-2023-16-03,E-2023-16-0009,AFC Bournemouth,73',0,Marcos Senesi
PL-2023,M-2023-16-04,E-2023-16-0010,Sheffield United,45+1',0,James McAtee
PL-2023,M-2023-16-05,E-2023-16-0011,Nottingham Forest,14',0,Harry Toffolo
PL-2023,M-2023-16-05,E-2023-16-0012,Wolverhampton Wanderers,32',0,Matheus Cunha
PL-2023,M-2023-16-06,E-2023-16-0013,Aston Villa FC,7',0,John McGinn
PL-2023,M-2023-16-07,E-2023-16-0014,FC Everton,54',0,Abdoulaye Doucouré
PL-2023,M-2023-16-07,E-2023-16-0015,FC Everton,90+2',0,Lewis Dobbin
PL-2023,M-2023-16-08,E-2023-16-0016,FC Fulham,22',0,Raúl Jiménez
PL-2023,M-2023-16-08,E-2023-16-0017,FC Fulham,31',0,Willian
PL-2023,M-2023-16-08,E-2023-16-0018,FC Fulham,40',0,Tosin Adarabioyo
PL-2023,M-2023-16-08,E-2023-16-0019,FC Fulham,60',0,Harry Wilson
PL-2023,M-2023-16-08,E-2023-16-0020,FC Fulham,88',0,Carlos Vinícius
PL-2023,M-2023-16-09,E-2023-16-0021,Luton Town,45+2',0,Elijah Adebayo
PL-2023,M-2023-16-09,E-2023-16-0022,Manchester City FC,62',0,Bernardo Silva
PL-2023,M-2023-16-09,E-2023-16-0023,Manchester City FC,65',0,Jack Grealish
PL-2023,M-2023-16-10,E-2023-16-0024,Tottenham Hotspur ,26',0,Destiny Udogie
PL-2023,M-2023-16-10,E-2023-16-0025,Tottenham Hotspur ,38',0,Richarlison
PL-2023,M-2023-16-10,E-2023-16-0026,Tottenham Hotspur ,60',0,Richarlison
PL-2023,M-2023-16-10,E-2023-16-0027,Tottenham Hotspur ,85',1,Heung-min Son
PL-2023,M-2023-16-10,E-2023-16-0028,Newcastle United,90+1',0,Joelinton
PL-2023,M-2023-17-01,E-2023-17-0001,Tottenham Hotspur ,45+2',0,Richarlison
PL-2023,M-2023-17-01,E-2023-17-0002,Tottenham Hotspur ,65',0,Dejan Kulusevski
PL-2023,M-2023-17-01,E-2023-17-0003,Tottenham Hotspur ,70',-1,Yves Bissouma
PL-2023,M-2023-17-02,E-2023-17-0004,Chelsea FC,54',0,Cole Palmer
PL-2023,M-2023-17-02,E-2023-17-0005,Chelsea FC,61',0,Nicolas Jackson
PL-2023,M-2023-17-03,E-2023-17-0006,Manchester City FC,24',0,Jack Grealish
PL-2023,M-2023-17-03,E-2023-17-0007,Manchester City FC,54',0,Rico Lewis
PL-2023,M-2023-17-03,E-2023-17-0008,Crystal Palace FC,76',0,Jean-Philippe Mateta
PL-2023,M-2023-17-03,E-2023-17-0009,Crystal Palace FC,90+5',1,Michael Olise
PL-2023,M-2023-17-04,E-2023-17-0010,FC Fulham,22',-1,Raúl Jiménez
PL-2023,M-2023-17-04,E-2023-17-0011,Newcastle United,57',0,Lewis Miley
PL-2023,M-2023-17-04,E-2023-17-0012,Newcastle United,64',0,Miguel Almirón
PL-2023,M-2023-17-04,E-2023-17-0013,Newcastle United,82',0,Dan Burn
PL-2023,M-2023-17-05,E-2023-17-0014,FC Everton,19',0,Amadou Onana
PL-2023,M-2023-17-05,E-2023-17-0015,FC Everton,25',0,Michael Keane
PL-2023,M-2023-17-06,E-2023-17-0016,FC Arsenal,53',0,Gabriel Jesus
PL-2023,M-2023-17-06,E-2023-17-0017,FC Arsenal,87',0,Kai Havertz
PL-2023,M-2023-17-07,E-2023-17-0018,Brentford FC,45',0,Keane Lewis-Potter
PL-2023,M-2023-17-07,E-2023-17-0019,Brentford FC,71',-1,Ben Mee
PL-2023,M-2023-17-07,E-2023-17-0020,Aston Villa FC,77',0,Álex Moreno
PL-2023,M-2023-17-07,E-2023-17-0021,Aston Villa FC,85',0,Ollie Watkins
PL-2023,M-2023-17-07,E-2023-17-0022,Aston Villa FC,90+7',-1,Boubacar Kamara
PL-2023,M-2023-17-08,E-2023-17-0023,West Ham United,22',0,Mohammed Kudus
PL-2023,M-2023-17-08,E-2023-17-0024,West Ham United,32',0,Mohammed Kudus
PL-2023,M-2023-17-08,E-2023-17-0025,West Ham United,74',0,Jarrod Bowen
PL-2023,M-2023-17-09,E-2023-17-0026,Manchester United FC,90+4',-1,Diogo Dalot
PL-2023,M-2023-17-10,E-2023-17-0027,Luton Town,9',0,Tahith Chong
PL-2023,M-2023-17-10,E-2023-17-0028,Luton Town,31',0,Chiedozie Ogbene
PL-2023,M-2023-17-10,E-2023-17-0029,Luton Town,45+1',0,Ross Barkley
PL-2023,M-2023-17-10,E-2023-17-0030,AFC Bournemouth,50',0,Dominic Solanke
PL-2023,M-2023-17-10,E-2023-17-0031,AFC Bournemouth,62',0,Ilya Zabarnyi
PL-2023,M-2023-17-10,E-2023-17-0032,AFC Bournemouth,64',0,Antoine Semenyo
PL-2023,M-2023-17-10,E-2023-17-0033,AFC Bournemouth,83',0,Antoine Semenyo
PL-2023,M-2023-18-01,E-2023-18-0001,Crystal Palace FC,45',0,Jordan Ayew
PL-2023,M-2023-18-01,E-2023-18-0002,Brighton & Hove Albion,82',0,Danny Welbeck
PL-2023,M-2023-18-02,E-2023-18-0003,Sheffield United,87',0,Cameron Archer
PL-2023,M-2023-18-02,E-2023-18-0004,Aston Villa FC,90+7',0,Nicolò Zaniolo
PL-2023,M-2023-18-03,E-2023-18-0005,West Ham United,72',0,Jarrod Bowen
PL-2023,M-2023-18-03,E-2023-18-0006,West Ham United,78',0,Mohammed Kudus
PL-2023,M-2023-18-04,E-2023-18-0007,FC Burnley,47',0,Wilson Odobert
PL-2023,M-2023-18-04,E-2023-18-0008,FC Burnley,66',0,Sander Berge
PL-2023,M-2023-18-05,E-2023-18-0009,Luton Town,25',0,Andros Townsend
PL-2023,M-2023-18-06,E-2023-18-0010,Nottingham Forest,23',-1,Willy Boly
PL-2023,M-2023-18-06,E-2023-18-0011,Nottingham Forest,47',0,Anthony Elanga
PL-2023,M-2023-18-06,E-2023-18-0012,AFC Bournemouth,51',0,Dominic Solanke
PL-2023,M-2023-18-06,E-2023-18-0013,AFC Bournemouth,58',0,Dominic Solanke
PL-2023,M-2023-18-06,E-2023-18-0014,Nottingham Forest,74',0,Chris Wood
PL-2023,M-2023-18-06,E-2023-18-0015,AFC Bournemouth,90+4',0,Dominic Solanke
PL-2023,M-2023-18-07,E-2023-18-0016,Tottenham Hotspur ,9',0,Richarlison
PL-2023,M-2023-18-07,E-2023-18-0017,Tottenham Hotspur ,18',0,Heung-min Son
PL-2023,M-2023-18-07,E-2023-18-0018,FC Everton,82',0,André Gomes
PL-2023,M-2023-18-08,E-2023-18-0019,FC Arsenal,4',0,Gabriel
PL-2023,M-2023-18-08,E-2023-18-0020,FC Liverpool,29',0,Mohamed Salah
PL-2023,M-2023-18-09,E-2023-18-0021,Wolverhampton Wanderers,51',0,Mario Lemina
PL-2023,M-2023-18-09,E-2023-18-0022,Wolverhampton Wanderers,90+3',0,Matt Doherty
PL-2023,M-2023-18-09,E-2023-18-0023,Chelsea FC,90+6',0,Christopher Nkunku
PL-2023,M-2023-18-10,E-2023-18-0024,Manchester City FC,71',0,Erling Haaland
PL-2023,M-2023-19-01,E-2023-19-0001,Newcastle United,23',1,Alexander Isak
PL-2023,M-2023-19-01,E-2023-19-0002,Nottingham Forest,45+1',0,Chris Wood
PL-2023,M-2023-19-01,E-2023-19-0003,Nottingham Forest,53',0,Chris Wood
PL-2023,M-2023-19-01,E-2023-19-0004,Nottingham Forest,60',0,Chris Wood
PL-2023,M-2023-19-02,E-2023-19-0005,AFC Bournemouth,44',0,Justin Kluivert
PL-2023,M-2023-19-02,E-2023-19-0006,AFC Bournemouth,62',1,Dominic Solanke
PL-2023,M-2023-19-02,E-2023-19-0007,AFC Bournemouth,90+3',0,Luis Sinisterra
PL-2023,M-2023-19-03,E-2023-19-0008,Luton Town,17',0,Alfie Doughty
PL-2023,M-2023-19-03,E-2023-19-0009,Sheffield United,61',0,Oli McBurnie
PL-2023,M-2023-19-03,E-2023-19-0010,Sheffield United,69',0,Anel Ahmedhodzic
PL-2023,M-2023-19-03,E-2023-19-0011,Luton Town,77',2,Jack Robinson
PL-2023,M-2023-19-03,E-2023-19-0012,Luton Town,81',2,Anis Ben Slimane
PL-2023,M-2023-19-04,E-2023-19-0013,FC Liverpool,6',0,Darwin Núñez
PL-2023,M-2023-19-04,E-2023-19-0014,FC Liverpool,90',0,Diogo Jota
PL-2023,M-2023-19-05,E-2023-19-0015,Aston Villa FC,21',0,John McGinn
PL-2023,M-2023-19-05,E-2023-19-0016,Aston Villa FC,26',0,Leander Dendoncker
PL-2023,M-2023-19-05,E-2023-19-0017,Manchester United FC,59',0,Alejandro Garnacho
PL-2023,M-2023-19-05,E-2023-19-0018,Manchester United FC,71',0,Alejandro Garnacho
PL-2023,M-2023-19-05,E-2023-19-0019,Manchester United FC,82',0,Rasmus Højlund
PL-2023,M-2023-19-06,E-2023-19-0020,Wolverhampton Wanderers,13',0,Mario Lemina
PL-2023,M-2023-19-06,E-2023-19-0021,Wolverhampton Wanderers,14',0,Hee-chan Hwang
PL-2023,M-2023-19-06,E-2023-19-0022,Brentford FC,16',0,Yoane Wissa
PL-2023,M-2023-19-06,E-2023-19-0023,Wolverhampton Wanderers,28',0,Hee-chan Hwang
PL-2023,M-2023-19-06,E-2023-19-0024,Wolverhampton Wanderers,79',0,Jean-Ricner Bellegarde
PL-2023,M-2023-19-07,E-2023-19-0025,Chelsea FC,13',0,Mykhaylo Mudryk
PL-2023,M-2023-19-07,E-2023-19-0026,Crystal Palace FC,45+1',0,Michael Olise
PL-2023,M-2023-19-07,E-2023-19-0027,Chelsea FC,89',1,Noni Madueke
PL-2023,M-2023-19-08,E-2023-19-0028,FC Everton,29',0,Jack Harrison
PL-2023,M-2023-19-08,E-2023-19-0029,Manchester City FC,53',0,Phil Foden
PL-2023,M-2023-19-08,E-2023-19-0030,Manchester City FC,64',1,Julián Alvarez
PL-2023,M-2023-19-08,E-2023-19-0031,Manchester City FC,86',0,Bernardo Silva
PL-2023,M-2023-19-09,E-2023-19-0032,Brighton & Hove Albion,11',0,Jack Hinshelwood
PL-2023,M-2023-19-09,E-2023-19-0033,Brighton & Hove Albion,23',1,João Pedro
PL-2023,M-2023-19-09,E-2023-19-0034,Brighton & Hove Albion,63',0,Pervis Estupiñán
PL-2023,M-2023-19-09,E-2023-19-0035,Brighton & Hove Albion,75',1,João Pedro
PL-2023,M-2023-19-09,E-2023-19-0036,Tottenham Hotspur ,81',0,Alejo Veliz
PL-2023,M-2023-19-09,E-2023-19-0037,Tottenham Hotspur ,85',0,Ben Davies
PL-2023,M-2023-19-10,E-2023-19-0038,West Ham United,13',0,Tomáš Souček
PL-2023,M-2023-19-10,E-2023-19-0039,West Ham United,55',0,Konstantinos Mavropanos
PL-2023,M-2023-19-10,E-2023-19-0040,West Ham United,90+6',-2,Saïd Benrahma
PL-2023,M-2023-20-01,E-2023-20-0001,Chelsea FC,12',0,Cole Palmer
PL-2023,M-2023-20-01,E-2023-20-0002,Chelsea FC,37',0,Noni Madueke
PL-2023,M-2023-20-01,E-2023-20-0003,Chelsea FC,70',0,Cole Palmer
PL-2023,M-2023-20-01,E-2023-20-0004,Luton Town,80',0,Ross Barkley
PL-2023,M-2023-20-01,E-2023-20-0005,Luton Town,87',0,Elijah Adebayo
PL-2023,M-2023-20-02,E-2023-20-0006,Aston Villa FC,28',0,Leon Bailey
PL-2023,M-2023-20-02,E-2023-20-0007,FC Burnley,30',0,Zeki Amdouni
PL-2023,M-2023-20-02,E-2023-20-0008,Aston Villa FC,42',0,Moussa Diaby
PL-2023,M-2023-20-02,E-2023-20-0009,FC Burnley,56',-1,Sander Berge
PL-2023,M-2023-20-02,E-2023-20-0010,FC Burnley,71',0,Lyle Foster
PL-2023,M-2023-20-02,E-2023-20-0011,Aston Villa FC,89',1,Douglas Luiz
PL-2023,M-2023-20-03,E-2023-20-0012,Brentford FC,2',0,Keane Lewis-Potter
PL-2023,M-2023-20-03,E-2023-20-0013,Crystal Palace FC,14',0,Michael Olise
PL-2023,M-2023-20-03,E-2023-20-0014,Crystal Palace FC,39',0,Eberechi Eze
PL-2023,M-2023-20-03,E-2023-20-0015,Crystal Palace FC,58',0,Michael Olise
PL-2023,M-2023-20-04,E-2023-20-0016,Manchester City FC,14',0,Rodri
PL-2023,M-2023-20-04,E-2023-20-0017,Manchester City FC,61',0,Julián Alvarez
PL-2023,M-2023-20-05,E-2023-20-0018,Wolverhampton Wanderers,25',0,Maximilian Kilman
PL-2023,M-2023-20-05,E-2023-20-0019,Wolverhampton Wanderers,53',0,Matheus Cunha
PL-2023,M-2023-20-05,E-2023-20-0020,Wolverhampton Wanderers,61',0,Craig Dawson
PL-2023,M-2023-20-06,E-2023-20-0021,Nottingham Forest,64',0,Nicolás Domínguez
PL-2023,M-2023-20-06,E-2023-20-0022,Manchester United FC,78',0,Marcus Rashford
PL-2023,M-2023-20-06,E-2023-20-0023,Nottingham Forest,82',0,Morgan Gibbs-White
PL-2023,M-2023-20-07,E-2023-20-0024,FC Arsenal,5',0,Bukayo Saka
PL-2023,M-2023-20-07,E-2023-20-0025,FC Fulham,29',0,Raúl Jiménez
PL-2023,M-2023-20-07,E-2023-20-0026,FC Fulham,59',0,Bobby De Cordova-Reid
PL-2023,M-2023-20-08,E-2023-20-0027,Tottenham Hotspur ,9',0,Pape Matar Sarr
PL-2023,M-2023-20-08,E-2023-20-0028,Tottenham Hotspur ,71',0,Heung-min Son
PL-2023,M-2023-20-08,E-2023-20-0029,Tottenham Hotspur ,80',0,Richarlison
PL-2023,M-2023-20-08,E-2023-20-0030,AFC Bournemouth,84',0,Alex Scott
PL-2023,M-2023-20-09,E-2023-20-0031,FC Liverpool,22',-2,Mohamed Salah
PL-2023,M-2023-20-09,E-2023-20-0032,FC Liverpool,49',0,Mohamed Salah
PL-2023,M-2023-20-09,E-2023-20-0033,Newcastle United,54',0,Alexander Isak
PL-2023,M-2023-20-09,E-2023-20-0034,FC Liverpool,74',0,Curtis Jones
PL-2023,M-2023-20-09,E-2023-20-0035,FC Liverpool,78',0,Cody Gakpo
PL-2023,M-2023-20-09,E-2023-20-0036,Newcastle United,81',0,Sven Botman
PL-2023,M-2023-20-09,E-2023-20-0037,FC Liverpool,86',1,Mohamed Salah
PL-2023,M-2023-21-01,E-2023-21-0001,FC Burnley,36',0,Zeki Amdouni
PL-2023,M-2023-21-01,E-2023-21-0002,Luton Town,90+2',0,Carlton Morris
PL-2023,M-2023-21-02,E-2023-21-0003,Chelsea FC,45+4',1,Cole Palmer
PL-2023,M-2023-21-03,E-2023-21-0004,Manchester City FC,26',0,Bernardo Silva
PL-2023,M-2023-21-03,E-2023-21-0005,Newcastle United,35',0,Alexander Isak
PL-2023,M-2023-21-03,E-2023-21-0006,Newcastle United,37',0,Anthony Gordon
PL-2023,M-2023-21-03,E-2023-21-0007,Manchester City FC,74',0,Kevin De Bruyne
PL-2023,M-2023-21-03,E-2023-21-0008,Manchester City FC,90+1',0,Oscar Bobb
PL-2023,M-2023-21-05,E-2023-21-0009,Manchester United FC,3',0,Rasmus Højlund
PL-2023,M-2023-21-05,E-2023-21-0010,Tottenham Hotspur ,19',0,Richarlison
PL-2023,M-2023-21-05,E-2023-21-0011,Manchester United FC,40',0,Marcus Rashford
PL-2023,M-2023-21-05,E-2023-21-0012,Tottenham Hotspur ,46',0,Rodrigo Bentancur
PL-2023,M-2023-21-06,E-2023-21-0013,FC Arsenal,11',0,Gabriel
PL-2023,M-2023-21-06,E-2023-21-0014,FC Arsenal,37',0,Gabriel
PL-2023,M-2023-21-06,E-2023-21-0015,FC Arsenal,59',0,Leandro Trossard
PL-2023,M-2023-21-06,E-2023-21-0016,FC Arsenal,90+4',0,Gabriel Martinelli
PL-2023,M-2023-21-06,E-2023-21-0017,FC Arsenal,90+5',0,Gabriel Martinelli
PL-2023,M-2023-21-07,E-2023-21-0018,Nottingham Forest,3',0,Danilo
PL-2023,M-2023-21-07,E-2023-21-0019,Brentford FC,19',0,Ivan Toney
PL-2023,M-2023-21-07,E-2023-21-0020,Brentford FC,58',0,Ben Mee
PL-2023,M-2023-21-07,E-2023-21-0021,Nottingham Forest,65',0,Chris Wood
PL-2023,M-2023-21-07,E-2023-21-0022,Brentford FC,68',0,Neal Maupay
PL-2023,M-2023-21-08,E-2023-21-0023,West Ham United,28',0,Maxwel Cornet
PL-2023,M-2023-21-08,E-2023-21-0024,Sheffield United,44',0,Ben Brereton Díaz
PL-2023,M-2023-21-08,E-2023-21-0025,West Ham United,79',1,James Ward-Prowse
PL-2023,M-2023-21-08,E-2023-21-0026,Sheffield United,90+3',-1,Rhian Brewster
PL-2023,M-2023-21-08,E-2023-21-0027,West Ham United,90+7',-1,Vladimír Coufal
PL-2023,M-2023-21-08,E-2023-21-0028,Sheffield United,90+13',1,Oli McBurnie
PL-2023,M-2023-21-09,E-2023-21-0029,FC Liverpool,49',0,Darwin Núñez
PL-2023,M-2023-21-09,E-2023-21-0030,FC Liverpool,70',0,Diogo Jota
PL-2023,M-2023-21-09,E-2023-21-0031,FC Liverpool,79',0,Diogo Jota
PL-2023,M-2023-21-09,E-2023-21-0032,FC Liverpool,90+3',0,Darwin Núñez
PL-2023,M-2023-22-01,E-2023-22-0001,FC Arsenal,65',0,Gabriel Jesus
PL-2023,M-2023-22-01,E-2023-22-0002,FC Arsenal,72',0,Bukayo Saka
PL-2023,M-2023-22-01,E-2023-22-0003,Nottingham Forest,89',0,Taiwo Awoniyi
PL-2023,M-2023-22-03,E-2023-22-0004,Luton Town,1',0,Elijah Adebayo
PL-2023,M-2023-22-03,E-2023-22-0005,Luton Town,3',0,Chiedozie Ogbene
PL-2023,M-2023-22-03,E-2023-22-0006,Luton Town,42',0,Elijah Adebayo
PL-2023,M-2023-22-03,E-2023-22-0007,Luton Town,56',0,Elijah Adebayo
PL-2023,M-2023-22-04,E-2023-22-0008,Sheffield United,1',0,Ben Brereton Díaz
PL-2023,M-2023-22-04,E-2023-22-0009,Crystal Palace FC,17',0,Eberechi Eze
PL-2023,M-2023-22-04,E-2023-22-0010,Sheffield United,20',0,James McAtee
PL-2023,M-2023-22-04,E-2023-22-0011,Crystal Palace FC,27',0,Eberechi Eze
PL-2023,M-2023-22-04,E-2023-22-0012,Crystal Palace FC,67',0,Michael Olise
PL-2023,M-2023-22-05,E-2023-22-0013,Newcastle United,32',0,Fabian Schär
PL-2023,M-2023-22-05,E-2023-22-0014,Newcastle United,36',0,Fabian Schär
PL-2023,M-2023-22-05,E-2023-22-0015,Newcastle United,52',2,Álex Moreno
PL-2023,M-2023-22-05,E-2023-22-0016,Aston Villa FC,71',0,Ollie Watkins
PL-2023,M-2023-22-06,E-2023-22-0017,Brentford FC,15',0,Neal Maupay
PL-2023,M-2023-22-06,E-2023-22-0018,Tottenham Hotspur ,48',0,Destiny Udogie
PL-2023,M-2023-22-06,E-2023-22-0019,Tottenham Hotspur ,49',0,Brennan Johnson
PL-2023,M-2023-22-06,E-2023-22-0020,Tottenham Hotspur ,56',0,Richarlison
PL-2023,M-2023-22-06,E-2023-22-0021,Brentford FC,67',0,Ivan Toney
PL-2023,M-2023-22-07,E-2023-22-0022,Manchester City FC,16',0,Julián Alvarez
PL-2023,M-2023-22-07,E-2023-22-0023,Manchester City FC,22',0,Julián Alvarez
PL-2023,M-2023-22-07,E-2023-22-0024,Manchester City FC,46',0,Rodri
PL-2023,M-2023-22-07,E-2023-22-0025,FC Burnley,90+3',0,Ameen Al-Dakhil
PL-2023,M-2023-22-08,E-2023-22-0026,FC Liverpool,23',0,Diogo Jota
PL-2023,M-2023-22-08,E-2023-22-0027,FC Liverpool,39',0,Conor Bradley
PL-2023,M-2023-22-08,E-2023-22-0028,FC Liverpool,45+2',-2,Darwin Núñez
PL-2023,M-2023-22-08,E-2023-22-0029,FC Liverpool,65',0,Dominik Szoboszlai
PL-2023,M-2023-22-08,E-2023-22-0030,Chelsea FC,71',0,Christopher Nkunku
PL-2023,M-2023-22-08,E-2023-22-0031,FC Liverpool,79',0,Luis Díaz
PL-2023,M-2023-22-09,E-2023-22-0032,AFC Bournemouth,3',0,Dominic Solanke
PL-2023,M-2023-22-09,E-2023-22-0033,West Ham United,61',1,James Ward-Prowse
PL-2023,M-2023-22-10,E-2023-22-0034,Manchester United FC,5',0,Marcus Rashford
PL-2023,M-2023-22-10,E-2023-22-0035,Manchester United FC,22',0,Rasmus Højlund
PL-2023,M-2023-22-10,E-2023-22-0036,Wolverhampton Wanderers,71',1,Pablo Sarabia
PL-2023,M-2023-22-10,E-2023-22-0037,Manchester United FC,75',0,Scott McTominay
PL-2023,M-2023-22-10,E-2023-22-0038,Wolverhampton Wanderers,85',0,Maximilian Kilman
PL-2023,M-2023-22-10,E-2023-22-0039,Wolverhampton Wanderers,90+5',0,Pedro Neto
PL-2023,M-2023-22-10,E-2023-22-0040,Manchester United FC,90+7',0,Kobbie Mainoo
PL-2023,M-2023-23-01,E-2023-23-0001,Tottenham Hotspur ,4',0,Richarlison
PL-2023,M-2023-23-01,E-2023-23-0002,FC Everton,30',0,Jack Harrison
PL-2023,M-2023-23-01,E-2023-23-0003,Tottenham Hotspur ,41',0,Richarlison
PL-2023,M-2023-23-01,E-2023-23-0004,FC Everton,90+4',0,Jarrad Branthwaite
PL-2023,M-2023-23-02,E-2023-23-0005,Brighton & Hove Albion,3',0,Lewis Dunk
PL-2023,M-2023-23-02,E-2023-23-0006,Brighton & Hove Albion,33',0,Jack Hinshelwood
PL-2023,M-2023-23-02,E-2023-23-0007,Brighton & Hove Albion,34',0,Facundo Buonanotte
PL-2023,M-2023-23-02,E-2023-23-0008,Crystal Palace FC,71',0,Jean-Philippe Mateta
PL-2023,M-2023-23-02,E-2023-23-0009,Brighton & Hove Albion,84',0,João Pedro
PL-2023,M-2023-23-03,E-2023-23-0010,FC Fulham,17',0,João Palhinha
PL-2023,M-2023-23-03,E-2023-23-0011,FC Fulham,21',0,Rodrigo Muniz
PL-2023,M-2023-23-03,E-2023-23-0012,FC Burnley,71',0,David Datro Fofana
PL-2023,M-2023-23-03,E-2023-23-0013,FC Burnley,90+1',0,David Datro Fofana
PL-2023,M-2023-23-04,E-2023-23-0014,Newcastle United,7',0,Sean Longstaff
PL-2023,M-2023-23-04,E-2023-23-0015,Luton Town,21',0,Gabriel Osho
PL-2023,M-2023-23-04,E-2023-23-0016,Newcastle United,23',0,Sean Longstaff
PL-2023,M-2023-23-04,E-2023-23-0017,Luton Town,40',0,Ross Barkley
PL-2023,M-2023-23-04,E-2023-23-0018,Luton Town,59',1,Carlton Morris
PL-2023,M-2023-23-04,E-2023-23-0019,Luton Town,62',0,Elijah Adebayo
PL-2023,M-2023-23-04,E-2023-23-0020,Newcastle United,67',0,Kieran Trippier
PL-2023,M-2023-23-04,E-2023-23-0021,Newcastle United,73',0,Harvey Barnes
PL-2023,M-2023-23-05,E-2023-23-0022,Aston Villa FC,12',0,John McGinn
PL-2023,M-2023-23-05,E-2023-23-0023,Aston Villa FC,16',0,Ollie Watkins
PL-2023,M-2023-23-05,E-2023-23-0024,Aston Villa FC,20',0,Leon Bailey
PL-2023,M-2023-23-05,E-2023-23-0025,Aston Villa FC,30',0,Youri Tielemans
PL-2023,M-2023-23-05,E-2023-23-0026,Aston Villa FC,47',0,Álex Moreno
PL-2023,M-2023-23-06,E-2023-23-0027,AFC Bournemouth,5',0,Justin Kluivert
PL-2023,M-2023-23-06,E-2023-23-0028,Nottingham Forest,45',0,Callum Hudson-Odoi
PL-2023,M-2023-23-06,E-2023-23-0029,AFC Bournemouth,84',-1,Philip Billing
PL-2023,M-2023-23-07,E-2023-23-0030,Chelsea FC,19',0,Cole Palmer
PL-2023,M-2023-23-07,E-2023-23-0031,Wolverhampton Wanderers,22',0,Matheus Cunha
PL-2023,M-2023-23-07,E-2023-23-0032,Wolverhampton Wanderers,43',2,Axel Disasi
PL-2023,M-2023-23-07,E-2023-23-0033,Wolverhampton Wanderers,63',0,Matheus Cunha
PL-2023,M-2023-23-07,E-2023-23-0034,Wolverhampton Wanderers,82',1,Matheus Cunha
PL-2023,M-2023-23-07,E-2023-23-0035,Chelsea FC,86',0,Thiago Silva
PL-2023,M-2023-23-08,E-2023-23-0036,Manchester United FC,23',0,Rasmus Højlund
PL-2023,M-2023-23-08,E-2023-23-0037,Manchester United FC,49',0,Alejandro Garnacho
PL-2023,M-2023-23-08,E-2023-23-0038,Manchester United FC,84',0,Alejandro Garnacho
PL-2023,M-2023-23-09,E-2023-23-0039,FC Arsenal,14',0,Bukayo Saka
PL-2023,M-2023-23-09,E-2023-23-0040,FC Liverpool,45+3',2,Gabriel
PL-2023,M-2023-23-09,E-2023-23-0041,FC Arsenal,67',0,Gabriel Martinelli
PL-2023,M-2023-23-09,E-2023-23-0042,FC Liverpool,88',-1,Ibrahima Konaté
PL-2023,M-2023-23-09,E-2023-23-0043,FC Arsenal,90+2',0,Leandro Trossard
PL-2023,M-2023-23-10,E-2023-23-0044,Brentford FC,21',0,Neal Maupay
PL-2023,M-2023-23-10,E-2023-23-0045,Manchester City FC,45+3',0,Phil Foden
PL-2023,M-2023-23-10,E-2023-23-0046,Manchester City FC,53',0,Phil Foden
PL-2023,M-2023-23-10,E-2023-23-0047,Manchester City FC,70',0,Phil Foden
PL-2023,M-2023-24-01,E-2023-24-0001,Manchester City FC,71',0,Erling Haaland
PL-2023,M-2023-24-01,E-2023-24-0002,Manchester City FC,85',0,Erling Haaland
PL-2023,M-2023-24-02,E-2023-24-0003,FC Fulham,5',0,Bobby De Cordova-Reid
PL-2023,M-2023-24-02,E-2023-24-0004,FC Fulham,36',0,Rodrigo Muniz
PL-2023,M-2023-24-02,E-2023-24-0005,AFC Bournemouth,50',0,Marcos Senesi
PL-2023,M-2023-24-02,E-2023-24-0006,FC Fulham,52',0,Rodrigo Muniz
PL-2023,M-2023-24-03,E-2023-24-0007,FC Liverpool,31',0,Diogo Jota
PL-2023,M-2023-24-03,E-2023-24-0008,FC Burnley,45',0,Dara O'Shea
PL-2023,M-2023-24-03,E-2023-24-0009,FC Liverpool,52',0,Luis Díaz
PL-2023,M-2023-24-03,E-2023-24-0010,FC Liverpool,79',0,Darwin Núñez
PL-2023,M-2023-24-04,E-2023-24-0011,Sheffield United,30',0,Cameron Archer
PL-2023,M-2023-24-04,E-2023-24-0012,Sheffield United,36',1,James McAtee
PL-2023,M-2023-24-04,E-2023-24-0013,Luton Town,52',1,Carlton Morris
PL-2023,M-2023-24-04,E-2023-24-0014,Sheffield United,72',0,Vini Souza
PL-2023,M-2023-24-05,E-2023-24-0015,Brighton & Hove Albion,17',1,Pascal Groß
PL-2023,M-2023-24-05,E-2023-24-0016,Tottenham Hotspur ,61',0,Pape Matar Sarr
PL-2023,M-2023-24-05,E-2023-24-0017,Tottenham Hotspur ,90+6',0,Brennan Johnson
PL-2023,M-2023-24-06,E-2023-24-0018,Brentford FC,35',0,Christian Nørgaard
PL-2023,M-2023-24-06,E-2023-24-0019,Brentford FC,77',0,Ivan Toney
PL-2023,M-2023-24-07,E-2023-24-0020,Newcastle United,10',0,Bruno Guimarães
PL-2023,M-2023-24-07,E-2023-24-0021,Nottingham Forest,26',0,Anthony Elanga
PL-2023,M-2023-24-07,E-2023-24-0022,Newcastle United,43',0,Fabian Schär
PL-2023,M-2023-24-07,E-2023-24-0023,Nottingham Forest,45+6',0,Callum Hudson-Odoi
PL-2023,M-2023-24-07,E-2023-24-0024,Newcastle United,66',0,Bruno Guimarães
PL-2023,M-2023-24-08,E-2023-24-0025,FC Arsenal,32',0,William Saliba
PL-2023,M-2023-24-08,E-2023-24-0026,FC Arsenal,41',1,Bukayo Saka
PL-2023,M-2023-24-08,E-2023-24-0027,FC Arsenal,44',0,Gabriel
PL-2023,M-2023-24-08,E-2023-24-0028,FC Arsenal,45+2',0,Leandro Trossard
PL-2023,M-2023-24-08,E-2023-24-0029,FC Arsenal,63',0,Bukayo Saka
PL-2023,M-2023-24-08,E-2023-24-0030,FC Arsenal,65',0,Declan Rice
PL-2023,M-2023-24-09,E-2023-24-0031,Manchester United FC,17',0,Rasmus Højlund
PL-2023,M-2023-24-09,E-2023-24-0032,Aston Villa FC,67',0,Douglas Luiz
PL-2023,M-2023-24-09,E-2023-24-0033,Manchester United FC,86',0,Scott McTominay
PL-2023,M-2023-24-10,E-2023-24-0034,Crystal Palace FC,30',0,Jefferson Lerma
PL-2023,M-2023-24-10,E-2023-24-0035,Chelsea FC,47',0,Conor Gallagher
PL-2023,M-2023-24-10,E-2023-24-0036,Chelsea FC,90+1',0,Conor Gallagher
PL-2023,M-2023-24-10,E-2023-24-0037,Chelsea FC,90+4',0,Enzo Fernández
PL-2023,M-2023-25-01,E-2023-25-0001,FC Liverpool,35',0,Darwin Núñez
PL-2023,M-2023-25-01,E-2023-25-0002,FC Liverpool,55',0,Alexis Mac Allister
PL-2023,M-2023-25-01,E-2023-25-0003,FC Liverpool,68',0,Mohamed Salah
PL-2023,M-2023-25-01,E-2023-25-0004,Brentford FC,75',0,Ivan Toney
PL-2023,M-2023-25-01,E-2023-25-0005,FC Liverpool,86',0,Cody Gakpo
PL-2023,M-2023-25-02,E-2023-25-0006,FC Arsenal,4',0,Martin Ødegaard
PL-2023,M-2023-25-02,E-2023-25-0007,FC Arsenal,41',1,Bukayo Saka
PL-2023,M-2023-25-02,E-2023-25-0008,FC Arsenal,47',0,Bukayo Saka
PL-2023,M-2023-25-02,E-2023-25-0009,FC Arsenal,66',0,Leandro Trossard
PL-2023,M-2023-25-02,E-2023-25-0010,FC Arsenal,78',0,Kai Havertz
PL-2023,M-2023-25-03,E-2023-25-0011,Aston Villa FC,23',0,Ollie Watkins
PL-2023,M-2023-25-03,E-2023-25-0012,Aston Villa FC,56',0,Ollie Watkins
PL-2023,M-2023-25-03,E-2023-25-0013,FC Fulham,63',0,Rodrigo Muniz
PL-2023,M-2023-25-04,E-2023-25-0014,AFC Bournemouth,51',0,Dominic Solanke
PL-2023,M-2023-25-04,E-2023-25-0015,Newcastle United,58',1,Anthony Gordon
PL-2023,M-2023-25-04,E-2023-25-0016,AFC Bournemouth,69',0,Antoine Semenyo
PL-2023,M-2023-25-04,E-2023-25-0017,Newcastle United,90+2',0,Matt Ritchie
PL-2023,M-2023-25-05,E-2023-25-0018,Nottingham Forest,45+5',0,Taiwo Awoniyi
PL-2023,M-2023-25-05,E-2023-25-0019,West Ham United,71',-1,Kalvin Phillips
PL-2023,M-2023-25-05,E-2023-25-0020,Nottingham Forest,90+4',0,Callum Hudson-Odoi
PL-2023,M-2023-25-06,E-2023-25-0021,Wolverhampton Wanderers,42',0,João Gomes
PL-2023,M-2023-25-06,E-2023-25-0022,Tottenham Hotspur ,46',0,Dejan Kulusevski
PL-2023,M-2023-25-06,E-2023-25-0023,Wolverhampton Wanderers,63',0,João Gomes
PL-2023,M-2023-25-07,E-2023-25-0024,Chelsea FC,42',0,Raheem Sterling
PL-2023,M-2023-25-07,E-2023-25-0025,Manchester City FC,83',0,Rodri
PL-2023,M-2023-25-08,E-2023-25-0026,Sheffield United,13',-1,Mason Holgate
PL-2023,M-2023-25-08,E-2023-25-0027,Brighton & Hove Albion,20',0,Facundo Buonanotte
PL-2023,M-2023-25-08,E-2023-25-0028,Brighton & Hove Albion,24',0,Danny Welbeck
PL-2023,M-2023-25-08,E-2023-25-0029,Brighton & Hove Albion,75',2,Jack Robinson
PL-2023,M-2023-25-08,E-2023-25-0030,Brighton & Hove Albion,78',0,Simon Adingra
PL-2023,M-2023-25-08,E-2023-25-0031,Brighton & Hove Albion,85',0,Simon Adingra
PL-2023,M-2023-25-09,E-2023-25-0032,Manchester United FC,1',0,Rasmus Højlund
PL-2023,M-2023-25-09,E-2023-25-0033,Manchester United FC,7',0,Rasmus Højlund
PL-2023,M-2023-25-09,E-2023-25-0034,Luton Town,14',0,Carlton Morris
PL-2023,M-2023-25-10,E-2023-25-0035,Crystal Palace FC,66',0,Jordan Ayew
PL-2023,M-2023-25-10,E-2023-25-0036,FC Everton,84',0,Amadou Onana
PL-2023,M-2023-26-01,E-2023-26-0001,Luton Town,12',0,Chiedozie Ogbene
PL-2023,M-2023-26-01,E-2023-26-0002,FC Liverpool,56',0,Virgil van Dijk
PL-2023,M-2023-26-01,E-2023-26-0003,FC Liverpool,58',0,Cody Gakpo
PL-2023,M-2023-26-01,E-2023-26-0004,FC Liverpool,71',0,Luis Díaz
PL-2023,M-2023-26-01,E-2023-26-0005,FC Liverpool,90',0,Harvey Elliott
PL-2023,M-2023-26-02,E-2023-26-0006,Aston Villa FC,4',0,Ollie Watkins
PL-2023,M-2023-26-02,E-2023-26-0007,Aston Villa FC,29',0,Douglas Luiz
PL-2023,M-2023-26-02,E-2023-26-0008,Aston Villa FC,39',0,Douglas Luiz
PL-2023,M-2023-26-02,E-2023-26-0009,Nottingham Forest,45+5',0,Moussa Niakhaté
PL-2023,M-2023-26-02,E-2023-26-0010,Nottingham Forest,48',0,Morgan Gibbs-White
PL-2023,M-2023-26-02,E-2023-26-0011,Aston Villa FC,61',0,Leon Bailey
PL-2023,M-2023-26-03,E-2023-26-0012,FC Everton,73',0,Jarrad Branthwaite
PL-2023,M-2023-26-03,E-2023-26-0013,Brighton & Hove Albion,81',-1,Billy Gilmour
PL-2023,M-2023-26-03,E-2023-26-0014,Brighton & Hove Albion,90+5',0,Lewis Dunk
PL-2023,M-2023-26-04,E-2023-26-0015,FC Burnley,35',-1,Josh Brownhill
PL-2023,M-2023-26-04,E-2023-26-0016,Crystal Palace FC,68',0,Chris Richards
PL-2023,M-2023-26-04,E-2023-26-0017,Crystal Palace FC,71',0,Jordan Ayew
PL-2023,M-2023-26-04,E-2023-26-0018,Crystal Palace FC,79',1,Jean-Philippe Mateta
PL-2023,M-2023-26-05,E-2023-26-0019,FC Fulham,65',0,Calvin Bassey
PL-2023,M-2023-26-05,E-2023-26-0020,Manchester United FC,89',0,Harry Maguire
PL-2023,M-2023-26-05,E-2023-26-0021,FC Fulham,90+7',0,Alex Iwobi
PL-2023,M-2023-26-06,E-2023-26-0022,Manchester City FC,24',0,Phil Foden
PL-2023,M-2023-26-07,E-2023-26-0023,FC Arsenal,18',2,Sven Botman
PL-2023,M-2023-26-07,E-2023-26-0024,FC Arsenal,24',0,Kai Havertz
PL-2023,M-2023-26-07,E-2023-26-0025,FC Arsenal,65',0,Bukayo Saka
PL-2023,M-2023-26-07,E-2023-26-0026,FC Arsenal,69',0,Jakub Kiwior
PL-2023,M-2023-26-07,E-2023-26-0027,Newcastle United,84',0,Joe Willock
PL-2023,M-2023-26-08,E-2023-26-0028,Wolverhampton Wanderers,30',0,Pablo Sarabia
PL-2023,M-2023-26-09,E-2023-26-0029,West Ham United,5',0,Jarrod Bowen
PL-2023,M-2023-26-09,E-2023-26-0030,West Ham United,7',0,Jarrod Bowen
PL-2023,M-2023-26-09,E-2023-26-0031,Brentford FC,13',0,Neal Maupay
PL-2023,M-2023-26-09,E-2023-26-0032,West Ham United,63',0,Jarrod Bowen
PL-2023,M-2023-26-09,E-2023-26-0033,West Ham United,69',0,Emerson
PL-2023,M-2023-26-09,E-2023-26-0034,Brentford FC,82',0,Yoane Wissa
PL-2023,M-2023-26-10,E-2023-26-0035,Chelsea FC,24',0,Trevoh Chalobah
PL-2023,M-2023-26-10,E-2023-26-0036,Chelsea FC,72',0,Nicolas Jackson
PL-2023,M-2023-27-01,E-2023-27-0001,Chelsea FC,35',0,Nicolas Jackson
PL-2023,M-2023-27-01,E-2023-27-0002,Brentford FC,50',0,Mads Roerslev
PL-2023,M-2023-27-01,E-2023-27-0003,Brentford FC,69',0,Yoane Wissa
PL-2023,M-2023-27-01,E-2023-27-0004,Chelsea FC,83',0,Axel Disasi
PL-2023,M-2023-27-02,E-2023-27-0005,FC Everton,45',-2,Beto
PL-2023,M-2023-27-02,E-2023-27-0006,FC Everton,56',0,Beto
PL-2023,M-2023-27-02,E-2023-27-0007,West Ham United,62',0,Kurt Zouma
PL-2023,M-2023-27-02,E-2023-27-0008,West Ham United,90+1',0,Tomáš Souček
PL-2023,M-2023-27-02,E-2023-27-0009,West Ham United,90+5',0,Edson Álvarez
PL-2023,M-2023-27-03,E-2023-27-0010,FC Fulham,21',0,Harry Wilson
PL-2023,M-2023-27-03,E-2023-27-0011,FC Fulham,32',0,Rodrigo Muniz
PL-2023,M-2023-27-03,E-2023-27-0012,FC Fulham,90+1',0,Adama Traoré
PL-2023,M-2023-27-04,E-2023-27-0013,Newcastle United,14',0,Alexander Isak
PL-2023,M-2023-27-04,E-2023-27-0014,Newcastle United,33',0,Anthony Gordon
PL-2023,M-2023-27-04,E-2023-27-0015,Newcastle United,90+2',0,Tino Livramento
PL-2023,M-2023-27-05,E-2023-27-0016,FC Liverpool,90+9',0,Darwin Núñez
PL-2023,M-2023-27-06,E-2023-27-0017,Crystal Palace FC,59',0,Eberechi Eze
PL-2023,M-2023-27-06,E-2023-27-0018,Tottenham Hotspur ,77',0,Timo Werner
PL-2023,M-2023-27-06,E-2023-27-0019,Tottenham Hotspur ,80',0,Cristian Romero
PL-2023,M-2023-27-06,E-2023-27-0020,Tottenham Hotspur ,88',0,Heung-min Son
PL-2023,M-2023-27-07,E-2023-27-0021,Aston Villa FC,24',0,Ollie Watkins
PL-2023,M-2023-27-07,E-2023-27-0022,Aston Villa FC,38',0,Ollie Watkins
PL-2023,M-2023-27-07,E-2023-27-0023,Luton Town,66',0,Tahith Chong
PL-2023,M-2023-27-07,E-2023-27-0024,Luton Town,72',0,Carlton Morris
PL-2023,M-2023-27-07,E-2023-27-0025,Aston Villa FC,89',0,Lucas Digne
PL-2023,M-2023-27-08,E-2023-27-0026,AFC Bournemouth,13',0,Justin Kluivert
PL-2023,M-2023-27-08,E-2023-27-0027,AFC Bournemouth,88',0,Antoine Semenyo
PL-2023,M-2023-27-09,E-2023-27-0028,Manchester United FC,8',0,Marcus Rashford
PL-2023,M-2023-27-09,E-2023-27-0029,Manchester City FC,56',0,Phil Foden
PL-2023,M-2023-27-09,E-2023-27-0030,Manchester City FC,80',0,Phil Foden
PL-2023,M-2023-27-09,E-2023-27-0031,Manchester City FC,90+1',0,Erling Haaland
PL-2023,M-2023-27-10,E-2023-27-0032,FC Arsenal,5',0,Martin Ødegaard
PL-2023,M-2023-27-10,E-2023-27-0033,FC Arsenal,13',2,Jayden Bogle
PL-2023,M-2023-27-10,E-2023-27-0034,FC Arsenal,15',0,Gabriel Martinelli
PL-2023,M-2023-27-10,E-2023-27-0035,FC Arsenal,25',0,Kai Havertz
PL-2023,M-2023-27-10,E-2023-27-0036,FC Arsenal,39',0,Declan Rice
PL-2023,M-2023-27-10,E-2023-27-0037,FC Arsenal,58',0,Ben White
PL-2023,M-2023-28-01,E-2023-28-0001,Manchester United FC,12',1,Bruno Fernandes
PL-2023,M-2023-28-01,E-2023-28-0002,Manchester United FC,36',1,Marcus Rashford
PL-2023,M-2023-28-02,E-2023-28-0003,AFC Bournemouth,14',-2,Dominic Solanke
PL-2023,M-2023-28-02,E-2023-28-0004,Sheffield United,27',0,Gustavo Hamer
PL-2023,M-2023-28-02,E-2023-28-0005,Sheffield United,64',0,Jack Robinson
PL-2023,M-2023-28-02,E-2023-28-0006,AFC Bournemouth,74',0,Dango Ouattara
PL-2023,M-2023-28-02,E-2023-28-0007,AFC Bournemouth,90+1',0,Enes Ünal
PL-2023,M-2023-28-03,E-2023-28-0008,Crystal Palace FC,11',0,Jean-Philippe Mateta
PL-2023,M-2023-28-03,E-2023-28-0009,Luton Town,90+6',0,Cauley Woodrow
PL-2023,M-2023-28-04,E-2023-28-0010,Wolverhampton Wanderers,52',0,Rayan Aït-Nouri
PL-2023,M-2023-28-04,E-2023-28-0011,Wolverhampton Wanderers,67',2,Tom Cairney
PL-2023,M-2023-28-04,E-2023-28-0012,FC Fulham,90+8',0,Alex Iwobi
PL-2023,M-2023-28-05,E-2023-28-0013,FC Arsenal,19',0,Declan Rice
PL-2023,M-2023-28-05,E-2023-28-0014,Brentford FC,45+4',0,Yoane Wissa
PL-2023,M-2023-28-05,E-2023-28-0015,FC Arsenal,86',0,Kai Havertz
PL-2023,M-2023-28-06,E-2023-28-0016,Tottenham Hotspur ,50',0,James Maddison
PL-2023,M-2023-28-06,E-2023-28-0017,Tottenham Hotspur ,53',0,Brennan Johnson
PL-2023,M-2023-28-06,E-2023-28-0018,Aston Villa FC,65',-1,John McGinn
PL-2023,M-2023-28-06,E-2023-28-0019,Tottenham Hotspur ,90+1',0,Heung-min Son
PL-2023,M-2023-28-06,E-2023-28-0020,Tottenham Hotspur ,90+4',0,Timo Werner
PL-2023,M-2023-28-07,E-2023-28-0021,Brighton & Hove Albion,29',2,Andrew Omobamidele
PL-2023,M-2023-28-08,E-2023-28-0022,FC Burnley,11',0,David Datro Fofana
PL-2023,M-2023-28-08,E-2023-28-0023,FC Burnley,45+1',2,Konstantinos Mavropanos
PL-2023,M-2023-28-08,E-2023-28-0024,West Ham United,46',0,Lucas Paquetá
PL-2023,M-2023-28-08,E-2023-28-0025,West Ham United,90+1',0,Danny Ings
PL-2023,M-2023-28-09,E-2023-28-0026,Manchester City FC,23',0,John Stones
PL-2023,M-2023-28-09,E-2023-28-0027,FC Liverpool,50',1,Alexis Mac Allister
PL-2023,M-2023-28-10,E-2023-28-0028,Chelsea FC,6',0,Nicolas Jackson
PL-2023,M-2023-28-10,E-2023-28-0029,Newcastle United,43',0,Alexander Isak
PL-2023,M-2023-28-10,E-2023-28-0030,Chelsea FC,57',0,Cole Palmer
PL-2023,M-2023-28-10,E-2023-28-0031,Chelsea FC,76',0,Mykhaylo Mudryk
PL-2023,M-2023-28-10,E-2023-28-0032,Newcastle United,90',0,Jacob Murphy
PL-2023,M-2023-29-01,E-2023-29-0001,Brentford FC,9',-1,Sergio Reguilón
PL-2023,M-2023-29-01,E-2023-29-0002,FC Burnley,10',1,Jacob Bruun Larsen
PL-2023,M-2023-29-01,E-2023-29-0003,FC Burnley,62',0,David Datro Fofana
PL-2023,M-2023-29-01,E-2023-29-0004,Brentford FC,83',0,Kristoffer Ajer
PL-2023,M-2023-29-02,E-2023-29-0005,Nottingham Forest,34',0,Chris Wood
PL-2023,M-2023-29-02,E-2023-29-0006,Luton Town,89',0,Luke Berry
PL-2023,M-2023-29-03,E-2023-29-0007,FC Fulham,42',0,Rodrigo Muniz
PL-2023,M-2023-29-03,E-2023-29-0008,FC Fulham,49',0,Saša Lukić
PL-2023,M-2023-29-03,E-2023-29-0009,FC Fulham,61',0,Rodrigo Muniz
PL-2023,M-2023-29-04,E-2023-29-0010,West Ham United,29',0,Michail Antonio
PL-2023,M-2023-29-04,E-2023-29-0011,Aston Villa FC,79',0,Nicolò Zaniolo
PL-2023,M-2023-29-05,E-2023-29-0012,FC Arsenal,4',0,Leandro Trossard
PL-2023,M-2023-29-05,E-2023-29-0013,FC Arsenal,52',0,Ben White
PL-2023,M-2023-29-05,E-2023-29-0014,FC Arsenal,57',0,Kai Havertz
PL-2023,M-2023-29-05,E-2023-29-0015,FC Arsenal,65',0,Kai Havertz
PL-2023,M-2023-29-05,E-2023-29-0016,FC Arsenal,70',0,Ben White
PL-2023,M-2023-29-06,E-2023-29-0017,AFC Bournemouth,37',0,Antoine Semenyo
PL-2023,M-2023-29-06,E-2023-29-0018,AFC Bournemouth,79',-1,Milos Kerkez
PL-2023,M-2023-29-07,E-2023-29-0019,Crystal Palace FC,55',0,Jean-Philippe Mateta
PL-2023,M-2023-29-07,E-2023-29-0020,Crystal Palace FC,88',0,Jean-Philippe Mateta
PL-2023,M-2023-29-08,E-2023-29-0021,FC Everton,27',0,Jarrad Branthwaite
PL-2023,M-2023-29-08,E-2023-29-0022,FC Everton,58',0,Dominic Calvert-Lewin
PL-2023,M-2023-29-09,E-2023-29-0023,Sheffield United,35',0,Jayden Bogle
PL-2023,M-2023-29-09,E-2023-29-0024,Manchester United FC,42',0,Harry Maguire
PL-2023,M-2023-29-09,E-2023-29-0025,Sheffield United,50',0,Ben Brereton Díaz
PL-2023,M-2023-29-09,E-2023-29-0026,Manchester United FC,61',1,Bruno Fernandes
PL-2023,M-2023-29-09,E-2023-29-0027,Manchester United FC,81',0,Bruno Fernandes
PL-2023,M-2023-29-09,E-2023-29-0028,Manchester United FC,85',0,Rasmus Højlund
PL-2023,M-2023-29-10,E-2023-29-0029,Manchester City FC,17',0,Kevin De Bruyne
PL-2023,M-2023-29-10,E-2023-29-0030,Manchester City FC,26',0,Phil Foden
PL-2023,M-2023-29-10,E-2023-29-0031,Manchester City FC,34',0,Phil Foden
PL-2023,M-2023-29-10,E-2023-29-0032,Manchester City FC,62',0,Julián Alvarez
PL-2023,M-2023-30-01,E-2023-30-0001,Newcastle United,6',1,Alexander Isak
PL-2023,M-2023-30-01,E-2023-30-0002,West Ham United,21',0,Michail Antonio
PL-2023,M-2023-30-01,E-2023-30-0003,West Ham United,45+10',0,Mohammed Kudus
PL-2023,M-2023-30-01,E-2023-30-0004,West Ham United,48',0,Jarrod Bowen
PL-2023,M-2023-30-01,E-2023-30-0005,Newcastle United,77',1,Alexander Isak
PL-2023,M-2023-30-01,E-2023-30-0006,Newcastle United,83',0,Harvey Barnes
PL-2023,M-2023-30-01,E-2023-30-0007,Newcastle United,90',0,Harvey Barnes
PL-2023,M-2023-30-01,E-2023-30-0008,Newcastle United,90+4',-1,Anthony Gordon
PL-2023,M-2023-30-02,E-2023-30-0009,AFC Bournemouth,64',0,Dominic Solanke
PL-2023,M-2023-30-02,E-2023-30-0010,FC Everton,87',0,Beto
PL-2023,M-2023-30-02,E-2023-30-0011,AFC Bournemouth,90+1',2,Séamus Coleman
PL-2023,M-2023-30-03,E-2023-30-0012,FC Burnley,40',-1,Lorenz Assignon
PL-2023,M-2023-30-03,E-2023-30-0013,Chelsea FC,44',1,Cole Palmer
PL-2023,M-2023-30-03,E-2023-30-0014,FC Burnley,47',0,Josh Cullen
PL-2023,M-2023-30-03,E-2023-30-0015,Chelsea FC,78',0,Cole Palmer
PL-2023,M-2023-30-03,E-2023-30-0016,FC Burnley,81',0,Dara O'Shea
PL-2023,M-2023-30-04,E-2023-30-0017,Crystal Palace FC,11',0,Jean-Philippe Mateta
PL-2023,M-2023-30-04,E-2023-30-0018,Nottingham Forest,61',0,Chris Wood
PL-2023,M-2023-30-05,E-2023-30-0019,Sheffield United,58',0,Ben Brereton Díaz
PL-2023,M-2023-30-05,E-2023-30-0020,FC Fulham,62',0,João Palhinha
PL-2023,M-2023-30-05,E-2023-30-0021,Sheffield United,68',0,Oli McBurnie
PL-2023,M-2023-30-05,E-2023-30-0022,Sheffield United,70',0,Ben Brereton Díaz
PL-2023,M-2023-30-05,E-2023-30-0023,FC Fulham,86',0,Bobby De Cordova-Reid
PL-2023,M-2023-30-05,E-2023-30-0024,FC Fulham,90+3',0,Rodrigo Muniz
PL-2023,M-2023-30-06,E-2023-30-0025,Luton Town,3',0,Tahith Chong
PL-2023,M-2023-30-06,E-2023-30-0026,Tottenham Hotspur ,51',2,Issa Kaboré
PL-2023,M-2023-30-06,E-2023-30-0027,Tottenham Hotspur ,86',0,Heung-min Son
PL-2023,M-2023-30-07,E-2023-30-0028,Aston Villa FC,36',0,Moussa Diaby
PL-2023,M-2023-30-07,E-2023-30-0029,Aston Villa FC,65',0,Ezri Konsa
PL-2023,M-2023-30-08,E-2023-30-0030,Manchester United FC,90+6',0,Mason Mount
PL-2023,M-2023-30-08,E-2023-30-0031,Brentford FC,90+9',0,Kristoffer Ajer
PL-2023,M-2023-30-09,E-2023-30-0032,Brighton & Hove Albion,2',0,Danny Welbeck
PL-2023,M-2023-30-09,E-2023-30-0033,FC Liverpool,27',0,Luis Díaz
PL-2023,M-2023-30-09,E-2023-30-0034,FC Liverpool,65',0,Mohamed Salah
PL-2023,M-2023-31-01,E-2023-31-0001,Nottingham Forest,9',0,Callum Hudson-Odoi
PL-2023,M-2023-31-01,E-2023-31-0002,Nottingham Forest,19',0,Chris Wood
PL-2023,M-2023-31-01,E-2023-31-0003,Nottingham Forest,45+3',0,Morgan Gibbs-White
PL-2023,M-2023-31-01,E-2023-31-0004,FC Fulham,49',0,Tosin Adarabioyo
PL-2023,M-2023-31-02,E-2023-31-0005,Newcastle United,15',0,Alexander Isak
PL-2023,M-2023-31-02,E-2023-31-0006,FC Everton,88',1,Dominic Calvert-Lewin
PL-2023,M-2023-31-03,E-2023-31-0007,AFC Bournemouth,79',0,Justin Kluivert
PL-2023,M-2023-31-04,E-2023-31-0008,FC Burnley,37',0,Jacob Bruun Larsen
PL-2023,M-2023-31-04,E-2023-31-0009,Wolverhampton Wanderers,45+3',0,Rayan Aït-Nouri
PL-2023,M-2023-31-05,E-2023-31-0010,Tottenham Hotspur ,5',0,Brennan Johnson
PL-2023,M-2023-31-05,E-2023-31-0011,West Ham United,19',0,Kurt Zouma
PL-2023,M-2023-31-06,E-2023-31-0012,FC Arsenal,24',0,Martin Ødegaard
PL-2023,M-2023-31-06,E-2023-31-0013,FC Arsenal,44',2,Daiki Hashioka
PL-2023,M-2023-31-08,E-2023-31-0014,Manchester City FC,11',0,Rodri
PL-2023,M-2023-31-08,E-2023-31-0015,Aston Villa FC,20',0,Jhon Durán
PL-2023,M-2023-31-08,E-2023-31-0016,Manchester City FC,45+1',0,Phil Foden
PL-2023,M-2023-31-08,E-2023-31-0017,Manchester City FC,62',0,Phil Foden
PL-2023,M-2023-31-08,E-2023-31-0018,Manchester City FC,69',0,Phil Foden
PL-2023,M-2023-31-09,E-2023-31-0019,FC Liverpool,17',0,Darwin Núñez
PL-2023,M-2023-31-09,E-2023-31-0020,Sheffield United,58',2,Conor Bradley
PL-2023,M-2023-31-09,E-2023-31-0021,FC Liverpool,76',0,Alexis Mac Allister
PL-2023,M-2023-31-09,E-2023-31-0022,FC Liverpool,90',0,Cody Gakpo
PL-2023,M-2023-31-10,E-2023-31-0023,Chelsea FC,4',0,Conor Gallagher
PL-2023,M-2023-31-10,E-2023-31-0024,Chelsea FC,19',1,Cole Palmer
PL-2023,M-2023-31-10,E-2023-31-0025,Manchester United FC,34',0,Alejandro Garnacho
PL-2023,M-2023-31-10,E-2023-31-0026,Manchester United FC,39',0,Bruno Fernandes
PL-2023,M-2023-31-10,E-2023-31-0027,Manchester United FC,67',0,Alejandro Garnacho
PL-2023,M-2023-31-10,E-2023-31-0028,Chelsea FC,90+10',1,Cole Palmer
PL-2023,M-2023-31-10,E-2023-31-0029,Chelsea FC,90+11',0,Cole Palmer
PL-2023,M-2023-32-01,E-2023-32-0001,Crystal Palace FC,3',0,Jean-Philippe Mateta
PL-2023,M-2023-32-01,E-2023-32-0002,Manchester City FC,13',0,Kevin De Bruyne
PL-2023,M-2023-32-01,E-2023-32-0003,Manchester City FC,47',0,Rico Lewis
PL-2023,M-2023-32-01,E-2023-32-0004,Manchester City FC,66',0,Erling Haaland
PL-2023,M-2023-32-01,E-2023-32-0005,Manchester City FC,70',0,Kevin De Bruyne
PL-2023,M-2023-32-01,E-2023-32-0006,Crystal Palace FC,86',0,Odsonne Édouard
PL-2023,M-2023-32-02,E-2023-32-0007,Aston Villa FC,39',0,Ollie Watkins
PL-2023,M-2023-32-02,E-2023-32-0008,Aston Villa FC,46',0,Morgan Rogers
PL-2023,M-2023-32-02,E-2023-32-0009,Brentford FC,59',0,Zanka
PL-2023,M-2023-32-02,E-2023-32-0010,Brentford FC,61',0,Bryan Mbeumo
PL-2023,M-2023-32-02,E-2023-32-0011,Brentford FC,68',0,Yoane Wissa
PL-2023,M-2023-32-02,E-2023-32-0012,Aston Villa FC,80',0,Ollie Watkins
PL-2023,M-2023-32-03,E-2023-32-0013,FC Everton,45+2',0,Dominic Calvert-Lewin
PL-2023,M-2023-32-03,E-2023-32-0014,FC Burnley,67',-1,Dara O'Shea
PL-2023,M-2023-32-04,E-2023-32-0015,Newcastle United,81',0,Bruno Guimarães
PL-2023,M-2023-32-05,E-2023-32-0016,AFC Bournemouth,52',0,Marcus Tavernier
PL-2023,M-2023-32-05,E-2023-32-0017,Luton Town,73',0,Jordan Clark
PL-2023,M-2023-32-05,E-2023-32-0018,Luton Town,90',0,Carlton Morris
PL-2023,M-2023-32-06,E-2023-32-0019,Wolverhampton Wanderers,33',1,Pablo Sarabia
PL-2023,M-2023-32-06,E-2023-32-0020,West Ham United,73',1,Lucas Paquetá
PL-2023,M-2023-32-06,E-2023-32-0021,West Ham United,84',0,James Ward-Prowse
PL-2023,M-2023-32-07,E-2023-32-0022,FC Arsenal,33',1,Bukayo Saka
PL-2023,M-2023-32-07,E-2023-32-0023,FC Arsenal,62',0,Kai Havertz
PL-2023,M-2023-32-07,E-2023-32-0024,FC Arsenal,86',0,Leandro Trossard
PL-2023,M-2023-32-08,E-2023-32-0025,FC Liverpool,23',0,Luis Díaz
PL-2023,M-2023-32-08,E-2023-32-0026,Manchester United FC,50',0,Bruno Fernandes
PL-2023,M-2023-32-08,E-2023-32-0027,Manchester United FC,67',0,Kobbie Mainoo
PL-2023,M-2023-32-08,E-2023-32-0028,FC Liverpool,84',1,Mohamed Salah
PL-2023,M-2023-32-09,E-2023-32-0029,Chelsea FC,11',0,Thiago Silva
PL-2023,M-2023-32-09,E-2023-32-0030,Sheffield United,32',0,Jayden Bogle
PL-2023,M-2023-32-09,E-2023-32-0031,Chelsea FC,66',0,Noni Madueke
PL-2023,M-2023-32-09,E-2023-32-0032,Sheffield United,90+3',0,Oli McBurnie
PL-2023,M-2023-32-10,E-2023-32-0033,Tottenham Hotspur ,15',2,Murillo
PL-2023,M-2023-32-10,E-2023-32-0034,Nottingham Forest,27',0,Chris Wood
PL-2023,M-2023-32-10,E-2023-32-0035,Tottenham Hotspur ,52',0,Micky van de Ven
PL-2023,M-2023-32-10,E-2023-32-0036,Tottenham Hotspur ,58',0,Pedro Porro
PL-2023,M-2023-33-01,E-2023-33-0001,Newcastle United,30',0,Alexander Isak
PL-2023,M-2023-33-01,E-2023-33-0002,Newcastle United,32',0,Anthony Gordon
PL-2023,M-2023-33-01,E-2023-33-0003,Newcastle United,51',0,Alexander Isak
PL-2023,M-2023-33-01,E-2023-33-0004,Newcastle United,87',0,Fabian Schär
PL-2023,M-2023-33-02,E-2023-33-0005,Brentford FC,63',2,Oliver Arblaster
PL-2023,M-2023-33-02,E-2023-33-0006,Brentford FC,90+3',0,Frank Onyeka
PL-2023,M-2023-33-03,E-2023-33-0007,FC Burnley,74',0,Josh Brownhill
PL-2023,M-2023-33-03,E-2023-33-0008,Brighton & Hove Albion,79',2,Arijanet Murić
PL-2023,M-2023-33-04,E-2023-33-0009,Manchester City FC,2',2,Daiki Hashioka
PL-2023,M-2023-33-04,E-2023-33-0010,Manchester City FC,64',0,Mateo Kovacic
PL-2023,M-2023-33-04,E-2023-33-0011,Manchester City FC,76',1,Erling Haaland
PL-2023,M-2023-33-04,E-2023-33-0012,Luton Town,81',0,Ross Barkley
PL-2023,M-2023-33-04,E-2023-33-0013,Manchester City FC,87',0,Jérémy Doku
PL-2023,M-2023-33-04,E-2023-33-0014,Manchester City FC,90+3',0,Josko Gvardiol
PL-2023,M-2023-33-05,E-2023-33-0015,Wolverhampton Wanderers,40',0,Matheus Cunha
PL-2023,M-2023-33-05,E-2023-33-0016,Nottingham Forest,45+1',0,Morgan Gibbs-White
PL-2023,M-2023-33-05,E-2023-33-0017,Nottingham Forest,57',0,Danilo
PL-2023,M-2023-33-05,E-2023-33-0018,Wolverhampton Wanderers,62',0,Matheus Cunha
PL-2023,M-2023-33-06,E-2023-33-0019,AFC Bournemouth,16',0,Dominic Solanke
PL-2023,M-2023-33-06,E-2023-33-0020,Manchester United FC,31',0,Bruno Fernandes
PL-2023,M-2023-33-06,E-2023-33-0021,AFC Bournemouth,36',0,Justin Kluivert
PL-2023,M-2023-33-06,E-2023-33-0022,Manchester United FC,65',1,Bruno Fernandes
PL-2023,M-2023-33-07,E-2023-33-0023,Crystal Palace FC,14',0,Eberechi Eze
PL-2023,M-2023-33-08,E-2023-33-0024,FC Fulham,9',0,Andreas Pereira
PL-2023,M-2023-33-08,E-2023-33-0025,FC Fulham,72',0,Andreas Pereira
PL-2023,M-2023-33-09,E-2023-33-0026,Aston Villa FC,84',0,Leon Bailey
PL-2023,M-2023-33-09,E-2023-33-0027,Aston Villa FC,87',0,Ollie Watkins
PL-2023,M-2023-33-10,E-2023-33-0028,Chelsea FC,13',0,Cole Palmer
PL-2023,M-2023-33-10,E-2023-33-0029,Chelsea FC,18',0,Cole Palmer
PL-2023,M-2023-33-10,E-2023-33-0030,Chelsea FC,29',0,Cole Palmer
PL-2023,M-2023-33-10,E-2023-33-0031,Chelsea FC,44',0,Nicolas Jackson
PL-2023,M-2023-33-10,E-2023-33-0032,Chelsea FC,64',1,Cole Palmer
PL-2023,M-2023-33-10,E-2023-33-0033,Chelsea FC,90',0,Alfie Gilchrist
PL-2023,M-2023-34-01,E-2023-34-0001,Brentford FC,24',0,Yoane Wissa
PL-2023,M-2023-34-01,E-2023-34-0002,Brentford FC,45+1',0,Yoane Wissa
PL-2023,M-2023-34-01,E-2023-34-0003,Brentford FC,62',0,Ethan Pinnock
PL-2023,M-2023-34-01,E-2023-34-0004,Brentford FC,64',0,Keane Lewis-Potter
PL-2023,M-2023-34-01,E-2023-34-0005,Brentford FC,86',0,Kevin Schade
PL-2023,M-2023-34-01,E-2023-34-0006,Luton Town,90+2',0,Luke Berry
PL-2023,M-2023-34-02,E-2023-34-0007,FC Burnley,38',0,Jacob Bruun Larsen
PL-2023,M-2023-34-02,E-2023-34-0008,FC Burnley,40',0,Lorenz Assignon
PL-2023,M-2023-34-02,E-2023-34-0009,Sheffield United,52',0,Gustavo Hamer
PL-2023,M-2023-34-02,E-2023-34-0010,FC Burnley,58',0,Lyle Foster
PL-2023,M-2023-34-02,E-2023-34-0011,FC Burnley,71',0,Jóhann Berg Gudmundsson
PL-2023,M-2023-34-03,E-2023-34-0012,FC Arsenal,45',0,Leandro Trossard
PL-2023,M-2023-34-03,E-2023-34-0013,FC Arsenal,90+5',0,Martin Ødegaard
PL-2023,M-2023-34-04,E-2023-34-0014,FC Everton,29',0,Idrissa Gueye
PL-2023,M-2023-34-04,E-2023-34-0015,FC Everton,76',0,Dwight McNeil
PL-2023,M-2023-34-05,E-2023-34-0016,AFC Bournemouth,31',1,Dominic Solanke
PL-2023,M-2023-34-05,E-2023-34-0017,Aston Villa FC,45+1',0,Morgan Rogers
PL-2023,M-2023-34-05,E-2023-34-0018,Aston Villa FC,57',0,Moussa Diaby
PL-2023,M-2023-34-05,E-2023-34-0019,Aston Villa FC,78',0,Leon Bailey
PL-2023,M-2023-34-06,E-2023-34-0020,Crystal Palace FC,7',0,Michael Olise
PL-2023,M-2023-34-06,E-2023-34-0021,Crystal Palace FC,16',0,Eberechi Eze
PL-2023,M-2023-34-06,E-2023-34-0022,Crystal Palace FC,20',2,Emerson
PL-2023,M-2023-34-06,E-2023-34-0023,Crystal Palace FC,31',0,Jean-Philippe Mateta
PL-2023,M-2023-34-06,E-2023-34-0024,West Ham United,40',0,Michail Antonio
PL-2023,M-2023-34-06,E-2023-34-0025,Crystal Palace FC,64',0,Jean-Philippe Mateta
PL-2023,M-2023-34-06,E-2023-34-0026,West Ham United,89',2,Tyrick Mitchell
PL-2023,M-2023-34-07,E-2023-34-0027,FC Liverpool,32',0,Trent Alexander-Arnold
PL-2023,M-2023-34-07,E-2023-34-0028,FC Fulham,45+2',0,Timothy Castagne
PL-2023,M-2023-34-07,E-2023-34-0029,FC Liverpool,53',0,Ryan Gravenberch
PL-2023,M-2023-34-07,E-2023-34-0030,FC Liverpool,72',0,Diogo Jota
PL-2023,M-2023-34-08,E-2023-34-0031,Manchester City FC,51',0,Erling Haaland
PL-2023,M-2023-34-08,E-2023-34-0032,Manchester City FC,90+1',1,Erling Haaland
PL-2023,M-2023-34-09,E-2023-34-0033,Chelsea FC,34',0,Cole Palmer
PL-2023,M-2023-34-09,E-2023-34-0034,Chelsea FC,64',0,Christopher Nkunku
PL-2023,M-2023-34-09,E-2023-34-0035,Chelsea FC,88',-1,Reece James
PL-2023,M-2023-34-09,E-2023-34-0036,Brighton & Hove Albion,90+7',0,Danny Welbeck
PL-2023,M-2023-34-10,E-2023-34-0037,Manchester United FC,31',0,Kobbie Mainoo
PL-2023,M-2023-34-10,E-2023-34-0038,Newcastle United,49',0,Anthony Gordon
PL-2023,M-2023-34-10,E-2023-34-0039,Manchester United FC,57',0,Amad Diallo
PL-2023,M-2023-34-10,E-2023-34-0040,Manchester United FC,84',0,Rasmus Højlund
PL-2023,M-2023-34-10,E-2023-34-0041,Newcastle United,90+2',0,Lewis Hall
PL-2023,M-2023-35-01,E-2023-35-0001,West Ham United,43',0,Jarrod Bowen
PL-2023,M-2023-35-01,E-2023-35-0002,FC Liverpool,48',0,Andrew Robertson
PL-2023,M-2023-35-01,E-2023-35-0003,FC Liverpool,65',2,Alphonse Areola
PL-2023,M-2023-35-01,E-2023-35-0004,West Ham United,77',0,Michail Antonio
PL-2023,M-2023-35-02,E-2023-35-0005,FC Fulham,52',0,Rodrigo Muniz
PL-2023,M-2023-35-02,E-2023-35-0006,Crystal Palace FC,87',0,Jeffrey Schlupp
PL-2023,M-2023-35-03,E-2023-35-0007,Manchester United FC,79',0,Antony
PL-2023,M-2023-35-03,E-2023-35-0008,FC Burnley,87',1,Zeki Amdouni
PL-2023,M-2023-35-04,E-2023-35-0009,Sheffield United,5',0,Anel Ahmedhodzic
PL-2023,M-2023-35-04,E-2023-35-0010,Newcastle United,26',0,Alexander Isak
PL-2023,M-2023-35-04,E-2023-35-0011,Newcastle United,54',0,Bruno Guimarães
PL-2023,M-2023-35-04,E-2023-35-0012,Newcastle United,61',1,Alexander Isak
PL-2023,M-2023-35-04,E-2023-35-0013,Newcastle United,65',2,Ben Osborn
PL-2023,M-2023-35-04,E-2023-35-0014,Newcastle United,72',0,Callum Wilson
PL-2023,M-2023-35-05,E-2023-35-0015,Wolverhampton Wanderers,39',0,Hee-chan Hwang
PL-2023,M-2023-35-05,E-2023-35-0016,Wolverhampton Wanderers,50',0,Toti
PL-2023,M-2023-35-05,E-2023-35-0017,Luton Town,80',0,Carlton Morris
PL-2023,M-2023-35-06,E-2023-35-0018,FC Everton,60',0,Idrissa Gueye
PL-2023,M-2023-35-07,E-2023-35-0019,Aston Villa FC,4',2,Marc Cucurella
PL-2023,M-2023-35-07,E-2023-35-0020,Aston Villa FC,42',0,Morgan Rogers
PL-2023,M-2023-35-07,E-2023-35-0021,Chelsea FC,62',0,Noni Madueke
PL-2023,M-2023-35-07,E-2023-35-0022,Chelsea FC,81',0,Conor Gallagher
PL-2023,M-2023-35-08,E-2023-35-0023,AFC Bournemouth,13',0,Marcos Senesi
PL-2023,M-2023-35-08,E-2023-35-0024,AFC Bournemouth,52',0,Enes Ünal
PL-2023,M-2023-35-08,E-2023-35-0025,AFC Bournemouth,87',0,Justin Kluivert
PL-2023,M-2023-35-09,E-2023-35-0026,FC Arsenal,15',2,Pierre-Emile Højbjerg
PL-2023,M-2023-35-09,E-2023-35-0027,FC Arsenal,27',0,Bukayo Saka
PL-2023,M-2023-35-09,E-2023-35-0028,FC Arsenal,38',0,Kai Havertz
PL-2023,M-2023-35-09,E-2023-35-0029,Tottenham Hotspur ,64',0,Cristian Romero
PL-2023,M-2023-35-09,E-2023-35-0030,Tottenham Hotspur ,87',1,Heung-min Son
PL-2023,M-2023-35-10,E-2023-35-0031,Manchester City FC,32',0,Josko Gvardiol
PL-2023,M-2023-35-10,E-2023-35-0032,Manchester City FC,71',0,Erling Haaland
PL-2023,M-2023-36-01,E-2023-36-0001,FC Everton,24',1,Dominic Calvert-Lewin
PL-2023,M-2023-36-01,E-2023-36-0002,Luton Town,31',0,Elijah Adebayo
PL-2023,M-2023-36-02,E-2023-36-0003,FC Arsenal,45',1,Bukayo Saka
PL-2023,M-2023-36-02,E-2023-36-0004,FC Arsenal,70',0,Leandro Trossard
PL-2023,M-2023-36-02,E-2023-36-0005,FC Arsenal,90+7',0,Declan Rice
PL-2023,M-2023-36-04,E-2023-36-0006,Newcastle United,19',0,Callum Wilson
PL-2023,M-2023-36-04,E-2023-36-0007,Newcastle United,35',0,Sean Longstaff
PL-2023,M-2023-36-04,E-2023-36-0008,Newcastle United,40',0,Bruno Guimarães
PL-2023,M-2023-36-04,E-2023-36-0009,Newcastle United,52',-2,Alexander Isak
PL-2023,M-2023-36-04,E-2023-36-0010,Newcastle United,55',0,Alexander Isak
PL-2023,M-2023-36-04,E-2023-36-0011,FC Burnley,86',0,Dara O'Shea
PL-2023,M-2023-36-05,E-2023-36-0012,Sheffield United,17',1,Ben Brereton Díaz
PL-2023,M-2023-36-05,E-2023-36-0013,Nottingham Forest,27',0,Callum Hudson-Odoi
PL-2023,M-2023-36-05,E-2023-36-0014,Nottingham Forest,51',0,Ryan Yates
PL-2023,M-2023-36-05,E-2023-36-0015,Nottingham Forest,65',0,Callum Hudson-Odoi
PL-2023,M-2023-36-05,E-2023-36-0016,Sheffield United,90+6',-1,Anel Ahmedhodzic
PL-2023,M-2023-36-06,E-2023-36-0017,Manchester City FC,12',1,Erling Haaland
PL-2023,M-2023-36-06,E-2023-36-0018,Manchester City FC,35',0,Erling Haaland
PL-2023,M-2023-36-06,E-2023-36-0019,Manchester City FC,45+3',1,Erling Haaland
PL-2023,M-2023-36-06,E-2023-36-0020,Wolverhampton Wanderers,53',0,Hee-chan Hwang
PL-2023,M-2023-36-06,E-2023-36-0021,Manchester City FC,54',0,Erling Haaland
PL-2023,M-2023-36-06,E-2023-36-0022,Manchester City FC,85',0,Julián Alvarez
PL-2023,M-2023-36-07,E-2023-36-0023,Brighton & Hove Albion,87',0,João Pedro
PL-2023,M-2023-36-07,E-2023-36-0024,Brighton & Hove Albion,87',-2,João Pedro
PL-2023,M-2023-36-08,E-2023-36-0025,Chelsea FC,15',0,Cole Palmer
PL-2023,M-2023-36-08,E-2023-36-0026,Chelsea FC,30',0,Conor Gallagher
PL-2023,M-2023-36-08,E-2023-36-0027,Chelsea FC,36',0,Noni Madueke
PL-2023,M-2023-36-08,E-2023-36-0028,Chelsea FC,48',0,Nicolas Jackson
PL-2023,M-2023-36-08,E-2023-36-0029,Chelsea FC,80',0,Nicolas Jackson
PL-2023,M-2023-36-09,E-2023-36-0030,FC Liverpool,16',0,Mohamed Salah
PL-2023,M-2023-36-09,E-2023-36-0031,FC Liverpool,45',0,Andrew Robertson
PL-2023,M-2023-36-09,E-2023-36-0032,FC Liverpool,50',0,Cody Gakpo
PL-2023,M-2023-36-09,E-2023-36-0033,FC Liverpool,59',0,Harvey Elliott
PL-2023,M-2023-36-09,E-2023-36-0034,Tottenham Hotspur ,72',0,Richarlison
PL-2023,M-2023-36-09,E-2023-36-0035,Tottenham Hotspur ,77',0,Heung-min Son
PL-2023,M-2023-36-10,E-2023-36-0036,Crystal Palace FC,12',0,Michael Olise
PL-2023,M-2023-36-10,E-2023-36-0037,Crystal Palace FC,40',0,Jean-Philippe Mateta
PL-2023,M-2023-36-10,E-2023-36-0038,Crystal Palace FC,58',0,Tyrick Mitchell
PL-2023,M-2023-36-10,E-2023-36-0039,Crystal Palace FC,66',0,Michael Olise
PL-2023,M-2023-37-01,E-2023-37-0001,Manchester City FC,13',0,Josko Gvardiol
PL-2023,M-2023-37-01,E-2023-37-0002,Manchester City FC,59',0,Phil Foden
PL-2023,M-2023-37-01,E-2023-37-0003,Manchester City FC,71',0,Josko Gvardiol
PL-2023,M-2023-37-01,E-2023-37-0004,FC Fulham,90+5',-1,Issa Diop
PL-2023,M-2023-37-01,E-2023-37-0005,Manchester City FC,90+6',1,Julián Alvarez
PL-2023,M-2023-37-02,E-2023-37-0006,Brentford FC,86',0,Bryan Mbeumo
PL-2023,M-2023-37-02,E-2023-37-0007,AFC Bournemouth,89',0,Dominic Solanke
PL-2023,M-2023-37-02,E-2023-37-0008,Brentford FC,90+5',0,Yoane Wissa
PL-2023,M-2023-37-03,E-2023-37-0009,FC Everton,31',0,Abdoulaye Doucouré
PL-2023,M-2023-37-04,E-2023-37-0010,Brighton & Hove Albion,18',0,Joël Veltman
PL-2023,M-2023-37-04,E-2023-37-0011,Newcastle United,45+5',0,Sean Longstaff
PL-2023,M-2023-37-05,E-2023-37-0012,FC Burnley,25',0,Jacob Bruun Larsen
PL-2023,M-2023-37-05,E-2023-37-0013,Tottenham Hotspur ,32',0,Pedro Porro
PL-2023,M-2023-37-05,E-2023-37-0014,Tottenham Hotspur ,82',0,Micky van de Ven
PL-2023,M-2023-37-06,E-2023-37-0015,Luton Town,6',0,Albert Sambi Lokonga
PL-2023,M-2023-37-06,E-2023-37-0016,West Ham United,54',0,James Ward-Prowse
PL-2023,M-2023-37-06,E-2023-37-0017,West Ham United,65',0,Tomáš Souček
PL-2023,M-2023-37-06,E-2023-37-0018,West Ham United,76',0,George Earthy
PL-2023,M-2023-37-07,E-2023-37-0019,Crystal Palace FC,26',0,Michael Olise
PL-2023,M-2023-37-07,E-2023-37-0020,Crystal Palace FC,28',0,Jean-Philippe Mateta
PL-2023,M-2023-37-07,E-2023-37-0021,Wolverhampton Wanderers,66',0,Matheus Cunha
PL-2023,M-2023-37-07,E-2023-37-0022,Crystal Palace FC,73',0,Eberechi Eze
PL-2023,M-2023-37-07,E-2023-37-0023,Crystal Palace FC,85',-1,Naouirou Ahamada
PL-2023,M-2023-37-08,E-2023-37-0024,Chelsea FC,8',0,Mykhaylo Mudryk
PL-2023,M-2023-37-08,E-2023-37-0025,Nottingham Forest,16',0,Willy Boly
PL-2023,M-2023-37-08,E-2023-37-0026,Nottingham Forest,74',0,Callum Hudson-Odoi
PL-2023,M-2023-37-08,E-2023-37-0027,Chelsea FC,80',0,Raheem Sterling
PL-2023,M-2023-37-08,E-2023-37-0028,Chelsea FC,82',0,Nicolas Jackson
PL-2023,M-2023-37-09,E-2023-37-0029,FC Arsenal,20',0,Leandro Trossard
PL-2023,M-2023-37-10,E-2023-37-0030,FC Liverpool,2',2,Emiliano Martínez
PL-2023,M-2023-37-10,E-2023-37-0031,Aston Villa FC,12',0,Youri Tielemans
PL-2023,M-2023-37-10,E-2023-37-0032,FC Liverpool,23',0,Cody Gakpo
PL-2023,M-2023-37-10,E-2023-37-0033,FC Liverpool,48',0,Jarell Quansah
PL-2023,M-2023-37-10,E-2023-37-0034,Aston Villa FC,85',0,Jhon Durán
PL-2023,M-2023-37-10,E-2023-37-0035,Aston Villa FC,88',0,Jhon Durán
PL-2023,M-2023-38-01,E-2023-38-0001,FC Everton,40',0,Idrissa Gueye
PL-2023,M-2023-38-01,E-2023-38-0002,FC Arsenal,43',0,Takehiro Tomiyasu
PL-2023,M-2023-38-01,E-2023-38-0003,FC Arsenal,89',0,Kai Havertz
PL-2023,M-2023-38-02,E-2023-38-0004,Newcastle United,21',0,Harvey Barnes
PL-2023,M-2023-38-02,E-2023-38-0005,Newcastle United,36',0,Jacob Murphy
PL-2023,M-2023-38-02,E-2023-38-0006,Newcastle United,38',0,Alexander Isak
PL-2023,M-2023-38-02,E-2023-38-0007,Brentford FC,48',0,Vitaly Janelt
PL-2023,M-2023-38-02,E-2023-38-0008,Brentford FC,70',0,Yoane Wissa
PL-2023,M-2023-38-02,E-2023-38-0009,Newcastle United,77',0,Bruno Guimarães
PL-2023,M-2023-38-03,E-2023-38-0010,Manchester United FC,73',0,Diogo Dalot
PL-2023,M-2023-38-03,E-2023-38-0011,Manchester United FC,88',0,Rasmus Højlund
PL-2023,M-2023-38-04,E-2023-38-0012,Nottingham Forest,2',0,Chris Wood
PL-2023,M-2023-38-04,E-2023-38-0013,Nottingham Forest,14',0,Chris Wood
PL-2023,M-2023-38-04,E-2023-38-0014,FC Burnley,72',0,Josh Cullen
PL-2023,M-2023-38-05,E-2023-38-0015,Chelsea FC,17',0,Moisés Caicedo
PL-2023,M-2023-38-05,E-2023-38-0016,Chelsea FC,48',0,Raheem Sterling
PL-2023,M-2023-38-05,E-2023-38-0017,AFC Bournemouth,49',2,Benoît Badiashile
PL-2023,M-2023-38-06,E-2023-38-0018,Crystal Palace FC,9',0,Jean-Philippe Mateta
PL-2023,M-2023-38-06,E-2023-38-0019,Crystal Palace FC,39',0,Jean-Philippe Mateta
PL-2023,M-2023-38-06,E-2023-38-0020,Crystal Palace FC,54',0,Eberechi Eze
PL-2023,M-2023-38-06,E-2023-38-0021,Crystal Palace FC,63',0,Jean-Philippe Mateta
PL-2023,M-2023-38-06,E-2023-38-0022,Crystal Palace FC,69',0,Eberechi Eze
PL-2023,M-2023-38-07,E-2023-38-0023,Wolverhampton Wanderers,28',-1,Nélson Semedo
PL-2023,M-2023-38-07,E-2023-38-0024,FC Liverpool,34',0,Alexis Mac Allister
PL-2023,M-2023-38-07,E-2023-38-0025,FC Liverpool,40',0,Jarell Quansah
PL-2023,M-2023-38-08,E-2023-38-0026,FC Fulham,43',0,Adama Traoré
PL-2023,M-2023-38-08,E-2023-38-0027,Luton Town,45+1',1,Carlton Morris
PL-2023,M-2023-38-08,E-2023-38-0028,FC Fulham,45+3',0,Raúl Jiménez
PL-2023,M-2023-38-08,E-2023-38-0029,FC Fulham,49',0,Raúl Jiménez
PL-2023,M-2023-38-08,E-2023-38-0030,Luton Town,55',0,Alfie Doughty
PL-2023,M-2023-38-08,E-2023-38-0031,FC Fulham,68',0,Harry Wilson
PL-2023,M-2023-38-09,E-2023-38-0032,Manchester City FC,2',0,Phil Foden
PL-2023,M-2023-38-09,E-2023-38-0033,Manchester City FC,18',0,Phil Foden
PL-2023,M-2023-38-09,E-2023-38-0034,West Ham United,42',0,Mohammed Kudus
PL-2023,M-2023-38-09,E-2023-38-0035,Manchester City FC,59',0,Rodri
PL-2023,M-2023-38-10,E-2023-38-0036,Tottenham Hotspur ,14',0,Dejan Kulusevski
PL-2023,M-2023-38-10,E-2023-38-0037,Tottenham Hotspur ,59',0,Pedro Porro
PL-2023,M-2023-38-10,E-2023-38-0038,Tottenham Hotspur ,65',0,Dejan Kulusevski
PL-2024,M-2024-01-01,E-2024-01-0001,Manchester United FC,87',0,Joshua Zirkzee
PL-2024,M-2024-01-02,E-2024-01-0002,FC Liverpool,60',0,Diogo Jota
PL-2024,M-2024-01-02,E-2024-01-0003,FC Liverpool,65',0,Mohamed Salah
PL-2024,M-2024-01-03,E-2024-01-0004,FC Arsenal,25',0,Kai Havertz
PL-2024,M-2024-01-03,E-2024-01-0005,FC Arsenal,74',0,Bukayo Saka
PL-2024,M-2024-01-04,E-2024-01-0006,Brighton & Hove Albion,25',0,Kaoru Mitoma
PL-2024,M-2024-01-04,E-2024-01-0007,Brighton & Hove Albion,56',0,Danny Welbeck
PL-2024,M-2024-01-04,E-2024-01-0008,FC Everton,66',-1,Ashley Young
PL-2024,M-2024-01-04,E-2024-01-0009,Brighton & Hove Albion,86',0,Simon Adingra
PL-2024,M-2024-01-05,E-2024-01-0010,Newcastle United,28',-1,Fabian Schär
PL-2024,M-2024-01-05,E-2024-01-0011,Newcastle United,45',0,Joelinton
PL-2024,M-2024-01-06,E-2024-01-0012,Nottingham Forest,23',0,Chris Wood
PL-2024,M-2024-01-06,E-2024-01-0013,AFC Bournemouth,86',0,Antoine Semenyo
PL-2024,M-2024-01-07,E-2024-01-0014,Aston Villa FC,4',0,Amadou Onana
PL-2024,M-2024-01-07,E-2024-01-0015,West Ham United,37',1,Lucas Paquetá
PL-2024,M-2024-01-07,E-2024-01-0016,Aston Villa FC,79',0,Jhon Durán
PL-2024,M-2024-01-08,E-2024-01-0017,Brentford FC,29',0,Bryan Mbeumo
PL-2024,M-2024-01-08,E-2024-01-0018,Crystal Palace FC,56',2,Ethan Pinnock
PL-2024,M-2024-01-08,E-2024-01-0019,Brentford FC,76',0,Yoane Wissa
PL-2024,M-2024-01-09,E-2024-01-0020,Manchester City FC,18',0,Erling Haaland
PL-2024,M-2024-01-09,E-2024-01-0021,Manchester City FC,84',0,Mateo Kovacic
PL-2024,M-2024-01-10,E-2024-01-0022,Tottenham Hotspur ,29',0,Pedro Porro
PL-2024,M-2024-01-10,E-2024-01-0023,Leicester City FC,57',0,Jamie Vardy
PL-2024,M-2024-02-01,E-2024-02-0001,Brighton & Hove Albion,32',0,Danny Welbeck
PL-2024,M-2024-02-01,E-2024-02-0002,Manchester United FC,60',0,Amad Diallo
PL-2024,M-2024-02-01,E-2024-02-0003,Brighton & Hove Albion,90+5',0,João Pedro
PL-2024,M-2024-02-02,E-2024-02-0004,West Ham United,67',0,Tomáš Souček
PL-2024,M-2024-02-02,E-2024-02-0005,West Ham United,72',0,Jarrod Bowen
PL-2024,M-2024-02-03,E-2024-02-0006,FC Fulham,18',0,Emile Smith Rowe
PL-2024,M-2024-02-03,E-2024-02-0007,Leicester City FC,38',0,Wout Faes
PL-2024,M-2024-02-03,E-2024-02-0008,FC Fulham,70',0,Alex Iwobi
PL-2024,M-2024-02-04,E-2024-02-0009,Ipswich Town FC,7',0,Sammie Szmodics
PL-2024,M-2024-02-04,E-2024-02-0010,Manchester City FC,12',1,Erling Haaland
PL-2024,M-2024-02-04,E-2024-02-0011,Manchester City FC,14',0,Kevin De Bruyne
PL-2024,M-2024-02-04,E-2024-02-0012,Manchester City FC,16',0,Erling Haaland
PL-2024,M-2024-02-04,E-2024-02-0013,Manchester City FC,88',0,Erling Haaland
PL-2024,M-2024-02-05,E-2024-02-0014,Nottingham Forest,70',0,Morgan Gibbs-White
PL-2024,M-2024-02-06,E-2024-02-0015,Tottenham Hotspur ,14',0,Yves Bissouma
PL-2024,M-2024-02-06,E-2024-02-0016,Tottenham Hotspur ,25',0,Heung-min Son
PL-2024,M-2024-02-06,E-2024-02-0017,Tottenham Hotspur ,71',0,Cristian Romero
PL-2024,M-2024-02-06,E-2024-02-0018,Tottenham Hotspur ,77',0,Heung-min Son
PL-2024,M-2024-02-07,E-2024-02-0019,FC Arsenal,67',0,Leandro Trossard
PL-2024,M-2024-02-07,E-2024-02-0020,FC Arsenal,77',0,Thomas Partey
PL-2024,M-2024-02-08,E-2024-02-0021,AFC Bournemouth,37',0,Marcus Tavernier
PL-2024,M-2024-02-08,E-2024-02-0022,Newcastle United,76',0,Anthony Gordon
PL-2024,M-2024-02-09,E-2024-02-0023,Chelsea FC,2',0,Nicolas Jackson
PL-2024,M-2024-02-09,E-2024-02-0024,Wolverhampton Wanderers,27',0,Matheus Cunha
PL-2024,M-2024-02-09,E-2024-02-0025,Chelsea FC,45',0,Cole Palmer
PL-2024,M-2024-02-09,E-2024-02-0026,Wolverhampton Wanderers,45+6',0,Jørgen Strand Larsen
PL-2024,M-2024-02-09,E-2024-02-0027,Chelsea FC,49',0,Noni Madueke
PL-2024,M-2024-02-09,E-2024-02-0028,Chelsea FC,58',0,Noni Madueke
PL-2024,M-2024-02-09,E-2024-02-0029,Chelsea FC,63',0,Noni Madueke
PL-2024,M-2024-02-09,E-2024-02-0030,Chelsea FC,80',0,João Félix
PL-2024,M-2024-02-10,E-2024-02-0031,FC Liverpool,13',0,Luis Díaz
PL-2024,M-2024-02-10,E-2024-02-0032,FC Liverpool,70',0,Mohamed Salah
PL-2024,M-2024-03-01,E-2024-03-0001,FC Arsenal,38',0,Kai Havertz
PL-2024,M-2024-03-01,E-2024-03-0002,FC Arsenal,49',-1,Declan Rice
PL-2024,M-2024-03-01,E-2024-03-0003,Brighton & Hove Albion,58',0,João Pedro
PL-2024,M-2024-03-02,E-2024-03-0004,Brentford FC,43',0,Bryan Mbeumo
PL-2024,M-2024-03-02,E-2024-03-0005,Brentford FC,65',0,Bryan Mbeumo
PL-2024,M-2024-03-02,E-2024-03-0006,Brentford FC,69',0,Yoane Wissa
PL-2024,M-2024-03-02,E-2024-03-0007,FC Southampton,90+4',0,Yukinari Sugawara
PL-2024,M-2024-03-03,E-2024-03-0008,FC Everton,50',0,Michael Keane
PL-2024,M-2024-03-03,E-2024-03-0009,FC Everton,57',0,Dominic Calvert-Lewin
PL-2024,M-2024-03-03,E-2024-03-0010,AFC Bournemouth,87',0,Antoine Semenyo
PL-2024,M-2024-03-03,E-2024-03-0011,AFC Bournemouth,90+2',0,Lewis Cook
PL-2024,M-2024-03-03,E-2024-03-0012,AFC Bournemouth,90+6',0,Luis Sinisterra
PL-2024,M-2024-03-04,E-2024-03-0013,Ipswich Town FC,15',0,Liam Delap
PL-2024,M-2024-03-04,E-2024-03-0014,FC Fulham,32',0,Adama Traoré
PL-2024,M-2024-03-05,E-2024-03-0015,Aston Villa FC,28',0,Amadou Onana
PL-2024,M-2024-03-05,E-2024-03-0016,Aston Villa FC,63',0,Jhon Durán
PL-2024,M-2024-03-05,E-2024-03-0017,Leicester City FC,73',0,Facundo Buonanotte
PL-2024,M-2024-03-06,E-2024-03-0018,Nottingham Forest,10',0,Chris Wood
PL-2024,M-2024-03-06,E-2024-03-0019,Wolverhampton Wanderers,12',0,Jean-Ricner Bellegarde
PL-2024,M-2024-03-07,E-2024-03-0020,Manchester City FC,10',0,Erling Haaland
PL-2024,M-2024-03-07,E-2024-03-0021,West Ham United,19',2,Rúben Dias
PL-2024,M-2024-03-07,E-2024-03-0022,Manchester City FC,30',0,Erling Haaland
PL-2024,M-2024-03-07,E-2024-03-0023,Manchester City FC,83',0,Erling Haaland
PL-2024,M-2024-03-08,E-2024-03-0024,Chelsea FC,25',0,Nicolas Jackson
PL-2024,M-2024-03-08,E-2024-03-0025,Crystal Palace FC,53',0,Eberechi Eze
PL-2024,M-2024-03-09,E-2024-03-0026,Newcastle United,37',0,Harvey Barnes
PL-2024,M-2024-03-09,E-2024-03-0027,Tottenham Hotspur ,56',2,Dan Burn
PL-2024,M-2024-03-09,E-2024-03-0028,Newcastle United,78',0,Alexander Isak
PL-2024,M-2024-03-10,E-2024-03-0029,FC Liverpool,35',0,Luis Díaz
PL-2024,M-2024-03-10,E-2024-03-0030,FC Liverpool,42',0,Luis Díaz
PL-2024,M-2024-03-10,E-2024-03-0031,FC Liverpool,56',0,Mohamed Salah
PL-2024,M-2024-04-01,E-2024-04-0001,FC Southampton,33',-2,Cameron Archer
PL-2024,M-2024-04-01,E-2024-04-0002,Manchester United FC,35',0,Matthijs de Ligt
PL-2024,M-2024-04-01,E-2024-04-0003,Manchester United FC,41',0,Marcus Rashford
PL-2024,M-2024-04-01,E-2024-04-0004,FC Southampton,79',-1,Jack Stephens
PL-2024,M-2024-04-01,E-2024-04-0005,Manchester United FC,90+6',0,Alejandro Garnacho
PL-2024,M-2024-04-03,E-2024-04-0006,Leicester City FC,21',0,Jamie Vardy
PL-2024,M-2024-04-03,E-2024-04-0007,Leicester City FC,46',0,Stephy Mavididi
PL-2024,M-2024-04-03,E-2024-04-0008,Crystal Palace FC,47',0,Jean-Philippe Mateta
PL-2024,M-2024-04-03,E-2024-04-0009,Crystal Palace FC,90+2',1,Jean-Philippe Mateta
PL-2024,M-2024-04-04,E-2024-04-0010,FC Fulham,24',0,Raúl Jiménez
PL-2024,M-2024-04-04,E-2024-04-0011,West Ham United,90+5',0,Danny Ings
PL-2024,M-2024-04-05,E-2024-04-0012,Nottingham Forest,72',0,Callum Hudson-Odoi
PL-2024,M-2024-04-06,E-2024-04-0013,Brentford FC,1',0,Yoane Wissa
PL-2024,M-2024-04-06,E-2024-04-0014,Manchester City FC,19',0,Erling Haaland
PL-2024,M-2024-04-06,E-2024-04-0015,Manchester City FC,32',0,Erling Haaland
PL-2024,M-2024-04-07,E-2024-04-0016,FC Everton,16',0,Dwight McNeil
PL-2024,M-2024-04-07,E-2024-04-0017,FC Everton,27',0,Dominic Calvert-Lewin
PL-2024,M-2024-04-07,E-2024-04-0018,Aston Villa FC,36',0,Ollie Watkins
PL-2024,M-2024-04-07,E-2024-04-0019,Aston Villa FC,58',0,Ollie Watkins
PL-2024,M-2024-04-07,E-2024-04-0020,Aston Villa FC,76',0,Jhon Durán
PL-2024,M-2024-04-08,E-2024-04-0021,AFC Bournemouth,38',-2,Evanilson
PL-2024,M-2024-04-08,E-2024-04-0022,Chelsea FC,86',0,Christopher Nkunku
PL-2024,M-2024-04-09,E-2024-04-0023,FC Arsenal,64',0,Gabriel
PL-2024,M-2024-04-10,E-2024-04-0024,Wolverhampton Wanderers,36',0,Mario Lemina
PL-2024,M-2024-04-10,E-2024-04-0025,Newcastle United,75',0,Fabian Schär
PL-2024,M-2024-04-10,E-2024-04-0026,Newcastle United,80',0,Harvey Barnes
PL-2024,M-2024-05-01,E-2024-05-0001,Chelsea FC,4',0,Nicolas Jackson
PL-2024,M-2024-05-01,E-2024-05-0002,Chelsea FC,18',0,Nicolas Jackson
PL-2024,M-2024-05-01,E-2024-05-0003,Chelsea FC,47',0,Cole Palmer
PL-2024,M-2024-05-02,E-2024-05-0004,Wolverhampton Wanderers,25',0,Matheus Cunha
PL-2024,M-2024-05-02,E-2024-05-0005,Aston Villa FC,73',0,Ollie Watkins
PL-2024,M-2024-05-02,E-2024-05-0006,Aston Villa FC,88',0,Ezri Konsa
PL-2024,M-2024-05-02,E-2024-05-0007,Aston Villa FC,90+4',0,Jhon Durán
PL-2024,M-2024-05-03,E-2024-05-0008,FC Fulham,5',0,Raúl Jiménez
PL-2024,M-2024-05-03,E-2024-05-0009,FC Fulham,22',0,Emile Smith Rowe
PL-2024,M-2024-05-03,E-2024-05-0010,Newcastle United,46',0,Harvey Barnes
PL-2024,M-2024-05-03,E-2024-05-0011,FC Fulham,90+2',0,Reiss Nelson
PL-2024,M-2024-05-04,E-2024-05-0012,FC Everton,12',0,Iliman Ndiaye
PL-2024,M-2024-05-04,E-2024-05-0013,Leicester City FC,73',0,Stephy Mavididi
PL-2024,M-2024-05-05,E-2024-05-0014,FC Liverpool,26',0,Luis Díaz
PL-2024,M-2024-05-05,E-2024-05-0015,FC Liverpool,28',0,Luis Díaz
PL-2024,M-2024-05-05,E-2024-05-0016,FC Liverpool,37',0,Darwin Núñez
PL-2024,M-2024-05-06,E-2024-05-0017,FC Southampton,5',0,Tyler Dibling
PL-2024,M-2024-05-06,E-2024-05-0018,Ipswich Town FC,90+5',0,Sam Morsy
PL-2024,M-2024-05-07,E-2024-05-0019,Brentford FC,1',0,Bryan Mbeumo
PL-2024,M-2024-05-07,E-2024-05-0020,Tottenham Hotspur ,8',0,Dominic Solanke
PL-2024,M-2024-05-07,E-2024-05-0021,Tottenham Hotspur ,28',0,Brennan Johnson
PL-2024,M-2024-05-07,E-2024-05-0022,Tottenham Hotspur ,85',0,James Maddison
PL-2024,M-2024-05-09,E-2024-05-0023,Nottingham Forest,13',1,Chris Wood
PL-2024,M-2024-05-09,E-2024-05-0024,Brighton & Hove Albion,42',0,Jack Hinshelwood
PL-2024,M-2024-05-09,E-2024-05-0025,Brighton & Hove Albion,45',0,Danny Welbeck
PL-2024,M-2024-05-09,E-2024-05-0026,Nottingham Forest,70',0,Ramón Sosa
PL-2024,M-2024-05-09,E-2024-05-0027,Nottingham Forest,83',-1,Morgan Gibbs-White
PL-2024,M-2024-05-10,E-2024-05-0028,Manchester City FC,9',0,Erling Haaland
PL-2024,M-2024-05-10,E-2024-05-0029,FC Arsenal,22',0,Riccardo Calafiori
PL-2024,M-2024-05-10,E-2024-05-0030,FC Arsenal,45+1',0,Gabriel
PL-2024,M-2024-05-10,E-2024-05-0031,FC Arsenal,45+8',-1,Leandro Trossard
PL-2024,M-2024-05-10,E-2024-05-0032,Manchester City FC,90+8',0,John Stones
PL-2024,M-2024-06-01,E-2024-06-0001,Manchester City FC,35',0,Josko Gvardiol
PL-2024,M-2024-06-01,E-2024-06-0002,Newcastle United,58',1,Anthony Gordon
PL-2024,M-2024-06-02,E-2024-06-0003,FC Arsenal,20',0,Gabriel Martinelli
PL-2024,M-2024-06-02,E-2024-06-0004,FC Arsenal,45+1',0,Leandro Trossard
PL-2024,M-2024-06-02,E-2024-06-0005,Leicester City FC,47',0,James Justin
PL-2024,M-2024-06-02,E-2024-06-0006,Leicester City FC,63',0,James Justin
PL-2024,M-2024-06-02,E-2024-06-0007,FC Arsenal,90+4',2,Wilfred Ndidi
PL-2024,M-2024-06-02,E-2024-06-0008,FC Arsenal,90+9',0,Kai Havertz
PL-2024,M-2024-06-03,E-2024-06-0009,Brentford FC,1',0,Bryan Mbeumo
PL-2024,M-2024-06-03,E-2024-06-0010,West Ham United,54',0,Tomáš Souček
PL-2024,M-2024-06-04,E-2024-06-0011,Brighton & Hove Albion,7',0,Georginio Rutter
PL-2024,M-2024-06-04,E-2024-06-0012,Chelsea FC,21',0,Cole Palmer
PL-2024,M-2024-06-04,E-2024-06-0013,Chelsea FC,28',1,Cole Palmer
PL-2024,M-2024-06-04,E-2024-06-0014,Chelsea FC,31',0,Cole Palmer
PL-2024,M-2024-06-04,E-2024-06-0015,Brighton & Hove Albion,34',0,Carlos Baleba
PL-2024,M-2024-06-04,E-2024-06-0016,Chelsea FC,41',0,Cole Palmer
PL-2024,M-2024-06-05,E-2024-06-0017,Crystal Palace FC,10',0,Marc Guéhi
PL-2024,M-2024-06-05,E-2024-06-0018,FC Everton,47',0,Dwight McNeil
PL-2024,M-2024-06-05,E-2024-06-0019,FC Everton,54',0,Dwight McNeil
PL-2024,M-2024-06-06,E-2024-06-0020,FC Fulham,51',1,Raúl Jiménez
PL-2024,M-2024-06-07,E-2024-06-0021,FC Liverpool,45+2',0,Ibrahima Konaté
PL-2024,M-2024-06-07,E-2024-06-0022,Wolverhampton Wanderers,56',0,Rayan Aït-Nouri
PL-2024,M-2024-06-07,E-2024-06-0023,FC Liverpool,61',1,Mohamed Salah
PL-2024,M-2024-06-08,E-2024-06-0024,Ipswich Town FC,8',0,Liam Delap
PL-2024,M-2024-06-08,E-2024-06-0025,Aston Villa FC,15',0,Morgan Rogers
PL-2024,M-2024-06-08,E-2024-06-0026,Aston Villa FC,32',0,Ollie Watkins
PL-2024,M-2024-06-08,E-2024-06-0027,Ipswich Town FC,72',0,Liam Delap
PL-2024,M-2024-06-09,E-2024-06-0028,Tottenham Hotspur ,3',0,Brennan Johnson
PL-2024,M-2024-06-09,E-2024-06-0029,Manchester United FC,42',-1,Bruno Fernandes
PL-2024,M-2024-06-09,E-2024-06-0030,Tottenham Hotspur ,47',0,Dejan Kulusevski
PL-2024,M-2024-06-09,E-2024-06-0031,Tottenham Hotspur ,77',0,Dominic Solanke
PL-2024,M-2024-06-10,E-2024-06-0032,AFC Bournemouth,17',0,Evanilson
PL-2024,M-2024-06-10,E-2024-06-0033,AFC Bournemouth,32',0,Dango Ouattara
PL-2024,M-2024-06-10,E-2024-06-0034,AFC Bournemouth,39',0,Antoine Semenyo
PL-2024,M-2024-06-10,E-2024-06-0035,FC Southampton,51',0,Taylor Harwood-Bellis
PL-2024,M-2024-07-01,E-2024-07-0001,FC Liverpool,9',0,Diogo Jota
PL-2024,M-2024-07-02,E-2024-07-0002,FC Southampton,55',0,Cameron Archer
PL-2024,M-2024-07-02,E-2024-07-0003,FC Arsenal,58',0,Kai Havertz
PL-2024,M-2024-07-02,E-2024-07-0004,FC Arsenal,68',0,Gabriel Martinelli
PL-2024,M-2024-07-02,E-2024-07-0005,FC Arsenal,88',0,Bukayo Saka
PL-2024,M-2024-07-03,E-2024-07-0006,Brentford FC,2',0,Nathan Collins
PL-2024,M-2024-07-03,E-2024-07-0007,Wolverhampton Wanderers,4',0,Matheus Cunha
PL-2024,M-2024-07-03,E-2024-07-0008,Brentford FC,20',1,Bryan Mbeumo
PL-2024,M-2024-07-03,E-2024-07-0009,Wolverhampton Wanderers,26',0,Jørgen Strand Larsen
PL-2024,M-2024-07-03,E-2024-07-0010,Brentford FC,28',0,Christian Nørgaard
PL-2024,M-2024-07-03,E-2024-07-0011,Brentford FC,45+2',0,Ethan Pinnock
PL-2024,M-2024-07-03,E-2024-07-0012,Brentford FC,90',0,Fábio Carvalho
PL-2024,M-2024-07-03,E-2024-07-0013,Wolverhampton Wanderers,90+3',0,Rayan Aït-Nouri
PL-2024,M-2024-07-04,E-2024-07-0014,Leicester City FC,16',0,Facundo Buonanotte
PL-2024,M-2024-07-05,E-2024-07-0015,FC Fulham,26',0,Andreas Pereira
PL-2024,M-2024-07-05,E-2024-07-0016,Manchester City FC,32',0,Mateo Kovacic
PL-2024,M-2024-07-05,E-2024-07-0017,Manchester City FC,47',0,Mateo Kovacic
PL-2024,M-2024-07-05,E-2024-07-0018,Manchester City FC,82',0,Jérémy Doku
PL-2024,M-2024-07-05,E-2024-07-0019,FC Fulham,88',0,Rodrigo Muniz
PL-2024,M-2024-07-06,E-2024-07-0020,West Ham United,1',0,Michail Antonio
PL-2024,M-2024-07-06,E-2024-07-0021,Ipswich Town FC,6',0,Liam Delap
PL-2024,M-2024-07-06,E-2024-07-0022,West Ham United,43',0,Mohammed Kudus
PL-2024,M-2024-07-06,E-2024-07-0023,West Ham United,49',0,Jarrod Bowen
PL-2024,M-2024-07-06,E-2024-07-0024,West Ham United,69',0,Lucas Paquetá
PL-2024,M-2024-07-07,E-2024-07-0025,Newcastle United,35',-2,Anthony Gordon
PL-2024,M-2024-07-09,E-2024-07-0026,Nottingham Forest,49',0,Chris Wood
PL-2024,M-2024-07-09,E-2024-07-0027,Chelsea FC,57',0,Noni Madueke
PL-2024,M-2024-07-09,E-2024-07-0028,Nottingham Forest,78',-1,James Ward-Prowse
PL-2024,M-2024-07-10,E-2024-07-0029,Tottenham Hotspur ,23',0,Brennan Johnson
PL-2024,M-2024-07-10,E-2024-07-0030,Tottenham Hotspur ,37',0,James Maddison
PL-2024,M-2024-07-10,E-2024-07-0031,Brighton & Hove Albion,48',0,Yankuba Minteh
PL-2024,M-2024-07-10,E-2024-07-0032,Brighton & Hove Albion,58',0,Georginio Rutter
PL-2024,M-2024-07-10,E-2024-07-0033,Brighton & Hove Albion,66',0,Danny Welbeck
PL-2024,M-2024-08-01,E-2024-08-0001,West Ham United,18',0,Mohammed Kudus
PL-2024,M-2024-08-01,E-2024-08-0002,Tottenham Hotspur ,36',0,Dejan Kulusevski
PL-2024,M-2024-08-01,E-2024-08-0003,Tottenham Hotspur ,52',0,Yves Bissouma
PL-2024,M-2024-08-01,E-2024-08-0004,Tottenham Hotspur ,55',2,Alphonse Areola
PL-2024,M-2024-08-01,E-2024-08-0005,Tottenham Hotspur ,60',0,Heung-min Son
PL-2024,M-2024-08-01,E-2024-08-0006,West Ham United,86',-1,Mohammed Kudus
PL-2024,M-2024-08-02,E-2024-08-0007,FC Fulham,5',0,Raúl Jiménez
PL-2024,M-2024-08-02,E-2024-08-0008,Aston Villa FC,9',0,Morgan Rogers
PL-2024,M-2024-08-02,E-2024-08-0009,FC Fulham,27',-2,Andreas Pereira
PL-2024,M-2024-08-02,E-2024-08-0010,Aston Villa FC,59',0,Ollie Watkins
PL-2024,M-2024-08-02,E-2024-08-0011,FC Fulham,64',-1,Joachim Andersen
PL-2024,M-2024-08-02,E-2024-08-0012,Aston Villa FC,69',2,Issa Diop
PL-2024,M-2024-08-02,E-2024-08-0013,Aston Villa FC,90+3',-1,Jaden Philogene
PL-2024,M-2024-08-03,E-2024-08-0014,Brentford FC,45+5',0,Ethan Pinnock
PL-2024,M-2024-08-03,E-2024-08-0015,Manchester United FC,47',0,Alejandro Garnacho
PL-2024,M-2024-08-03,E-2024-08-0016,Manchester United FC,62',0,Rasmus Højlund
PL-2024,M-2024-08-04,E-2024-08-0017,Brighton & Hove Albion,35',0,Danny Welbeck
PL-2024,M-2024-08-05,E-2024-08-0018,FC Southampton,8',0,Cameron Archer
PL-2024,M-2024-08-05,E-2024-08-0019,FC Southampton,28',0,Joe Aribo
PL-2024,M-2024-08-05,E-2024-08-0020,Leicester City FC,64',0,Facundo Buonanotte
PL-2024,M-2024-08-05,E-2024-08-0021,FC Southampton,73',-1,Ryan Fraser
PL-2024,M-2024-08-05,E-2024-08-0022,Leicester City FC,74',1,Jamie Vardy
PL-2024,M-2024-08-05,E-2024-08-0023,Leicester City FC,90+8',0,Jordan Ayew
PL-2024,M-2024-08-06,E-2024-08-0024,FC Everton,17',0,Iliman Ndiaye
PL-2024,M-2024-08-06,E-2024-08-0025,FC Everton,40',0,Michael Keane
PL-2024,M-2024-08-07,E-2024-08-0026,FC Arsenal,30',-1,William Saliba
PL-2024,M-2024-08-07,E-2024-08-0027,AFC Bournemouth,70',0,Ryan Christie
PL-2024,M-2024-08-07,E-2024-08-0028,AFC Bournemouth,79',1,Justin Kluivert
PL-2024,M-2024-08-08,E-2024-08-0029,Wolverhampton Wanderers,7',0,Jørgen Strand Larsen
PL-2024,M-2024-08-08,E-2024-08-0030,Manchester City FC,33',0,Josko Gvardiol
PL-2024,M-2024-08-08,E-2024-08-0031,Manchester City FC,90+5',0,John Stones
PL-2024,M-2024-08-09,E-2024-08-0032,FC Liverpool,29',1,Mohamed Salah
PL-2024,M-2024-08-09,E-2024-08-0033,Chelsea FC,48',0,Nicolas Jackson
PL-2024,M-2024-08-09,E-2024-08-0034,FC Liverpool,51',0,Curtis Jones
PL-2024,M-2024-08-10,E-2024-08-0035,Nottingham Forest,65',0,Chris Wood
PL-2024,M-2024-09-01,E-2024-09-0001,Nottingham Forest,16',0,Ryan Yates
PL-2024,M-2024-09-01,E-2024-09-0002,Leicester City FC,23',0,Jamie Vardy
PL-2024,M-2024-09-01,E-2024-09-0003,Nottingham Forest,47',0,Chris Wood
PL-2024,M-2024-09-01,E-2024-09-0004,Nottingham Forest,60',0,Chris Wood
PL-2024,M-2024-09-02,E-2024-09-0005,Aston Villa FC,76',0,Ross Barkley
PL-2024,M-2024-09-02,E-2024-09-0006,AFC Bournemouth,90+6',0,Evanilson
PL-2024,M-2024-09-03,E-2024-09-0007,Ipswich Town FC,28',0,Sammie Szmodics
PL-2024,M-2024-09-03,E-2024-09-0008,Ipswich Town FC,31',0,George Hirst
PL-2024,M-2024-09-03,E-2024-09-0009,Brentford FC,44',0,Yoane Wissa
PL-2024,M-2024-09-03,E-2024-09-0010,Brentford FC,45+1',0,Yoane Wissa
PL-2024,M-2024-09-03,E-2024-09-0011,Brentford FC,51',1,Bryan Mbeumo
PL-2024,M-2024-09-03,E-2024-09-0012,Ipswich Town FC,69',-1,Harry Clarke
PL-2024,M-2024-09-03,E-2024-09-0013,Ipswich Town FC,86',0,Liam Delap
PL-2024,M-2024-09-03,E-2024-09-0014,Brentford FC,90+6',0,Bryan Mbeumo
PL-2024,M-2024-09-04,E-2024-09-0015,Brighton & Hove Albion,45',0,Danny Welbeck
PL-2024,M-2024-09-04,E-2024-09-0016,Brighton & Hove Albion,85',0,Evan Ferguson
PL-2024,M-2024-09-04,E-2024-09-0017,Wolverhampton Wanderers,88',0,Rayan Aït-Nouri
PL-2024,M-2024-09-04,E-2024-09-0018,Wolverhampton Wanderers,90+3',0,Matheus Cunha
PL-2024,M-2024-09-05,E-2024-09-0019,Manchester City FC,5',0,Erling Haaland
PL-2024,M-2024-09-06,E-2024-09-0020,FC Fulham,61',0,Alex Iwobi
PL-2024,M-2024-09-06,E-2024-09-0021,FC Everton,90+4',0,Beto
PL-2024,M-2024-09-07,E-2024-09-0022,Chelsea FC,18',0,Nicolas Jackson
PL-2024,M-2024-09-07,E-2024-09-0023,Newcastle United,32',0,Alexander Isak
PL-2024,M-2024-09-07,E-2024-09-0024,Chelsea FC,47',0,Cole Palmer
PL-2024,M-2024-09-08,E-2024-09-0025,West Ham United,74',0,Crysencio Summerville
PL-2024,M-2024-09-08,E-2024-09-0026,Manchester United FC,81',0,Casemiro
PL-2024,M-2024-09-08,E-2024-09-0027,West Ham United,90+2',1,Jarrod Bowen
PL-2024,M-2024-09-09,E-2024-09-0028,Crystal Palace FC,31',0,Jean-Philippe Mateta
PL-2024,M-2024-09-10,E-2024-09-0029,FC Arsenal,9',0,Bukayo Saka
PL-2024,M-2024-09-10,E-2024-09-0030,FC Liverpool,18',0,Virgil van Dijk
PL-2024,M-2024-09-10,E-2024-09-0031,FC Arsenal,43',0,Mikel Merino
PL-2024,M-2024-09-10,E-2024-09-0032,FC Liverpool,81',0,Mohamed Salah
PL-2024,M-2024-10-01,E-2024-10-0001,Newcastle United,12',0,Alexander Isak
PL-2024,M-2024-10-02,E-2024-10-0002,AFC Bournemouth,9',0,Antoine Semenyo
PL-2024,M-2024-10-02,E-2024-10-0003,AFC Bournemouth,64',0,Evanilson
PL-2024,M-2024-10-02,E-2024-10-0004,Manchester City FC,82',0,Josko Gvardiol
PL-2024,M-2024-10-03,E-2024-10-0005,Ipswich Town FC,55',0,Leif Davis
PL-2024,M-2024-10-03,E-2024-10-0006,Ipswich Town FC,77',-1,Kalvin Phillips
PL-2024,M-2024-10-03,E-2024-10-0007,Leicester City FC,90+4',0,Jordan Ayew
PL-2024,M-2024-10-04,E-2024-10-0008,Brighton & Hove Albion,14',0,Ferdi Kadıoğlu
PL-2024,M-2024-10-04,E-2024-10-0009,FC Liverpool,69',0,Cody Gakpo
PL-2024,M-2024-10-04,E-2024-10-0010,FC Liverpool,72',0,Mohamed Salah
PL-2024,M-2024-10-05,E-2024-10-0011,Nottingham Forest,27',0,Chris Wood
PL-2024,M-2024-10-05,E-2024-10-0012,West Ham United,45+2',-1,Edson Álvarez
PL-2024,M-2024-10-05,E-2024-10-0013,Nottingham Forest,65',0,Callum Hudson-Odoi
PL-2024,M-2024-10-05,E-2024-10-0014,Nottingham Forest,78',0,Ola Aina
PL-2024,M-2024-10-06,E-2024-10-0015,FC Southampton,85',0,Adam Armstrong
PL-2024,M-2024-10-07,E-2024-10-0016,Crystal Palace FC,60',0,Trevoh Chalobah
PL-2024,M-2024-10-07,E-2024-10-0017,Wolverhampton Wanderers,67',0,Jørgen Strand Larsen
PL-2024,M-2024-10-07,E-2024-10-0018,Wolverhampton Wanderers,72',0,João Gomes
PL-2024,M-2024-10-07,E-2024-10-0019,Crystal Palace FC,77',0,Marc Guéhi
PL-2024,M-2024-10-08,E-2024-10-0020,Aston Villa FC,32',0,Morgan Rogers
PL-2024,M-2024-10-08,E-2024-10-0021,Tottenham Hotspur ,49',0,Brennan Johnson
PL-2024,M-2024-10-08,E-2024-10-0022,Tottenham Hotspur ,75',0,Dominic Solanke
PL-2024,M-2024-10-08,E-2024-10-0023,Tottenham Hotspur ,79',0,Dominic Solanke
PL-2024,M-2024-10-08,E-2024-10-0024,Tottenham Hotspur ,90+6',0,James Maddison
PL-2024,M-2024-10-09,E-2024-10-0025,Manchester United FC,70',1,Bruno Fernandes
PL-2024,M-2024-10-09,E-2024-10-0026,Chelsea FC,74',0,Moisés Caicedo
PL-2024,M-2024-10-10,E-2024-10-0027,Brentford FC,24',0,Vitaly Janelt
PL-2024,M-2024-10-10,E-2024-10-0028,FC Fulham,90+2',0,Harry Wilson
PL-2024,M-2024-10-10,E-2024-10-0029,FC Fulham,90+7',0,Harry Wilson
PL-2024,M-2024-11-01,E-2024-11-0001,AFC Bournemouth,17',0,Evanilson
PL-2024,M-2024-11-01,E-2024-11-0002,Brentford FC,27',0,Yoane Wissa
PL-2024,M-2024-11-01,E-2024-11-0003,AFC Bournemouth,49',0,Justin Kluivert
PL-2024,M-2024-11-01,E-2024-11-0004,Brentford FC,50',0,Mikkel Damsgaard
PL-2024,M-2024-11-01,E-2024-11-0005,Brentford FC,58',0,Yoane Wissa
PL-2024,M-2024-11-02,E-2024-11-0006,FC Fulham,45+2',0,Emile Smith Rowe
PL-2024,M-2024-11-02,E-2024-11-0007,Crystal Palace FC,76',-1,Daichi Kamada
PL-2024,M-2024-11-02,E-2024-11-0008,FC Fulham,83',0,Harry Wilson
PL-2024,M-2024-11-04,E-2024-11-0009,Wolverhampton Wanderers,2',0,Pablo Sarabia
PL-2024,M-2024-11-04,E-2024-11-0010,Wolverhampton Wanderers,51',0,Matheus Cunha
PL-2024,M-2024-11-05,E-2024-11-0011,Manchester City FC,23',0,Erling Haaland
PL-2024,M-2024-11-05,E-2024-11-0012,Brighton & Hove Albion,78',0,João Pedro
PL-2024,M-2024-11-05,E-2024-11-0013,Brighton & Hove Albion,83',0,Matt O'Riley
PL-2024,M-2024-11-06,E-2024-11-0014,FC Liverpool,20',0,Darwin Núñez
PL-2024,M-2024-11-06,E-2024-11-0015,FC Liverpool,84',0,Mohamed Salah
PL-2024,M-2024-11-07,E-2024-11-0016,Manchester United FC,17',0,Bruno Fernandes
PL-2024,M-2024-11-07,E-2024-11-0017,Manchester United FC,38',2,Victor Kristiansen
PL-2024,M-2024-11-07,E-2024-11-0018,Manchester United FC,82',0,Alejandro Garnacho
PL-2024,M-2024-11-08,E-2024-11-0019,Nottingham Forest,21',0,Murillo
PL-2024,M-2024-11-08,E-2024-11-0020,Newcastle United,54',0,Alexander Isak
PL-2024,M-2024-11-08,E-2024-11-0021,Newcastle United,72',0,Joelinton
PL-2024,M-2024-11-08,E-2024-11-0022,Newcastle United,83',0,Harvey Barnes
PL-2024,M-2024-11-09,E-2024-11-0023,Ipswich Town FC,31',0,Sammie Szmodics
PL-2024,M-2024-11-09,E-2024-11-0024,Ipswich Town FC,43',0,Liam Delap
PL-2024,M-2024-11-09,E-2024-11-0025,Tottenham Hotspur ,69',0,Rodrigo Bentancur
PL-2024,M-2024-11-10,E-2024-11-0026,FC Arsenal,60',0,Gabriel Martinelli
PL-2024,M-2024-11-10,E-2024-11-0027,Chelsea FC,70',0,Pedro Neto
PL-2024,M-2024-12-01,E-2024-12-0001,Chelsea FC,15',0,Nicolas Jackson
PL-2024,M-2024-12-01,E-2024-12-0002,Chelsea FC,75',0,Enzo Fernández
PL-2024,M-2024-12-01,E-2024-12-0003,Leicester City FC,90+5',1,Jordan Ayew
PL-2024,M-2024-12-02,E-2024-12-0004,Brighton & Hove Albion,4',0,João Pedro
PL-2024,M-2024-12-02,E-2024-12-0005,Brighton & Hove Albion,49',0,Kaoru Mitoma
PL-2024,M-2024-12-02,E-2024-12-0006,Brighton & Hove Albion,59',-1,Carlos Baleba
PL-2024,M-2024-12-02,E-2024-12-0007,AFC Bournemouth,90+3',0,David Brooks
PL-2024,M-2024-12-03,E-2024-12-0008,FC Arsenal,15',0,Bukayo Saka
PL-2024,M-2024-12-03,E-2024-12-0009,FC Arsenal,52',0,Thomas Partey
PL-2024,M-2024-12-03,E-2024-12-0010,FC Arsenal,86',0,Ethan Nwaneri
PL-2024,M-2024-12-04,E-2024-12-0011,Crystal Palace FC,4',0,Ismaïla Sarr
PL-2024,M-2024-12-04,E-2024-12-0012,Aston Villa FC,36',0,Ollie Watkins
PL-2024,M-2024-12-04,E-2024-12-0013,Aston Villa FC,45',-2,Youri Tielemans
PL-2024,M-2024-12-04,E-2024-12-0014,Crystal Palace FC,45+1',0,Justin Devenny
PL-2024,M-2024-12-04,E-2024-12-0015,Aston Villa FC,77',0,Ross Barkley
PL-2024,M-2024-12-05,E-2024-12-0016,Brentford FC,41',-1,Christian Nørgaard
PL-2024,M-2024-12-06,E-2024-12-0017,FC Fulham,20',0,Alex Iwobi
PL-2024,M-2024-12-06,E-2024-12-0018,Wolverhampton Wanderers,31',0,Matheus Cunha
PL-2024,M-2024-12-06,E-2024-12-0019,Wolverhampton Wanderers,53',0,João Gomes
PL-2024,M-2024-12-06,E-2024-12-0020,Wolverhampton Wanderers,87',0,Matheus Cunha
PL-2024,M-2024-12-06,E-2024-12-0021,Wolverhampton Wanderers,90+5',0,Gonçalo Guedes
PL-2024,M-2024-12-07,E-2024-12-0022,Tottenham Hotspur ,13',0,James Maddison
PL-2024,M-2024-12-07,E-2024-12-0023,Tottenham Hotspur ,20',0,James Maddison
PL-2024,M-2024-12-07,E-2024-12-0024,Tottenham Hotspur ,52',0,Pedro Porro
PL-2024,M-2024-12-07,E-2024-12-0025,Tottenham Hotspur ,90+3',0,Brennan Johnson
PL-2024,M-2024-12-08,E-2024-12-0026,FC Liverpool,30',0,Dominik Szoboszlai
PL-2024,M-2024-12-08,E-2024-12-0027,FC Southampton,42',0,Adam Armstrong
PL-2024,M-2024-12-08,E-2024-12-0028,FC Southampton,42',-2,Adam Armstrong
PL-2024,M-2024-12-08,E-2024-12-0029,FC Southampton,56',0,Mateus Fernandes
PL-2024,M-2024-12-08,E-2024-12-0030,FC Liverpool,65',0,Mohamed Salah
PL-2024,M-2024-12-08,E-2024-12-0031,FC Liverpool,83',1,Mohamed Salah
PL-2024,M-2024-12-09,E-2024-12-0032,Manchester United FC,2',0,Marcus Rashford
PL-2024,M-2024-12-09,E-2024-12-0033,Ipswich Town FC,43',0,Omari Hutchinson
PL-2024,M-2024-12-10,E-2024-12-0034,West Ham United,10',0,Tomáš Souček
PL-2024,M-2024-12-10,E-2024-12-0035,West Ham United,53',0,Aaron Wan-Bissaka
PL-2024,M-2024-13-01,E-2024-13-0001,Brighton & Hove Albion,29',0,Kaoru Mitoma
PL-2024,M-2024-13-01,E-2024-13-0002,FC Southampton,59',0,Flynn Downes
PL-2024,M-2024-13-02,E-2024-13-0003,Leicester City FC,21',0,Facundo Buonanotte
PL-2024,M-2024-13-02,E-2024-13-0004,Brentford FC,25',0,Yoane Wissa
PL-2024,M-2024-13-02,E-2024-13-0005,Brentford FC,29',0,Kevin Schade
PL-2024,M-2024-13-02,E-2024-13-0006,Brentford FC,45+8',0,Kevin Schade
PL-2024,M-2024-13-02,E-2024-13-0007,Brentford FC,59',0,Kevin Schade
PL-2024,M-2024-13-03,E-2024-13-0008,Newcastle United,53',2,Marc Guéhi
PL-2024,M-2024-13-03,E-2024-13-0009,Crystal Palace FC,90+4',0,Daniel Muñoz
PL-2024,M-2024-13-04,E-2024-13-0010,Nottingham Forest,49',1,Chris Wood
PL-2024,M-2024-13-05,E-2024-13-0011,AFC Bournemouth,3',1,Justin Kluivert
PL-2024,M-2024-13-05,E-2024-13-0012,Wolverhampton Wanderers,5',0,Jørgen Strand Larsen
PL-2024,M-2024-13-05,E-2024-13-0013,AFC Bournemouth,8',0,Milos Kerkez
PL-2024,M-2024-13-05,E-2024-13-0014,AFC Bournemouth,18',1,Justin Kluivert
PL-2024,M-2024-13-05,E-2024-13-0015,Wolverhampton Wanderers,69',0,Jørgen Strand Larsen
PL-2024,M-2024-13-05,E-2024-13-0016,AFC Bournemouth,74',1,Justin Kluivert
PL-2024,M-2024-13-06,E-2024-13-0017,FC Arsenal,10',0,Gabriel
PL-2024,M-2024-13-06,E-2024-13-0018,FC Arsenal,27',0,Leandro Trossard
PL-2024,M-2024-13-06,E-2024-13-0019,FC Arsenal,34',1,Martin Ødegaard
PL-2024,M-2024-13-06,E-2024-13-0020,FC Arsenal,36',0,Kai Havertz
PL-2024,M-2024-13-06,E-2024-13-0021,West Ham United,38',0,Aaron Wan-Bissaka
PL-2024,M-2024-13-06,E-2024-13-0022,West Ham United,40',0,Emerson
PL-2024,M-2024-13-06,E-2024-13-0023,FC Arsenal,45+5',1,Bukayo Saka
PL-2024,M-2024-13-07,E-2024-13-0024,Chelsea FC,7',0,Nicolas Jackson
PL-2024,M-2024-13-07,E-2024-13-0025,Chelsea FC,36',0,Enzo Fernández
PL-2024,M-2024-13-07,E-2024-13-0026,Chelsea FC,83',0,Cole Palmer
PL-2024,M-2024-13-08,E-2024-13-0027,Manchester United FC,34',0,Marcus Rashford
PL-2024,M-2024-13-08,E-2024-13-0028,Manchester United FC,41',0,Joshua Zirkzee
PL-2024,M-2024-13-08,E-2024-13-0029,Manchester United FC,46',0,Marcus Rashford
PL-2024,M-2024-13-08,E-2024-13-0030,Manchester United FC,64',0,Joshua Zirkzee
PL-2024,M-2024-13-09,E-2024-13-0031,Tottenham Hotspur ,54',0,Brennan Johnson
PL-2024,M-2024-13-09,E-2024-13-0032,FC Fulham,67',0,Tom Cairney
PL-2024,M-2024-13-09,E-2024-13-0033,FC Fulham,83',-1,Tom Cairney
PL-2024,M-2024-13-10,E-2024-13-0034,FC Liverpool,12',0,Cody Gakpo
PL-2024,M-2024-13-10,E-2024-13-0035,FC Liverpool,78',1,Mohamed Salah
PL-2024,M-2024-14-01,E-2024-14-0001,Crystal Palace FC,59',0,Jean-Philippe Mateta
PL-2024,M-2024-14-02,E-2024-14-0002,Leicester City FC,2',0,Jamie Vardy
PL-2024,M-2024-14-02,E-2024-14-0003,Leicester City FC,61',0,Bilal El Khannouss
PL-2024,M-2024-14-02,E-2024-14-0004,Leicester City FC,90',0,Patson Daka
PL-2024,M-2024-14-02,E-2024-14-0005,West Ham United,90+3',0,Niclas Füllkrug
PL-2024,M-2024-14-03,E-2024-14-0006,FC Everton,10',0,Ashley Young
PL-2024,M-2024-14-03,E-2024-14-0007,FC Everton,33',0,Orel Mangala
PL-2024,M-2024-14-03,E-2024-14-0008,FC Everton,49',2,Craig Dawson
PL-2024,M-2024-14-03,E-2024-14-0009,FC Everton,72',2,Craig Dawson
PL-2024,M-2024-14-04,E-2024-14-0010,Manchester City FC,8',0,Bernardo Silva
PL-2024,M-2024-14-04,E-2024-14-0011,Manchester City FC,31',0,Kevin De Bruyne
PL-2024,M-2024-14-04,E-2024-14-0012,Manchester City FC,57',0,Jérémy Doku
PL-2024,M-2024-14-05,E-2024-14-0013,Newcastle United,35',0,Alexander Isak
PL-2024,M-2024-14-05,E-2024-14-0014,FC Liverpool,50',0,Curtis Jones
PL-2024,M-2024-14-05,E-2024-14-0015,Newcastle United,62',0,Anthony Gordon
PL-2024,M-2024-14-05,E-2024-14-0016,FC Liverpool,68',0,Mohamed Salah
PL-2024,M-2024-14-05,E-2024-14-0017,FC Liverpool,83',0,Mohamed Salah
PL-2024,M-2024-14-05,E-2024-14-0018,Newcastle United,90',0,Fabian Schär
PL-2024,M-2024-14-06,E-2024-14-0019,Chelsea FC,7',0,Axel Disasi
PL-2024,M-2024-14-06,E-2024-14-0020,FC Southampton,11',0,Joe Aribo
PL-2024,M-2024-14-06,E-2024-14-0021,Chelsea FC,17',0,Christopher Nkunku
PL-2024,M-2024-14-06,E-2024-14-0022,Chelsea FC,34',0,Noni Madueke
PL-2024,M-2024-14-06,E-2024-14-0023,FC Southampton,39',-1,Jack Stephens
PL-2024,M-2024-14-06,E-2024-14-0024,Chelsea FC,76',0,Cole Palmer
PL-2024,M-2024-14-06,E-2024-14-0025,Chelsea FC,87',0,Jadon Sancho
PL-2024,M-2024-14-07,E-2024-14-0026,FC Arsenal,54',0,Jurriën Timber
PL-2024,M-2024-14-07,E-2024-14-0027,FC Arsenal,73',0,William Saliba
PL-2024,M-2024-14-08,E-2024-14-0028,Aston Villa FC,21',0,Morgan Rogers
PL-2024,M-2024-14-08,E-2024-14-0029,Aston Villa FC,28',1,Ollie Watkins
PL-2024,M-2024-14-08,E-2024-14-0030,Aston Villa FC,34',0,Matty Cash
PL-2024,M-2024-14-08,E-2024-14-0031,Brentford FC,54',0,Mikkel Damsgaard
PL-2024,M-2024-14-09,E-2024-14-0032,FC Fulham,4',0,Alex Iwobi
PL-2024,M-2024-14-09,E-2024-14-0033,Brighton & Hove Albion,56',0,Carlos Baleba
PL-2024,M-2024-14-09,E-2024-14-0034,FC Fulham,79',2,Matt O'Riley
PL-2024,M-2024-14-09,E-2024-14-0035,FC Fulham,87',0,Alex Iwobi
PL-2024,M-2024-14-10,E-2024-14-0036,AFC Bournemouth,17',0,Dean Huijsen
PL-2024,M-2024-15-01,E-2024-15-0001,Aston Villa FC,24',0,Jhon Durán
PL-2024,M-2024-15-02,E-2024-15-0002,Brentford FC,8',0,Bryan Mbeumo
PL-2024,M-2024-15-02,E-2024-15-0003,Newcastle United,11',0,Alexander Isak
PL-2024,M-2024-15-02,E-2024-15-0004,Brentford FC,28',0,Yoane Wissa
PL-2024,M-2024-15-02,E-2024-15-0005,Newcastle United,32',0,Harvey Barnes
PL-2024,M-2024-15-02,E-2024-15-0006,Brentford FC,56',0,Nathan Collins
PL-2024,M-2024-15-02,E-2024-15-0007,Brentford FC,90',0,Kevin Schade
PL-2024,M-2024-15-03,E-2024-15-0008,Crystal Palace FC,4',0,Daniel Muñoz
PL-2024,M-2024-15-03,E-2024-15-0009,Manchester City FC,30',0,Erling Haaland
PL-2024,M-2024-15-03,E-2024-15-0010,Crystal Palace FC,56',0,Maxence Lacroix
PL-2024,M-2024-15-03,E-2024-15-0011,Manchester City FC,68',0,Rico Lewis
PL-2024,M-2024-15-03,E-2024-15-0012,Manchester City FC,84',-1,Rico Lewis
PL-2024,M-2024-15-04,E-2024-15-0013,Nottingham Forest,2',0,Nikola Milenković
PL-2024,M-2024-15-04,E-2024-15-0014,Manchester United FC,18',0,Rasmus Højlund
PL-2024,M-2024-15-04,E-2024-15-0015,Nottingham Forest,47',0,Morgan Gibbs-White
PL-2024,M-2024-15-04,E-2024-15-0016,Nottingham Forest,54',0,Chris Wood
PL-2024,M-2024-15-04,E-2024-15-0017,Manchester United FC,61',0,Bruno Fernandes
PL-2024,M-2024-15-05,E-2024-15-0018,FC Fulham,11',0,Raúl Jiménez
PL-2024,M-2024-15-05,E-2024-15-0019,FC Arsenal,52',0,William Saliba
PL-2024,M-2024-15-06,E-2024-15-0020,Ipswich Town FC,21',0,Conor Chaplin
PL-2024,M-2024-15-06,E-2024-15-0021,AFC Bournemouth,87',0,Enes Ünal
PL-2024,M-2024-15-06,E-2024-15-0022,AFC Bournemouth,90+5',0,Dango Ouattara
PL-2024,M-2024-15-07,E-2024-15-0023,Brighton & Hove Albion,37',0,Tariq Lamptey
PL-2024,M-2024-15-07,E-2024-15-0024,Brighton & Hove Albion,79',0,Yankuba Minteh
PL-2024,M-2024-15-07,E-2024-15-0025,Leicester City FC,86',0,Jamie Vardy
PL-2024,M-2024-15-07,E-2024-15-0026,Leicester City FC,90+1',0,Bobby De Cordova-Reid
PL-2024,M-2024-15-08,E-2024-15-0027,Tottenham Hotspur ,5',0,Dominic Solanke
PL-2024,M-2024-15-08,E-2024-15-0028,Tottenham Hotspur ,11',0,Dejan Kulusevski
PL-2024,M-2024-15-08,E-2024-15-0029,Chelsea FC,17',0,Jadon Sancho
PL-2024,M-2024-15-08,E-2024-15-0030,Chelsea FC,61',1,Cole Palmer
PL-2024,M-2024-15-08,E-2024-15-0031,Chelsea FC,73',0,Enzo Fernández
PL-2024,M-2024-15-08,E-2024-15-0032,Chelsea FC,84',1,Cole Palmer
PL-2024,M-2024-15-08,E-2024-15-0033,Tottenham Hotspur ,90+6',0,Heung-min Son
PL-2024,M-2024-15-09,E-2024-15-0034,West Ham United,54',0,Tomáš Souček
PL-2024,M-2024-15-09,E-2024-15-0035,Wolverhampton Wanderers,69',0,Matt Doherty
PL-2024,M-2024-15-09,E-2024-15-0036,West Ham United,72',0,Jarrod Bowen
PL-2024,M-2024-15-10,E-2024-15-0037,FC Everton,11',0,Beto
PL-2024,M-2024-15-10,E-2024-15-0038,FC Liverpool,16',0,Alexis Mac Allister
PL-2024,M-2024-15-10,E-2024-15-0039,FC Liverpool,73',0,Mohamed Salah
PL-2024,M-2024-15-10,E-2024-15-0040,FC Everton,90+8',0,James Tarkowski
PL-2024,M-2024-15-10,E-2024-15-0041,FC Liverpool,90+13',-1,Curtis Jones
PL-2024,M-2024-15-10,E-2024-15-0042,FC Everton,90+14',-1,Abdoulaye Doucouré
PL-2024,M-2024-16-02,E-2024-16-0001,FC Fulham,11',0,Andreas Pereira
PL-2024,M-2024-16-02,E-2024-16-0002,FC Liverpool,17',-1,Andrew Robertson
PL-2024,M-2024-16-02,E-2024-16-0003,FC Liverpool,47',0,Cody Gakpo
PL-2024,M-2024-16-02,E-2024-16-0004,FC Fulham,76',0,Rodrigo Muniz
PL-2024,M-2024-16-02,E-2024-16-0005,FC Liverpool,86',0,Diogo Jota
PL-2024,M-2024-16-03,E-2024-16-0006,Newcastle United,30',0,Jacob Murphy
PL-2024,M-2024-16-03,E-2024-16-0007,Newcastle United,47',0,Bruno Guimarães
PL-2024,M-2024-16-03,E-2024-16-0008,Newcastle United,50',0,Alexander Isak
PL-2024,M-2024-16-03,E-2024-16-0009,Newcastle United,60',0,Jacob Murphy
PL-2024,M-2024-16-04,E-2024-16-0010,Ipswich Town FC,15',2,Matt Doherty
PL-2024,M-2024-16-04,E-2024-16-0011,Wolverhampton Wanderers,72',0,Matheus Cunha
PL-2024,M-2024-16-04,E-2024-16-0012,Ipswich Town FC,90+4',0,Jack Taylor
PL-2024,M-2024-16-04,E-2024-16-0013,Wolverhampton Wanderers,90+7',-1,Rayan Aït-Nouri
PL-2024,M-2024-16-05,E-2024-16-0014,Aston Villa FC,63',0,Jhon Durán
PL-2024,M-2024-16-05,E-2024-16-0015,Nottingham Forest,87',0,Nikola Milenković
PL-2024,M-2024-16-05,E-2024-16-0016,Nottingham Forest,90+3',0,Anthony Elanga
PL-2024,M-2024-16-06,E-2024-16-0017,Crystal Palace FC,27',0,Trevoh Chalobah
PL-2024,M-2024-16-06,E-2024-16-0018,Crystal Palace FC,33',0,Ismaïla Sarr
PL-2024,M-2024-16-06,E-2024-16-0019,Crystal Palace FC,82',0,Ismaïla Sarr
PL-2024,M-2024-16-06,E-2024-16-0020,Brighton & Hove Albion,87',2,Marc Guéhi
PL-2024,M-2024-16-07,E-2024-16-0021,Manchester City FC,36',0,Josko Gvardiol
PL-2024,M-2024-16-07,E-2024-16-0022,Manchester United FC,88',1,Bruno Fernandes
PL-2024,M-2024-16-07,E-2024-16-0023,Manchester United FC,90',0,Amad Diallo
PL-2024,M-2024-16-08,E-2024-16-0024,Chelsea FC,43',0,Marc Cucurella
PL-2024,M-2024-16-08,E-2024-16-0025,Chelsea FC,80',0,Nicolas Jackson
PL-2024,M-2024-16-08,E-2024-16-0026,Brentford FC,90',0,Bryan Mbeumo
PL-2024,M-2024-16-08,E-2024-16-0027,Chelsea FC,90+8',-1,Marc Cucurella
PL-2024,M-2024-16-09,E-2024-16-0028,Tottenham Hotspur ,1',0,James Maddison
PL-2024,M-2024-16-09,E-2024-16-0029,Tottenham Hotspur ,12',0,Heung-min Son
PL-2024,M-2024-16-09,E-2024-16-0030,Tottenham Hotspur ,14',0,Dejan Kulusevski
PL-2024,M-2024-16-09,E-2024-16-0031,Tottenham Hotspur ,25',0,Pape Matar Sarr
PL-2024,M-2024-16-09,E-2024-16-0032,Tottenham Hotspur ,45+4',0,James Maddison
PL-2024,M-2024-16-10,E-2024-16-0033,West Ham United,87',1,Lucas Paquetá
PL-2024,M-2024-16-10,E-2024-16-0034,AFC Bournemouth,90',0,Enes Ünal
PL-2024,M-2024-17-01,E-2024-17-0001,Aston Villa FC,16',0,Jhon Durán
PL-2024,M-2024-17-01,E-2024-17-0002,Aston Villa FC,65',0,Morgan Rogers
PL-2024,M-2024-17-01,E-2024-17-0003,Manchester City FC,90+3',0,Phil Foden
PL-2024,M-2024-17-02,E-2024-17-0004,Nottingham Forest,38',0,Ola Aina
PL-2024,M-2024-17-02,E-2024-17-0005,Nottingham Forest,51',0,Anthony Elanga
PL-2024,M-2024-17-03,E-2024-17-0006,Newcastle United,1',0,Alexander Isak
PL-2024,M-2024-17-03,E-2024-17-0007,Newcastle United,32',0,Jacob Murphy
PL-2024,M-2024-17-03,E-2024-17-0008,Newcastle United,45+2',0,Alexander Isak
PL-2024,M-2024-17-03,E-2024-17-0009,Newcastle United,54',0,Alexander Isak
PL-2024,M-2024-17-04,E-2024-17-0010,Brighton & Hove Albion,51',0,Mats Wieffer
PL-2024,M-2024-17-04,E-2024-17-0011,West Ham United,58',0,Mohammed Kudus
PL-2024,M-2024-17-05,E-2024-17-0012,FC Arsenal,6',0,Gabriel Jesus
PL-2024,M-2024-17-05,E-2024-17-0013,Crystal Palace FC,11',0,Ismaïla Sarr
PL-2024,M-2024-17-05,E-2024-17-0014,FC Arsenal,14',0,Gabriel Jesus
PL-2024,M-2024-17-05,E-2024-17-0015,FC Arsenal,38',0,Kai Havertz
PL-2024,M-2024-17-05,E-2024-17-0016,FC Arsenal,60',0,Gabriel Martinelli
PL-2024,M-2024-17-05,E-2024-17-0017,FC Arsenal,84',0,Declan Rice
PL-2024,M-2024-17-08,E-2024-17-0018,Wolverhampton Wanderers,19',0,Gonçalo Guedes
PL-2024,M-2024-17-08,E-2024-17-0019,Wolverhampton Wanderers,36',0,Rodrigo Gomes
PL-2024,M-2024-17-08,E-2024-17-0020,Wolverhampton Wanderers,44',0,Matheus Cunha
PL-2024,M-2024-17-09,E-2024-17-0021,AFC Bournemouth,29',0,Dean Huijsen
PL-2024,M-2024-17-09,E-2024-17-0022,AFC Bournemouth,61',1,Justin Kluivert
PL-2024,M-2024-17-09,E-2024-17-0023,AFC Bournemouth,63',0,Antoine Semenyo
PL-2024,M-2024-17-10,E-2024-17-0024,FC Liverpool,23',0,Luis Díaz
PL-2024,M-2024-17-10,E-2024-17-0025,FC Liverpool,36',0,Alexis Mac Allister
PL-2024,M-2024-17-10,E-2024-17-0026,Tottenham Hotspur ,41',0,James Maddison
PL-2024,M-2024-17-10,E-2024-17-0027,FC Liverpool,45+1',0,Dominik Szoboszlai
PL-2024,M-2024-17-10,E-2024-17-0028,FC Liverpool,54',0,Mohamed Salah
PL-2024,M-2024-17-10,E-2024-17-0029,FC Liverpool,61',0,Mohamed Salah
PL-2024,M-2024-17-10,E-2024-17-0030,Tottenham Hotspur ,72',0,Dejan Kulusevski
PL-2024,M-2024-17-10,E-2024-17-0031,Tottenham Hotspur ,83',0,Dominic Solanke
PL-2024,M-2024-17-10,E-2024-17-0032,FC Liverpool,85',0,Luis Díaz
PL-2024,M-2024-18-01,E-2024-18-0001,Manchester City FC,14',0,Bernardo Silva
PL-2024,M-2024-18-01,E-2024-18-0002,FC Everton,36',0,Iliman Ndiaye
PL-2024,M-2024-18-01,E-2024-18-0003,Manchester City FC,53',-2,Erling Haaland
PL-2024,M-2024-18-03,E-2024-18-0004,Chelsea FC,16',0,Cole Palmer
PL-2024,M-2024-18-03,E-2024-18-0005,FC Fulham,82',0,Harry Wilson
PL-2024,M-2024-18-03,E-2024-18-0006,FC Fulham,90+5',0,Rodrigo Muniz
PL-2024,M-2024-18-04,E-2024-18-0007,Newcastle United,2',0,Anthony Gordon
PL-2024,M-2024-18-04,E-2024-18-0008,Aston Villa FC,32',-1,Jhon Durán
PL-2024,M-2024-18-04,E-2024-18-0009,Newcastle United,59',0,Alexander Isak
PL-2024,M-2024-18-04,E-2024-18-0010,Newcastle United,90+1',0,Joelinton
PL-2024,M-2024-18-05,E-2024-18-0011,Nottingham Forest,28',0,Anthony Elanga
PL-2024,M-2024-18-05,E-2024-18-0012,Tottenham Hotspur ,90+4',-1,Djed Spence
PL-2024,M-2024-18-06,E-2024-18-0013,West Ham United,59',0,Jarrod Bowen
PL-2024,M-2024-18-07,E-2024-18-0014,Manchester United FC,47',-1,Bruno Fernandes
PL-2024,M-2024-18-07,E-2024-18-0015,Wolverhampton Wanderers,58',0,Matheus Cunha
PL-2024,M-2024-18-07,E-2024-18-0016,Wolverhampton Wanderers,90+9',0,Hee-chan Hwang
PL-2024,M-2024-18-08,E-2024-18-0017,Leicester City FC,6',0,Jordan Ayew
PL-2024,M-2024-18-08,E-2024-18-0018,FC Liverpool,45+1',0,Cody Gakpo
PL-2024,M-2024-18-08,E-2024-18-0019,FC Liverpool,49',0,Curtis Jones
PL-2024,M-2024-18-08,E-2024-18-0020,FC Liverpool,82',0,Mohamed Salah
PL-2024,M-2024-18-10,E-2024-18-0021,FC Arsenal,23',0,Kai Havertz
PL-2024,M-2024-19-01,E-2024-19-0001,Manchester City FC,21',0,Savinho
PL-2024,M-2024-19-01,E-2024-19-0002,Manchester City FC,74',0,Erling Haaland
PL-2024,M-2024-19-02,E-2024-19-0003,FC Southampton,14',0,Tyler Dibling
PL-2024,M-2024-19-02,E-2024-19-0004,Crystal Palace FC,31',0,Trevoh Chalobah
PL-2024,M-2024-19-02,E-2024-19-0005,Crystal Palace FC,52',0,Eberechi Eze
PL-2024,M-2024-19-03,E-2024-19-0006,Nottingham Forest,15',0,Chris Wood
PL-2024,M-2024-19-03,E-2024-19-0007,Nottingham Forest,61',0,Morgan Gibbs-White
PL-2024,M-2024-19-04,E-2024-19-0008,FC Fulham,40',0,Raúl Jiménez
PL-2024,M-2024-19-04,E-2024-19-0009,AFC Bournemouth,51',0,Evanilson
PL-2024,M-2024-19-04,E-2024-19-0010,FC Fulham,72',0,Harry Wilson
PL-2024,M-2024-19-04,E-2024-19-0011,AFC Bournemouth,89',0,Dango Ouattara
PL-2024,M-2024-19-05,E-2024-19-0012,Wolverhampton Wanderers,7',0,Hee-chan Hwang
PL-2024,M-2024-19-05,E-2024-19-0013,Tottenham Hotspur ,12',0,Rodrigo Bentancur
PL-2024,M-2024-19-05,E-2024-19-0014,Tottenham Hotspur ,43',-2,Heung-min Son
PL-2024,M-2024-19-05,E-2024-19-0015,Tottenham Hotspur ,45+3',0,Brennan Johnson
PL-2024,M-2024-19-05,E-2024-19-0016,Wolverhampton Wanderers,87',0,Jørgen Strand Larsen
PL-2024,M-2024-19-06,E-2024-19-0017,FC Liverpool,30',0,Luis Díaz
PL-2024,M-2024-19-06,E-2024-19-0018,FC Liverpool,40',0,Cody Gakpo
PL-2024,M-2024-19-06,E-2024-19-0019,FC Liverpool,44',0,Mohamed Salah
PL-2024,M-2024-19-06,E-2024-19-0020,FC Liverpool,54',0,Trent Alexander-Arnold
PL-2024,M-2024-19-06,E-2024-19-0021,FC Liverpool,84',0,Diogo Jota
PL-2024,M-2024-19-07,E-2024-19-0022,Brighton & Hove Albion,12',0,Simon Adingra
PL-2024,M-2024-19-07,E-2024-19-0023,Aston Villa FC,36',1,Ollie Watkins
PL-2024,M-2024-19-07,E-2024-19-0024,Aston Villa FC,47',0,Morgan Rogers
PL-2024,M-2024-19-07,E-2024-19-0025,Brighton & Hove Albion,81',0,Tariq Lamptey
PL-2024,M-2024-19-08,E-2024-19-0026,Ipswich Town FC,12',1,Liam Delap
PL-2024,M-2024-19-08,E-2024-19-0027,Ipswich Town FC,53',0,Omari Hutchinson
PL-2024,M-2024-19-09,E-2024-19-0028,Newcastle United,4',0,Alexander Isak
PL-2024,M-2024-19-09,E-2024-19-0029,Newcastle United,19',0,Joelinton
PL-2024,M-2024-19-10,E-2024-19-0030,Brentford FC,13',0,Bryan Mbeumo
PL-2024,M-2024-19-10,E-2024-19-0031,FC Arsenal,29',0,Gabriel Jesus
PL-2024,M-2024-19-10,E-2024-19-0032,FC Arsenal,50',0,Mikel Merino
PL-2024,M-2024-19-10,E-2024-19-0033,FC Arsenal,53',0,Gabriel Martinelli
PL-2024,M-2024-20-01,E-2024-20-0001,Tottenham Hotspur ,4',0,Dominic Solanke
PL-2024,M-2024-20-01,E-2024-20-0002,Newcastle United,6',0,Anthony Gordon
PL-2024,M-2024-20-01,E-2024-20-0003,Newcastle United,38',0,Alexander Isak
PL-2024,M-2024-20-02,E-2024-20-0004,AFC Bournemouth,77',0,David Brooks
PL-2024,M-2024-20-03,E-2024-20-0005,Aston Villa FC,58',0,Ross Barkley
PL-2024,M-2024-20-03,E-2024-20-0006,Leicester City FC,63',0,Stephy Mavididi
PL-2024,M-2024-20-03,E-2024-20-0007,Aston Villa FC,76',0,Leon Bailey
PL-2024,M-2024-20-04,E-2024-20-0008,Manchester City FC,10',2,Vladimír Coufal
PL-2024,M-2024-20-04,E-2024-20-0009,Manchester City FC,42',0,Erling Haaland
PL-2024,M-2024-20-04,E-2024-20-0010,Manchester City FC,55',0,Erling Haaland
PL-2024,M-2024-20-04,E-2024-20-0011,Manchester City FC,58',0,Phil Foden
PL-2024,M-2024-20-04,E-2024-20-0012,West Ham United,71',0,Niclas Füllkrug
PL-2024,M-2024-20-05,E-2024-20-0013,Chelsea FC,14',0,Cole Palmer
PL-2024,M-2024-20-05,E-2024-20-0014,Crystal Palace FC,82',0,Jean-Philippe Mateta
PL-2024,M-2024-20-06,E-2024-20-0015,Brentford FC,6',0,Kevin Schade
PL-2024,M-2024-20-06,E-2024-20-0016,Brentford FC,62',0,Bryan Mbeumo
PL-2024,M-2024-20-06,E-2024-20-0017,Brentford FC,69',1,Bryan Mbeumo
PL-2024,M-2024-20-06,E-2024-20-0018,Brentford FC,90+2',0,Keane Lewis-Potter
PL-2024,M-2024-20-06,E-2024-20-0019,Brentford FC,90+4',0,Yoane Wissa
PL-2024,M-2024-20-07,E-2024-20-0020,FC Arsenal,16',0,Ethan Nwaneri
PL-2024,M-2024-20-07,E-2024-20-0021,Brighton & Hove Albion,61',1,João Pedro
PL-2024,M-2024-20-08,E-2024-20-0022,Ipswich Town FC,38',0,Sammie Szmodics
PL-2024,M-2024-20-08,E-2024-20-0023,FC Fulham,69',1,Raúl Jiménez
PL-2024,M-2024-20-08,E-2024-20-0024,Ipswich Town FC,71',1,Liam Delap
PL-2024,M-2024-20-08,E-2024-20-0025,FC Fulham,90+1',1,Raúl Jiménez
PL-2024,M-2024-20-09,E-2024-20-0026,Manchester United FC,52',0,Lisandro Martínez
PL-2024,M-2024-20-09,E-2024-20-0027,FC Liverpool,59',0,Cody Gakpo
PL-2024,M-2024-20-09,E-2024-20-0028,FC Liverpool,70',1,Mohamed Salah
PL-2024,M-2024-20-09,E-2024-20-0029,Manchester United FC,80',0,Amad Diallo
PL-2024,M-2024-20-10,E-2024-20-0030,Nottingham Forest,7',0,Morgan Gibbs-White
PL-2024,M-2024-20-10,E-2024-20-0031,Nottingham Forest,44',0,Chris Wood
PL-2024,M-2024-20-10,E-2024-20-0032,Nottingham Forest,90+4',0,Taiwo Awoniyi
PL-2024,M-2024-21-01,E-2024-21-0001,Manchester City FC,66',0,Phil Foden
PL-2024,M-2024-21-01,E-2024-21-0002,Manchester City FC,78',0,Phil Foden
PL-2024,M-2024-21-01,E-2024-21-0003,Brentford FC,82',0,Yoane Wissa
PL-2024,M-2024-21-01,E-2024-21-0004,Brentford FC,90+2',0,Christian Nørgaard
PL-2024,M-2024-21-02,E-2024-21-0005,West Ham United,31',0,Carlos Soler
PL-2024,M-2024-21-02,E-2024-21-0006,West Ham United,33',0,Tomáš Souček
PL-2024,M-2024-21-02,E-2024-21-0007,FC Fulham,51',0,Alex Iwobi
PL-2024,M-2024-21-02,E-2024-21-0008,West Ham United,67',0,Lucas Paquetá
PL-2024,M-2024-21-02,E-2024-21-0009,FC Fulham,78',0,Alex Iwobi
PL-2024,M-2024-21-03,E-2024-21-0010,Chelsea FC,13',0,Cole Palmer
PL-2024,M-2024-21-03,E-2024-21-0011,AFC Bournemouth,50',1,Justin Kluivert
PL-2024,M-2024-21-03,E-2024-21-0012,AFC Bournemouth,68',0,Antoine Semenyo
PL-2024,M-2024-21-03,E-2024-21-0013,Chelsea FC,90+5',0,Reece James
PL-2024,M-2024-21-04,E-2024-21-0014,Nottingham Forest,8',0,Chris Wood
PL-2024,M-2024-21-04,E-2024-21-0015,FC Liverpool,66',0,Diogo Jota
PL-2024,M-2024-21-05,E-2024-21-0016,Aston Villa FC,51',0,Ollie Watkins
PL-2024,M-2024-21-06,E-2024-21-0017,Crystal Palace FC,52',0,Jean-Philippe Mateta
PL-2024,M-2024-21-06,E-2024-21-0018,Crystal Palace FC,78',0,Marc Guéhi
PL-2024,M-2024-21-07,E-2024-21-0019,Newcastle United,34',0,Alexander Isak
PL-2024,M-2024-21-07,E-2024-21-0020,Newcastle United,57',0,Alexander Isak
PL-2024,M-2024-21-07,E-2024-21-0021,Newcastle United,74',0,Anthony Gordon
PL-2024,M-2024-21-08,E-2024-21-0022,Tottenham Hotspur ,25',0,Heung-min Son
PL-2024,M-2024-21-08,E-2024-21-0023,FC Arsenal,40',2,Dominic Solanke
PL-2024,M-2024-21-08,E-2024-21-0024,FC Arsenal,44',0,Leandro Trossard
PL-2024,M-2024-21-09,E-2024-21-0025,Brighton & Hove Albion,59',0,Kaoru Mitoma
PL-2024,M-2024-21-09,E-2024-21-0026,Brighton & Hove Albion,81',0,Georginio Rutter
PL-2024,M-2024-21-10,E-2024-21-0027,FC Southampton,43',2,Manuel Ugarte
PL-2024,M-2024-21-10,E-2024-21-0028,Manchester United FC,82',0,Amad Diallo
PL-2024,M-2024-21-10,E-2024-21-0029,Manchester United FC,90',0,Amad Diallo
PL-2024,M-2024-21-10,E-2024-21-0030,Manchester United FC,90+4',0,Amad Diallo
PL-2024,M-2024-22-01,E-2024-22-0001,AFC Bournemouth,6',0,Justin Kluivert
PL-2024,M-2024-22-01,E-2024-22-0002,Newcastle United,25',0,Bruno Guimarães
PL-2024,M-2024-22-01,E-2024-22-0003,AFC Bournemouth,44',0,Justin Kluivert
PL-2024,M-2024-22-01,E-2024-22-0004,AFC Bournemouth,90+2',0,Justin Kluivert
PL-2024,M-2024-22-01,E-2024-22-0005,AFC Bournemouth,90+6',0,Milos Kerkez
PL-2024,M-2024-22-02,E-2024-22-0006,FC Liverpool,90+1',0,Darwin Núñez
PL-2024,M-2024-22-02,E-2024-22-0007,FC Liverpool,90+3',0,Darwin Núñez
PL-2024,M-2024-22-03,E-2024-22-0008,FC Fulham,48',0,Emile Smith Rowe
PL-2024,M-2024-22-03,E-2024-22-0009,FC Fulham,68',0,Adama Traoré
PL-2024,M-2024-22-04,E-2024-22-0010,Crystal Palace FC,48',0,Jean-Philippe Mateta
PL-2024,M-2024-22-04,E-2024-22-0011,West Ham United,80',-1,Konstantinos Mavropanos
PL-2024,M-2024-22-04,E-2024-22-0012,Crystal Palace FC,89',1,Jean-Philippe Mateta
PL-2024,M-2024-22-05,E-2024-22-0013,FC Arsenal,35',0,Gabriel Martinelli
PL-2024,M-2024-22-05,E-2024-22-0014,FC Arsenal,55',0,Kai Havertz
PL-2024,M-2024-22-05,E-2024-22-0015,Aston Villa FC,60',0,Youri Tielemans
PL-2024,M-2024-22-05,E-2024-22-0016,Aston Villa FC,68',0,Ollie Watkins
PL-2024,M-2024-22-06,E-2024-22-0017,FC Everton,13',0,Dominic Calvert-Lewin
PL-2024,M-2024-22-06,E-2024-22-0018,FC Everton,30',0,Iliman Ndiaye
PL-2024,M-2024-22-06,E-2024-22-0019,FC Everton,45+7',2,Archie Gray
PL-2024,M-2024-22-06,E-2024-22-0020,Tottenham Hotspur ,77',0,Dejan Kulusevski
PL-2024,M-2024-22-06,E-2024-22-0021,Tottenham Hotspur ,90+2',0,Richarlison
PL-2024,M-2024-22-07,E-2024-22-0022,Brighton & Hove Albion,5',0,Yankuba Minteh
PL-2024,M-2024-22-07,E-2024-22-0023,Manchester United FC,23',1,Bruno Fernandes
PL-2024,M-2024-22-07,E-2024-22-0024,Brighton & Hove Albion,60',0,Kaoru Mitoma
PL-2024,M-2024-22-07,E-2024-22-0025,Brighton & Hove Albion,76',0,Georginio Rutter
PL-2024,M-2024-22-08,E-2024-22-0026,Nottingham Forest,11',0,Elliot Anderson
PL-2024,M-2024-22-08,E-2024-22-0027,Nottingham Forest,28',0,Callum Hudson-Odoi
PL-2024,M-2024-22-08,E-2024-22-0028,Nottingham Forest,41',0,Chris Wood
PL-2024,M-2024-22-08,E-2024-22-0029,FC Southampton,60',0,Jan Bednarek
PL-2024,M-2024-22-08,E-2024-22-0030,FC Southampton,90+1',0,Paul Onuachu
PL-2024,M-2024-22-09,E-2024-22-0031,Manchester City FC,27',0,Phil Foden
PL-2024,M-2024-22-09,E-2024-22-0032,Manchester City FC,30',0,Mateo Kovacic
PL-2024,M-2024-22-09,E-2024-22-0033,Manchester City FC,42',0,Phil Foden
PL-2024,M-2024-22-09,E-2024-22-0034,Manchester City FC,49',0,Jérémy Doku
PL-2024,M-2024-22-09,E-2024-22-0035,Manchester City FC,57',0,Erling Haaland
PL-2024,M-2024-22-09,E-2024-22-0036,Manchester City FC,69',0,James McAtee
PL-2024,M-2024-22-10,E-2024-22-0037,Chelsea FC,24',0,Tosin Adarabioyo
PL-2024,M-2024-22-10,E-2024-22-0038,Wolverhampton Wanderers,45+5',0,Matt Doherty
PL-2024,M-2024-22-10,E-2024-22-0039,Chelsea FC,60',0,Marc Cucurella
PL-2024,M-2024-22-10,E-2024-22-0040,Chelsea FC,65',0,Noni Madueke
PL-2024,M-2024-23-01,E-2024-23-0001,AFC Bournemouth,9',0,Justin Kluivert
PL-2024,M-2024-23-01,E-2024-23-0002,AFC Bournemouth,55',0,Dango Ouattara
PL-2024,M-2024-23-01,E-2024-23-0003,AFC Bournemouth,61',0,Dango Ouattara
PL-2024,M-2024-23-01,E-2024-23-0004,AFC Bournemouth,87',0,Dango Ouattara
PL-2024,M-2024-23-01,E-2024-23-0005,AFC Bournemouth,90+1',0,Antoine Semenyo
PL-2024,M-2024-23-02,E-2024-23-0006,FC Everton,42',1,Iliman Ndiaye
PL-2024,M-2024-23-03,E-2024-23-0007,FC Liverpool,11',0,Dominik Szoboszlai
PL-2024,M-2024-23-03,E-2024-23-0008,FC Liverpool,35',0,Mohamed Salah
PL-2024,M-2024-23-03,E-2024-23-0009,FC Liverpool,44',0,Cody Gakpo
PL-2024,M-2024-23-03,E-2024-23-0010,FC Liverpool,66',0,Cody Gakpo
PL-2024,M-2024-23-03,E-2024-23-0011,Ipswich Town FC,90',0,Jacob Greaves
PL-2024,M-2024-23-04,E-2024-23-0012,FC Southampton,10',0,Jan Bednarek
PL-2024,M-2024-23-04,E-2024-23-0013,Newcastle United,26',1,Alexander Isak
PL-2024,M-2024-23-04,E-2024-23-0014,Newcastle United,30',0,Alexander Isak
PL-2024,M-2024-23-04,E-2024-23-0015,Newcastle United,51',0,Sandro Tonali
PL-2024,M-2024-23-05,E-2024-23-0016,FC Arsenal,43',-1,Myles Lewis-Skelly
PL-2024,M-2024-23-05,E-2024-23-0017,Wolverhampton Wanderers,70',-1,João Gomes
PL-2024,M-2024-23-05,E-2024-23-0018,FC Arsenal,74',0,Riccardo Calafiori
PL-2024,M-2024-23-06,E-2024-23-0019,Chelsea FC,3',0,Noni Madueke
PL-2024,M-2024-23-06,E-2024-23-0020,Manchester City FC,42',0,Josko Gvardiol
PL-2024,M-2024-23-06,E-2024-23-0021,Manchester City FC,68',0,Erling Haaland
PL-2024,M-2024-23-06,E-2024-23-0022,Manchester City FC,87',0,Phil Foden
PL-2024,M-2024-23-07,E-2024-23-0023,Brentford FC,66',1,Bryan Mbeumo
PL-2024,M-2024-23-07,E-2024-23-0024,Brentford FC,80',0,Kevin Schade
PL-2024,M-2024-23-07,E-2024-23-0025,Crystal Palace FC,85',0,Romain Esse
PL-2024,M-2024-23-08,E-2024-23-0026,Tottenham Hotspur ,33',0,Richarlison
PL-2024,M-2024-23-08,E-2024-23-0027,Leicester City FC,46',0,Jamie Vardy
PL-2024,M-2024-23-08,E-2024-23-0028,Leicester City FC,50',0,Bilal El Khannouss
PL-2024,M-2024-23-09,E-2024-23-0029,Aston Villa FC,8',0,Jacob Ramsey
PL-2024,M-2024-23-09,E-2024-23-0030,West Ham United,70',0,Emerson
PL-2024,M-2024-23-10,E-2024-23-0031,Manchester United FC,78',0,Lisandro Martínez
PL-2024,M-2024-24-01,E-2024-24-0001,Nottingham Forest,12',2,Lewis Dunk
PL-2024,M-2024-24-01,E-2024-24-0002,Nottingham Forest,25',0,Morgan Gibbs-White
PL-2024,M-2024-24-01,E-2024-24-0003,Nottingham Forest,32',0,Chris Wood
PL-2024,M-2024-24-01,E-2024-24-0004,Nottingham Forest,64',0,Chris Wood
PL-2024,M-2024-24-01,E-2024-24-0005,Nottingham Forest,69',1,Chris Wood
PL-2024,M-2024-24-01,E-2024-24-0006,Nottingham Forest,89',0,Neco Williams
PL-2024,M-2024-24-01,E-2024-24-0007,Nottingham Forest,90+1',0,Jota Silva
PL-2024,M-2024-24-02,E-2024-24-0008,FC Liverpool,30',1,Mohamed Salah
PL-2024,M-2024-24-02,E-2024-24-0009,FC Liverpool,75',0,Mohamed Salah
PL-2024,M-2024-24-03,E-2024-24-0010,FC Everton,1',0,Abdoulaye Doucouré
PL-2024,M-2024-24-03,E-2024-24-0011,FC Everton,6',0,Beto
PL-2024,M-2024-24-03,E-2024-24-0012,FC Everton,45+2',0,Beto
PL-2024,M-2024-24-03,E-2024-24-0013,FC Everton,90',0,Iliman Ndiaye
PL-2024,M-2024-24-04,E-2024-24-0014,FC Southampton,21',0,Joe Aribo
PL-2024,M-2024-24-04,E-2024-24-0015,Ipswich Town FC,31',0,Liam Delap
PL-2024,M-2024-24-04,E-2024-24-0016,FC Southampton,87',0,Paul Onuachu
PL-2024,M-2024-24-05,E-2024-24-0017,Newcastle United,37',0,Jacob Murphy
PL-2024,M-2024-24-05,E-2024-24-0018,FC Fulham,61',0,Raúl Jiménez
PL-2024,M-2024-24-05,E-2024-24-0019,FC Fulham,82',0,Rodrigo Muniz
PL-2024,M-2024-24-06,E-2024-24-0020,Wolverhampton Wanderers,12',0,Jean-Ricner Bellegarde
PL-2024,M-2024-24-06,E-2024-24-0021,Wolverhampton Wanderers,90+7',0,Matheus Cunha
PL-2024,M-2024-24-07,E-2024-24-0022,Tottenham Hotspur ,29',2,Vitaly Janelt
PL-2024,M-2024-24-07,E-2024-24-0023,Tottenham Hotspur ,87',0,Pape Matar Sarr
PL-2024,M-2024-24-08,E-2024-24-0024,Crystal Palace FC,64',0,Jean-Philippe Mateta
PL-2024,M-2024-24-08,E-2024-24-0025,Crystal Palace FC,89',0,Jean-Philippe Mateta
PL-2024,M-2024-24-09,E-2024-24-0026,FC Arsenal,2',0,Martin Ødegaard
PL-2024,M-2024-24-09,E-2024-24-0027,Manchester City FC,55',0,Erling Haaland
PL-2024,M-2024-24-09,E-2024-24-0028,FC Arsenal,56',0,Thomas Partey
PL-2024,M-2024-24-09,E-2024-24-0029,FC Arsenal,62',0,Myles Lewis-Skelly
PL-2024,M-2024-24-09,E-2024-24-0030,FC Arsenal,76',0,Kai Havertz
PL-2024,M-2024-24-09,E-2024-24-0031,FC Arsenal,90+3',0,Ethan Nwaneri
PL-2024,M-2024-24-10,E-2024-24-0032,West Ham United,42',0,Jarrod Bowen
PL-2024,M-2024-24-10,E-2024-24-0033,Chelsea FC,64',0,Pedro Neto
PL-2024,M-2024-24-10,E-2024-24-0034,Chelsea FC,74',2,Aaron Wan-Bissaka
PL-2024,M-2024-25-01,E-2024-25-0001,Brighton & Hove Albion,27',0,Kaoru Mitoma
PL-2024,M-2024-25-01,E-2024-25-0002,Brighton & Hove Albion,38',0,Yankuba Minteh
PL-2024,M-2024-25-01,E-2024-25-0003,Brighton & Hove Albion,63',0,Yankuba Minteh
PL-2024,M-2024-25-02,E-2024-25-0004,FC Arsenal,81',0,Mikel Merino
PL-2024,M-2024-25-02,E-2024-25-0005,FC Arsenal,87',0,Mikel Merino
PL-2024,M-2024-25-03,E-2024-25-0006,Ipswich Town FC,40',-1,Axel Tuanzebe
PL-2024,M-2024-25-03,E-2024-25-0007,Ipswich Town FC,56',0,Liam Delap
PL-2024,M-2024-25-03,E-2024-25-0008,Aston Villa FC,69',0,Ollie Watkins
PL-2024,M-2024-25-04,E-2024-25-0009,FC Fulham,15',0,Emile Smith Rowe
PL-2024,M-2024-25-04,E-2024-25-0010,Nottingham Forest,37',0,Chris Wood
PL-2024,M-2024-25-04,E-2024-25-0011,FC Fulham,62',0,Calvin Bassey
PL-2024,M-2024-25-05,E-2024-25-0012,Manchester City FC,19',0,Omar Marmoush
PL-2024,M-2024-25-05,E-2024-25-0013,Manchester City FC,24',0,Omar Marmoush
PL-2024,M-2024-25-05,E-2024-25-0014,Manchester City FC,33',0,Omar Marmoush
PL-2024,M-2024-25-05,E-2024-25-0015,Manchester City FC,84',0,James McAtee
PL-2024,M-2024-25-06,E-2024-25-0016,AFC Bournemouth,14',0,Dango Ouattara
PL-2024,M-2024-25-06,E-2024-25-0017,AFC Bournemouth,16',0,Ryan Christie
PL-2024,M-2024-25-06,E-2024-25-0018,FC Southampton,72',0,Kamaldeen Sulemana
PL-2024,M-2024-25-06,E-2024-25-0019,AFC Bournemouth,83',0,Marcus Tavernier
PL-2024,M-2024-25-07,E-2024-25-0020,Brentford FC,4',0,Kevin Schade
PL-2024,M-2024-25-08,E-2024-25-0021,FC Everton,42',0,Beto
PL-2024,M-2024-25-08,E-2024-25-0022,Crystal Palace FC,47',0,Jean-Philippe Mateta
PL-2024,M-2024-25-08,E-2024-25-0023,FC Everton,80',0,Carlos Alcaraz
PL-2024,M-2024-25-09,E-2024-25-0024,FC Liverpool,15',0,Luis Díaz
PL-2024,M-2024-25-09,E-2024-25-0025,FC Liverpool,37',1,Mohamed Salah
PL-2024,M-2024-25-09,E-2024-25-0026,Wolverhampton Wanderers,67',0,Matheus Cunha
PL-2024,M-2024-25-10,E-2024-25-0027,Tottenham Hotspur ,13',0,James Maddison
PL-2024,M-2024-26-01,E-2024-26-0001,Brentford FC,17',0,Yoane Wissa
PL-2024,M-2024-26-01,E-2024-26-0002,Brentford FC,27',0,Bryan Mbeumo
PL-2024,M-2024-26-01,E-2024-26-0003,Brentford FC,32',0,Christian Nørgaard
PL-2024,M-2024-26-01,E-2024-26-0004,Brentford FC,89',0,Fábio Carvalho
PL-2024,M-2024-26-02,E-2024-26-0005,FC Everton,19',0,Beto
PL-2024,M-2024-26-02,E-2024-26-0006,FC Everton,33',0,Abdoulaye Doucouré
PL-2024,M-2024-26-02,E-2024-26-0007,Manchester United FC,72',0,Bruno Fernandes
PL-2024,M-2024-26-02,E-2024-26-0008,Manchester United FC,80',0,Manuel Ugarte
PL-2024,M-2024-26-03,E-2024-26-0009,AFC Bournemouth,31',-1,Ilya Zabarnyi
PL-2024,M-2024-26-03,E-2024-26-0010,Wolverhampton Wanderers,36',0,Matheus Cunha
PL-2024,M-2024-26-04,E-2024-26-0011,West Ham United,44',0,Jarrod Bowen
PL-2024,M-2024-26-04,E-2024-26-0012,FC Arsenal,73',-1,Myles Lewis-Skelly
PL-2024,M-2024-26-05,E-2024-26-0013,Crystal Palace FC,37',2,Joachim Andersen
PL-2024,M-2024-26-05,E-2024-26-0014,Crystal Palace FC,66',0,Daniel Muñoz
PL-2024,M-2024-26-06,E-2024-26-0015,Tottenham Hotspur ,18',0,Brennan Johnson
PL-2024,M-2024-26-06,E-2024-26-0016,Tottenham Hotspur ,26',0,Brennan Johnson
PL-2024,M-2024-26-06,E-2024-26-0017,Ipswich Town FC,36',0,Omari Hutchinson
PL-2024,M-2024-26-06,E-2024-26-0018,Tottenham Hotspur ,77',0,Djed Spence
PL-2024,M-2024-26-06,E-2024-26-0019,Tottenham Hotspur ,84',0,Dejan Kulusevski
PL-2024,M-2024-26-07,E-2024-26-0020,Brighton & Hove Albion,23',0,João Pedro
PL-2024,M-2024-26-07,E-2024-26-0021,Brighton & Hove Albion,56',0,Georginio Rutter
PL-2024,M-2024-26-07,E-2024-26-0022,Brighton & Hove Albion,71',0,Kaoru Mitoma
PL-2024,M-2024-26-07,E-2024-26-0023,Brighton & Hove Albion,82',0,Jack Hinshelwood
PL-2024,M-2024-26-08,E-2024-26-0024,Chelsea FC,9',0,Enzo Fernández
PL-2024,M-2024-26-08,E-2024-26-0025,Aston Villa FC,57',0,Marco Asensio
PL-2024,M-2024-26-08,E-2024-26-0026,Aston Villa FC,89',0,Marco Asensio
PL-2024,M-2024-26-09,E-2024-26-0027,Nottingham Forest,7',0,Callum Hudson-Odoi
PL-2024,M-2024-26-09,E-2024-26-0028,Newcastle United,23',0,Lewis Miley
PL-2024,M-2024-26-09,E-2024-26-0029,Newcastle United,25',0,Jacob Murphy
PL-2024,M-2024-26-09,E-2024-26-0030,Newcastle United,33',1,Alexander Isak
PL-2024,M-2024-26-09,E-2024-26-0031,Newcastle United,34',0,Alexander Isak
PL-2024,M-2024-26-09,E-2024-26-0032,Nottingham Forest,63',0,Nikola Milenković
PL-2024,M-2024-26-09,E-2024-26-0033,Nottingham Forest,90',0,Ryan Yates
PL-2024,M-2024-26-10,E-2024-26-0034,FC Liverpool,14',0,Mohamed Salah
PL-2024,M-2024-26-10,E-2024-26-0035,FC Liverpool,37',0,Dominik Szoboszlai
PL-2024,M-2024-27-01,E-2024-27-0001,Brighton & Hove Albion,12',1,João Pedro
PL-2024,M-2024-27-01,E-2024-27-0002,AFC Bournemouth,61',0,Justin Kluivert
PL-2024,M-2024-27-01,E-2024-27-0003,Brighton & Hove Albion,75',0,Danny Welbeck
PL-2024,M-2024-27-02,E-2024-27-0004,FC Fulham,1',0,Ryan Sessegnon
PL-2024,M-2024-27-02,E-2024-27-0005,Wolverhampton Wanderers,18',0,João Gomes
PL-2024,M-2024-27-02,E-2024-27-0006,FC Fulham,47',0,Rodrigo Muniz
PL-2024,M-2024-27-03,E-2024-27-0007,Crystal Palace FC,29',0,Ismaïla Sarr
PL-2024,M-2024-27-03,E-2024-27-0008,Aston Villa FC,52',0,Morgan Rogers
PL-2024,M-2024-27-03,E-2024-27-0009,Crystal Palace FC,59',0,Jean-Philippe Mateta
PL-2024,M-2024-27-03,E-2024-27-0010,Crystal Palace FC,71',0,Ismaïla Sarr
PL-2024,M-2024-27-03,E-2024-27-0011,Crystal Palace FC,90+1',0,Eddie Nketiah
PL-2024,M-2024-27-04,E-2024-27-0012,Chelsea FC,24',0,Christopher Nkunku
PL-2024,M-2024-27-04,E-2024-27-0013,Chelsea FC,36',0,Pedro Neto
PL-2024,M-2024-27-04,E-2024-27-0014,Chelsea FC,44',0,Levi Colwill
PL-2024,M-2024-27-04,E-2024-27-0015,Chelsea FC,78',0,Marc Cucurella
PL-2024,M-2024-27-05,E-2024-27-0016,Brentford FC,45+4',0,Yoane Wissa
PL-2024,M-2024-27-05,E-2024-27-0017,FC Everton,77',0,Jake O'Brien
PL-2024,M-2024-27-07,E-2024-27-0018,Manchester City FC,12',0,Erling Haaland
PL-2024,M-2024-27-08,E-2024-27-0019,Ipswich Town FC,4',0,Jaden Philogene
PL-2024,M-2024-27-08,E-2024-27-0020,Manchester United FC,22',2,Sam Morsy
PL-2024,M-2024-27-08,E-2024-27-0021,Manchester United FC,26',0,Matthijs de Ligt
PL-2024,M-2024-27-08,E-2024-27-0022,Manchester United FC,43',-1,Patrick Dorgu
PL-2024,M-2024-27-08,E-2024-27-0023,Ipswich Town FC,45+2',0,Jaden Philogene
PL-2024,M-2024-27-08,E-2024-27-0024,Manchester United FC,47',0,Harry Maguire
PL-2024,M-2024-27-09,E-2024-27-0025,FC Liverpool,11',0,Dominik Szoboszlai
PL-2024,M-2024-27-09,E-2024-27-0026,FC Liverpool,63',0,Alexis Mac Allister
PL-2024,M-2024-27-10,E-2024-27-0027,West Ham United,21',0,Tomáš Souček
PL-2024,M-2024-27-10,E-2024-27-0028,West Ham United,43',2,Jannik Vestergaard
PL-2024,M-2024-28-01,E-2024-28-0001,Nottingham Forest,83',0,Callum Hudson-Odoi
PL-2024,M-2024-28-02,E-2024-28-0002,FC Fulham,35',0,Raúl Jiménez
PL-2024,M-2024-28-02,E-2024-28-0003,Brighton & Hove Albion,41',0,Jan Paul van Hecke
PL-2024,M-2024-28-02,E-2024-28-0004,Brighton & Hove Albion,90+8',1,João Pedro
PL-2024,M-2024-28-03,E-2024-28-0005,Crystal Palace FC,82',0,Ismaïla Sarr
PL-2024,M-2024-28-04,E-2024-28-0006,FC Southampton,45+1',0,Will Smallbone
PL-2024,M-2024-28-04,E-2024-28-0007,FC Liverpool,51',0,Darwin Núñez
PL-2024,M-2024-28-04,E-2024-28-0008,FC Liverpool,54',1,Mohamed Salah
PL-2024,M-2024-28-04,E-2024-28-0009,FC Liverpool,88',1,Mohamed Salah
PL-2024,M-2024-28-05,E-2024-28-0010,Aston Villa FC,49',0,Ollie Watkins
PL-2024,M-2024-28-06,E-2024-28-0011,FC Everton,33',0,Jack Harrison
PL-2024,M-2024-28-06,E-2024-28-0012,Wolverhampton Wanderers,40',0,Marshall Munetsi
PL-2024,M-2024-28-07,E-2024-28-0013,Chelsea FC,22',-2,Cole Palmer
PL-2024,M-2024-28-07,E-2024-28-0014,Chelsea FC,60',0,Marc Cucurella
PL-2024,M-2024-28-08,E-2024-28-0015,AFC Bournemouth,42',0,Marcus Tavernier
PL-2024,M-2024-28-08,E-2024-28-0016,AFC Bournemouth,65',0,Evanilson
PL-2024,M-2024-28-08,E-2024-28-0017,Tottenham Hotspur ,67',0,Pape Matar Sarr
PL-2024,M-2024-28-08,E-2024-28-0018,Tottenham Hotspur ,84',1,Heung-min Son
PL-2024,M-2024-28-09,E-2024-28-0019,Manchester United FC,45+2',0,Bruno Fernandes
PL-2024,M-2024-28-09,E-2024-28-0020,FC Arsenal,74',0,Declan Rice
PL-2024,M-2024-28-10,E-2024-28-0021,Newcastle United,63',0,Bruno Guimarães
PL-2024,M-2024-29-01,E-2024-29-0001,FC Liverpool,29',0,Mohamed Salah
PL-2024,M-2024-29-01,E-2024-29-0002,Aston Villa FC,38',0,Youri Tielemans
PL-2024,M-2024-29-01,E-2024-29-0003,Aston Villa FC,45+3',0,Ollie Watkins
PL-2024,M-2024-29-01,E-2024-29-0004,FC Liverpool,61',0,Trent Alexander-Arnold
PL-2024,M-2024-29-02,E-2024-29-0005,West Ham United,67',0,Tomáš Souček
PL-2024,M-2024-29-02,E-2024-29-0006,FC Everton,90+1',0,Jake O'Brien
PL-2024,M-2024-29-03,E-2024-29-0007,Nottingham Forest,35',0,Nikola Milenković
PL-2024,M-2024-29-03,E-2024-29-0008,Nottingham Forest,37',0,Anthony Elanga
PL-2024,M-2024-29-03,E-2024-29-0009,Nottingham Forest,41',0,Anthony Elanga
PL-2024,M-2024-29-03,E-2024-29-0010,Ipswich Town FC,82',0,Jens Cajuste
PL-2024,M-2024-29-03,E-2024-29-0011,Nottingham Forest,87',0,Jota Silva
PL-2024,M-2024-29-03,E-2024-29-0012,Ipswich Town FC,90+3',0,George Hirst
PL-2024,M-2024-29-04,E-2024-29-0013,Manchester City FC,11',1,Erling Haaland
PL-2024,M-2024-29-04,E-2024-29-0014,Brighton & Hove Albion,21',0,Pervis Estupiñán
PL-2024,M-2024-29-04,E-2024-29-0015,Manchester City FC,39',0,Omar Marmoush
PL-2024,M-2024-29-04,E-2024-29-0016,Brighton & Hove Albion,48',2,Abdukodir Khusanov
PL-2024,M-2024-29-05,E-2024-29-0017,Wolverhampton Wanderers,19',0,Jørgen Strand Larsen
PL-2024,M-2024-29-05,E-2024-29-0018,Wolverhampton Wanderers,47',0,Jørgen Strand Larsen
PL-2024,M-2024-29-05,E-2024-29-0019,FC Southampton,75',0,Paul Onuachu
PL-2024,M-2024-29-06,E-2024-29-0020,AFC Bournemouth,17',2,Vitaly Janelt
PL-2024,M-2024-29-06,E-2024-29-0021,Brentford FC,30',0,Yoane Wissa
PL-2024,M-2024-29-06,E-2024-29-0022,Brentford FC,71',0,Christian Nørgaard
PL-2024,M-2024-29-07,E-2024-29-0023,FC Arsenal,20',0,Mikel Merino
PL-2024,M-2024-29-08,E-2024-29-0024,FC Fulham,78',0,Rodrigo Muniz
PL-2024,M-2024-29-08,E-2024-29-0025,FC Fulham,88',0,Ryan Sessegnon
PL-2024,M-2024-29-09,E-2024-29-0026,Manchester United FC,28',0,Rasmus Højlund
PL-2024,M-2024-29-09,E-2024-29-0027,Manchester United FC,67',0,Alejandro Garnacho
PL-2024,M-2024-29-09,E-2024-29-0028,Manchester United FC,90',0,Bruno Fernandes
PL-2024,M-2024-29-10,E-2024-29-0029,Newcastle United,14',0,Jacob Murphy
PL-2024,M-2024-29-10,E-2024-29-0030,Crystal Palace FC,36',-2,Eberechi Eze
PL-2024,M-2024-29-10,E-2024-29-0031,Newcastle United,38',2,Marc Guéhi
PL-2024,M-2024-29-10,E-2024-29-0032,Newcastle United,45+2',0,Harvey Barnes
PL-2024,M-2024-29-10,E-2024-29-0033,Newcastle United,45+8',0,Fabian Schär
PL-2024,M-2024-29-10,E-2024-29-0034,Newcastle United,58',0,Alexander Isak
PL-2024,M-2024-30-01,E-2024-30-0001,FC Arsenal,37',0,Mikel Merino
PL-2024,M-2024-30-01,E-2024-30-0002,FC Arsenal,73',0,Bukayo Saka
PL-2024,M-2024-30-01,E-2024-30-0003,FC Fulham,90+4',0,Rodrigo Muniz
PL-2024,M-2024-30-02,E-2024-30-0004,Wolverhampton Wanderers,21',0,Jørgen Strand Larsen
PL-2024,M-2024-30-03,E-2024-30-0005,Nottingham Forest,5',0,Anthony Elanga
PL-2024,M-2024-30-04,E-2024-30-0006,Ipswich Town FC,34',0,Nathan Broadhead
PL-2024,M-2024-30-04,E-2024-30-0007,Ipswich Town FC,60',0,Liam Delap
PL-2024,M-2024-30-04,E-2024-30-0008,AFC Bournemouth,67',0,Evanilson
PL-2024,M-2024-30-05,E-2024-30-0009,Aston Villa FC,51',0,Marcus Rashford
PL-2024,M-2024-30-05,E-2024-30-0010,Aston Villa FC,78',0,Marco Asensio
PL-2024,M-2024-30-05,E-2024-30-0011,Aston Villa FC,90+10',0,Donyell Malen
PL-2024,M-2024-30-06,E-2024-30-0012,Manchester City FC,2',0,Jack Grealish
PL-2024,M-2024-30-06,E-2024-30-0013,Manchester City FC,29',0,Omar Marmoush
PL-2024,M-2024-30-07,E-2024-30-0014,Newcastle United,45+2',0,Alexander Isak
PL-2024,M-2024-30-07,E-2024-30-0015,Brentford FC,66',1,Bryan Mbeumo
PL-2024,M-2024-30-07,E-2024-30-0016,Newcastle United,74',0,Sandro Tonali
PL-2024,M-2024-30-08,E-2024-30-0017,FC Southampton,20',0,Paul Onuachu
PL-2024,M-2024-30-08,E-2024-30-0018,Crystal Palace FC,90+2',0,Matheus França
PL-2024,M-2024-30-09,E-2024-30-0019,FC Liverpool,57',0,Diogo Jota
PL-2024,M-2024-30-10,E-2024-30-0020,Chelsea FC,50',0,Enzo Fernández
PL-2024,M-2024-31-01,E-2024-31-0001,FC Arsenal,34',0,Leandro Trossard
PL-2024,M-2024-31-01,E-2024-31-0002,FC Everton,49',1,Iliman Ndiaye
PL-2024,M-2024-31-02,E-2024-31-0003,Crystal Palace FC,3',0,Jean-Philippe Mateta
PL-2024,M-2024-31-02,E-2024-31-0004,Brighton & Hove Albion,31',0,Danny Welbeck
PL-2024,M-2024-31-02,E-2024-31-0005,Crystal Palace FC,55',0,Daniel Muñoz
PL-2024,M-2024-31-02,E-2024-31-0006,Crystal Palace FC,78',-1,Eddie Nketiah
PL-2024,M-2024-31-02,E-2024-31-0007,Crystal Palace FC,90',-1,Marc Guéhi
PL-2024,M-2024-31-02,E-2024-31-0008,Brighton & Hove Albion,90+6',-1,Jan Paul van Hecke
PL-2024,M-2024-31-03,E-2024-31-0009,Ipswich Town FC,16',0,Liam Delap
PL-2024,M-2024-31-03,E-2024-31-0010,Wolverhampton Wanderers,72',0,Pablo Sarabia
PL-2024,M-2024-31-03,E-2024-31-0011,Wolverhampton Wanderers,84',0,Jørgen Strand Larsen
PL-2024,M-2024-31-04,E-2024-31-0012,AFC Bournemouth,38',0,Evanilson
PL-2024,M-2024-31-04,E-2024-31-0013,West Ham United,61',0,Niclas Füllkrug
PL-2024,M-2024-31-04,E-2024-31-0014,West Ham United,68',0,Jarrod Bowen
PL-2024,M-2024-31-04,E-2024-31-0015,AFC Bournemouth,79',0,Evanilson
PL-2024,M-2024-31-05,E-2024-31-0016,Aston Villa FC,13',0,Morgan Rogers
PL-2024,M-2024-31-05,E-2024-31-0017,Aston Villa FC,15',0,Donyell Malen
PL-2024,M-2024-31-05,E-2024-31-0018,Nottingham Forest,57',0,Jota Silva
PL-2024,M-2024-31-07,E-2024-31-0019,FC Liverpool,14',0,Alexis Mac Allister
PL-2024,M-2024-31-07,E-2024-31-0020,FC Fulham,23',0,Ryan Sessegnon
PL-2024,M-2024-31-07,E-2024-31-0021,FC Fulham,32',0,Alex Iwobi
PL-2024,M-2024-31-07,E-2024-31-0022,FC Fulham,37',0,Rodrigo Muniz
PL-2024,M-2024-31-07,E-2024-31-0023,FC Liverpool,72',0,Luis Díaz
PL-2024,M-2024-31-08,E-2024-31-0024,Tottenham Hotspur ,13',0,Brennan Johnson
PL-2024,M-2024-31-08,E-2024-31-0025,Tottenham Hotspur ,42',0,Brennan Johnson
PL-2024,M-2024-31-08,E-2024-31-0026,FC Southampton,90',0,Mateus Fernandes
PL-2024,M-2024-31-08,E-2024-31-0027,Tottenham Hotspur ,90+6',1,Mathys Tel
PL-2024,M-2024-31-10,E-2024-31-0028,Newcastle United,2',0,Jacob Murphy
PL-2024,M-2024-31-10,E-2024-31-0029,Newcastle United,11',0,Jacob Murphy
PL-2024,M-2024-31-10,E-2024-31-0030,Newcastle United,34',0,Harvey Barnes
PL-2024,M-2024-32-01,E-2024-32-0001,Crystal Palace FC,8',0,Eberechi Eze
PL-2024,M-2024-32-01,E-2024-32-0002,Crystal Palace FC,21',0,Chris Richards
PL-2024,M-2024-32-01,E-2024-32-0003,Manchester City FC,33',0,Kevin De Bruyne
PL-2024,M-2024-32-01,E-2024-32-0004,Manchester City FC,36',0,Omar Marmoush
PL-2024,M-2024-32-01,E-2024-32-0005,Manchester City FC,47',0,Mateo Kovacic
PL-2024,M-2024-32-01,E-2024-32-0006,Manchester City FC,56',0,James McAtee
PL-2024,M-2024-32-01,E-2024-32-0007,Manchester City FC,79',0,Nico O'Reilly
PL-2024,M-2024-32-02,E-2024-32-0008,Brighton & Hove Albion,31',1,João Pedro
PL-2024,M-2024-32-02,E-2024-32-0009,Leicester City FC,38',0,Stephy Mavididi
PL-2024,M-2024-32-02,E-2024-32-0010,Brighton & Hove Albion,55',1,João Pedro
PL-2024,M-2024-32-02,E-2024-32-0011,Leicester City FC,74',0,Caleb Okoli
PL-2024,M-2024-32-03,E-2024-32-0012,FC Everton,90+4',0,Abdoulaye Doucouré
PL-2024,M-2024-32-04,E-2024-32-0013,Aston Villa FC,69',-2,Marco Asensio
PL-2024,M-2024-32-04,E-2024-32-0014,Aston Villa FC,73',0,Ollie Watkins
PL-2024,M-2024-32-04,E-2024-32-0015,Aston Villa FC,79',0,Donyell Malen
PL-2024,M-2024-32-04,E-2024-32-0016,Aston Villa FC,90+4',0,John McGinn
PL-2024,M-2024-32-04,E-2024-32-0017,Aston Villa FC,90+4',-2,Marco Asensio
PL-2024,M-2024-32-05,E-2024-32-0018,FC Arsenal,61',0,Thomas Partey
PL-2024,M-2024-32-05,E-2024-32-0019,Brentford FC,74',0,Yoane Wissa
PL-2024,M-2024-32-06,E-2024-32-0020,Ipswich Town FC,19',0,Julio Enciso
PL-2024,M-2024-32-06,E-2024-32-0021,Ipswich Town FC,31',0,Ben Johnson
PL-2024,M-2024-32-06,E-2024-32-0022,Chelsea FC,46',2,Axel Tuanzebe
PL-2024,M-2024-32-06,E-2024-32-0023,Chelsea FC,79',0,Jadon Sancho
PL-2024,M-2024-32-07,E-2024-32-0024,FC Liverpool,18',0,Luis Díaz
PL-2024,M-2024-32-07,E-2024-32-0025,West Ham United,86',2,Andrew Robertson
PL-2024,M-2024-32-07,E-2024-32-0026,FC Liverpool,89',0,Virgil van Dijk
PL-2024,M-2024-32-08,E-2024-32-0027,Wolverhampton Wanderers,2',0,Rayan Aït-Nouri
PL-2024,M-2024-32-08,E-2024-32-0028,Wolverhampton Wanderers,38',2,Djed Spence
PL-2024,M-2024-32-08,E-2024-32-0029,Tottenham Hotspur ,59',0,Mathys Tel
PL-2024,M-2024-32-08,E-2024-32-0030,Wolverhampton Wanderers,64',0,Jørgen Strand Larsen
PL-2024,M-2024-32-08,E-2024-32-0031,Tottenham Hotspur ,85',0,Richarlison
PL-2024,M-2024-32-08,E-2024-32-0032,Wolverhampton Wanderers,86',0,Matheus Cunha
PL-2024,M-2024-32-09,E-2024-32-0033,Newcastle United,24',0,Sandro Tonali
PL-2024,M-2024-32-09,E-2024-32-0034,Manchester United FC,37',0,Alejandro Garnacho
PL-2024,M-2024-32-09,E-2024-32-0035,Newcastle United,49',0,Harvey Barnes
PL-2024,M-2024-32-09,E-2024-32-0036,Newcastle United,64',0,Harvey Barnes
PL-2024,M-2024-32-09,E-2024-32-0037,Newcastle United,77',0,Bruno Guimarães
PL-2024,M-2024-32-10,E-2024-32-0038,AFC Bournemouth,1',0,Antoine Semenyo
PL-2024,M-2024-33-01,E-2024-33-0001,Brentford FC,9',0,Bryan Mbeumo
PL-2024,M-2024-33-01,E-2024-33-0002,Brighton & Hove Albion,45+3',0,Danny Welbeck
PL-2024,M-2024-33-01,E-2024-33-0003,Brentford FC,48',0,Bryan Mbeumo
PL-2024,M-2024-33-01,E-2024-33-0004,Brentford FC,58',0,Yoane Wissa
PL-2024,M-2024-33-01,E-2024-33-0005,Brighton & Hove Albion,61',-1,João Pedro
PL-2024,M-2024-33-01,E-2024-33-0006,Brighton & Hove Albion,81',0,Kaoru Mitoma
PL-2024,M-2024-33-01,E-2024-33-0007,Brentford FC,90+5',0,Christian Nørgaard
PL-2024,M-2024-33-02,E-2024-33-0008,Crystal Palace FC,45+1',-1,Chris Richards
PL-2024,M-2024-33-03,E-2024-33-0009,Manchester City FC,84',0,Nico O'Reilly
PL-2024,M-2024-33-03,E-2024-33-0010,Manchester City FC,90+2',0,Mateo Kovacic
PL-2024,M-2024-33-04,E-2024-33-0011,West Ham United,47',0,Jarrod Bowen
PL-2024,M-2024-33-04,E-2024-33-0012,FC Southampton,90+3',0,Lesley Ugochukwu
PL-2024,M-2024-33-05,E-2024-33-0013,Aston Villa FC,1',0,Ollie Watkins
PL-2024,M-2024-33-05,E-2024-33-0014,Newcastle United,18',0,Fabian Schär
PL-2024,M-2024-33-05,E-2024-33-0015,Aston Villa FC,64',0,Ian Maatsen
PL-2024,M-2024-33-05,E-2024-33-0016,Aston Villa FC,73',2,Dan Burn
PL-2024,M-2024-33-05,E-2024-33-0017,Aston Villa FC,75',0,Amadou Onana
PL-2024,M-2024-33-06,E-2024-33-0018,FC Fulham,20',0,Alex Iwobi
PL-2024,M-2024-33-06,E-2024-33-0019,Chelsea FC,83',0,Tyrique George
PL-2024,M-2024-33-06,E-2024-33-0020,Chelsea FC,90+3',0,Pedro Neto
PL-2024,M-2024-33-07,E-2024-33-0021,FC Arsenal,14',0,Leandro Trossard
PL-2024,M-2024-33-07,E-2024-33-0022,FC Arsenal,28',0,Gabriel Martinelli
PL-2024,M-2024-33-07,E-2024-33-0023,Ipswich Town FC,32',-1,Leif Davis
PL-2024,M-2024-33-07,E-2024-33-0024,FC Arsenal,69',0,Leandro Trossard
PL-2024,M-2024-33-07,E-2024-33-0025,FC Arsenal,88',0,Ethan Nwaneri
PL-2024,M-2024-33-08,E-2024-33-0026,Wolverhampton Wanderers,77',0,Pablo Sarabia
PL-2024,M-2024-33-09,E-2024-33-0027,FC Liverpool,76',0,Trent Alexander-Arnold
PL-2024,M-2024-33-10,E-2024-33-0028,Nottingham Forest,5',0,Elliot Anderson
PL-2024,M-2024-33-10,E-2024-33-0029,Nottingham Forest,16',0,Chris Wood
PL-2024,M-2024-33-10,E-2024-33-0030,Tottenham Hotspur ,87',0,Richarlison
PL-2024,M-2024-34-01,E-2024-34-0001,Manchester City FC,7',0,Bernardo Silva
PL-2024,M-2024-34-01,E-2024-34-0002,Aston Villa FC,18',1,Marcus Rashford
PL-2024,M-2024-34-01,E-2024-34-0003,Manchester City FC,90+4',0,Matheus Nunes
PL-2024,M-2024-34-02,E-2024-34-0004,FC Arsenal,3',0,Jakub Kiwior
PL-2024,M-2024-34-02,E-2024-34-0005,Crystal Palace FC,27',0,Eberechi Eze
PL-2024,M-2024-34-02,E-2024-34-0006,FC Arsenal,42',0,Leandro Trossard
PL-2024,M-2024-34-02,E-2024-34-0007,Crystal Palace FC,83',0,Jean-Philippe Mateta
PL-2024,M-2024-34-03,E-2024-34-0008,Chelsea FC,27',0,Nicolas Jackson
PL-2024,M-2024-34-04,E-2024-34-0009,Brighton & Hove Albion,13',0,Yasin Ayari
PL-2024,M-2024-34-04,E-2024-34-0010,West Ham United,48',0,Mohammed Kudus
PL-2024,M-2024-34-04,E-2024-34-0011,West Ham United,83',0,Tomáš Souček
PL-2024,M-2024-34-04,E-2024-34-0012,Brighton & Hove Albion,89',0,Kaoru Mitoma
PL-2024,M-2024-34-04,E-2024-34-0013,Brighton & Hove Albion,90+2',0,Carlos Baleba
PL-2024,M-2024-34-05,E-2024-34-0014,Ipswich Town FC,37',-1,Ben Johnson
PL-2024,M-2024-34-05,E-2024-34-0015,Newcastle United,45+4',1,Alexander Isak
PL-2024,M-2024-34-05,E-2024-34-0016,Newcastle United,56',0,Dan Burn
PL-2024,M-2024-34-05,E-2024-34-0017,Newcastle United,80',0,William Osula
PL-2024,M-2024-34-06,E-2024-34-0018,FC Southampton,14',0,Jack Stephens
PL-2024,M-2024-34-06,E-2024-34-0019,FC Fulham,72',0,Emile Smith Rowe
PL-2024,M-2024-34-06,E-2024-34-0020,FC Fulham,90+2',0,Ryan Sessegnon
PL-2024,M-2024-34-07,E-2024-34-0021,Wolverhampton Wanderers,33',0,Matheus Cunha
PL-2024,M-2024-34-07,E-2024-34-0022,Wolverhampton Wanderers,56',0,Jørgen Strand Larsen
PL-2024,M-2024-34-07,E-2024-34-0023,Leicester City FC,72',-2,Jamie Vardy
PL-2024,M-2024-34-07,E-2024-34-0024,Wolverhampton Wanderers,85',0,Rodrigo Gomes
PL-2024,M-2024-34-08,E-2024-34-0025,AFC Bournemouth,23',0,Antoine Semenyo
PL-2024,M-2024-34-08,E-2024-34-0026,AFC Bournemouth,70',-1,Evanilson
PL-2024,M-2024-34-08,E-2024-34-0027,Manchester United FC,90+6',0,Rasmus Højlund
PL-2024,M-2024-34-09,E-2024-34-0028,Tottenham Hotspur ,12',0,Dominic Solanke
PL-2024,M-2024-34-09,E-2024-34-0029,FC Liverpool,16',0,Luis Díaz
PL-2024,M-2024-34-09,E-2024-34-0030,FC Liverpool,24',0,Alexis Mac Allister
PL-2024,M-2024-34-09,E-2024-34-0031,FC Liverpool,34',0,Cody Gakpo
PL-2024,M-2024-34-09,E-2024-34-0032,FC Liverpool,63',0,Mohamed Salah
PL-2024,M-2024-34-09,E-2024-34-0033,FC Liverpool,69',2,Destiny Udogie
PL-2024,M-2024-34-10,E-2024-34-0034,Brentford FC,44',0,Kevin Schade
PL-2024,M-2024-34-10,E-2024-34-0035,Brentford FC,70',0,Yoane Wissa
PL-2024,M-2024-35-01,E-2024-35-0001,Manchester City FC,35',0,Kevin De Bruyne
PL-2024,M-2024-35-02,E-2024-35-0002,Aston Villa FC,12',0,Youri Tielemans
PL-2024,M-2024-35-03,E-2024-35-0003,FC Everton,26',0,Beto
PL-2024,M-2024-35-03,E-2024-35-0004,FC Everton,35',0,Dwight McNeil
PL-2024,M-2024-35-03,E-2024-35-0005,Ipswich Town FC,41',0,Julio Enciso
PL-2024,M-2024-35-03,E-2024-35-0006,Ipswich Town FC,79',0,George Hirst
PL-2024,M-2024-35-04,E-2024-35-0007,Leicester City FC,17',0,Jamie Vardy
PL-2024,M-2024-35-04,E-2024-35-0008,Leicester City FC,44',0,Jordan Ayew
PL-2024,M-2024-35-05,E-2024-35-0009,FC Arsenal,34',0,Declan Rice
PL-2024,M-2024-35-05,E-2024-35-0010,AFC Bournemouth,67',0,Dean Huijsen
PL-2024,M-2024-35-05,E-2024-35-0011,AFC Bournemouth,75',0,Evanilson
PL-2024,M-2024-35-06,E-2024-35-0012,Manchester United FC,14',0,Mason Mount
PL-2024,M-2024-35-06,E-2024-35-0013,Brentford FC,27',2,Luke Shaw
PL-2024,M-2024-35-06,E-2024-35-0014,Brentford FC,33',0,Kevin Schade
PL-2024,M-2024-35-06,E-2024-35-0015,Brentford FC,70',0,Kevin Schade
PL-2024,M-2024-35-06,E-2024-35-0016,Brentford FC,74',0,Yoane Wissa
PL-2024,M-2024-35-06,E-2024-35-0017,Manchester United FC,82',0,Alejandro Garnacho
PL-2024,M-2024-35-06,E-2024-35-0018,Manchester United FC,90+5',0,Amad Diallo
PL-2024,M-2024-35-07,E-2024-35-0019,Brighton & Hove Albion,28',0,Yankuba Minteh
PL-2024,M-2024-35-07,E-2024-35-0020,Newcastle United,89',1,Alexander Isak
PL-2024,M-2024-35-08,E-2024-35-0021,Tottenham Hotspur ,15',0,Wilson Odobert
PL-2024,M-2024-35-08,E-2024-35-0022,West Ham United,28',0,Jarrod Bowen
PL-2024,M-2024-35-09,E-2024-35-0023,Chelsea FC,3',0,Enzo Fernández
PL-2024,M-2024-35-09,E-2024-35-0024,Chelsea FC,56',2,Jarell Quansah
PL-2024,M-2024-35-09,E-2024-35-0025,FC Liverpool,85',0,Virgil van Dijk
PL-2024,M-2024-35-09,E-2024-35-0026,Chelsea FC,90+6',1,Cole Palmer
PL-2024,M-2024-35-10,E-2024-35-0027,Crystal Palace FC,60',1,Eberechi Eze
PL-2024,M-2024-35-10,E-2024-35-0028,Nottingham Forest,64',0,Murillo
PL-2024,M-2024-36-01,E-2024-36-0001,Aston Villa FC,45+6',0,Ollie Watkins
PL-2024,M-2024-36-01,E-2024-36-0002,Aston Villa FC,80',-1,Jacob Ramsey
PL-2024,M-2024-36-02,E-2024-36-0003,FC Fulham,17',0,Raúl Jiménez
PL-2024,M-2024-36-02,E-2024-36-0004,FC Everton,45+3',0,Vitaliy Mykolenko
PL-2024,M-2024-36-02,E-2024-36-0005,FC Everton,70',0,Michael Keane
PL-2024,M-2024-36-02,E-2024-36-0006,FC Everton,73',0,Beto
PL-2024,M-2024-36-03,E-2024-36-0007,Brentford FC,18',0,Kevin Schade
PL-2024,M-2024-36-05,E-2024-36-0008,Brighton & Hove Albion,28',1,Danny Welbeck
PL-2024,M-2024-36-05,E-2024-36-0009,Brighton & Hove Albion,85',0,Brajan Gruda
PL-2024,M-2024-36-06,E-2024-36-0010,Newcastle United,2',0,Sandro Tonali
PL-2024,M-2024-36-06,E-2024-36-0011,Chelsea FC,35',-1,Nicolas Jackson
PL-2024,M-2024-36-06,E-2024-36-0012,Newcastle United,90',0,Bruno Guimarães
PL-2024,M-2024-36-07,E-2024-36-0013,West Ham United,26',0,Tomáš Souček
PL-2024,M-2024-36-07,E-2024-36-0014,West Ham United,57',0,Jarrod Bowen
PL-2024,M-2024-36-08,E-2024-36-0015,Leicester City FC,16',0,Conor Coady
PL-2024,M-2024-36-08,E-2024-36-0016,Nottingham Forest,25',0,Morgan Gibbs-White
PL-2024,M-2024-36-08,E-2024-36-0017,Nottingham Forest,56',0,Chris Wood
PL-2024,M-2024-36-08,E-2024-36-0018,Leicester City FC,81',0,Facundo Buonanotte
PL-2024,M-2024-36-09,E-2024-36-0019,Crystal Palace FC,45',0,Eberechi Eze
PL-2024,M-2024-36-09,E-2024-36-0020,Crystal Palace FC,48',0,Eberechi Eze
PL-2024,M-2024-36-10,E-2024-36-0021,FC Liverpool,20',0,Cody Gakpo
PL-2024,M-2024-36-10,E-2024-36-0022,FC Liverpool,21',0,Luis Díaz
PL-2024,M-2024-36-10,E-2024-36-0023,FC Arsenal,47',0,Gabriel Martinelli
PL-2024,M-2024-36-10,E-2024-36-0024,FC Arsenal,70',0,Mikel Merino
PL-2024,M-2024-36-10,E-2024-36-0025,FC Arsenal,79',-1,Mikel Merino
PL-2024,M-2024-37-01,E-2024-37-0001,Aston Villa FC,59',0,Ezri Konsa
PL-2024,M-2024-37-01,E-2024-37-0002,Aston Villa FC,73',0,Boubacar Kamara
PL-2024,M-2024-37-02,E-2024-37-0003,Chelsea FC,71',0,Marc Cucurella
PL-2024,M-2024-37-03,E-2024-37-0004,FC Everton,6',0,Iliman Ndiaye
PL-2024,M-2024-37-03,E-2024-37-0005,FC Everton,45+2',0,Iliman Ndiaye
PL-2024,M-2024-37-04,E-2024-37-0006,Nottingham Forest,11',0,Morgan Gibbs-White
PL-2024,M-2024-37-04,E-2024-37-0007,Nottingham Forest,61',0,Nikola Milenković
PL-2024,M-2024-37-04,E-2024-37-0008,West Ham United,86',0,Jarrod Bowen
PL-2024,M-2024-37-05,E-2024-37-0009,FC Fulham,16',0,Raúl Jiménez
PL-2024,M-2024-37-05,E-2024-37-0010,Brentford FC,22',0,Bryan Mbeumo
PL-2024,M-2024-37-05,E-2024-37-0011,Brentford FC,27',-2,Bryan Mbeumo
PL-2024,M-2024-37-05,E-2024-37-0012,Brentford FC,43',0,Yoane Wissa
PL-2024,M-2024-37-05,E-2024-37-0013,FC Fulham,68',0,Tom Cairney
PL-2024,M-2024-37-05,E-2024-37-0014,FC Fulham,70',0,Harry Wilson
PL-2024,M-2024-37-06,E-2024-37-0015,Leicester City FC,28',0,Jamie Vardy
PL-2024,M-2024-37-06,E-2024-37-0016,Leicester City FC,69',0,Kasey McAteer
PL-2024,M-2024-37-07,E-2024-37-0017,FC Arsenal,55',0,Declan Rice
PL-2024,M-2024-37-08,E-2024-37-0018,FC Liverpool,9',0,Harvey Elliott
PL-2024,M-2024-37-08,E-2024-37-0019,Brighton & Hove Albion,32',0,Yasin Ayari
PL-2024,M-2024-37-08,E-2024-37-0020,FC Liverpool,45+1',0,Dominik Szoboszlai
PL-2024,M-2024-37-08,E-2024-37-0021,Brighton & Hove Albion,69',0,Kaoru Mitoma
PL-2024,M-2024-37-08,E-2024-37-0022,Brighton & Hove Albion,85',0,Jack Hinshelwood
PL-2024,M-2024-37-09,E-2024-37-0023,Wolverhampton Wanderers,24',0,Emmanuel Agbadou
PL-2024,M-2024-37-09,E-2024-37-0024,Crystal Palace FC,27',0,Eddie Nketiah
PL-2024,M-2024-37-09,E-2024-37-0025,Crystal Palace FC,32',0,Eddie Nketiah
PL-2024,M-2024-37-09,E-2024-37-0026,Crystal Palace FC,50',0,Ben Chilwell
PL-2024,M-2024-37-09,E-2024-37-0027,Wolverhampton Wanderers,62',0,Jørgen Strand Larsen
PL-2024,M-2024-37-09,E-2024-37-0028,Crystal Palace FC,86',0,Eberechi Eze
PL-2024,M-2024-37-10,E-2024-37-0029,Manchester City FC,14',0,Omar Marmoush
PL-2024,M-2024-37-10,E-2024-37-0030,Manchester City FC,38',0,Bernardo Silva
PL-2024,M-2024-37-10,E-2024-37-0031,Manchester City FC,67',-1,Mateo Kovacic
PL-2024,M-2024-37-10,E-2024-37-0032,AFC Bournemouth,73',-1,Lewis Cook
PL-2024,M-2024-37-10,E-2024-37-0033,Manchester City FC,89',0,Nico González
PL-2024,M-2024-37-10,E-2024-37-0034,AFC Bournemouth,90+6',0,Daniel Jebbison
PL-2024,M-2024-38-01,E-2024-38-0001,AFC Bournemouth,74',0,Antoine Semenyo
PL-2024,M-2024-38-01,E-2024-38-0002,AFC Bournemouth,88',0,Antoine Semenyo
PL-2024,M-2024-38-02,E-2024-38-0003,Manchester City FC,21',0,İlkay Gündoğan
PL-2024,M-2024-38-02,E-2024-38-0004,Manchester City FC,72',1,Erling Haaland
PL-2024,M-2024-38-03,E-2024-38-0005,West Ham United,43',0,James Ward-Prowse
PL-2024,M-2024-38-03,E-2024-38-0006,Ipswich Town FC,52',0,Nathan Broadhead
PL-2024,M-2024-38-03,E-2024-38-0007,West Ham United,55',0,Jarrod Bowen
PL-2024,M-2024-38-03,E-2024-38-0008,West Ham United,87',0,Mohammed Kudus
PL-2024,M-2024-38-04,E-2024-38-0009,Crystal Palace FC,9',0,Ismaïla Sarr
PL-2024,M-2024-38-04,E-2024-38-0010,FC Liverpool,68',-1,Ryan Gravenberch
PL-2024,M-2024-38-04,E-2024-38-0011,FC Liverpool,84',0,Mohamed Salah
PL-2024,M-2024-38-05,E-2024-38-0012,Aston Villa FC,45+1',-1,Emiliano Martínez
PL-2024,M-2024-38-05,E-2024-38-0013,Manchester United FC,76',0,Amad Diallo
PL-2024,M-2024-38-05,E-2024-38-0014,Manchester United FC,87',1,Christian Eriksen
PL-2024,M-2024-38-06,E-2024-38-0015,FC Everton,65',0,Carlos Alcaraz
PL-2024,M-2024-38-07,E-2024-38-0016,Chelsea FC,50',0,Levi Colwill
PL-2024,M-2024-38-08,E-2024-38-0017,FC Arsenal,43',0,Kieran Tierney
PL-2024,M-2024-38-08,E-2024-38-0018,FC Southampton,56',0,Ross Stewart
PL-2024,M-2024-38-08,E-2024-38-0019,FC Arsenal,89',0,Martin Ødegaard
PL-2024,M-2024-38-09,E-2024-38-0020,Tottenham Hotspur ,17',1,Dominic Solanke
PL-2024,M-2024-38-09,E-2024-38-0021,Brighton & Hove Albion,51',0,Jack Hinshelwood
PL-2024,M-2024-38-09,E-2024-38-0022,Brighton & Hove Albion,64',0,Jack Hinshelwood
PL-2024,M-2024-38-09,E-2024-38-0023,Brighton & Hove Albion,88',1,Matt O'Riley
PL-2024,M-2024-38-09,E-2024-38-0024,Brighton & Hove Albion,90+3',0,Diego Gómez
PL-2024,M-2024-38-10,E-2024-38-0025,Brentford FC,20',0,Bryan Mbeumo
PL-2024,M-2024-38-10,E-2024-38-0026,Wolverhampton Wanderers,75',0,Marshall Munetsi
PL-2025,M-2025-01-01,E-2025-01-0001,FC Liverpool,37',0,Hugo Ekitiké
PL-2025,M-2025-01-01,E-2025-01-0002,FC Liverpool,49',0,Cody Gakpo
PL-2025,M-2025-01-01,E-2025-01-0003,AFC Bournemouth,64',0,Antoine Semenyo
PL-2025,M-2025-01-01,E-2025-01-0004,AFC Bournemouth,76',0,Antoine Semenyo
PL-2025,M-2025-01-01,E-2025-01-0005,FC Liverpool,88',0,Federico Chiesa
PL-2025,M-2025-01-01,E-2025-01-0006,FC Liverpool,90+4',0,Mohamed Salah
PL-2025,M-2025-01-02,E-2025-01-0007,Aston Villa FC,66',-1,Ezri Konsa
PL-2025,M-2025-01-03,E-2025-01-0008,Brighton & Hove Albion,55',1,Matt O'Riley
PL-2025,M-2025-01-03,E-2025-01-0009,FC Fulham,90+6',0,Rodrigo Muniz
PL-2025,M-2025-01-04,E-2025-01-0010,AFC Sunderland,61',0,Eliezer Mayenda
PL-2025,M-2025-01-04,E-2025-01-0011,AFC Sunderland,73',0,Dan Ballard
PL-2025,M-2025-01-04,E-2025-01-0012,AFC Sunderland,90+2',0,Wilson Isidor
PL-2025,M-2025-01-05,E-2025-01-0013,Tottenham Hotspur ,10',0,Richarlison
PL-2025,M-2025-01-05,E-2025-01-0014,Tottenham Hotspur ,60',0,Richarlison
PL-2025,M-2025-01-05,E-2025-01-0015,Tottenham Hotspur ,66',0,Brennan Johnson
PL-2025,M-2025-01-06,E-2025-01-0016,Manchester City FC,34',0,Erling Haaland
PL-2025,M-2025-01-06,E-2025-01-0017,Manchester City FC,37',0,Tijjani Reijnders
PL-2025,M-2025-01-06,E-2025-01-0018,Manchester City FC,61',0,Erling Haaland
PL-2025,M-2025-01-06,E-2025-01-0019,Manchester City FC,81',0,Rayan Cherki
PL-2025,M-2025-01-07,E-2025-01-0020,Nottingham Forest,5',0,Chris Wood
PL-2025,M-2025-01-07,E-2025-01-0021,Nottingham Forest,42',0,Dan Ndoye
PL-2025,M-2025-01-07,E-2025-01-0022,Nottingham Forest,45+2',0,Chris Wood
PL-2025,M-2025-01-07,E-2025-01-0023,Brentford FC,78',1,Igor Thiago
PL-2025,M-2025-01-09,E-2025-01-0024,FC Arsenal,13',0,Riccardo Calafiori
PL-2025,M-2025-01-10,E-2025-01-0025,Leeds United FC ,84',1,Lukas Nmecha
PL-2025,M-2025-02-01,E-2025-02-0001,West Ham United,6',0,Lucas Paquetá
PL-2025,M-2025-02-01,E-2025-02-0002,Chelsea FC,15',0,João Pedro
PL-2025,M-2025-02-01,E-2025-02-0003,Chelsea FC,23',0,Pedro Neto
PL-2025,M-2025-02-01,E-2025-02-0004,Chelsea FC,34',0,Enzo Fernández
PL-2025,M-2025-02-01,E-2025-02-0005,Chelsea FC,54',0,Moisés Caicedo
PL-2025,M-2025-02-01,E-2025-02-0006,Chelsea FC,58',0,Trevoh Chalobah
PL-2025,M-2025-02-02,E-2025-02-0007,Tottenham Hotspur ,35',0,Brennan Johnson
PL-2025,M-2025-02-02,E-2025-02-0008,Tottenham Hotspur ,45+2',0,João Palhinha
PL-2025,M-2025-02-03,E-2025-02-0009,AFC Bournemouth,4',0,Marcus Tavernier
PL-2025,M-2025-02-03,E-2025-02-0010,Wolverhampton Wanderers,49',-1,Toti
PL-2025,M-2025-02-04,E-2025-02-0011,Brentford FC,12',0,Dango Ouattara
PL-2025,M-2025-02-05,E-2025-02-0012,FC Burnley,47',0,Josh Cullen
PL-2025,M-2025-02-05,E-2025-02-0013,FC Burnley,88',0,Jaidon Anthony
PL-2025,M-2025-02-06,E-2025-02-0014,FC Arsenal,34',0,Jurriën Timber
PL-2025,M-2025-02-06,E-2025-02-0015,FC Arsenal,45+1',0,Bukayo Saka
PL-2025,M-2025-02-06,E-2025-02-0016,FC Arsenal,48',0,Viktor Gyökeres
PL-2025,M-2025-02-06,E-2025-02-0017,FC Arsenal,56',0,Jurriën Timber
PL-2025,M-2025-02-06,E-2025-02-0018,FC Arsenal,90+5',1,Viktor Gyökeres
PL-2025,M-2025-02-07,E-2025-02-0019,FC Everton,23',0,Iliman Ndiaye
PL-2025,M-2025-02-07,E-2025-02-0020,FC Everton,52',0,James Garner
PL-2025,M-2025-02-07,E-2025-02-0021,Brighton & Hove Albion,77',-2,Danny Welbeck
PL-2025,M-2025-02-08,E-2025-02-0022,Crystal Palace FC,37',0,Ismaïla Sarr
PL-2025,M-2025-02-08,E-2025-02-0023,Nottingham Forest,57',0,Callum Hudson-Odoi
PL-2025,M-2025-02-09,E-2025-02-0024,Manchester United FC,38',-2,Bruno Fernandes
PL-2025,M-2025-02-09,E-2025-02-0025,Manchester United FC,58',2,Rodrigo Muniz
PL-2025,M-2025-02-09,E-2025-02-0026,FC Fulham,73',0,Emile Smith Rowe
PL-2025,M-2025-02-10,E-2025-02-0027,FC Liverpool,35',0,Ryan Gravenberch
PL-2025,M-2025-02-10,E-2025-02-0028,Newcastle United,45+3',-1,Anthony Gordon
PL-2025,M-2025-02-10,E-2025-02-0029,FC Liverpool,46',0,Hugo Ekitiké
PL-2025,M-2025-02-10,E-2025-02-0030,Newcastle United,57',0,Bruno Guimarães
PL-2025,M-2025-02-10,E-2025-02-0031,Newcastle United,88',0,William Osula
PL-2025,M-2025-02-10,E-2025-02-0032,FC Liverpool,90+10',0,Rio Ngumoha
PL-2025,M-2025-03-01,E-2025-03-0001,Chelsea FC,45+9',0,João Pedro
PL-2025,M-2025-03-01,E-2025-03-0002,Chelsea FC,56',1,Enzo Fernández
PL-2025,M-2025-03-02,E-2025-03-0003,Manchester United FC,27',2,Josh Cullen
PL-2025,M-2025-03-02,E-2025-03-0004,FC Burnley,55',0,Lyle Foster
PL-2025,M-2025-03-02,E-2025-03-0005,Manchester United FC,57',0,Bryan Mbeumo
PL-2025,M-2025-03-02,E-2025-03-0006,FC Burnley,66',0,Jaidon Anthony
PL-2025,M-2025-03-02,E-2025-03-0007,Manchester United FC,90+7',1,Bruno Fernandes
PL-2025,M-2025-03-03,E-2025-03-0008,Brentford FC,59',-2,Kevin Schade
PL-2025,M-2025-03-03,E-2025-03-0009,Brentford FC,77',0,Igor Thiago
PL-2025,M-2025-03-03,E-2025-03-0010,AFC Sunderland,82',1,Enzo Le Fée
PL-2025,M-2025-03-03,E-2025-03-0011,AFC Sunderland,90+6',0,Wilson Isidor
PL-2025,M-2025-03-04,E-2025-03-0012,AFC Bournemouth,5',0,Evanilson
PL-2025,M-2025-03-05,E-2025-03-0013,FC Everton,7',0,Beto
PL-2025,M-2025-03-05,E-2025-03-0014,Wolverhampton Wanderers,21',0,Hee-chan Hwang
PL-2025,M-2025-03-05,E-2025-03-0015,FC Everton,33',0,Iliman Ndiaye
PL-2025,M-2025-03-05,E-2025-03-0016,FC Everton,55',0,Kiernan Dewsbury-Hall
PL-2025,M-2025-03-05,E-2025-03-0017,Wolverhampton Wanderers,79',0,Rodrigo Gomes
PL-2025,M-2025-03-07,E-2025-03-0018,Manchester City FC,34',0,Erling Haaland
PL-2025,M-2025-03-07,E-2025-03-0019,Brighton & Hove Albion,67',1,James Milner
PL-2025,M-2025-03-07,E-2025-03-0020,Brighton & Hove Albion,89',0,Brajan Gruda
PL-2025,M-2025-03-08,E-2025-03-0021,West Ham United,84',0,Jarrod Bowen
PL-2025,M-2025-03-08,E-2025-03-0022,West Ham United,88',1,Lucas Paquetá
PL-2025,M-2025-03-08,E-2025-03-0023,West Ham United,90+1',0,Callum Wilson
PL-2025,M-2025-03-09,E-2025-03-0024,FC Liverpool,83',0,Dominik Szoboszlai
PL-2025,M-2025-03-10,E-2025-03-0025,Crystal Palace FC,21',1,Jean-Philippe Mateta
PL-2025,M-2025-03-10,E-2025-03-0026,Crystal Palace FC,68',0,Marc Guéhi
PL-2025,M-2025-03-10,E-2025-03-0027,Crystal Palace FC,78',0,Ismaïla Sarr
PL-2025,M-2025-04-01,E-2025-04-0001,FC Arsenal,32',0,Martín Zubimendi
PL-2025,M-2025-04-01,E-2025-04-0002,FC Arsenal,46',0,Viktor Gyökeres
PL-2025,M-2025-04-01,E-2025-04-0003,FC Arsenal,79',0,Martín Zubimendi
PL-2025,M-2025-04-02,E-2025-04-0004,AFC Bournemouth,18',0,Alex Scott
PL-2025,M-2025-04-02,E-2025-04-0005,Brighton & Hove Albion,48',0,Kaoru Mitoma
PL-2025,M-2025-04-02,E-2025-04-0006,AFC Bournemouth,61',1,Antoine Semenyo
PL-2025,M-2025-04-05,E-2025-04-0007,FC Fulham,90+4',2,Gabriel Gudmundsson
PL-2025,M-2025-04-06,E-2025-04-0008,Newcastle United,29',0,Nick Woltemade
PL-2025,M-2025-04-07,E-2025-04-0009,Tottenham Hotspur ,47',0,Pape Matar Sarr
PL-2025,M-2025-04-07,E-2025-04-0010,West Ham United,54',-1,Tomáš Souček
PL-2025,M-2025-04-07,E-2025-04-0011,Tottenham Hotspur ,57',0,Lucas Bergvall
PL-2025,M-2025-04-07,E-2025-04-0012,Tottenham Hotspur ,64',0,Micky van de Ven
PL-2025,M-2025-04-08,E-2025-04-0013,Brentford FC,35',0,Kevin Schade
PL-2025,M-2025-04-08,E-2025-04-0014,Chelsea FC,61',0,Cole Palmer
PL-2025,M-2025-04-08,E-2025-04-0015,Chelsea FC,85',0,Moisés Caicedo
PL-2025,M-2025-04-08,E-2025-04-0016,Brentford FC,90+3',0,Fábio Carvalho
PL-2025,M-2025-04-09,E-2025-04-0017,FC Burnley,84',-1,Lesley Ugochukwu
PL-2025,M-2025-04-09,E-2025-04-0018,FC Liverpool,90+5',1,Mohamed Salah
PL-2025,M-2025-04-10,E-2025-04-0019,Manchester City FC,18',0,Phil Foden
PL-2025,M-2025-04-10,E-2025-04-0020,Manchester City FC,53',0,Erling Haaland
PL-2025,M-2025-04-10,E-2025-04-0021,Manchester City FC,68',0,Erling Haaland
PL-2025,M-2025-05-01,E-2025-05-0001,FC Liverpool,10',0,Ryan Gravenberch
PL-2025,M-2025-05-01,E-2025-05-0002,FC Liverpool,29',0,Hugo Ekitiké
PL-2025,M-2025-05-01,E-2025-05-0003,FC Everton,58',0,Idrissa Gueye
PL-2025,M-2025-05-02,E-2025-05-0004,Brighton & Hove Albion,8',0,Yankuba Minteh
PL-2025,M-2025-05-02,E-2025-05-0005,Brighton & Hove Albion,31',0,Yasin Ayari
PL-2025,M-2025-05-02,E-2025-05-0006,Tottenham Hotspur ,43',0,Richarlison
PL-2025,M-2025-05-02,E-2025-05-0007,Tottenham Hotspur ,82',2,Jan Paul van Hecke
PL-2025,M-2025-05-03,E-2025-05-0008,Nottingham Forest,2',0,Neco Williams
PL-2025,M-2025-05-03,E-2025-05-0009,FC Burnley,20',0,Jaidon Anthony
PL-2025,M-2025-05-04,E-2025-05-0010,Crystal Palace FC,37',0,Jean-Philippe Mateta
PL-2025,M-2025-05-04,E-2025-05-0011,West Ham United,49',0,Jarrod Bowen
PL-2025,M-2025-05-04,E-2025-05-0012,Crystal Palace FC,68',0,Tyrick Mitchell
PL-2025,M-2025-05-05,E-2025-05-0013,Wolverhampton Wanderers,8',0,Ladislav Krejčí
PL-2025,M-2025-05-05,E-2025-05-0014,Leeds United FC ,31',0,Dominic Calvert-Lewin
PL-2025,M-2025-05-05,E-2025-05-0015,Leeds United FC ,39',0,Anton Stach
PL-2025,M-2025-05-05,E-2025-05-0016,Leeds United FC ,45',0,Noah Okafor
PL-2025,M-2025-05-06,E-2025-05-0017,Chelsea FC,5',-1,Robert Sánchez
PL-2025,M-2025-05-06,E-2025-05-0018,Manchester United FC,14',0,Bruno Fernandes
PL-2025,M-2025-05-06,E-2025-05-0019,Manchester United FC,37',0,Casemiro
PL-2025,M-2025-05-06,E-2025-05-0020,Manchester United FC,45+5',-1,Casemiro
PL-2025,M-2025-05-06,E-2025-05-0021,Chelsea FC,80',0,Trevoh Chalobah
PL-2025,M-2025-05-07,E-2025-05-0022,Brentford FC,20',0,Mikkel Damsgaard
PL-2025,M-2025-05-07,E-2025-05-0023,FC Fulham,38',0,Alex Iwobi
PL-2025,M-2025-05-07,E-2025-05-0024,FC Fulham,40',0,Harry Wilson
PL-2025,M-2025-05-07,E-2025-05-0025,FC Fulham,50',2,Ethan Pinnock
PL-2025,M-2025-05-09,E-2025-05-0026,AFC Sunderland,33',-1,Reinildo Mandava
PL-2025,M-2025-05-09,E-2025-05-0027,Aston Villa FC,67',0,Matty Cash
PL-2025,M-2025-05-09,E-2025-05-0028,AFC Sunderland,75',0,Wilson Isidor
PL-2025,M-2025-05-10,E-2025-05-0029,Manchester City FC,9',0,Erling Haaland
PL-2025,M-2025-05-10,E-2025-05-0030,FC Arsenal,90+3',0,Gabriel Martinelli
PL-2025,M-2025-06-01,E-2025-06-0001,Brentford FC,8',0,Igor Thiago
PL-2025,M-2025-06-01,E-2025-06-0002,Brentford FC,20',0,Igor Thiago
PL-2025,M-2025-06-01,E-2025-06-0003,Manchester United FC,26',0,Benjamin Sesko
PL-2025,M-2025-06-01,E-2025-06-0004,Manchester United FC,76',-2,Bruno Fernandes
PL-2025,M-2025-06-01,E-2025-06-0005,Brentford FC,90+5',0,Mathias Jensen
PL-2025,M-2025-06-02,E-2025-06-0006,Chelsea FC,24',0,Enzo Fernández
PL-2025,M-2025-06-02,E-2025-06-0007,Chelsea FC,53',-1,Trevoh Chalobah
PL-2025,M-2025-06-02,E-2025-06-0008,Brighton & Hove Albion,77',0,Danny Welbeck
PL-2025,M-2025-06-02,E-2025-06-0009,Brighton & Hove Albion,90+2',0,Maxim De Cuyper
PL-2025,M-2025-06-02,E-2025-06-0010,Brighton & Hove Albion,90+10',0,Danny Welbeck
PL-2025,M-2025-06-03,E-2025-06-0011,Crystal Palace FC,9',0,Ismaïla Sarr
PL-2025,M-2025-06-03,E-2025-06-0012,FC Liverpool,87',0,Federico Chiesa
PL-2025,M-2025-06-03,E-2025-06-0013,Crystal Palace FC,90+7',0,Eddie Nketiah
PL-2025,M-2025-06-04,E-2025-06-0014,AFC Bournemouth,26',0,Antoine Semenyo
PL-2025,M-2025-06-04,E-2025-06-0015,Leeds United FC ,37',0,Joe Rodon
PL-2025,M-2025-06-04,E-2025-06-0016,Leeds United FC ,54',0,Sean Longstaff
PL-2025,M-2025-06-04,E-2025-06-0017,AFC Bournemouth,90+3',0,Junior Kroupi
PL-2025,M-2025-06-05,E-2025-06-0018,Manchester City FC,12',2,Maxime Estève
PL-2025,M-2025-06-05,E-2025-06-0019,FC Burnley,38',0,Jaidon Anthony
PL-2025,M-2025-06-05,E-2025-06-0020,Manchester City FC,61',0,Matheus Nunes
PL-2025,M-2025-06-05,E-2025-06-0021,Manchester City FC,65',2,Maxime Estève
PL-2025,M-2025-06-05,E-2025-06-0022,Manchester City FC,90',0,Erling Haaland
PL-2025,M-2025-06-05,E-2025-06-0023,Manchester City FC,90+3',0,Erling Haaland
PL-2025,M-2025-06-06,E-2025-06-0024,AFC Sunderland,38',0,Omar Alderete
PL-2025,M-2025-06-07,E-2025-06-0025,Wolverhampton Wanderers,54',0,Santiago Bueno
PL-2025,M-2025-06-07,E-2025-06-0026,Tottenham Hotspur ,90+4',0,João Palhinha
PL-2025,M-2025-06-08,E-2025-06-0027,FC Fulham,3',0,Raúl Jiménez
PL-2025,M-2025-06-08,E-2025-06-0028,Aston Villa FC,37',0,Ollie Watkins
PL-2025,M-2025-06-08,E-2025-06-0029,Aston Villa FC,49',0,John McGinn
PL-2025,M-2025-06-08,E-2025-06-0030,Aston Villa FC,51',0,Emiliano Buendía
PL-2025,M-2025-06-09,E-2025-06-0031,Newcastle United,34',0,Nick Woltemade
PL-2025,M-2025-06-09,E-2025-06-0032,FC Arsenal,84',0,Mikel Merino
PL-2025,M-2025-06-09,E-2025-06-0033,FC Arsenal,90+6',0,Gabriel
PL-2025,M-2025-06-10,E-2025-06-0034,FC Everton,18',0,Michael Keane
PL-2025,M-2025-06-10,E-2025-06-0035,West Ham United,65',0,Jarrod Bowen
PL-2025,M-2025-07-01,E-2025-07-0001,FC Fulham,70',0,Ryan Sessegnon
PL-2025,M-2025-07-01,E-2025-07-0002,AFC Bournemouth,78',0,Antoine Semenyo
PL-2025,M-2025-07-01,E-2025-07-0003,AFC Bournemouth,84',0,Justin Kluivert
PL-2025,M-2025-07-01,E-2025-07-0004,AFC Bournemouth,90+6',0,Antoine Semenyo
PL-2025,M-2025-07-02,E-2025-07-0005,Tottenham Hotspur ,23',0,Mathys Tel
PL-2025,M-2025-07-02,E-2025-07-0006,Leeds United FC ,34',0,Noah Okafor
PL-2025,M-2025-07-02,E-2025-07-0007,Tottenham Hotspur ,57',0,Mohammed Kudus
PL-2025,M-2025-07-03,E-2025-07-0008,FC Arsenal,38',0,Declan Rice
PL-2025,M-2025-07-03,E-2025-07-0009,FC Arsenal,67',1,Bukayo Saka
PL-2025,M-2025-07-04,E-2025-07-0010,Manchester United FC,8',0,Mason Mount
PL-2025,M-2025-07-04,E-2025-07-0011,Manchester United FC,31',0,Benjamin Sesko
PL-2025,M-2025-07-05,E-2025-07-0012,Chelsea FC,14',0,Moisés Caicedo
PL-2025,M-2025-07-05,E-2025-07-0013,FC Liverpool,63',0,Cody Gakpo
PL-2025,M-2025-07-05,E-2025-07-0014,Chelsea FC,90+5',0,Estêvão
PL-2025,M-2025-07-06,E-2025-07-0015,Aston Villa FC,25',0,Donyell Malen
PL-2025,M-2025-07-06,E-2025-07-0016,Aston Villa FC,63',0,Donyell Malen
PL-2025,M-2025-07-06,E-2025-07-0017,FC Burnley,78',0,Lesley Ugochukwu
PL-2025,M-2025-07-07,E-2025-07-0018,Crystal Palace FC,37',0,Daniel Muñoz
PL-2025,M-2025-07-07,E-2025-07-0019,FC Everton,76',1,Iliman Ndiaye
PL-2025,M-2025-07-07,E-2025-07-0020,FC Everton,90+3',0,Jack Grealish
PL-2025,M-2025-07-08,E-2025-07-0021,Newcastle United,58',0,Bruno Guimarães
PL-2025,M-2025-07-08,E-2025-07-0022,Newcastle United,84',1,Nick Woltemade
PL-2025,M-2025-07-09,E-2025-07-0023,Wolverhampton Wanderers,21',2,Bart Verbruggen
PL-2025,M-2025-07-09,E-2025-07-0024,Brighton & Hove Albion,86',0,Jan Paul van Hecke
PL-2025,M-2025-07-10,E-2025-07-0025,Manchester City FC,9',0,Erling Haaland
PL-2025,M-2025-08-01,E-2025-08-0001,Chelsea FC,49',0,Josh Acheampong
PL-2025,M-2025-08-01,E-2025-08-0002,Chelsea FC,52',0,Pedro Neto
PL-2025,M-2025-08-01,E-2025-08-0003,Chelsea FC,84',0,Reece James
PL-2025,M-2025-08-01,E-2025-08-0004,Chelsea FC,87',-1,Malo Gusto
PL-2025,M-2025-08-02,E-2025-08-0005,Brighton & Hove Albion,41',0,Danny Welbeck
PL-2025,M-2025-08-02,E-2025-08-0006,Newcastle United,76',0,Nick Woltemade
PL-2025,M-2025-08-02,E-2025-08-0007,Brighton & Hove Albion,84',0,Danny Welbeck
PL-2025,M-2025-08-03,E-2025-08-0008,FC Burnley,18',0,Lesley Ugochukwu
PL-2025,M-2025-08-03,E-2025-08-0009,FC Burnley,68',0,Loum Tchaouna
PL-2025,M-2025-08-04,E-2025-08-0010,AFC Bournemouth,7',0,Junior Kroupi
PL-2025,M-2025-08-04,E-2025-08-0011,AFC Bournemouth,38',0,Junior Kroupi
PL-2025,M-2025-08-04,E-2025-08-0012,Crystal Palace FC,64',0,Jean-Philippe Mateta
PL-2025,M-2025-08-04,E-2025-08-0013,Crystal Palace FC,69',0,Jean-Philippe Mateta
PL-2025,M-2025-08-04,E-2025-08-0014,AFC Bournemouth,89',0,Ryan Christie
PL-2025,M-2025-08-04,E-2025-08-0015,Crystal Palace FC,90+7',1,Jean-Philippe Mateta
PL-2025,M-2025-08-05,E-2025-08-0016,Manchester City FC,58',0,Erling Haaland
PL-2025,M-2025-08-05,E-2025-08-0017,Manchester City FC,63',0,Erling Haaland
PL-2025,M-2025-08-06,E-2025-08-0018,AFC Sunderland,16',0,Nordi Mukiele
PL-2025,M-2025-08-06,E-2025-08-0019,AFC Sunderland,90+2',2,Ladislav Krejčí
PL-2025,M-2025-08-07,E-2025-08-0020,FC Arsenal,58',0,Leandro Trossard
PL-2025,M-2025-08-08,E-2025-08-0021,Tottenham Hotspur ,5',0,Rodrigo Bentancur
PL-2025,M-2025-08-08,E-2025-08-0022,Aston Villa FC,37',0,Morgan Rogers
PL-2025,M-2025-08-08,E-2025-08-0023,Aston Villa FC,77',0,Emiliano Buendía
PL-2025,M-2025-08-09,E-2025-08-0024,Manchester United FC,2',0,Bryan Mbeumo
PL-2025,M-2025-08-09,E-2025-08-0025,FC Liverpool,78',0,Cody Gakpo
PL-2025,M-2025-08-09,E-2025-08-0026,Manchester United FC,84',0,Harry Maguire
PL-2025,M-2025-08-10,E-2025-08-0027,Brentford FC,43',0,Igor Thiago
PL-2025,M-2025-08-10,E-2025-08-0028,Brentford FC,90+4',0,Mathias Jensen
PL-2025,M-2025-09-01,E-2025-09-0001,Leeds United FC ,3',0,Brenden Aaronson
PL-2025,M-2025-09-01,E-2025-09-0002,Leeds United FC ,15',0,Joe Rodon
PL-2025,M-2025-09-01,E-2025-09-0003,West Ham United,90',0,Mateus Fernandes
PL-2025,M-2025-09-02,E-2025-09-0004,Chelsea FC,4',0,Alejandro Garnacho
PL-2025,M-2025-09-02,E-2025-09-0005,AFC Sunderland,22',0,Wilson Isidor
PL-2025,M-2025-09-02,E-2025-09-0006,AFC Sunderland,90+3',0,Chemsdine Talbi
PL-2025,M-2025-09-03,E-2025-09-0007,Newcastle United,18',0,Jacob Murphy
PL-2025,M-2025-09-03,E-2025-09-0008,FC Fulham,56',0,Saša Lukić
PL-2025,M-2025-09-03,E-2025-09-0009,Newcastle United,90',0,Bruno Guimarães
PL-2025,M-2025-09-04,E-2025-09-0010,Manchester United FC,24',0,Matheus Cunha
PL-2025,M-2025-09-04,E-2025-09-0011,Manchester United FC,34',0,Casemiro
PL-2025,M-2025-09-04,E-2025-09-0012,Manchester United FC,61',0,Bryan Mbeumo
PL-2025,M-2025-09-04,E-2025-09-0013,Brighton & Hove Albion,74',0,Danny Welbeck
PL-2025,M-2025-09-04,E-2025-09-0014,Brighton & Hove Albion,90+2',0,Charalampos Kostoulas
PL-2025,M-2025-09-04,E-2025-09-0015,Manchester United FC,90+6',0,Bryan Mbeumo
PL-2025,M-2025-09-05,E-2025-09-0016,Brentford FC,5',0,Dango Ouattara
PL-2025,M-2025-09-05,E-2025-09-0017,Brentford FC,45',0,Kevin Schade
PL-2025,M-2025-09-05,E-2025-09-0018,FC Liverpool,45+5',0,Milos Kerkez
PL-2025,M-2025-09-05,E-2025-09-0019,Brentford FC,60',1,Igor Thiago
PL-2025,M-2025-09-05,E-2025-09-0020,FC Liverpool,89',0,Mohamed Salah
PL-2025,M-2025-09-06,E-2025-09-0021,FC Arsenal,39',0,Eberechi Eze
PL-2025,M-2025-09-07,E-2025-09-0022,Aston Villa FC,19',0,Matty Cash
PL-2025,M-2025-09-08,E-2025-09-0023,AFC Bournemouth,25',0,Marcus Tavernier
PL-2025,M-2025-09-08,E-2025-09-0024,AFC Bournemouth,40',0,Junior Kroupi
PL-2025,M-2025-09-09,E-2025-09-0025,FC Burnley,14',0,Zian Flemming
PL-2025,M-2025-09-09,E-2025-09-0026,FC Burnley,30',0,Zian Flemming
PL-2025,M-2025-09-09,E-2025-09-0027,Wolverhampton Wanderers,42',1,Jørgen Strand Larsen
PL-2025,M-2025-09-09,E-2025-09-0028,Wolverhampton Wanderers,45+4',0,Marshall Munetsi
PL-2025,M-2025-09-09,E-2025-09-0029,FC Burnley,90+5',0,Lyle Foster
PL-2025,M-2025-09-10,E-2025-09-0030,Tottenham Hotspur ,19',0,Micky van de Ven
PL-2025,M-2025-09-10,E-2025-09-0031,Tottenham Hotspur ,45+6',0,Micky van de Ven
PL-2025,M-2025-09-10,E-2025-09-0032,Tottenham Hotspur ,89',0,Pape Matar Sarr
PL-2025,M-2025-10-01,E-2025-10-0001,Brighton & Hove Albion,11',0,Danny Welbeck
PL-2025,M-2025-10-01,E-2025-10-0002,Brighton & Hove Albion,64',0,Diego Gómez
PL-2025,M-2025-10-01,E-2025-10-0003,Brighton & Hove Albion,70',0,Diego Gómez
PL-2025,M-2025-10-02,E-2025-10-0004,FC Arsenal,14',0,Viktor Gyökeres
PL-2025,M-2025-10-02,E-2025-10-0005,FC Arsenal,35',0,Declan Rice
PL-2025,M-2025-10-03,E-2025-10-0006,Crystal Palace FC,30',0,Jean-Philippe Mateta
PL-2025,M-2025-10-03,E-2025-10-0007,Crystal Palace FC,51',2,Nathan Collins
PL-2025,M-2025-10-04,E-2025-10-0008,FC Fulham,9',0,Ryan Sessegnon
PL-2025,M-2025-10-04,E-2025-10-0009,Wolverhampton Wanderers,36',-1,Emmanuel Agbadou
PL-2025,M-2025-10-04,E-2025-10-0010,FC Fulham,62',0,Harry Wilson
PL-2025,M-2025-10-04,E-2025-10-0011,FC Fulham,75',2,Yerson Mosquera
PL-2025,M-2025-10-05,E-2025-10-0012,Manchester United FC,34',0,Casemiro
PL-2025,M-2025-10-05,E-2025-10-0013,Nottingham Forest,48',0,Morgan Gibbs-White
PL-2025,M-2025-10-05,E-2025-10-0014,Nottingham Forest,50',0,Nicolò Savona
PL-2025,M-2025-10-05,E-2025-10-0015,Manchester United FC,81',0,Amad Diallo
PL-2025,M-2025-10-06,E-2025-10-0016,Chelsea FC,34',0,João Pedro
PL-2025,M-2025-10-07,E-2025-10-0017,FC Liverpool,45+1',0,Mohamed Salah
PL-2025,M-2025-10-07,E-2025-10-0018,FC Liverpool,58',0,Ryan Gravenberch
PL-2025,M-2025-10-08,E-2025-10-0019,Newcastle United,4',0,Jacob Murphy
PL-2025,M-2025-10-08,E-2025-10-0020,West Ham United,35',0,Lucas Paquetá
PL-2025,M-2025-10-08,E-2025-10-0021,West Ham United,45+5',2,Sven Botman
PL-2025,M-2025-10-08,E-2025-10-0022,West Ham United,90+7',0,Tomáš Souček
PL-2025,M-2025-10-09,E-2025-10-0023,Manchester City FC,17',0,Erling Haaland
PL-2025,M-2025-10-09,E-2025-10-0024,AFC Bournemouth,25',0,Tyler Adams
PL-2025,M-2025-10-09,E-2025-10-0025,Manchester City FC,33',0,Erling Haaland
PL-2025,M-2025-10-09,E-2025-10-0026,Manchester City FC,60',0,Nico O'Reilly
PL-2025,M-2025-10-10,E-2025-10-0027,FC Everton,15',0,Iliman Ndiaye
PL-2025,M-2025-10-10,E-2025-10-0028,AFC Sunderland,46',0,Granit Xhaka
PL-2025,M-2025-11-01,E-2025-11-0001,Manchester United FC,32',0,Bryan Mbeumo
PL-2025,M-2025-11-01,E-2025-11-0002,Tottenham Hotspur ,84',0,Mathys Tel
PL-2025,M-2025-11-01,E-2025-11-0003,Tottenham Hotspur ,90+1',0,Richarlison
PL-2025,M-2025-11-01,E-2025-11-0004,Manchester United FC,90+6',0,Matthijs de Ligt
PL-2025,M-2025-11-02,E-2025-11-0005,FC Everton,45+4',0,Idrissa Gueye
PL-2025,M-2025-11-02,E-2025-11-0006,FC Everton,81',0,Michael Keane
PL-2025,M-2025-11-03,E-2025-11-0007,FC Burnley,35',0,Zian Flemming
PL-2025,M-2025-11-03,E-2025-11-0008,West Ham United,44',0,Callum Wilson
PL-2025,M-2025-11-03,E-2025-11-0009,West Ham United,77',0,Tomáš Souček
PL-2025,M-2025-11-03,E-2025-11-0010,West Ham United,87',0,Kyle Walker-Peters
PL-2025,M-2025-11-03,E-2025-11-0011,FC Burnley,90+7',0,Josh Cullen
PL-2025,M-2025-11-04,E-2025-11-0012,AFC Sunderland,36',0,Dan Ballard
PL-2025,M-2025-11-04,E-2025-11-0013,FC Arsenal,54',0,Bukayo Saka
PL-2025,M-2025-11-04,E-2025-11-0014,FC Arsenal,74',0,Leandro Trossard
PL-2025,M-2025-11-04,E-2025-11-0015,AFC Sunderland,90+4',0,Brian Brobbey
PL-2025,M-2025-11-05,E-2025-11-0016,Chelsea FC,51',0,Malo Gusto
PL-2025,M-2025-11-05,E-2025-11-0017,Chelsea FC,65',0,João Pedro
PL-2025,M-2025-11-05,E-2025-11-0018,Chelsea FC,73',0,Pedro Neto
PL-2025,M-2025-11-06,E-2025-11-0019,Aston Villa FC,28',0,Emiliano Buendía
PL-2025,M-2025-11-06,E-2025-11-0020,Aston Villa FC,40',0,Amadou Onana
PL-2025,M-2025-11-06,E-2025-11-0021,AFC Bournemouth,67',-2,Antoine Semenyo
PL-2025,M-2025-11-06,E-2025-11-0022,Aston Villa FC,77',0,Ross Barkley
PL-2025,M-2025-11-06,E-2025-11-0023,Aston Villa FC,82',0,Donyell Malen
PL-2025,M-2025-11-07,E-2025-11-0024,Newcastle United,27',0,Harvey Barnes
PL-2025,M-2025-11-07,E-2025-11-0025,Brentford FC,56',0,Kevin Schade
PL-2025,M-2025-11-07,E-2025-11-0026,Newcastle United,73',-1,Dan Burn
PL-2025,M-2025-11-07,E-2025-11-0027,Brentford FC,78',1,Igor Thiago
PL-2025,M-2025-11-07,E-2025-11-0028,Brentford FC,90+5',0,Igor Thiago
PL-2025,M-2025-11-09,E-2025-11-0029,Leeds United FC ,13',0,Lukas Nmecha
PL-2025,M-2025-11-09,E-2025-11-0030,Nottingham Forest,15',0,Ibrahim Sangaré
PL-2025,M-2025-11-09,E-2025-11-0031,Nottingham Forest,68',0,Morgan Gibbs-White
PL-2025,M-2025-11-09,E-2025-11-0032,Nottingham Forest,90+1',1,Elliot Anderson
PL-2025,M-2025-11-10,E-2025-11-0033,Manchester City FC,13',-2,Erling Haaland
PL-2025,M-2025-11-10,E-2025-11-0034,Manchester City FC,29',0,Erling Haaland
PL-2025,M-2025-11-10,E-2025-11-0035,Manchester City FC,45+3',0,Nico González
PL-2025,M-2025-11-10,E-2025-11-0036,Manchester City FC,63',0,Jérémy Doku
PL-2025,M-2025-12-01,E-2025-12-0001,Chelsea FC,37',0,Pedro Neto
PL-2025,M-2025-12-01,E-2025-12-0002,Chelsea FC,88',0,Enzo Fernández
PL-2025,M-2025-12-02,E-2025-12-0003,West Ham United,11',0,Callum Wilson
PL-2025,M-2025-12-02,E-2025-12-0004,West Ham United,35',0,Callum Wilson
PL-2025,M-2025-12-02,E-2025-12-0005,AFC Bournemouth,69',1,Marcus Tavernier
PL-2025,M-2025-12-02,E-2025-12-0006,AFC Bournemouth,81',0,Enes Ünal
PL-2025,M-2025-12-03,E-2025-12-0007,Brentford FC,29',1,Igor Thiago
PL-2025,M-2025-12-03,E-2025-12-0008,Brighton & Hove Albion,71',0,Danny Welbeck
PL-2025,M-2025-12-03,E-2025-12-0009,Brighton & Hove Albion,84',0,Jack Hinshelwood
PL-2025,M-2025-12-03,E-2025-12-0010,Brentford FC,90+4',-2,Igor Thiago
PL-2025,M-2025-12-04,E-2025-12-0011,FC Fulham,84',0,Raúl Jiménez
PL-2025,M-2025-12-05,E-2025-12-0012,Nottingham Forest,33',0,Murillo
PL-2025,M-2025-12-05,E-2025-12-0013,Nottingham Forest,46',0,Nicolò Savona
PL-2025,M-2025-12-05,E-2025-12-0014,Nottingham Forest,78',0,Morgan Gibbs-White
PL-2025,M-2025-12-06,E-2025-12-0015,Crystal Palace FC,63',0,Daniel Muñoz
PL-2025,M-2025-12-06,E-2025-12-0016,Crystal Palace FC,69',0,Yéremy Pino
PL-2025,M-2025-12-07,E-2025-12-0017,Newcastle United,63',0,Harvey Barnes
PL-2025,M-2025-12-07,E-2025-12-0018,Manchester City FC,68',0,Rúben Dias
PL-2025,M-2025-12-07,E-2025-12-0019,Newcastle United,70',0,Harvey Barnes
PL-2025,M-2025-12-08,E-2025-12-0020,Leeds United FC ,8',0,Lukas Nmecha
PL-2025,M-2025-12-08,E-2025-12-0021,Aston Villa FC,48',0,Morgan Rogers
PL-2025,M-2025-12-08,E-2025-12-0022,Aston Villa FC,75',0,Morgan Rogers
PL-2025,M-2025-12-09,E-2025-12-0023,FC Arsenal,36',0,Leandro Trossard
PL-2025,M-2025-12-09,E-2025-12-0024,FC Arsenal,41',0,Eberechi Eze
PL-2025,M-2025-12-09,E-2025-12-0025,FC Arsenal,46',0,Eberechi Eze
PL-2025,M-2025-12-09,E-2025-12-0026,Tottenham Hotspur ,55',0,Richarlison
PL-2025,M-2025-12-09,E-2025-12-0027,FC Arsenal,76',0,Eberechi Eze
PL-2025,M-2025-12-10,E-2025-12-0028,FC Everton,13',-1,Idrissa Gueye
PL-2025,M-2025-12-10,E-2025-12-0029,FC Everton,29',0,Kiernan Dewsbury-Hall
PL-2025,M-2025-13-01,E-2025-13-0001,Brentford FC,81',1,Igor Thiago
PL-2025,M-2025-13-01,E-2025-13-0002,FC Burnley,85',1,Zian Flemming
PL-2025,M-2025-13-01,E-2025-13-0003,Brentford FC,86',0,Igor Thiago
PL-2025,M-2025-13-01,E-2025-13-0004,Brentford FC,90+2',0,Dango Ouattara
PL-2025,M-2025-13-02,E-2025-13-0005,Manchester City FC,1',0,Phil Foden
PL-2025,M-2025-13-02,E-2025-13-0006,Manchester City FC,25',0,Josko Gvardiol
PL-2025,M-2025-13-02,E-2025-13-0007,Leeds United FC ,49',0,Dominic Calvert-Lewin
PL-2025,M-2025-13-02,E-2025-13-0008,Leeds United FC ,68',0,Lukas Nmecha
PL-2025,M-2025-13-02,E-2025-13-0009,Leeds United FC ,68',-2,Lukas Nmecha
PL-2025,M-2025-13-02,E-2025-13-0010,Manchester City FC,90+1',0,Phil Foden
PL-2025,M-2025-13-03,E-2025-13-0011,AFC Bournemouth,7',0,Amine Adli
PL-2025,M-2025-13-03,E-2025-13-0012,AFC Bournemouth,15',0,Tyler Adams
PL-2025,M-2025-13-03,E-2025-13-0013,AFC Sunderland,30',1,Enzo Le Fée
PL-2025,M-2025-13-03,E-2025-13-0014,AFC Sunderland,46',0,Bertrand Traoré
PL-2025,M-2025-13-03,E-2025-13-0015,AFC Sunderland,69',0,Brian Brobbey
PL-2025,M-2025-13-03,E-2025-13-0016,AFC Bournemouth,90+6',-1,Lewis Cook
PL-2025,M-2025-13-04,E-2025-13-0017,Newcastle United,1',0,Malick Thiaw
PL-2025,M-2025-13-04,E-2025-13-0018,Newcastle United,25',0,Lewis Miley
PL-2025,M-2025-13-04,E-2025-13-0019,Newcastle United,45',0,Nick Woltemade
PL-2025,M-2025-13-04,E-2025-13-0020,Newcastle United,58',0,Malick Thiaw
PL-2025,M-2025-13-04,E-2025-13-0021,FC Everton,69',0,Kiernan Dewsbury-Hall
PL-2025,M-2025-13-05,E-2025-13-0022,FC Fulham,4',0,Kenny Tete
PL-2025,M-2025-13-05,E-2025-13-0023,FC Fulham,6',0,Harry Wilson
PL-2025,M-2025-13-05,E-2025-13-0024,Tottenham Hotspur ,59',0,Mohammed Kudus
PL-2025,M-2025-13-06,E-2025-13-0025,Crystal Palace FC,36',1,Jean-Philippe Mateta
PL-2025,M-2025-13-06,E-2025-13-0026,Manchester United FC,54',0,Joshua Zirkzee
PL-2025,M-2025-13-06,E-2025-13-0027,Manchester United FC,63',0,Mason Mount
PL-2025,M-2025-13-07,E-2025-13-0028,Aston Villa FC,67',0,Boubacar Kamara
PL-2025,M-2025-13-08,E-2025-13-0029,Brighton & Hove Albion,45+1',0,Maxim De Cuyper
PL-2025,M-2025-13-08,E-2025-13-0030,Brighton & Hove Albion,88',0,Stefanos Tzimas
PL-2025,M-2025-13-09,E-2025-13-0031,FC Liverpool,60',0,Alexander Isak
PL-2025,M-2025-13-09,E-2025-13-0032,West Ham United,84',-1,Lucas Paquetá
PL-2025,M-2025-13-09,E-2025-13-0033,FC Liverpool,90+2',0,Cody Gakpo
PL-2025,M-2025-13-10,E-2025-13-0034,Chelsea FC,38',-1,Moisés Caicedo
PL-2025,M-2025-13-10,E-2025-13-0035,Chelsea FC,48',0,Trevoh Chalobah
PL-2025,M-2025-13-10,E-2025-13-0036,FC Arsenal,59',0,Mikel Merino
PL-2025,M-2025-14-01,E-2025-14-0001,FC Everton,78',0,Jack Grealish
PL-2025,M-2025-14-02,E-2025-14-0002,Manchester City FC,17',0,Erling Haaland
PL-2025,M-2025-14-02,E-2025-14-0003,Manchester City FC,37',0,Tijjani Reijnders
PL-2025,M-2025-14-02,E-2025-14-0004,Manchester City FC,44',0,Phil Foden
PL-2025,M-2025-14-02,E-2025-14-0005,FC Fulham,45+2',0,Emile Smith Rowe
PL-2025,M-2025-14-02,E-2025-14-0006,Manchester City FC,48',0,Phil Foden
PL-2025,M-2025-14-02,E-2025-14-0007,Manchester City FC,54',2,Sander Berge
PL-2025,M-2025-14-02,E-2025-14-0008,FC Fulham,57',0,Alex Iwobi
PL-2025,M-2025-14-02,E-2025-14-0009,FC Fulham,72',0,Samuel Chukwueze
PL-2025,M-2025-14-02,E-2025-14-0010,FC Fulham,78',0,Samuel Chukwueze
PL-2025,M-2025-14-03,E-2025-14-0011,Newcastle United,71',0,Bruno Guimarães
PL-2025,M-2025-14-03,E-2025-14-0012,Tottenham Hotspur ,78',0,Cristian Romero
PL-2025,M-2025-14-03,E-2025-14-0013,Newcastle United,86',1,Anthony Gordon
PL-2025,M-2025-14-03,E-2025-14-0014,Tottenham Hotspur ,90+5',0,Cristian Romero
PL-2025,M-2025-14-04,E-2025-14-0015,FC Arsenal,11',0,Mikel Merino
PL-2025,M-2025-14-04,E-2025-14-0016,FC Arsenal,90+1',0,Bukayo Saka
PL-2025,M-2025-14-05,E-2025-14-0017,Crystal Palace FC,44',0,Daniel Muñoz
PL-2025,M-2025-14-06,E-2025-14-0018,Brighton & Hove Albion,9',0,Jan Paul van Hecke
PL-2025,M-2025-14-06,E-2025-14-0019,Brighton & Hove Albion,29',2,Pau Torres
PL-2025,M-2025-14-06,E-2025-14-0020,Aston Villa FC,37',0,Ollie Watkins
PL-2025,M-2025-14-06,E-2025-14-0021,Aston Villa FC,45+7',0,Ollie Watkins
PL-2025,M-2025-14-06,E-2025-14-0022,Aston Villa FC,60',0,Amadou Onana
PL-2025,M-2025-14-06,E-2025-14-0023,Aston Villa FC,78',0,Donyell Malen
PL-2025,M-2025-14-06,E-2025-14-0024,Brighton & Hove Albion,83',0,Jan Paul van Hecke
PL-2025,M-2025-14-07,E-2025-14-0025,Leeds United FC ,6',0,Jaka Bijol
PL-2025,M-2025-14-07,E-2025-14-0026,Leeds United FC ,43',0,Ao Tanaka
PL-2025,M-2025-14-07,E-2025-14-0027,Chelsea FC,50',0,Pedro Neto
PL-2025,M-2025-14-07,E-2025-14-0028,Leeds United FC ,72',0,Dominic Calvert-Lewin
PL-2025,M-2025-14-08,E-2025-14-0029,AFC Sunderland,67',0,Chemsdine Talbi
PL-2025,M-2025-14-08,E-2025-14-0030,FC Liverpool,81',2,Nordi Mukiele
PL-2025,M-2025-14-09,E-2025-14-0031,Nottingham Forest,72',0,Igor Jesus
PL-2025,M-2025-14-10,E-2025-14-0032,Manchester United FC,58',0,Diogo Dalot
PL-2025,M-2025-14-10,E-2025-14-0033,West Ham United,83',0,Soungoutou Magassa
PL-2025,M-2025-15-01,E-2025-15-0001,Aston Villa FC,36',0,Matty Cash
PL-2025,M-2025-15-01,E-2025-15-0002,FC Arsenal,52',0,Leandro Trossard
PL-2025,M-2025-15-01,E-2025-15-0003,Aston Villa FC,90+5',0,Emiliano Buendía
PL-2025,M-2025-15-03,E-2025-15-0004,FC Everton,2',2,Nikola Milenković
PL-2025,M-2025-15-03,E-2025-15-0005,FC Everton,45+3',0,Thierno Barry
PL-2025,M-2025-15-03,E-2025-15-0006,FC Everton,80',0,Kiernan Dewsbury-Hall
PL-2025,M-2025-15-04,E-2025-15-0007,Manchester City FC,31',0,Rúben Dias
PL-2025,M-2025-15-04,E-2025-15-0008,Manchester City FC,35',0,Josko Gvardiol
PL-2025,M-2025-15-04,E-2025-15-0009,Manchester City FC,65',0,Phil Foden
PL-2025,M-2025-15-04,E-2025-15-0010,AFC Sunderland,90+5',-1,Luke O'Nien
PL-2025,M-2025-15-05,E-2025-15-0011,Newcastle United,31',0,Bruno Guimarães
PL-2025,M-2025-15-05,E-2025-15-0012,FC Burnley,43',-1,Lucas Pires
PL-2025,M-2025-15-05,E-2025-15-0013,Newcastle United,45+8',1,Anthony Gordon
PL-2025,M-2025-15-05,E-2025-15-0014,FC Burnley,90+4',1,Zian Flemming
PL-2025,M-2025-15-06,E-2025-15-0015,Tottenham Hotspur ,25',0,Richarlison
PL-2025,M-2025-15-06,E-2025-15-0016,Tottenham Hotspur ,43',0,Xavi Simons
PL-2025,M-2025-15-07,E-2025-15-0017,FC Liverpool,48',0,Hugo Ekitiké
PL-2025,M-2025-15-07,E-2025-15-0018,FC Liverpool,50',0,Hugo Ekitiké
PL-2025,M-2025-15-07,E-2025-15-0019,Leeds United FC ,73',1,Dominic Calvert-Lewin
PL-2025,M-2025-15-07,E-2025-15-0020,Leeds United FC ,75',0,Anton Stach
PL-2025,M-2025-15-07,E-2025-15-0021,FC Liverpool,80',0,Dominik Szoboszlai
PL-2025,M-2025-15-07,E-2025-15-0022,Leeds United FC ,90+6',0,Ao Tanaka
PL-2025,M-2025-15-08,E-2025-15-0023,West Ham United,73',0,Jarrod Bowen
PL-2025,M-2025-15-08,E-2025-15-0024,Brighton & Hove Albion,90+1',0,Georginio Rutter
PL-2025,M-2025-15-09,E-2025-15-0025,Crystal Palace FC,20',0,Eddie Nketiah
PL-2025,M-2025-15-09,E-2025-15-0026,FC Fulham,38',0,Harry Wilson
PL-2025,M-2025-15-09,E-2025-15-0027,Crystal Palace FC,87',0,Marc Guéhi
PL-2025,M-2025-15-10,E-2025-15-0028,Manchester United FC,25',0,Bruno Fernandes
PL-2025,M-2025-15-10,E-2025-15-0029,Wolverhampton Wanderers,45+2',0,Jean-Ricner Bellegarde
PL-2025,M-2025-15-10,E-2025-15-0030,Manchester United FC,51',0,Bryan Mbeumo
PL-2025,M-2025-15-10,E-2025-15-0031,Manchester United FC,62',0,Mason Mount
PL-2025,M-2025-15-10,E-2025-15-0032,Manchester United FC,82',1,Bruno Fernandes
PL-2025,M-2025-16-01,E-2025-16-0001,Chelsea FC,21',0,Cole Palmer
PL-2025,M-2025-16-01,E-2025-16-0002,Chelsea FC,45',0,Malo Gusto
PL-2025,M-2025-16-02,E-2025-16-0003,FC Liverpool,1',0,Hugo Ekitiké
PL-2025,M-2025-16-02,E-2025-16-0004,FC Liverpool,60',0,Hugo Ekitiké
PL-2025,M-2025-16-03,E-2025-16-0005,FC Fulham,9',0,Emile Smith Rowe
PL-2025,M-2025-16-03,E-2025-16-0006,FC Burnley,21',0,Lesley Ugochukwu
PL-2025,M-2025-16-03,E-2025-16-0007,FC Fulham,31',0,Calvin Bassey
PL-2025,M-2025-16-03,E-2025-16-0008,FC Fulham,58',0,Harry Wilson
PL-2025,M-2025-16-03,E-2025-16-0009,FC Burnley,86',0,Oliver Sonne
PL-2025,M-2025-16-04,E-2025-16-0010,FC Arsenal,70',2,Sam Johnstone
PL-2025,M-2025-16-04,E-2025-16-0011,Wolverhampton Wanderers,90',0,Tolu Arokodare
PL-2025,M-2025-16-04,E-2025-16-0012,FC Arsenal,90+4',2,Yerson Mosquera
PL-2025,M-2025-16-05,E-2025-16-0013,Manchester City FC,41',0,Erling Haaland
PL-2025,M-2025-16-05,E-2025-16-0014,Manchester City FC,69',0,Phil Foden
PL-2025,M-2025-16-05,E-2025-16-0015,Manchester City FC,89',1,Erling Haaland
PL-2025,M-2025-16-06,E-2025-16-0016,Nottingham Forest,28',0,Callum Hudson-Odoi
PL-2025,M-2025-16-06,E-2025-16-0017,Nottingham Forest,50',0,Callum Hudson-Odoi
PL-2025,M-2025-16-06,E-2025-16-0018,Nottingham Forest,79',0,Ibrahim Sangaré
PL-2025,M-2025-16-07,E-2025-16-0019,AFC Sunderland,46',2,Nick Woltemade
PL-2025,M-2025-16-08,E-2025-16-0020,West Ham United,1',0,Mateus Fernandes
PL-2025,M-2025-16-08,E-2025-16-0021,Aston Villa FC,9',2,Konstantinos Mavropanos
PL-2025,M-2025-16-08,E-2025-16-0022,West Ham United,24',0,Jarrod Bowen
PL-2025,M-2025-16-08,E-2025-16-0023,Aston Villa FC,50',0,Morgan Rogers
PL-2025,M-2025-16-08,E-2025-16-0024,Aston Villa FC,79',0,Morgan Rogers
PL-2025,M-2025-16-09,E-2025-16-0025,Brentford FC,70',0,Jordan Henderson
PL-2025,M-2025-16-09,E-2025-16-0026,Leeds United FC ,82',0,Dominic Calvert-Lewin
PL-2025,M-2025-16-10,E-2025-16-0027,Manchester United FC,13',0,Amad Diallo
PL-2025,M-2025-16-10,E-2025-16-0028,AFC Bournemouth,40',0,Antoine Semenyo
PL-2025,M-2025-16-10,E-2025-16-0029,Manchester United FC,45+4',0,Casemiro
PL-2025,M-2025-16-10,E-2025-16-0030,AFC Bournemouth,46',0,Evanilson
PL-2025,M-2025-16-10,E-2025-16-0031,AFC Bournemouth,52',0,Marcus Tavernier
PL-2025,M-2025-16-10,E-2025-16-0032,Manchester United FC,77',0,Bruno Fernandes
PL-2025,M-2025-16-10,E-2025-16-0033,Manchester United FC,79',0,Matheus Cunha
PL-2025,M-2025-16-10,E-2025-16-0034,AFC Bournemouth,84',0,Junior Kroupi
PL-2025,M-2025-17-01,E-2025-17-0001,Newcastle United,4',0,Nick Woltemade
PL-2025,M-2025-17-01,E-2025-17-0002,Newcastle United,20',0,Nick Woltemade
PL-2025,M-2025-17-01,E-2025-17-0003,Chelsea FC,49',0,Reece James
PL-2025,M-2025-17-01,E-2025-17-0004,Chelsea FC,66',0,João Pedro
PL-2025,M-2025-17-02,E-2025-17-0005,AFC Bournemouth,67',0,Antoine Semenyo
PL-2025,M-2025-17-02,E-2025-17-0006,FC Burnley,90',0,Armando Broja
PL-2025,M-2025-17-04,E-2025-17-0007,Manchester City FC,5',0,Erling Haaland
PL-2025,M-2025-17-04,E-2025-17-0008,Manchester City FC,38',0,Tijjani Reijnders
PL-2025,M-2025-17-04,E-2025-17-0009,Manchester City FC,69',0,Erling Haaland
PL-2025,M-2025-17-05,E-2025-17-0010,Brentford FC,63',0,Keane Lewis-Potter
PL-2025,M-2025-17-05,E-2025-17-0011,Brentford FC,83',0,Keane Lewis-Potter
PL-2025,M-2025-17-05,E-2025-17-0012,Wolverhampton Wanderers,88',-2,Jørgen Strand Larsen
PL-2025,M-2025-17-06,E-2025-17-0013,Tottenham Hotspur ,33',-1,Xavi Simons
PL-2025,M-2025-17-06,E-2025-17-0014,FC Liverpool,56',0,Alexander Isak
PL-2025,M-2025-17-06,E-2025-17-0015,FC Liverpool,66',0,Hugo Ekitiké
PL-2025,M-2025-17-06,E-2025-17-0016,Tottenham Hotspur ,83',0,Richarlison
PL-2025,M-2025-17-06,E-2025-17-0017,Tottenham Hotspur ,90+3',-1,Cristian Romero
PL-2025,M-2025-17-07,E-2025-17-0018,FC Arsenal,27',1,Viktor Gyökeres
PL-2025,M-2025-17-08,E-2025-17-0019,Leeds United FC ,38',0,Dominic Calvert-Lewin
PL-2025,M-2025-17-08,E-2025-17-0020,Leeds United FC ,45+4',0,Dominic Calvert-Lewin
PL-2025,M-2025-17-08,E-2025-17-0021,Leeds United FC ,60',0,Ethan Ampadu
PL-2025,M-2025-17-08,E-2025-17-0022,Crystal Palace FC,90+2',1,Justin Devenny
PL-2025,M-2025-17-08,E-2025-17-0023,Leeds United FC ,90+11',0,Anton Stach
PL-2025,M-2025-17-09,E-2025-17-0024,Aston Villa FC,45',0,Morgan Rogers
PL-2025,M-2025-17-09,E-2025-17-0025,Manchester United FC,45+3',0,Matheus Cunha
PL-2025,M-2025-17-09,E-2025-17-0026,Aston Villa FC,57',0,Morgan Rogers
PL-2025,M-2025-17-10,E-2025-17-0027,FC Fulham,45+5',1,Raúl Jiménez
PL-2025,M-2025-18-01,E-2025-18-0001,Manchester United FC,24',0,Patrick Dorgu
PL-2025,M-2025-18-02,E-2025-18-0002,Manchester City FC,48',0,Tijjani Reijnders
PL-2025,M-2025-18-02,E-2025-18-0003,Nottingham Forest,54',0,Omari Hutchinson
PL-2025,M-2025-18-02,E-2025-18-0004,Manchester City FC,83',0,Rayan Cherki
PL-2025,M-2025-18-03,E-2025-18-0005,FC Arsenal,14',0,Martin Ødegaard
PL-2025,M-2025-18-03,E-2025-18-0006,FC Arsenal,52',2,Georginio Rutter
PL-2025,M-2025-18-03,E-2025-18-0007,Brighton & Hove Albion,64',0,Diego Gómez
PL-2025,M-2025-18-04,E-2025-18-0008,Brentford FC,7',0,Kevin Schade
PL-2025,M-2025-18-04,E-2025-18-0009,Brentford FC,39',2,Djordje Petrovic
PL-2025,M-2025-18-04,E-2025-18-0010,Brentford FC,51',0,Kevin Schade
PL-2025,M-2025-18-04,E-2025-18-0011,AFC Bournemouth,75',0,Antoine Semenyo
PL-2025,M-2025-18-04,E-2025-18-0012,Brentford FC,90+6',0,Kevin Schade
PL-2025,M-2025-18-06,E-2025-18-0013,FC Liverpool,41',0,Ryan Gravenberch
PL-2025,M-2025-18-06,E-2025-18-0014,FC Liverpool,42',0,Florian Wirtz
PL-2025,M-2025-18-06,E-2025-18-0015,Wolverhampton Wanderers,51',0,Santiago Bueno
PL-2025,M-2025-18-07,E-2025-18-0016,FC Fulham,85',0,Raúl Jiménez
PL-2025,M-2025-18-08,E-2025-18-0017,Chelsea FC,37',0,João Pedro
PL-2025,M-2025-18-08,E-2025-18-0018,Aston Villa FC,63',0,Ollie Watkins
PL-2025,M-2025-18-08,E-2025-18-0019,Aston Villa FC,84',0,Ollie Watkins
PL-2025,M-2025-18-09,E-2025-18-0020,AFC Sunderland,28',0,Simon Adingra
PL-2025,M-2025-18-09,E-2025-18-0021,Leeds United FC ,47',0,Dominic Calvert-Lewin
PL-2025,M-2025-18-10,E-2025-18-0022,Tottenham Hotspur ,42',0,Archie Gray
PL-2025,M-2025-19-01,E-2025-19-0001,Newcastle United,2',0,Joelinton
PL-2025,M-2025-19-01,E-2025-19-0002,Newcastle United,7',0,Yoane Wissa
PL-2025,M-2025-19-01,E-2025-19-0003,FC Burnley,23',0,Josh Laurent
PL-2025,M-2025-19-01,E-2025-19-0004,Newcastle United,90+3',0,Bruno Guimarães
PL-2025,M-2025-19-02,E-2025-19-0005,AFC Bournemouth,6',0,David Brooks
PL-2025,M-2025-19-02,E-2025-19-0006,Chelsea FC,15',1,Cole Palmer
PL-2025,M-2025-19-02,E-2025-19-0007,Chelsea FC,23',0,Enzo Fernández
PL-2025,M-2025-19-02,E-2025-19-0008,AFC Bournemouth,27',0,Justin Kluivert
PL-2025,M-2025-19-03,E-2025-19-0009,FC Everton,19',0,James Garner
PL-2025,M-2025-19-03,E-2025-19-0010,FC Everton,79',0,Thierno Barry
PL-2025,M-2025-19-04,E-2025-19-0011,West Ham United,10',0,Jarrod Bowen
PL-2025,M-2025-19-04,E-2025-19-0012,Brighton & Hove Albion,32',1,Danny Welbeck
PL-2025,M-2025-19-04,E-2025-19-0013,Brighton & Hove Albion,36',-2,Danny Welbeck
PL-2025,M-2025-19-04,E-2025-19-0014,West Ham United,45+4',1,Lucas Paquetá
PL-2025,M-2025-19-04,E-2025-19-0015,Brighton & Hove Albion,61',0,Joël Veltman
PL-2025,M-2025-19-05,E-2025-19-0016,FC Arsenal,48',0,Gabriel
PL-2025,M-2025-19-05,E-2025-19-0017,FC Arsenal,52',0,Martín Zubimendi
PL-2025,M-2025-19-05,E-2025-19-0018,FC Arsenal,69',0,Leandro Trossard
PL-2025,M-2025-19-05,E-2025-19-0019,FC Arsenal,78',0,Gabriel Jesus
PL-2025,M-2025-19-05,E-2025-19-0020,Aston Villa FC,90+4',0,Ollie Watkins
PL-2025,M-2025-19-06,E-2025-19-0021,Manchester United FC,27',0,Joshua Zirkzee
PL-2025,M-2025-19-06,E-2025-19-0022,Wolverhampton Wanderers,45',0,Ladislav Krejčí
PL-2025,M-2025-19-07,E-2025-19-0023,Crystal Palace FC,39',0,Jean-Philippe Mateta
PL-2025,M-2025-19-07,E-2025-19-0024,FC Fulham,80',0,Tom Cairney
PL-2025,M-2025-20-01,E-2025-20-0001,Aston Villa FC,45+1',0,Ollie Watkins
PL-2025,M-2025-20-01,E-2025-20-0002,Aston Villa FC,49',0,John McGinn
PL-2025,M-2025-20-01,E-2025-20-0003,Nottingham Forest,61',0,Morgan Gibbs-White
PL-2025,M-2025-20-01,E-2025-20-0004,Aston Villa FC,73',0,John McGinn
PL-2025,M-2025-20-02,E-2025-20-0005,Brighton & Hove Albion,29',0,Georginio Rutter
PL-2025,M-2025-20-02,E-2025-20-0006,Brighton & Hove Albion,47',0,Yasin Ayari
PL-2025,M-2025-20-03,E-2025-20-0007,Wolverhampton Wanderers,4',0,Jhon Arias
PL-2025,M-2025-20-03,E-2025-20-0008,Wolverhampton Wanderers,31',1,Hee-chan Hwang
PL-2025,M-2025-20-03,E-2025-20-0009,Wolverhampton Wanderers,41',0,Mateus Mané
PL-2025,M-2025-20-04,E-2025-20-0010,AFC Bournemouth,10',0,Evanilson
PL-2025,M-2025-20-04,E-2025-20-0011,FC Arsenal,16',0,Gabriel
PL-2025,M-2025-20-04,E-2025-20-0012,FC Arsenal,54',0,Declan Rice
PL-2025,M-2025-20-04,E-2025-20-0013,FC Arsenal,71',0,Declan Rice
PL-2025,M-2025-20-04,E-2025-20-0014,AFC Bournemouth,76',0,Junior Kroupi
PL-2025,M-2025-20-05,E-2025-20-0015,Leeds United FC ,62',0,Brenden Aaronson
PL-2025,M-2025-20-05,E-2025-20-0016,Manchester United FC,65',0,Matheus Cunha
PL-2025,M-2025-20-06,E-2025-20-0017,Brentford FC,11',0,Igor Thiago
PL-2025,M-2025-20-06,E-2025-20-0018,Brentford FC,50',0,Nathan Collins
PL-2025,M-2025-20-06,E-2025-20-0019,Brentford FC,51',0,Igor Thiago
PL-2025,M-2025-20-06,E-2025-20-0020,FC Everton,66',0,Beto
PL-2025,M-2025-20-06,E-2025-20-0021,Brentford FC,88',0,Igor Thiago
PL-2025,M-2025-20-06,E-2025-20-0022,FC Everton,90+1',0,Thierno Barry
PL-2025,M-2025-20-07,E-2025-20-0023,FC Fulham,17',0,Harry Wilson
PL-2025,M-2025-20-07,E-2025-20-0024,FC Liverpool,57',0,Florian Wirtz
PL-2025,M-2025-20-07,E-2025-20-0025,FC Liverpool,90+4',0,Cody Gakpo
PL-2025,M-2025-20-07,E-2025-20-0026,FC Fulham,90+7',0,Harrison Reed
PL-2025,M-2025-20-08,E-2025-20-0027,Newcastle United,71',0,Bruno Guimarães
PL-2025,M-2025-20-08,E-2025-20-0028,Newcastle United,78',0,Malick Thiaw
PL-2025,M-2025-20-09,E-2025-20-0029,Tottenham Hotspur ,30',0,Ben Davies
PL-2025,M-2025-20-09,E-2025-20-0030,AFC Sunderland,80',0,Brian Brobbey
PL-2025,M-2025-20-10,E-2025-20-0031,Manchester City FC,42',0,Tijjani Reijnders
PL-2025,M-2025-20-10,E-2025-20-0032,Chelsea FC,90+4',0,Enzo Fernández
PL-2025,M-2025-21-01,E-2025-21-0001,West Ham United,13',2,Murillo
PL-2025,M-2025-21-01,E-2025-21-0002,Nottingham Forest,55',0,Nicolás Domínguez
PL-2025,M-2025-21-01,E-2025-21-0003,Nottingham Forest,89',1,Morgan Gibbs-White
PL-2025,M-2025-21-02,E-2025-21-0004,Tottenham Hotspur ,5',0,Mathys Tel
PL-2025,M-2025-21-02,E-2025-21-0005,AFC Bournemouth,22',0,Evanilson
PL-2025,M-2025-21-02,E-2025-21-0006,AFC Bournemouth,36',0,Junior Kroupi
PL-2025,M-2025-21-02,E-2025-21-0007,Tottenham Hotspur ,78',0,João Palhinha
PL-2025,M-2025-21-02,E-2025-21-0008,AFC Bournemouth,90+5',0,Antoine Semenyo
PL-2025,M-2025-21-03,E-2025-21-0009,Brentford FC,30',0,Igor Thiago
PL-2025,M-2025-21-03,E-2025-21-0010,AFC Sunderland,60',-2,Enzo Le Fée
PL-2025,M-2025-21-03,E-2025-21-0011,Brentford FC,65',0,Igor Thiago
PL-2025,M-2025-21-03,E-2025-21-0012,Brentford FC,73',0,Yegor Yarmolyuk
PL-2025,M-2025-21-05,E-2025-21-0013,FC Everton,17',0,Michael Keane
PL-2025,M-2025-21-05,E-2025-21-0014,Wolverhampton Wanderers,69',0,Mateus Mané
PL-2025,M-2025-21-05,E-2025-21-0015,FC Everton,83',-1,Michael Keane
PL-2025,M-2025-21-05,E-2025-21-0016,FC Everton,90',-1,Jack Grealish
PL-2025,M-2025-21-06,E-2025-21-0017,Chelsea FC,22',-1,Marc Cucurella
PL-2025,M-2025-21-06,E-2025-21-0018,FC Fulham,55',0,Raúl Jiménez
PL-2025,M-2025-21-06,E-2025-21-0019,Chelsea FC,72',0,Liam Delap
PL-2025,M-2025-21-06,E-2025-21-0020,FC Fulham,81',0,Harry Wilson
PL-2025,M-2025-21-07,E-2025-21-0021,Manchester City FC,41',1,Erling Haaland
PL-2025,M-2025-21-07,E-2025-21-0022,Brighton & Hove Albion,60',0,Kaoru Mitoma
PL-2025,M-2025-21-08,E-2025-21-0023,FC Burnley,13',2,Ayden Heaven
PL-2025,M-2025-21-08,E-2025-21-0024,Manchester United FC,50',0,Benjamin Sesko
PL-2025,M-2025-21-08,E-2025-21-0025,Manchester United FC,60',0,Benjamin Sesko
PL-2025,M-2025-21-08,E-2025-21-0026,FC Burnley,66',0,Jaidon Anthony
PL-2025,M-2025-21-09,E-2025-21-0027,Leeds United FC ,32',0,Brenden Aaronson
PL-2025,M-2025-21-09,E-2025-21-0028,Newcastle United,36',0,Harvey Barnes
PL-2025,M-2025-21-09,E-2025-21-0029,Leeds United FC ,45+5',1,Dominic Calvert-Lewin
PL-2025,M-2025-21-09,E-2025-21-0030,Newcastle United,54',0,Joelinton
PL-2025,M-2025-21-09,E-2025-21-0031,Leeds United FC ,79',0,Brenden Aaronson
PL-2025,M-2025-21-09,E-2025-21-0032,Newcastle United,90+1',1,Bruno Guimarães
PL-2025,M-2025-21-09,E-2025-21-0033,Newcastle United,90+12',0,Harvey Barnes
PL-2025,M-2025-22-01,E-2025-22-0001,Manchester United FC,65',0,Bryan Mbeumo
PL-2025,M-2025-22-01,E-2025-22-0002,Manchester United FC,76',0,Patrick Dorgu
PL-2025,M-2025-22-02,E-2025-22-0003,Chelsea FC,26',0,João Pedro
PL-2025,M-2025-22-02,E-2025-22-0004,Chelsea FC,76',1,Cole Palmer
PL-2025,M-2025-22-03,E-2025-22-0005,Leeds United FC ,90+1',0,Lukas Nmecha
PL-2025,M-2025-22-04,E-2025-22-0006,FC Liverpool,32',-2,Dominik Szoboszlai
PL-2025,M-2025-22-04,E-2025-22-0007,FC Liverpool,42',0,Florian Wirtz
PL-2025,M-2025-22-04,E-2025-22-0008,FC Burnley,65',0,Marcus Edwards
PL-2025,M-2025-22-05,E-2025-22-0009,Crystal Palace FC,30',0,Yéremy Pino
PL-2025,M-2025-22-05,E-2025-22-0010,AFC Sunderland,33',0,Enzo Le Fée
PL-2025,M-2025-22-05,E-2025-22-0011,AFC Sunderland,71',0,Brian Brobbey
PL-2025,M-2025-22-06,E-2025-22-0012,West Ham United,15',0,Crysencio Summerville
PL-2025,M-2025-22-06,E-2025-22-0013,Tottenham Hotspur ,64',0,Cristian Romero
PL-2025,M-2025-22-06,E-2025-22-0014,West Ham United,90+3',0,Callum Wilson
PL-2025,M-2025-22-09,E-2025-22-0015,FC Everton,59',0,Thierno Barry
PL-2025,M-2025-22-10,E-2025-22-0016,AFC Bournemouth,32',1,Marcus Tavernier
PL-2025,M-2025-22-10,E-2025-22-0017,Brighton & Hove Albion,90+1',0,Charalampos Kostoulas
PL-2025,M-2025-23-01,E-2025-23-0001,West Ham United,14',0,Crysencio Summerville
PL-2025,M-2025-23-01,E-2025-23-0002,West Ham United,28',1,Jarrod Bowen
PL-2025,M-2025-23-01,E-2025-23-0003,West Ham United,43',0,Mateus Fernandes
PL-2025,M-2025-23-01,E-2025-23-0004,AFC Sunderland,66',0,Brian Brobbey
PL-2025,M-2025-23-02,E-2025-23-0005,Tottenham Hotspur ,38',0,Micky van de Ven
PL-2025,M-2025-23-02,E-2025-23-0006,FC Burnley,45',0,Axel Tuanzebe
PL-2025,M-2025-23-02,E-2025-23-0007,FC Burnley,76',0,Lyle Foster
PL-2025,M-2025-23-02,E-2025-23-0008,Tottenham Hotspur ,90',0,Cristian Romero
PL-2025,M-2025-23-03,E-2025-23-0009,Brighton & Hove Albion,28',0,Yasin Ayari
PL-2025,M-2025-23-03,E-2025-23-0010,FC Fulham,72',0,Samuel Chukwueze
PL-2025,M-2025-23-03,E-2025-23-0011,FC Fulham,90+2',0,Harry Wilson
PL-2025,M-2025-23-04,E-2025-23-0012,Manchester City FC,6',0,Omar Marmoush
PL-2025,M-2025-23-04,E-2025-23-0013,Manchester City FC,45+2',0,Antoine Semenyo
PL-2025,M-2025-23-05,E-2025-23-0014,AFC Bournemouth,26',0,Evanilson
PL-2025,M-2025-23-05,E-2025-23-0015,AFC Bournemouth,33',0,Álex Jiménez
PL-2025,M-2025-23-05,E-2025-23-0016,FC Liverpool,45',0,Virgil van Dijk
PL-2025,M-2025-23-05,E-2025-23-0017,FC Liverpool,80',0,Dominik Szoboszlai
PL-2025,M-2025-23-05,E-2025-23-0018,AFC Bournemouth,90+5',0,Amine Adli
PL-2025,M-2025-23-06,E-2025-23-0019,Nottingham Forest,12',0,Igor Jesus
PL-2025,M-2025-23-06,E-2025-23-0020,Nottingham Forest,79',0,Taiwo Awoniyi
PL-2025,M-2025-23-07,E-2025-23-0021,Chelsea FC,34',0,Estêvão
PL-2025,M-2025-23-07,E-2025-23-0022,Chelsea FC,50',0,João Pedro
PL-2025,M-2025-23-07,E-2025-23-0023,Chelsea FC,64',1,Enzo Fernández
PL-2025,M-2025-23-07,E-2025-23-0024,Crystal Palace FC,72',-1,Adam Wharton
PL-2025,M-2025-23-07,E-2025-23-0025,Crystal Palace FC,88',0,Chris Richards
PL-2025,M-2025-23-08,E-2025-23-0026,Aston Villa FC,19',0,Emiliano Buendía
PL-2025,M-2025-23-08,E-2025-23-0027,Aston Villa FC,88',0,Ollie Watkins
PL-2025,M-2025-23-09,E-2025-23-0028,FC Arsenal,29',2,Lisandro Martínez
PL-2025,M-2025-23-09,E-2025-23-0029,Manchester United FC,37',0,Bryan Mbeumo
PL-2025,M-2025-23-09,E-2025-23-0030,Manchester United FC,50',0,Patrick Dorgu
PL-2025,M-2025-23-09,E-2025-23-0031,FC Arsenal,84',0,Mikel Merino
PL-2025,M-2025-23-09,E-2025-23-0032,Manchester United FC,87',0,Matheus Cunha
PL-2025,M-2025-23-10,E-2025-23-0033,Leeds United FC ,28',0,James Justin
PL-2025,M-2025-23-10,E-2025-23-0034,FC Everton,76',0,Thierno Barry
PL-2025,M-2025-24-01,E-2025-24-0001,Brighton & Hove Albion,73',0,Pascal Groß
PL-2025,M-2025-24-01,E-2025-24-0002,FC Everton,90+7',0,Beto
PL-2025,M-2025-24-02,E-2025-24-0003,FC Arsenal,27',0,Martín Zubimendi
PL-2025,M-2025-24-02,E-2025-24-0004,FC Arsenal,38',0,Noni Madueke
PL-2025,M-2025-24-02,E-2025-24-0005,FC Arsenal,69',0,Viktor Gyökeres
PL-2025,M-2025-24-02,E-2025-24-0006,FC Arsenal,86',0,Gabriel Jesus
PL-2025,M-2025-24-03,E-2025-24-0007,AFC Bournemouth,33',0,Junior Kroupi
PL-2025,M-2025-24-03,E-2025-24-0008,AFC Bournemouth,90+1',0,Alex Scott
PL-2025,M-2025-24-04,E-2025-24-0009,West Ham United,7',0,Jarrod Bowen
PL-2025,M-2025-24-04,E-2025-24-0010,West Ham United,36',0,Crysencio Summerville
PL-2025,M-2025-24-04,E-2025-24-0011,Chelsea FC,57',0,João Pedro
PL-2025,M-2025-24-04,E-2025-24-0012,Chelsea FC,70',0,Marc Cucurella
PL-2025,M-2025-24-04,E-2025-24-0013,Chelsea FC,90+2',0,Enzo Fernández
PL-2025,M-2025-24-04,E-2025-24-0014,West Ham United,90+11',-1,Jean-Clair Todibo
PL-2025,M-2025-24-05,E-2025-24-0015,Newcastle United,36',0,Anthony Gordon
PL-2025,M-2025-24-05,E-2025-24-0016,FC Liverpool,41',0,Hugo Ekitiké
PL-2025,M-2025-24-05,E-2025-24-0017,FC Liverpool,43',0,Hugo Ekitiké
PL-2025,M-2025-24-05,E-2025-24-0018,FC Liverpool,67',0,Florian Wirtz
PL-2025,M-2025-24-05,E-2025-24-0019,FC Liverpool,90+3',0,Ibrahima Konaté
PL-2025,M-2025-24-06,E-2025-24-0020,Brentford FC,42',-1,Kevin Schade
PL-2025,M-2025-24-06,E-2025-24-0021,Brentford FC,45+1',0,Dango Ouattara
PL-2025,M-2025-24-07,E-2025-24-0022,Manchester United FC,19',0,Casemiro
PL-2025,M-2025-24-07,E-2025-24-0023,Manchester United FC,56',0,Matheus Cunha
PL-2025,M-2025-24-07,E-2025-24-0024,FC Fulham,85',1,Raúl Jiménez
PL-2025,M-2025-24-07,E-2025-24-0025,FC Fulham,90+1',0,Kevin
PL-2025,M-2025-24-07,E-2025-24-0026,Manchester United FC,90+4',0,Benjamin Sesko
PL-2025,M-2025-24-08,E-2025-24-0027,Nottingham Forest,5',0,Morgan Gibbs-White
PL-2025,M-2025-24-08,E-2025-24-0028,Nottingham Forest,45',-1,Neco Williams
PL-2025,M-2025-24-08,E-2025-24-0029,Crystal Palace FC,45+2',1,Ismaïla Sarr
PL-2025,M-2025-24-09,E-2025-24-0030,Manchester City FC,11',0,Rayan Cherki
PL-2025,M-2025-24-09,E-2025-24-0031,Manchester City FC,44',0,Antoine Semenyo
PL-2025,M-2025-24-09,E-2025-24-0032,Tottenham Hotspur ,53',0,Dominic Solanke
PL-2025,M-2025-24-09,E-2025-24-0033,Tottenham Hotspur ,70',0,Dominic Solanke
PL-2025,M-2025-24-10,E-2025-24-0034,AFC Sunderland,9',2,Axel Tuanzebe
PL-2025,M-2025-24-10,E-2025-24-0035,AFC Sunderland,32',0,Habib Diarra
PL-2025,M-2025-24-10,E-2025-24-0036,AFC Sunderland,72',0,Chemsdine Talbi
PL-2025,M-2025-25-01,E-2025-25-0001,Leeds United FC ,26',0,Jayden Bogle
PL-2025,M-2025-25-01,E-2025-25-0002,Leeds United FC ,30',0,Noah Okafor
PL-2025,M-2025-25-01,E-2025-25-0003,Leeds United FC ,49',0,Dominic Calvert-Lewin
PL-2025,M-2025-25-01,E-2025-25-0004,Nottingham Forest,86',0,Lorenzo Lucca
PL-2025,M-2025-25-02,E-2025-25-0005,Tottenham Hotspur ,29',-1,Cristian Romero
PL-2025,M-2025-25-02,E-2025-25-0006,Manchester United FC,38',0,Bryan Mbeumo
PL-2025,M-2025-25-02,E-2025-25-0007,Manchester United FC,81',0,Bruno Fernandes
PL-2025,M-2025-25-03,E-2025-25-0008,FC Arsenal,42',0,Martín Zubimendi
PL-2025,M-2025-25-03,E-2025-25-0009,FC Arsenal,66',0,Viktor Gyökeres
PL-2025,M-2025-25-03,E-2025-25-0010,FC Arsenal,90+3',0,Viktor Gyökeres
PL-2025,M-2025-25-04,E-2025-25-0011,Aston Villa FC,22',0,Morgan Rogers
PL-2025,M-2025-25-04,E-2025-25-0012,AFC Bournemouth,55',0,Rayan
PL-2025,M-2025-25-05,E-2025-25-0013,West Ham United,13',0,Crysencio Summerville
PL-2025,M-2025-25-05,E-2025-25-0014,West Ham United,26',0,Taty Castellanos
PL-2025,M-2025-25-06,E-2025-25-0015,FC Fulham,18',2,Vitaliy Mykolenko
PL-2025,M-2025-25-06,E-2025-25-0016,FC Everton,75',0,Kiernan Dewsbury-Hall
PL-2025,M-2025-25-06,E-2025-25-0017,FC Everton,83',2,Bernd Leno
PL-2025,M-2025-25-07,E-2025-25-0018,Chelsea FC,13',1,Cole Palmer
PL-2025,M-2025-25-07,E-2025-25-0019,Chelsea FC,35',1,Cole Palmer
PL-2025,M-2025-25-07,E-2025-25-0020,Chelsea FC,38',0,Cole Palmer
PL-2025,M-2025-25-07,E-2025-25-0021,Wolverhampton Wanderers,54',0,Tolu Arokodare
PL-2025,M-2025-25-08,E-2025-25-0022,Newcastle United,24',0,Sven Botman
PL-2025,M-2025-25-08,E-2025-25-0023,Brentford FC,37',0,Vitaly Janelt
PL-2025,M-2025-25-08,E-2025-25-0024,Brentford FC,45+2',1,Igor Thiago
PL-2025,M-2025-25-08,E-2025-25-0025,Newcastle United,79',1,Bruno Guimarães
PL-2025,M-2025-25-08,E-2025-25-0026,Brentford FC,85',0,Dango Ouattara
PL-2025,M-2025-25-09,E-2025-25-0027,Crystal Palace FC,61',0,Ismaïla Sarr
PL-2025,M-2025-25-10,E-2025-25-0028,FC Liverpool,74',0,Dominik Szoboszlai
PL-2025,M-2025-25-10,E-2025-25-0029,Manchester City FC,84',0,Bernardo Silva
PL-2025,M-2025-25-10,E-2025-25-0030,Manchester City FC,90+3',1,Erling Haaland
PL-2025,M-2025-25-10,E-2025-25-0031,FC Liverpool,90+13',-1,Dominik Szoboszlai
PL-2025,M-2025-26-01,E-2025-26-0001,Chelsea FC,24',0,João Pedro
PL-2025,M-2025-26-01,E-2025-26-0002,Chelsea FC,58',1,Cole Palmer
PL-2025,M-2025-26-01,E-2025-26-0003,Leeds United FC ,67',1,Lukas Nmecha
PL-2025,M-2025-26-01,E-2025-26-0004,Leeds United FC ,73',0,Noah Okafor
PL-2025,M-2025-26-02,E-2025-26-0005,FC Everton,42',1,Iliman Ndiaye
PL-2025,M-2025-26-02,E-2025-26-0006,AFC Bournemouth,61',0,Rayan
PL-2025,M-2025-26-02,E-2025-26-0007,AFC Bournemouth,64',0,Amine Adli
PL-2025,M-2025-26-02,E-2025-26-0008,FC Everton,69',-1,Jake O'Brien
PL-2025,M-2025-26-03,E-2025-26-0009,Newcastle United,45+5',0,Malick Thiaw
PL-2025,M-2025-26-03,E-2025-26-0010,Tottenham Hotspur ,64',0,Archie Gray
PL-2025,M-2025-26-03,E-2025-26-0011,Newcastle United,68',0,Jacob Ramsey
PL-2025,M-2025-26-04,E-2025-26-0012,West Ham United,50',0,Tomáš Souček
PL-2025,M-2025-26-04,E-2025-26-0013,Manchester United FC,90+6',0,Benjamin Sesko
PL-2025,M-2025-26-05,E-2025-26-0014,Aston Villa FC,86',2,Jack Hinshelwood
PL-2025,M-2025-26-06,E-2025-26-0015,Crystal Palace FC,17',0,Jørgen Strand Larsen
PL-2025,M-2025-26-06,E-2025-26-0016,Crystal Palace FC,33',0,Jørgen Strand Larsen
PL-2025,M-2025-26-06,E-2025-26-0017,FC Burnley,40',0,Hannibal
PL-2025,M-2025-26-06,E-2025-26-0018,FC Burnley,44',0,Jaidon Anthony
PL-2025,M-2025-26-06,E-2025-26-0019,FC Burnley,45+2',2,Jefferson Lerma
PL-2025,M-2025-26-07,E-2025-26-0020,Manchester City FC,24',0,Antoine Semenyo
PL-2025,M-2025-26-07,E-2025-26-0021,Manchester City FC,30',0,Nico O'Reilly
PL-2025,M-2025-26-07,E-2025-26-0022,Manchester City FC,39',0,Erling Haaland
PL-2025,M-2025-26-09,E-2025-26-0023,FC Liverpool,61',0,Virgil van Dijk
PL-2025,M-2025-26-10,E-2025-26-0024,FC Arsenal,61',0,Noni Madueke
PL-2025,M-2025-26-10,E-2025-26-0025,Brentford FC,71',0,Keane Lewis-Potter
PL-2025,M-2025-27-01,E-2025-27-0001,Leeds United FC ,31',0,Anton Stach
PL-2025,M-2025-27-01,E-2025-27-0002,Aston Villa FC,88',0,Tammy Abraham
PL-2025,M-2025-27-02,E-2025-27-0003,Brighton & Hove Albion,30',0,Diego Gómez
PL-2025,M-2025-27-02,E-2025-27-0004,Brighton & Hove Albion,45+1',0,Danny Welbeck
PL-2025,M-2025-27-03,E-2025-27-0005,Chelsea FC,4',0,João Pedro
PL-2025,M-2025-27-03,E-2025-27-0006,Chelsea FC,72',-1,Wesley Fofana
PL-2025,M-2025-27-03,E-2025-27-0007,FC Burnley,90+3',0,Zian Flemming
PL-2025,M-2025-27-05,E-2025-27-0008,Manchester City FC,14',0,Nico O'Reilly
PL-2025,M-2025-27-05,E-2025-27-0009,Newcastle United,22',0,Lewis Hall
PL-2025,M-2025-27-05,E-2025-27-0010,Manchester City FC,27',0,Nico O'Reilly
PL-2025,M-2025-27-06,E-2025-27-0011,Wolverhampton Wanderers,43',-2,Tolu Arokodare
PL-2025,M-2025-27-06,E-2025-27-0012,Wolverhampton Wanderers,61',-1,Ladislav Krejčí
PL-2025,M-2025-27-06,E-2025-27-0013,Crystal Palace FC,90',0,Evann Guessand
PL-2025,M-2025-27-07,E-2025-27-0014,FC Liverpool,90+7',0,Alexis Mac Allister
PL-2025,M-2025-27-08,E-2025-27-0015,FC Fulham,54',0,Raúl Jiménez
PL-2025,M-2025-27-08,E-2025-27-0016,FC Fulham,61',1,Raúl Jiménez
PL-2025,M-2025-27-08,E-2025-27-0017,AFC Sunderland,76',1,Enzo Le Fée
PL-2025,M-2025-27-08,E-2025-27-0018,FC Fulham,85',0,Alex Iwobi
PL-2025,M-2025-27-09,E-2025-27-0019,FC Arsenal,32',0,Eberechi Eze
PL-2025,M-2025-27-09,E-2025-27-0020,Tottenham Hotspur ,34',0,Randal Kolo Muani
PL-2025,M-2025-27-09,E-2025-27-0021,FC Arsenal,47',0,Viktor Gyökeres
PL-2025,M-2025-27-09,E-2025-27-0022,FC Arsenal,61',0,Eberechi Eze
PL-2025,M-2025-27-09,E-2025-27-0023,FC Arsenal,90+4',0,Viktor Gyökeres
PL-2025,M-2025-27-10,E-2025-27-0024,Manchester United FC,71',0,Benjamin Sesko
PL-2025,M-2025-28-01,E-2025-28-0001,Wolverhampton Wanderers,61',0,João Gomes
PL-2025,M-2025-28-01,E-2025-28-0002,Wolverhampton Wanderers,90+8',0,Rodrigo Gomes
PL-2025,M-2025-28-02,E-2025-28-0003,AFC Sunderland,18',0,Eliezer Mayenda
PL-2025,M-2025-28-02,E-2025-28-0004,AFC Bournemouth,63',0,Evanilson
PL-2025,M-2025-28-03,E-2025-28-0005,Brentford FC,9',0,Mikkel Damsgaard
PL-2025,M-2025-28-03,E-2025-28-0006,Brentford FC,25',0,Igor Thiago
PL-2025,M-2025-28-03,E-2025-28-0007,Brentford FC,34',0,Kevin Schade
PL-2025,M-2025-28-03,E-2025-28-0008,FC Burnley,45+3',2,Michael Kayode
PL-2025,M-2025-28-03,E-2025-28-0009,FC Burnley,47',0,Jaidon Anthony
PL-2025,M-2025-28-03,E-2025-28-0010,FC Burnley,60',0,Zian Flemming
PL-2025,M-2025-28-03,E-2025-28-0011,Brentford FC,90+3',0,Mikkel Damsgaard
PL-2025,M-2025-28-04,E-2025-28-0012,FC Liverpool,5',0,Hugo Ekitiké
PL-2025,M-2025-28-04,E-2025-28-0013,FC Liverpool,24',0,Virgil van Dijk
PL-2025,M-2025-28-04,E-2025-28-0014,FC Liverpool,43',0,Alexis Mac Allister
PL-2025,M-2025-28-04,E-2025-28-0015,West Ham United,49',0,Tomáš Souček
PL-2025,M-2025-28-04,E-2025-28-0016,FC Liverpool,70',0,Cody Gakpo
PL-2025,M-2025-28-04,E-2025-28-0017,West Ham United,75',0,Taty Castellanos
PL-2025,M-2025-28-04,E-2025-28-0018,FC Liverpool,82',2,Axel Disasi
PL-2025,M-2025-28-05,E-2025-28-0019,FC Everton,19',0,Jarrad Branthwaite
PL-2025,M-2025-28-05,E-2025-28-0020,Newcastle United,32',0,Jacob Ramsey
PL-2025,M-2025-28-05,E-2025-28-0021,FC Everton,34',0,Beto
PL-2025,M-2025-28-05,E-2025-28-0022,Newcastle United,82',0,Jacob Murphy
PL-2025,M-2025-28-05,E-2025-28-0023,FC Everton,83',0,Thierno Barry
PL-2025,M-2025-28-06,E-2025-28-0024,Manchester City FC,45+2',0,Antoine Semenyo
PL-2025,M-2025-28-07,E-2025-28-0025,Brighton & Hove Albion,6',0,Diego Gómez
PL-2025,M-2025-28-07,E-2025-28-0026,Nottingham Forest,13',0,Morgan Gibbs-White
PL-2025,M-2025-28-07,E-2025-28-0027,Brighton & Hove Albion,15',0,Danny Welbeck
PL-2025,M-2025-28-08,E-2025-28-0028,FC Fulham,7',0,Harry Wilson
PL-2025,M-2025-28-08,E-2025-28-0029,FC Fulham,34',0,Alex Iwobi
PL-2025,M-2025-28-08,E-2025-28-0030,Tottenham Hotspur ,66',0,Richarlison
PL-2025,M-2025-28-09,E-2025-28-0031,Crystal Palace FC,4',0,Maxence Lacroix
PL-2025,M-2025-28-09,E-2025-28-0032,Crystal Palace FC,56',-1,Maxence Lacroix
PL-2025,M-2025-28-09,E-2025-28-0033,Manchester United FC,57',1,Bruno Fernandes
PL-2025,M-2025-28-09,E-2025-28-0034,Manchester United FC,65',0,Benjamin Sesko
PL-2025,M-2025-28-10,E-2025-28-0035,FC Arsenal,21',0,William Saliba
PL-2025,M-2025-28-10,E-2025-28-0036,Chelsea FC,45+2',2,Piero Hincapié
PL-2025,M-2025-28-10,E-2025-28-0037,FC Arsenal,66',0,Jurriën Timber
PL-2025,M-2025-28-10,E-2025-28-0038,Chelsea FC,70',-1,Pedro Neto
PL-2025,M-2025-29-02,E-2025-29-0001,FC Everton,32',0,James Tarkowski
PL-2025,M-2025-29-02,E-2025-29-0002,FC Everton,60',0,Kiernan Dewsbury-Hall
PL-2025,M-2025-29-03,E-2025-29-0003,AFC Sunderland,70',1,Habib Diarra
PL-2025,M-2025-29-04,E-2025-29-0004,Wolverhampton Wanderers,78',0,Rodrigo Gomes
PL-2025,M-2025-29-04,E-2025-29-0005,FC Liverpool,83',0,Mohamed Salah
PL-2025,M-2025-29-04,E-2025-29-0006,Wolverhampton Wanderers,90+4',0,André
PL-2025,M-2025-29-05,E-2025-29-0007,Aston Villa FC,2',0,Douglas Luiz
PL-2025,M-2025-29-05,E-2025-29-0008,Chelsea FC,35',0,João Pedro
PL-2025,M-2025-29-05,E-2025-29-0009,Chelsea FC,45+6',0,João Pedro
PL-2025,M-2025-29-05,E-2025-29-0010,Chelsea FC,55',0,Cole Palmer
PL-2025,M-2025-29-05,E-2025-29-0011,Chelsea FC,64',0,João Pedro
PL-2025,M-2025-29-06,E-2025-29-0012,FC Arsenal,9',0,Bukayo Saka
PL-2025,M-2025-29-07,E-2025-29-0013,West Ham United,65',0,Crysencio Summerville
PL-2025,M-2025-29-08,E-2025-29-0014,Manchester City FC,31',0,Antoine Semenyo
PL-2025,M-2025-29-08,E-2025-29-0015,Nottingham Forest,56',0,Morgan Gibbs-White
PL-2025,M-2025-29-08,E-2025-29-0016,Manchester City FC,62',0,Rodri
PL-2025,M-2025-29-08,E-2025-29-0017,Nottingham Forest,76',0,Elliot Anderson
PL-2025,M-2025-29-09,E-2025-29-0018,Newcastle United,45+1',-1,Jacob Ramsey
PL-2025,M-2025-29-09,E-2025-29-0019,Newcastle United,45+6',1,Anthony Gordon
PL-2025,M-2025-29-09,E-2025-29-0020,Manchester United FC,45+9',0,Casemiro
PL-2025,M-2025-29-09,E-2025-29-0021,Newcastle United,90',0,William Osula
PL-2025,M-2025-29-10,E-2025-29-0022,Tottenham Hotspur ,34',0,Dominic Solanke
PL-2025,M-2025-29-10,E-2025-29-0023,Tottenham Hotspur ,38',-1,Micky van de Ven
PL-2025,M-2025-29-10,E-2025-29-0024,Crystal Palace FC,40',1,Ismaïla Sarr
PL-2025,M-2025-29-10,E-2025-29-0025,Crystal Palace FC,45+1',0,Jørgen Strand Larsen
PL-2025,M-2025-29-10,E-2025-29-0026,Crystal Palace FC,45+7',0,Ismaïla Sarr
PL-2025,M-2025-30-02,E-2025-30-0001,Brighton & Hove Albion,58',0,Yankuba Minteh
PL-2025,M-2025-30-03,E-2025-30-0002,FC Arsenal,89',0,Viktor Gyökeres
PL-2025,M-2025-30-03,E-2025-30-0003,FC Arsenal,90+7',0,Max Dowman
PL-2025,M-2025-30-04,E-2025-30-0004,Newcastle United,18',0,Anthony Gordon
PL-2025,M-2025-30-05,E-2025-30-0005,Manchester City FC,31',0,Bernardo Silva
PL-2025,M-2025-30-05,E-2025-30-0006,West Ham United,35',0,Konstantinos Mavropanos
PL-2025,M-2025-30-06,E-2025-30-0007,Leeds United FC ,45',-2,Dominic Calvert-Lewin
PL-2025,M-2025-30-06,E-2025-30-0008,Leeds United FC ,45+5',-1,Gabriel Gudmundsson
PL-2025,M-2025-30-07,E-2025-30-0009,Manchester United FC,53',0,Casemiro
PL-2025,M-2025-30-07,E-2025-30-0010,Aston Villa FC,64',0,Ross Barkley
PL-2025,M-2025-30-07,E-2025-30-0011,Manchester United FC,71',0,Matheus Cunha
PL-2025,M-2025-30-07,E-2025-30-0012,Manchester United FC,81',0,Benjamin Sesko
PL-2025,M-2025-30-09,E-2025-30-0013,FC Liverpool,18',0,Dominik Szoboszlai
PL-2025,M-2025-30-09,E-2025-30-0014,Tottenham Hotspur ,90',0,Richarlison
PL-2025,M-2025-30-10,E-2025-30-0015,Brentford FC,22',0,Michael Kayode
PL-2025,M-2025-30-10,E-2025-30-0016,Brentford FC,37',0,Igor Thiago
PL-2025,M-2025-30-10,E-2025-30-0017,Wolverhampton Wanderers,44',0,Adam Armstrong
PL-2025,M-2025-30-10,E-2025-30-0018,Wolverhampton Wanderers,77',0,Tolu Arokodare
PL-2025,M-2025-31-01,E-2025-31-0001,FC Arsenal,5',0,Bukayo Saka
PL-2025,M-2025-31-01,E-2025-31-0002,FC Arsenal,56',0,Piero Hincapié
PL-2025,M-2025-31-01,E-2025-31-0003,Wolverhampton Wanderers,61',0,Hugo Bueno
PL-2025,M-2025-31-01,E-2025-31-0004,Wolverhampton Wanderers,90+4',0,Tom Edozie
PL-2025,M-2025-31-02,E-2025-31-0005,Manchester United FC,61',1,Bruno Fernandes
PL-2025,M-2025-31-02,E-2025-31-0006,AFC Bournemouth,67',0,Ryan Christie
PL-2025,M-2025-31-02,E-2025-31-0007,Manchester United FC,71',2,James Hill
PL-2025,M-2025-31-02,E-2025-31-0008,Manchester United FC,78',-1,Harry Maguire
PL-2025,M-2025-31-02,E-2025-31-0009,AFC Bournemouth,81',1,Junior Kroupi
PL-2025,M-2025-31-03,E-2025-31-0010,Brighton & Hove Albion,14',0,Danny Welbeck
PL-2025,M-2025-31-03,E-2025-31-0011,FC Liverpool,30',0,Milos Kerkez
PL-2025,M-2025-31-03,E-2025-31-0012,Brighton & Hove Albion,56',0,Danny Welbeck
PL-2025,M-2025-31-04,E-2025-31-0013,FC Burnley,60',0,Zian Flemming
PL-2025,M-2025-31-04,E-2025-31-0014,FC Fulham,67',0,Josh King
PL-2025,M-2025-31-04,E-2025-31-0015,FC Fulham,73',0,Harry Wilson
PL-2025,M-2025-31-04,E-2025-31-0016,FC Burnley,90+3',-1,Josh Laurent
PL-2025,M-2025-31-04,E-2025-31-0017,FC Fulham,90+5',1,Raúl Jiménez
PL-2025,M-2025-31-05,E-2025-31-0018,FC Everton,33',0,Beto
PL-2025,M-2025-31-05,E-2025-31-0019,FC Everton,62',0,Beto
PL-2025,M-2025-31-05,E-2025-31-0020,FC Everton,76',0,Iliman Ndiaye
PL-2025,M-2025-31-07,E-2025-31-0021,Newcastle United,10',0,Anthony Gordon
PL-2025,M-2025-31-07,E-2025-31-0022,AFC Sunderland,57',0,Chemsdine Talbi
PL-2025,M-2025-31-07,E-2025-31-0023,AFC Sunderland,90',0,Brian Brobbey
PL-2025,M-2025-31-08,E-2025-31-0024,Aston Villa FC,15',0,John McGinn
PL-2025,M-2025-31-08,E-2025-31-0025,Aston Villa FC,68',0,Ollie Watkins
PL-2025,M-2025-31-09,E-2025-31-0026,Nottingham Forest,45',0,Igor Jesus
PL-2025,M-2025-31-09,E-2025-31-0027,Nottingham Forest,62',0,Morgan Gibbs-White
PL-2025,M-2025-31-09,E-2025-31-0028,Nottingham Forest,87',0,Taiwo Awoniyi
PL-2025,M-2025-31-10,E-2025-31-0029,Manchester City FC,32',0,Antoine Semenyo
PL-2025,M-2025-31-10,E-2025-31-0030,Manchester City FC,40',0,Omar Marmoush
PL-2025,M-2025-31-10,E-2025-31-0031,Manchester City FC,84',0,Savinho
PL-2025,M-2025-32-01,E-2025-32-0001,West Ham United,42',0,Konstantinos Mavropanos
PL-2025,M-2025-32-01,E-2025-32-0002,West Ham United,66',0,Taty Castellanos
PL-2025,M-2025-32-01,E-2025-32-0003,West Ham United,68',0,Taty Castellanos
PL-2025,M-2025-32-01,E-2025-32-0004,West Ham United,83',0,Konstantinos Mavropanos
PL-2025,M-2025-32-02,E-2025-32-0005,AFC Bournemouth,17',0,Junior Kroupi
PL-2025,M-2025-32-02,E-2025-32-0006,FC Arsenal,35',1,Viktor Gyökeres
PL-2025,M-2025-32-02,E-2025-32-0007,AFC Bournemouth,74',0,Alex Scott
PL-2025,M-2025-32-03,E-2025-32-0008,Brentford FC,3',1,Igor Thiago
PL-2025,M-2025-32-03,E-2025-32-0009,FC Everton,26',0,Beto
PL-2025,M-2025-32-03,E-2025-32-0010,Brentford FC,76',0,Igor Thiago
PL-2025,M-2025-32-03,E-2025-32-0011,FC Everton,90+1',0,Kiernan Dewsbury-Hall
PL-2025,M-2025-32-04,E-2025-32-0012,Brighton & Hove Albion,43',0,Mats Wieffer
PL-2025,M-2025-32-04,E-2025-32-0013,Brighton & Hove Albion,89',0,Mats Wieffer
PL-2025,M-2025-32-05,E-2025-32-0014,FC Liverpool,36',0,Rio Ngumoha
PL-2025,M-2025-32-05,E-2025-32-0015,FC Liverpool,40',0,Mohamed Salah
PL-2025,M-2025-32-06,E-2025-32-0016,Newcastle United,43',0,William Osula
PL-2025,M-2025-32-06,E-2025-32-0017,Crystal Palace FC,80',0,Jean-Philippe Mateta
PL-2025,M-2025-32-06,E-2025-32-0018,Crystal Palace FC,90+4',1,Jean-Philippe Mateta
PL-2025,M-2025-32-07,E-2025-32-0019,Aston Villa FC,23',2,Murillo
PL-2025,M-2025-32-07,E-2025-32-0020,Nottingham Forest,38',0,Neco Williams
PL-2025,M-2025-32-08,E-2025-32-0021,AFC Sunderland,61',0,Nordi Mukiele
PL-2025,M-2025-32-09,E-2025-32-0022,Manchester City FC,51',0,Nico O'Reilly
PL-2025,M-2025-32-09,E-2025-32-0023,Manchester City FC,57',0,Marc Guéhi
PL-2025,M-2025-32-09,E-2025-32-0024,Manchester City FC,68',0,Jérémy Doku
PL-2025,M-2025-32-10,E-2025-32-0025,Leeds United FC ,5',0,Noah Okafor
PL-2025,M-2025-32-10,E-2025-32-0026,Leeds United FC ,29',0,Noah Okafor
PL-2025,M-2025-32-10,E-2025-32-0027,Manchester United FC,56',-1,Lisandro Martínez
PL-2025,M-2025-32-10,E-2025-32-0028,Manchester United FC,69',0,Casemiro
PL-2025,M-2025-33-02,E-2025-33-0001,Leeds United FC ,18',0,James Justin
PL-2025,M-2025-33-02,E-2025-33-0002,Leeds United FC ,20',0,Noah Okafor
PL-2025,M-2025-33-02,E-2025-33-0003,Leeds United FC ,90+5',1,Dominic Calvert-Lewin
PL-2025,M-2025-33-03,E-2025-33-0004,AFC Bournemouth,32',0,Marcus Tavernier
PL-2025,M-2025-33-03,E-2025-33-0005,Newcastle United,68',0,William Osula
PL-2025,M-2025-33-03,E-2025-33-0006,AFC Bournemouth,85',0,Adrien Truffert
PL-2025,M-2025-33-04,E-2025-33-0007,Tottenham Hotspur ,39',0,Pedro Porro
PL-2025,M-2025-33-04,E-2025-33-0008,Brighton & Hove Albion,45+3',0,Kaoru Mitoma
PL-2025,M-2025-33-04,E-2025-33-0009,Tottenham Hotspur ,77',0,Xavi Simons
PL-2025,M-2025-33-04,E-2025-33-0010,Brighton & Hove Albion,90+5',0,Georginio Rutter
PL-2025,M-2025-33-05,E-2025-33-0011,Manchester United FC,43',0,Matheus Cunha
PL-2025,M-2025-33-06,E-2025-33-0012,Aston Villa FC,2',0,Ollie Watkins
PL-2025,M-2025-33-06,E-2025-33-0013,AFC Sunderland,9',0,Chris Rigg
PL-2025,M-2025-33-06,E-2025-33-0014,Aston Villa FC,36',0,Ollie Watkins
PL-2025,M-2025-33-06,E-2025-33-0015,Aston Villa FC,46',0,Morgan Rogers
PL-2025,M-2025-33-06,E-2025-33-0016,AFC Sunderland,86',0,Trai Hume
PL-2025,M-2025-33-06,E-2025-33-0017,AFC Sunderland,87',0,Wilson Isidor
PL-2025,M-2025-33-06,E-2025-33-0018,Aston Villa FC,90+3',0,Tammy Abraham
PL-2025,M-2025-33-07,E-2025-33-0019,FC Liverpool,29',0,Mohamed Salah
PL-2025,M-2025-33-07,E-2025-33-0020,FC Everton,54',0,Beto
PL-2025,M-2025-33-07,E-2025-33-0021,FC Liverpool,90+10',0,Virgil van Dijk
PL-2025,M-2025-33-08,E-2025-33-0022,FC Burnley,45+2',0,Zian Flemming
PL-2025,M-2025-33-08,E-2025-33-0023,Nottingham Forest,62',0,Morgan Gibbs-White
PL-2025,M-2025-33-08,E-2025-33-0024,Nottingham Forest,69',0,Morgan Gibbs-White
PL-2025,M-2025-33-08,E-2025-33-0025,Nottingham Forest,77',0,Morgan Gibbs-White
PL-2025,M-2025-33-08,E-2025-33-0026,Nottingham Forest,90+8',0,Igor Jesus
PL-2025,M-2025-33-09,E-2025-33-0027,Manchester City FC,16',0,Rayan Cherki
PL-2025,M-2025-33-09,E-2025-33-0028,FC Arsenal,18',0,Kai Havertz
PL-2025,M-2025-33-09,E-2025-33-0029,Manchester City FC,65',0,Erling Haaland
PL-2025,M-2025-34-01,E-2025-34-0001,Brighton & Hove Albion,3',0,Ferdi Kadıoğlu
PL-2025,M-2025-34-01,E-2025-34-0002,Brighton & Hove Albion,56',0,Jack Hinshelwood
PL-2025,M-2025-34-01,E-2025-34-0003,Brighton & Hove Albion,90+1',0,Danny Welbeck
PL-2025,M-2025-34-02,E-2025-34-0004,AFC Bournemouth,60',0,Junior Kroupi
PL-2025,M-2025-34-02,E-2025-34-0005,Leeds United FC ,68',2,James Hill
PL-2025,M-2025-34-02,E-2025-34-0006,AFC Bournemouth,85',0,Rayan
PL-2025,M-2025-34-02,E-2025-34-0007,Leeds United FC ,90+7',0,Sean Longstaff
PL-2025,M-2025-34-03,E-2025-34-0008,Manchester City FC,5',0,Erling Haaland
PL-2025,M-2025-34-04,E-2025-34-0009,Nottingham Forest,17',2,Trai Hume
PL-2025,M-2025-34-04,E-2025-34-0010,Nottingham Forest,31',0,Chris Wood
PL-2025,M-2025-34-04,E-2025-34-0011,Nottingham Forest,34',0,Morgan Gibbs-White
PL-2025,M-2025-34-04,E-2025-34-0012,Nottingham Forest,37',0,Igor Jesus
PL-2025,M-2025-34-04,E-2025-34-0013,Nottingham Forest,90+5',0,Elliot Anderson
PL-2025,M-2025-34-05,E-2025-34-0014,FC Fulham,43',0,Ryan Sessegnon
PL-2025,M-2025-34-06,E-2025-34-0015,FC Liverpool,35',0,Alexander Isak
PL-2025,M-2025-34-06,E-2025-34-0016,FC Liverpool,40',0,Andrew Robertson
PL-2025,M-2025-34-06,E-2025-34-0017,Crystal Palace FC,71',0,Daniel Muñoz
PL-2025,M-2025-34-06,E-2025-34-0018,FC Liverpool,90+6',0,Florian Wirtz
PL-2025,M-2025-34-07,E-2025-34-0019,West Ham United,51',0,Tomáš Souček
PL-2025,M-2025-34-07,E-2025-34-0020,FC Everton,88',0,Kiernan Dewsbury-Hall
PL-2025,M-2025-34-07,E-2025-34-0021,West Ham United,90+2',0,Callum Wilson
PL-2025,M-2025-34-08,E-2025-34-0022,Tottenham Hotspur ,82',0,João Palhinha
PL-2025,M-2025-34-09,E-2025-34-0023,FC Arsenal,9',0,Eberechi Eze
PL-2025,M-2025-34-10,E-2025-34-0024,Manchester United FC,11',0,Casemiro
PL-2025,M-2025-34-10,E-2025-34-0025,Manchester United FC,43',0,Benjamin Sesko
PL-2025,M-2025-34-10,E-2025-34-0026,Brentford FC,87',0,Mathias Jensen
PL-2025,M-2025-35-01,E-2025-35-0001,Leeds United FC ,8',0,Anton Stach
PL-2025,M-2025-35-01,E-2025-35-0002,Leeds United FC ,52',0,Noah Okafor
PL-2025,M-2025-35-01,E-2025-35-0003,Leeds United FC ,56',0,Dominic Calvert-Lewin
PL-2025,M-2025-35-01,E-2025-35-0004,FC Burnley,71',0,Loum Tchaouna
PL-2025,M-2025-35-02,E-2025-35-0005,Brentford FC,15',2,Konstantinos Mavropanos
PL-2025,M-2025-35-02,E-2025-35-0006,Brentford FC,54',1,Igor Thiago
PL-2025,M-2025-35-02,E-2025-35-0007,Brentford FC,82',0,Mikkel Damsgaard
PL-2025,M-2025-35-03,E-2025-35-0008,Newcastle United,12',0,William Osula
PL-2025,M-2025-35-03,E-2025-35-0009,Newcastle United,24',0,Dan Burn
PL-2025,M-2025-35-03,E-2025-35-0010,Brighton & Hove Albion,61',0,Jack Hinshelwood
PL-2025,M-2025-35-03,E-2025-35-0011,Newcastle United,90+5',0,Harvey Barnes
PL-2025,M-2025-35-04,E-2025-35-0012,AFC Sunderland,17',0,Nordi Mukiele
PL-2025,M-2025-35-04,E-2025-35-0013,AFC Sunderland,24',-1,Dan Ballard
PL-2025,M-2025-35-04,E-2025-35-0014,Wolverhampton Wanderers,54',0,Santiago Bueno
PL-2025,M-2025-35-05,E-2025-35-0015,FC Arsenal,9',0,Viktor Gyökeres
PL-2025,M-2025-35-05,E-2025-35-0016,FC Arsenal,40',0,Bukayo Saka
PL-2025,M-2025-35-05,E-2025-35-0017,FC Arsenal,45+4',0,Viktor Gyökeres
PL-2025,M-2025-35-06,E-2025-35-0018,AFC Bournemouth,10',2,Jefferson Lerma
PL-2025,M-2025-35-06,E-2025-35-0019,AFC Bournemouth,32',1,Junior Kroupi
PL-2025,M-2025-35-06,E-2025-35-0020,AFC Bournemouth,77',0,Rayan
PL-2025,M-2025-35-07,E-2025-35-0021,Manchester United FC,6',0,Matheus Cunha
PL-2025,M-2025-35-07,E-2025-35-0022,Manchester United FC,14',0,Benjamin Sesko
PL-2025,M-2025-35-07,E-2025-35-0023,FC Liverpool,47',0,Dominik Szoboszlai
PL-2025,M-2025-35-07,E-2025-35-0024,FC Liverpool,56',0,Cody Gakpo
PL-2025,M-2025-35-07,E-2025-35-0025,Manchester United FC,77',0,Kobbie Mainoo
PL-2025,M-2025-35-08,E-2025-35-0026,Tottenham Hotspur ,12',0,Conor Gallagher
PL-2025,M-2025-35-08,E-2025-35-0027,Tottenham Hotspur ,25',0,Richarlison
PL-2025,M-2025-35-08,E-2025-35-0028,Aston Villa FC,90+6',0,Emiliano Buendía
PL-2025,M-2025-35-09,E-2025-35-0029,Nottingham Forest,2',0,Taiwo Awoniyi
PL-2025,M-2025-35-09,E-2025-35-0030,Nottingham Forest,15',1,Igor Jesus
PL-2025,M-2025-35-09,E-2025-35-0031,Chelsea FC,45+10',-2,Cole Palmer
PL-2025,M-2025-35-09,E-2025-35-0032,Nottingham Forest,52',0,Taiwo Awoniyi
PL-2025,M-2025-35-09,E-2025-35-0033,Chelsea FC,90+3',0,João Pedro
PL-2025,M-2025-35-10,E-2025-35-0034,Manchester City FC,43',0,Jérémy Doku
PL-2025,M-2025-35-10,E-2025-35-0035,FC Everton,68',0,Thierno Barry
PL-2025,M-2025-35-10,E-2025-35-0036,FC Everton,73',0,Jake O'Brien
PL-2025,M-2025-35-10,E-2025-35-0037,FC Everton,81',0,Thierno Barry
PL-2025,M-2025-35-10,E-2025-35-0038,Manchester City FC,83',0,Erling Haaland
PL-2025,M-2025-35-10,E-2025-35-0039,Manchester City FC,90+7',0,Jérémy Doku
PL-2025,M-2025-36-01,E-2025-36-0001,FC Liverpool,6',0,Ryan Gravenberch
PL-2025,M-2025-36-01,E-2025-36-0002,Chelsea FC,35',0,Enzo Fernández
PL-2025,M-2025-36-02,E-2025-36-0003,Brighton & Hove Albion,1',0,Jack Hinshelwood
PL-2025,M-2025-36-02,E-2025-36-0004,Brighton & Hove Albion,5',0,Lewis Dunk
PL-2025,M-2025-36-02,E-2025-36-0005,Brighton & Hove Albion,86',0,Yankuba Minteh
PL-2025,M-2025-36-03,E-2025-36-0006,AFC Bournemouth,41',-1,Ryan Christie
PL-2025,M-2025-36-03,E-2025-36-0007,FC Fulham,45+7',-1,Joachim Andersen
PL-2025,M-2025-36-03,E-2025-36-0008,AFC Bournemouth,53',0,Rayan
PL-2025,M-2025-36-05,E-2025-36-0009,Manchester City FC,60',0,Jérémy Doku
PL-2025,M-2025-36-05,E-2025-36-0010,Manchester City FC,75',0,Erling Haaland
PL-2025,M-2025-36-05,E-2025-36-0011,Manchester City FC,90+2',0,Omar Marmoush
PL-2025,M-2025-36-06,E-2025-36-0012,FC Burnley,8',0,Jaidon Anthony
PL-2025,M-2025-36-06,E-2025-36-0013,Aston Villa FC,42',0,Ross Barkley
PL-2025,M-2025-36-06,E-2025-36-0014,Aston Villa FC,56',0,Ollie Watkins
PL-2025,M-2025-36-06,E-2025-36-0015,FC Burnley,58',0,Zian Flemming
PL-2025,M-2025-36-07,E-2025-36-0016,FC Everton,6',0,James Tarkowski
PL-2025,M-2025-36-07,E-2025-36-0017,Crystal Palace FC,34',0,Ismaïla Sarr
PL-2025,M-2025-36-07,E-2025-36-0018,FC Everton,47',0,Beto
PL-2025,M-2025-36-07,E-2025-36-0019,Crystal Palace FC,77',0,Jean-Philippe Mateta
PL-2025,M-2025-36-08,E-2025-36-0020,Newcastle United,74',0,Harvey Barnes
PL-2025,M-2025-36-08,E-2025-36-0021,Nottingham Forest,88',0,Elliot Anderson
PL-2025,M-2025-36-09,E-2025-36-0022,FC Arsenal,83',0,Leandro Trossard
PL-2025,M-2025-36-10,E-2025-36-0023,Tottenham Hotspur ,50',0,Mathys Tel
PL-2025,M-2025-36-10,E-2025-36-0024,Leeds United FC ,74',1,Dominic Calvert-Lewin
PL-2025,M-2025-37-01,E-2025-37-0001,Aston Villa FC,42',0,Morgan Rogers
PL-2025,M-2025-37-01,E-2025-37-0002,FC Liverpool,52',0,Virgil van Dijk
PL-2025,M-2025-37-01,E-2025-37-0003,Aston Villa FC,57',0,Ollie Watkins
PL-2025,M-2025-37-01,E-2025-37-0004,Aston Villa FC,73',0,Ollie Watkins
PL-2025,M-2025-37-01,E-2025-37-0005,Aston Villa FC,89',0,John McGinn
PL-2025,M-2025-37-01,E-2025-37-0006,FC Liverpool,90+2',0,Virgil van Dijk
PL-2025,M-2025-37-02,E-2025-37-0007,Manchester United FC,5',0,Luke Shaw
PL-2025,M-2025-37-02,E-2025-37-0008,Nottingham Forest,53',0,Morato
PL-2025,M-2025-37-02,E-2025-37-0009,Manchester United FC,55',0,Matheus Cunha
PL-2025,M-2025-37-02,E-2025-37-0010,Manchester United FC,76',0,Bryan Mbeumo
PL-2025,M-2025-37-02,E-2025-37-0011,Nottingham Forest,78',0,Morgan Gibbs-White
PL-2025,M-2025-37-03,E-2025-37-0012,Crystal Palace FC,6',1,Ismaïla Sarr
PL-2025,M-2025-37-03,E-2025-37-0013,Brentford FC,40',0,Dango Ouattara
PL-2025,M-2025-37-03,E-2025-37-0014,Crystal Palace FC,52',0,Adam Wharton
PL-2025,M-2025-37-03,E-2025-37-0015,Brentford FC,88',0,Dango Ouattara
PL-2025,M-2025-37-04,E-2025-37-0016,FC Everton,43',0,Merlin Röhl
PL-2025,M-2025-37-04,E-2025-37-0017,AFC Sunderland,59',0,Brian Brobbey
PL-2025,M-2025-37-04,E-2025-37-0018,AFC Sunderland,81',0,Enzo Le Fée
PL-2025,M-2025-37-04,E-2025-37-0019,AFC Sunderland,90+1',0,Wilson Isidor
PL-2025,M-2025-37-05,E-2025-37-0020,Leeds United FC ,90+6',0,Dominic Calvert-Lewin
PL-2025,M-2025-37-06,E-2025-37-0021,Wolverhampton Wanderers,25',0,Mateus Mané
PL-2025,M-2025-37-06,E-2025-37-0022,FC Fulham,45+3',1,Antonee Robinson
PL-2025,M-2025-37-07,E-2025-37-0023,Newcastle United,15',0,Nick Woltemade
PL-2025,M-2025-37-07,E-2025-37-0024,Newcastle United,19',0,William Osula
PL-2025,M-2025-37-07,E-2025-37-0025,Newcastle United,65',0,William Osula
PL-2025,M-2025-37-07,E-2025-37-0026,West Ham United,69',0,Taty Castellanos
PL-2025,M-2025-37-08,E-2025-37-0027,FC Arsenal,37',0,Kai Havertz
PL-2025,M-2025-37-09,E-2025-37-0028,AFC Bournemouth,39',0,Junior Kroupi
PL-2025,M-2025-37-09,E-2025-37-0029,Manchester City FC,90+5',0,Erling Haaland
PL-2025,M-2025-37-10,E-2025-37-0030,Chelsea FC,18',0,Enzo Fernández
PL-2025,M-2025-37-10,E-2025-37-0031,Chelsea FC,67',0,Andrey Santos
PL-2025,M-2025-37-10,E-2025-37-0032,Tottenham Hotspur ,74',0,Richarlison
PL-2025,M-2025-38-01,E-2025-38-0001,Manchester United FC,33',0,Patrick Dorgu
PL-2025,M-2025-38-01,E-2025-38-0002,Manchester United FC,44',0,Bryan Mbeumo
PL-2025,M-2025-38-01,E-2025-38-0003,Manchester United FC,48',0,Bruno Fernandes
PL-2025,M-2025-38-02,E-2025-38-0004,Wolverhampton Wanderers,5',1,Adam Armstrong
PL-2025,M-2025-38-02,E-2025-38-0005,FC Burnley,47',0,Zian Flemming
PL-2025,M-2025-38-03,E-2025-38-0006,FC Arsenal,42',0,Gabriel Jesus
PL-2025,M-2025-38-03,E-2025-38-0007,FC Arsenal,48',0,Noni Madueke
PL-2025,M-2025-38-03,E-2025-38-0008,Crystal Palace FC,89',0,Jean-Philippe Mateta
PL-2025,M-2025-38-04,E-2025-38-0009,FC Fulham,20',0,Issa Diop
PL-2025,M-2025-38-04,E-2025-38-0010,FC Fulham,80',0,Tom Cairney
PL-2025,M-2025-38-05,E-2025-38-0011,FC Liverpool,58',0,Curtis Jones
PL-2025,M-2025-38-05,E-2025-38-0012,Brentford FC,64',0,Kevin Schade
PL-2025,M-2025-38-06,E-2025-38-0013,Manchester City FC,23',0,Antoine Semenyo
PL-2025,M-2025-38-06,E-2025-38-0014,Aston Villa FC,47',0,Ollie Watkins
PL-2025,M-2025-38-06,E-2025-38-0015,Aston Villa FC,61',0,Ollie Watkins
PL-2025,M-2025-38-07,E-2025-38-0016,Nottingham Forest,34',0,Morgan Gibbs-White
PL-2025,M-2025-38-07,E-2025-38-0017,AFC Bournemouth,54',0,Marcus Tavernier
PL-2025,M-2025-38-08,E-2025-38-0018,AFC Sunderland,25',0,Trai Hume
PL-2025,M-2025-38-08,E-2025-38-0019,AFC Sunderland,50',2,Malo Gusto
PL-2025,M-2025-38-08,E-2025-38-0020,Chelsea FC,56',0,Cole Palmer
PL-2025,M-2025-38-08,E-2025-38-0021,Chelsea FC,62',-1,Wesley Fofana
PL-2025,M-2025-38-09,E-2025-38-0022,Tottenham Hotspur ,43',0,João Palhinha
PL-2025,M-2025-38-10,E-2025-38-0023,West Ham United,67',0,Taty Castellanos
PL-2025,M-2025-38-10,E-2025-38-0024,West Ham United,79',0,Jarrod Bowen
PL-2025,M-2025-38-10,E-2025-38-0025,West Ham United,90+4',0,Callum Wilson
