season_id,match_id,event_id,event_team,event_minute,event_type,event_player
GB1-2024,M-2024-01-01,E-2024-01-0001,Manchester United,87',1,Joshua Zirkzee
GB1-2024,M-2024-01-02,E-2024-01-0002,Liverpool FC,60',1,Diogo Jota
GB1-2024,M-2024-01-02,E-2024-01-0003,Liverpool FC,65',1,Mohamed Salah
GB1-2024,M-2024-01-03,E-2024-01-0004,Arsenal FC,25',1,Kai Havertz
GB1-2024,M-2024-01-03,E-2024-01-0005,Arsenal FC,74',1,Bukayo Saka
GB1-2024,M-2024-01-04,E-2024-01-0006,Brighton & Hove Albion,25',1,Kaoru Mitoma
GB1-2024,M-2024-01-04,E-2024-01-0007,Brighton & Hove Albion,56',1,Danny Welbeck
GB1-2024,M-2024-01-04,E-2024-01-0008,Everton FC,66',-2,Ashley Young
GB1-2024,M-2024-01-04,E-2024-01-0009,Brighton & Hove Albion,86',1,Simon Adingra
GB1-2024,M-2024-01-05,E-2024-01-0010,Newcastle United,28',-2,Fabian Schär
GB1-2024,M-2024-01-05,E-2024-01-0011,Newcastle United,45',1,Joelinton
GB1-2024,M-2024-01-06,E-2024-01-0012,Nottingham Forest,23',1,Chris Wood
GB1-2024,M-2024-01-06,E-2024-01-0013,AFC Bournemouth,86',1,Antoine Semenyo
GB1-2024,M-2024-01-07,E-2024-01-0014,Aston Villa,4',1,Amadou Onana
GB1-2024,M-2024-01-07,E-2024-01-0015,West Ham United,37',2,Lucas Paquetá
GB1-2024,M-2024-01-07,E-2024-01-0016,Aston Villa,79',1,Jhon Durán
GB1-2024,M-2024-01-08,E-2024-01-0017,Brentford FC,29',1,Bryan Mbeumo
GB1-2024,M-2024-01-08,E-2024-01-0018,Crystal Palace,56',3,Ethan Pinnock
GB1-2024,M-2024-01-08,E-2024-01-0019,Brentford FC,76',1,Yoane Wissa
GB1-2024,M-2024-01-09,E-2024-01-0020,Manchester City,18',1,Erling Haaland
GB1-2024,M-2024-01-09,E-2024-01-0021,Manchester City,84',1,Mateo Kovacic
GB1-2024,M-2024-01-10,E-2024-01-0022,Tottenham Hotspur,29',1,Pedro Porro
GB1-2024,M-2024-01-10,E-2024-01-0023,Leicester City,57',1,Jamie Vardy
GB1-2024,M-2024-02-01,E-2024-02-0001,Brighton & Hove Albion,32',1,Danny Welbeck
GB1-2024,M-2024-02-01,E-2024-02-0002,Manchester United,60',1,Amad Diallo
GB1-2024,M-2024-02-01,E-2024-02-0003,Brighton & Hove Albion,90+5',1,João Pedro
GB1-2024,M-2024-02-02,E-2024-02-0004,West Ham United,67',1,Tomáš Souček
GB1-2024,M-2024-02-02,E-2024-02-0005,West Ham United,72',1,Jarrod Bowen
GB1-2024,M-2024-02-03,E-2024-02-0006,Fulham FC,18',1,Emile Smith Rowe
GB1-2024,M-2024-02-03,E-2024-02-0007,Leicester City,38',1,Wout Faes
GB1-2024,M-2024-02-03,E-2024-02-0008,Fulham FC,70',1,Alex Iwobi
GB1-2024,M-2024-02-04,E-2024-02-0009,Ipswich Town,7',1,Sammie Szmodics
GB1-2024,M-2024-02-04,E-2024-02-0010,Manchester City,12',2,Erling Haaland
GB1-2024,M-2024-02-04,E-2024-02-0011,Manchester City,14',1,Kevin De Bruyne
GB1-2024,M-2024-02-04,E-2024-02-0012,Manchester City,16',1,Erling Haaland
GB1-2024,M-2024-02-04,E-2024-02-0013,Manchester City,88',1,Erling Haaland
GB1-2024,M-2024-02-05,E-2024-02-0014,Nottingham Forest,70',1,Morgan Gibbs-White
GB1-2024,M-2024-02-06,E-2024-02-0015,Tottenham Hotspur,14',1,Yves Bissouma
GB1-2024,M-2024-02-06,E-2024-02-0016,Tottenham Hotspur,25',1,Heung-min Son
GB1-2024,M-2024-02-06,E-2024-02-0017,Tottenham Hotspur,71',1,Cristian Romero
GB1-2024,M-2024-02-06,E-2024-02-0018,Tottenham Hotspur,77',1,Heung-min Son
GB1-2024,M-2024-02-07,E-2024-02-0019,Arsenal FC,67',1,Leandro Trossard
GB1-2024,M-2024-02-07,E-2024-02-0020,Arsenal FC,77',1,Thomas Partey
GB1-2024,M-2024-02-08,E-2024-02-0021,AFC Bournemouth,37',1,Marcus Tavernier
GB1-2024,M-2024-02-08,E-2024-02-0022,Newcastle United,76',1,Anthony Gordon
GB1-2024,M-2024-02-09,E-2024-02-0023,Chelsea FC,2',1,Nicolas Jackson
GB1-2024,M-2024-02-09,E-2024-02-0024,Wolverhampton Wanderers,27',1,Matheus Cunha
GB1-2024,M-2024-02-09,E-2024-02-0025,Chelsea FC,45',1,Cole Palmer
GB1-2024,M-2024-02-09,E-2024-02-0026,Wolverhampton Wanderers,45+6',1,Jørgen Strand Larsen
GB1-2024,M-2024-02-09,E-2024-02-0027,Chelsea FC,49',1,Noni Madueke
GB1-2024,M-2024-02-09,E-2024-02-0028,Chelsea FC,58',1,Noni Madueke
GB1-2024,M-2024-02-09,E-2024-02-0029,Chelsea FC,63',1,Noni Madueke
GB1-2024,M-2024-02-09,E-2024-02-0030,Chelsea FC,80',1,João Félix
GB1-2024,M-2024-02-10,E-2024-02-0031,Liverpool FC,13',1,Luis Díaz
GB1-2024,M-2024-02-10,E-2024-02-0032,Liverpool FC,70',1,Mohamed Salah
GB1-2024,M-2024-03-01,E-2024-03-0001,Arsenal FC,38',1,Kai Havertz
GB1-2024,M-2024-03-01,E-2024-03-0002,Arsenal FC,49',-3,Declan Rice
GB1-2024,M-2024-03-01,E-2024-03-0003,Brighton & Hove Albion,58',1,João Pedro
GB1-2024,M-2024-03-02,E-2024-03-0004,Brentford FC,43',1,Bryan Mbeumo
GB1-2024,M-2024-03-02,E-2024-03-0005,Brentford FC,65',1,Bryan Mbeumo
GB1-2024,M-2024-03-02,E-2024-03-0006,Brentford FC,69',1,Yoane Wissa
GB1-2024,M-2024-03-02,E-2024-03-0007,Southampton FC,90+4',1,Yukinari Sugawara
GB1-2024,M-2024-03-03,E-2024-03-0008,Everton FC,50',1,Michael Keane
GB1-2024,M-2024-03-03,E-2024-03-0009,Everton FC,57',1,Dominic Calvert-Lewin
GB1-2024,M-2024-03-03,E-2024-03-0010,AFC Bournemouth,87',1,Antoine Semenyo
GB1-2024,M-2024-03-03,E-2024-03-0011,AFC Bournemouth,90+2',1,Lewis Cook
GB1-2024,M-2024-03-03,E-2024-03-0012,AFC Bournemouth,90+6',1,Luis Sinisterra
GB1-2024,M-2024-03-04,E-2024-03-0013,Ipswich Town,15',1,Liam Delap
GB1-2024,M-2024-03-04,E-2024-03-0014,Fulham FC,32',1,Adama Traoré
GB1-2024,M-2024-03-05,E-2024-03-0015,Aston Villa,28',1,Amadou Onana
GB1-2024,M-2024-03-05,E-2024-03-0016,Aston Villa,63',1,Jhon Durán
GB1-2024,M-2024-03-05,E-2024-03-0017,Leicester City,73',1,Facundo Buonanotte
GB1-2024,M-2024-03-06,E-2024-03-0018,Nottingham Forest,10',1,Chris Wood
GB1-2024,M-2024-03-06,E-2024-03-0019,Wolverhampton Wanderers,12',1,Jean-Ricner Bellegarde
GB1-2024,M-2024-03-07,E-2024-03-0020,Manchester City,10',1,Erling Haaland
GB1-2024,M-2024-03-07,E-2024-03-0021,West Ham United,19',3,Rúben Dias
GB1-2024,M-2024-03-07,E-2024-03-0022,Manchester City,30',1,Erling Haaland
GB1-2024,M-2024-03-07,E-2024-03-0023,Manchester City,83',1,Erling Haaland
GB1-2024,M-2024-03-08,E-2024-03-0024,Chelsea FC,25',1,Nicolas Jackson
GB1-2024,M-2024-03-08,E-2024-03-0025,Crystal Palace,53',1,Eberechi Eze
GB1-2024,M-2024-03-09,E-2024-03-0026,Newcastle United,37',1,Harvey Barnes
GB1-2024,M-2024-03-09,E-2024-03-0027,Tottenham Hotspur,56',3,Dan Burn
GB1-2024,M-2024-03-09,E-2024-03-0028,Newcastle United,78',1,Alexander Isak
GB1-2024,M-2024-03-10,E-2024-03-0029,Liverpool FC,35',1,Luis Díaz
GB1-2024,M-2024-03-10,E-2024-03-0030,Liverpool FC,42',1,Luis Díaz
GB1-2024,M-2024-03-10,E-2024-03-0031,Liverpool FC,56',1,Mohamed Salah
GB1-2024,M-2024-04-01,E-2024-04-0001,Southampton FC,33',-1,Cameron Archer
GB1-2024,M-2024-04-01,E-2024-04-0002,Manchester United,35',1,Matthijs de Ligt
GB1-2024,M-2024-04-01,E-2024-04-0003,Manchester United,41',1,Marcus Rashford
GB1-2024,M-2024-04-01,E-2024-04-0004,Southampton FC,79',-2,Jack Stephens
GB1-2024,M-2024-04-01,E-2024-04-0005,Manchester United,90+6',1,Alejandro Garnacho
GB1-2024,M-2024-04-03,E-2024-04-0006,Leicester City,21',1,Jamie Vardy
GB1-2024,M-2024-04-03,E-2024-04-0007,Leicester City,46',1,Stephy Mavididi
GB1-2024,M-2024-04-03,E-2024-04-0008,Crystal Palace,47',1,Jean-Philippe Mateta
GB1-2024,M-2024-04-03,E-2024-04-0009,Crystal Palace,90+2',2,Jean-Philippe Mateta
GB1-2024,M-2024-04-04,E-2024-04-0010,Fulham FC,24',1,Raúl Jiménez
GB1-2024,M-2024-04-04,E-2024-04-0011,West Ham United,90+5',1,Danny Ings
GB1-2024,M-2024-04-05,E-2024-04-0012,Nottingham Forest,72',1,Callum Hudson-Odoi
GB1-2024,M-2024-04-06,E-2024-04-0013,Brentford FC,1',1,Yoane Wissa
GB1-2024,M-2024-04-06,E-2024-04-0014,Manchester City,19',1,Erling Haaland
GB1-2024,M-2024-04-06,E-2024-04-0015,Manchester City,32',1,Erling Haaland
GB1-2024,M-2024-04-07,E-2024-04-0016,Everton FC,16',1,Dwight McNeil
GB1-2024,M-2024-04-07,E-2024-04-0017,Everton FC,27',1,Dominic Calvert-Lewin
GB1-2024,M-2024-04-07,E-2024-04-0018,Aston Villa,36',1,Ollie Watkins
GB1-2024,M-2024-04-07,E-2024-04-0019,Aston Villa,58',1,Ollie Watkins
GB1-2024,M-2024-04-07,E-2024-04-0020,Aston Villa,76',1,Jhon Durán
GB1-2024,M-2024-04-08,E-2024-04-0021,AFC Bournemouth,38',-1,Evanilson
GB1-2024,M-2024-04-08,E-2024-04-0022,Chelsea FC,86',1,Christopher Nkunku
GB1-2024,M-2024-04-09,E-2024-04-0023,Arsenal FC,64',1,Gabriel
GB1-2024,M-2024-04-10,E-2024-04-0024,Wolverhampton Wanderers,36',1,Mario Lemina
GB1-2024,M-2024-04-10,E-2024-04-0025,Newcastle United,75',1,Fabian Schär
GB1-2024,M-2024-04-10,E-2024-04-0026,Newcastle United,80',1,Harvey Barnes
GB1-2024,M-2024-05-01,E-2024-05-0001,Chelsea FC,4',1,Nicolas Jackson
GB1-2024,M-2024-05-01,E-2024-05-0002,Chelsea FC,18',1,Nicolas Jackson
GB1-2024,M-2024-05-01,E-2024-05-0003,Chelsea FC,47',1,Cole Palmer
GB1-2024,M-2024-05-02,E-2024-05-0004,Wolverhampton Wanderers,25',1,Matheus Cunha
GB1-2024,M-2024-05-02,E-2024-05-0005,Aston Villa,73',1,Ollie Watkins
GB1-2024,M-2024-05-02,E-2024-05-0006,Aston Villa,88',1,Ezri Konsa
GB1-2024,M-2024-05-02,E-2024-05-0007,Aston Villa,90+4',1,Jhon Durán
GB1-2024,M-2024-05-03,E-2024-05-0008,Fulham FC,5',1,Raúl Jiménez
GB1-2024,M-2024-05-03,E-2024-05-0009,Fulham FC,22',1,Emile Smith Rowe
GB1-2024,M-2024-05-03,E-2024-05-0010,Newcastle United,46',1,Harvey Barnes
GB1-2024,M-2024-05-03,E-2024-05-0011,Fulham FC,90+2',1,Reiss Nelson
GB1-2024,M-2024-05-04,E-2024-05-0012,Everton FC,12',1,Iliman Ndiaye
GB1-2024,M-2024-05-04,E-2024-05-0013,Leicester City,73',1,Stephy Mavididi
GB1-2024,M-2024-05-05,E-2024-05-0014,Liverpool FC,26',1,Luis Díaz
GB1-2024,M-2024-05-05,E-2024-05-0015,Liverpool FC,28',1,Luis Díaz
GB1-2024,M-2024-05-05,E-2024-05-0016,Liverpool FC,37',1,Darwin Núñez
GB1-2024,M-2024-05-06,E-2024-05-0017,Southampton FC,5',1,Tyler Dibling
GB1-2024,M-2024-05-06,E-2024-05-0018,Ipswich Town,90+5',1,Sam Morsy
GB1-2024,M-2024-05-07,E-2024-05-0019,Brentford FC,1',1,Bryan Mbeumo
GB1-2024,M-2024-05-07,E-2024-05-0020,Tottenham Hotspur,8',1,Dominic Solanke
GB1-2024,M-2024-05-07,E-2024-05-0021,Tottenham Hotspur,28',1,Brennan Johnson
GB1-2024,M-2024-05-07,E-2024-05-0022,Tottenham Hotspur,85',1,James Maddison
GB1-2024,M-2024-05-09,E-2024-05-0023,Nottingham Forest,13',2,Chris Wood
GB1-2024,M-2024-05-09,E-2024-05-0024,Brighton & Hove Albion,42',1,Jack Hinshelwood
GB1-2024,M-2024-05-09,E-2024-05-0025,Brighton & Hove Albion,45',1,Danny Welbeck
GB1-2024,M-2024-05-09,E-2024-05-0026,Nottingham Forest,70',1,Ramón Sosa
GB1-2024,M-2024-05-09,E-2024-05-0027,Nottingham Forest,83',-3,Morgan Gibbs-White
GB1-2024,M-2024-05-10,E-2024-05-0028,Manchester City,9',1,Erling Haaland
GB1-2024,M-2024-05-10,E-2024-05-0029,Arsenal FC,22',1,Riccardo Calafiori
GB1-2024,M-2024-05-10,E-2024-05-0030,Arsenal FC,45+1',1,Gabriel
GB1-2024,M-2024-05-10,E-2024-05-0031,Arsenal FC,45+8',-3,Leandro Trossard
GB1-2024,M-2024-05-10,E-2024-05-0032,Manchester City,90+8',1,John Stones
GB1-2024,M-2024-06-01,E-2024-06-0001,Manchester City,35',1,Josko Gvardiol
GB1-2024,M-2024-06-01,E-2024-06-0002,Newcastle United,58',2,Anthony Gordon
GB1-2024,M-2024-06-02,E-2024-06-0003,Arsenal FC,20',1,Gabriel Martinelli
GB1-2024,M-2024-06-02,E-2024-06-0004,Arsenal FC,45+1',1,Leandro Trossard
GB1-2024,M-2024-06-02,E-2024-06-0005,Leicester City,47',1,James Justin
GB1-2024,M-2024-06-02,E-2024-06-0006,Leicester City,63',1,James Justin
GB1-2024,M-2024-06-02,E-2024-06-0007,Arsenal FC,90+4',3,Wilfred Ndidi
GB1-2024,M-2024-06-02,E-2024-06-0008,Arsenal FC,90+9',1,Kai Havertz
GB1-2024,M-2024-06-03,E-2024-06-0009,Brentford FC,1',1,Bryan Mbeumo
GB1-2024,M-2024-06-03,E-2024-06-0010,West Ham United,54',1,Tomáš Souček
GB1-2024,M-2024-06-04,E-2024-06-0011,Brighton & Hove Albion,7',1,Georginio Rutter
GB1-2024,M-2024-06-04,E-2024-06-0012,Chelsea FC,21',1,Cole Palmer
GB1-2024,M-2024-06-04,E-2024-06-0013,Chelsea FC,28',2,Cole Palmer
GB1-2024,M-2024-06-04,E-2024-06-0014,Chelsea FC,31',1,Cole Palmer
GB1-2024,M-2024-06-04,E-2024-06-0015,Brighton & Hove Albion,34',1,Carlos Baleba
GB1-2024,M-2024-06-04,E-2024-06-0016,Chelsea FC,41',1,Cole Palmer
GB1-2024,M-2024-06-05,E-2024-06-0017,Crystal Palace,10',1,Marc Guéhi
GB1-2024,M-2024-06-05,E-2024-06-0018,Everton FC,47',1,Dwight McNeil
GB1-2024,M-2024-06-05,E-2024-06-0019,Everton FC,54',1,Dwight McNeil
GB1-2024,M-2024-06-06,E-2024-06-0020,Fulham FC,51',2,Raúl Jiménez
GB1-2024,M-2024-06-07,E-2024-06-0021,Liverpool FC,45+2',1,Ibrahima Konaté
GB1-2024,M-2024-06-07,E-2024-06-0022,Wolverhampton Wanderers,56',1,Rayan Aït-Nouri
GB1-2024,M-2024-06-07,E-2024-06-0023,Liverpool FC,61',2,Mohamed Salah
GB1-2024,M-2024-06-08,E-2024-06-0024,Ipswich Town,8',1,Liam Delap
GB1-2024,M-2024-06-08,E-2024-06-0025,Aston Villa,15',1,Morgan Rogers
GB1-2024,M-2024-06-08,E-2024-06-0026,Aston Villa,32',1,Ollie Watkins
GB1-2024,M-2024-06-08,E-2024-06-0027,Ipswich Town,72',1,Liam Delap
GB1-2024,M-2024-06-09,E-2024-06-0028,Tottenham Hotspur,3',1,Brennan Johnson
GB1-2024,M-2024-06-09,E-2024-06-0029,Manchester United,42',-2,Bruno Fernandes
GB1-2024,M-2024-06-09,E-2024-06-0030,Tottenham Hotspur,47',1,Dejan Kulusevski
GB1-2024,M-2024-06-09,E-2024-06-0031,Tottenham Hotspur,77',1,Dominic Solanke
GB1-2024,M-2024-06-10,E-2024-06-0032,AFC Bournemouth,17',1,Evanilson
GB1-2024,M-2024-06-10,E-2024-06-0033,AFC Bournemouth,32',1,Dango Ouattara
GB1-2024,M-2024-06-10,E-2024-06-0034,AFC Bournemouth,39',1,Antoine Semenyo
GB1-2024,M-2024-06-10,E-2024-06-0035,Southampton FC,51',1,Taylor Harwood-Bellis
GB1-2024,M-2024-07-01,E-2024-07-0001,Liverpool FC,9',1,Diogo Jota
GB1-2024,M-2024-07-02,E-2024-07-0002,Southampton FC,55',1,Cameron Archer
GB1-2024,M-2024-07-02,E-2024-07-0003,Arsenal FC,58',1,Kai Havertz
GB1-2024,M-2024-07-02,E-2024-07-0004,Arsenal FC,68',1,Gabriel Martinelli
GB1-2024,M-2024-07-02,E-2024-07-0005,Arsenal FC,88',1,Bukayo Saka
GB1-2024,M-2024-07-03,E-2024-07-0006,Brentford FC,2',1,Nathan Collins
GB1-2024,M-2024-07-03,E-2024-07-0007,Wolverhampton Wanderers,4',1,Matheus Cunha
GB1-2024,M-2024-07-03,E-2024-07-0008,Brentford FC,20',2,Bryan Mbeumo
GB1-2024,M-2024-07-03,E-2024-07-0009,Wolverhampton Wanderers,26',1,Jørgen Strand Larsen
GB1-2024,M-2024-07-03,E-2024-07-0010,Brentford FC,28',1,Christian Nørgaard
GB1-2024,M-2024-07-03,E-2024-07-0011,Brentford FC,45+2',1,Ethan Pinnock
GB1-2024,M-2024-07-03,E-2024-07-0012,Brentford FC,90',1,Fábio Carvalho
GB1-2024,M-2024-07-03,E-2024-07-0013,Wolverhampton Wanderers,90+3',1,Rayan Aït-Nouri
GB1-2024,M-2024-07-04,E-2024-07-0014,Leicester City,16',1,Facundo Buonanotte
GB1-2024,M-2024-07-05,E-2024-07-0015,Fulham FC,26',1,Andreas Pereira
GB1-2024,M-2024-07-05,E-2024-07-0016,Manchester City,32',1,Mateo Kovacic
GB1-2024,M-2024-07-05,E-2024-07-0017,Manchester City,47',1,Mateo Kovacic
GB1-2024,M-2024-07-05,E-2024-07-0018,Manchester City,82',1,Jérémy Doku
GB1-2024,M-2024-07-05,E-2024-07-0019,Fulham FC,88',1,Rodrigo Muniz
GB1-2024,M-2024-07-06,E-2024-07-0020,West Ham United,1',1,Michail Antonio
GB1-2024,M-2024-07-06,E-2024-07-0021,Ipswich Town,6',1,Liam Delap
GB1-2024,M-2024-07-06,E-2024-07-0022,West Ham United,43',1,Mohammed Kudus
GB1-2024,M-2024-07-06,E-2024-07-0023,West Ham United,49',1,Jarrod Bowen
GB1-2024,M-2024-07-06,E-2024-07-0024,West Ham United,69',1,Lucas Paquetá
GB1-2024,M-2024-07-07,E-2024-07-0025,Newcastle United,35',-1,Anthony Gordon
GB1-2024,M-2024-07-09,E-2024-07-0026,Nottingham Forest,49',1,Chris Wood
GB1-2024,M-2024-07-09,E-2024-07-0027,Chelsea FC,57',1,Noni Madueke
GB1-2024,M-2024-07-09,E-2024-07-0028,Nottingham Forest,78',-3,James Ward-Prowse
GB1-2024,M-2024-07-10,E-2024-07-0029,Tottenham Hotspur,23',1,Brennan Johnson
GB1-2024,M-2024-07-10,E-2024-07-0030,Tottenham Hotspur,37',1,James Maddison
GB1-2024,M-2024-07-10,E-2024-07-0031,Brighton & Hove Albion,48',1,Yankuba Minteh
GB1-2024,M-2024-07-10,E-2024-07-0032,Brighton & Hove Albion,58',1,Georginio Rutter
GB1-2024,M-2024-07-10,E-2024-07-0033,Brighton & Hove Albion,66',1,Danny Welbeck
GB1-2024,M-2024-08-01,E-2024-08-0001,West Ham United,18',1,Mohammed Kudus
GB1-2024,M-2024-08-01,E-2024-08-0002,Tottenham Hotspur,36',1,Dejan Kulusevski
GB1-2024,M-2024-08-01,E-2024-08-0003,Tottenham Hotspur,52',1,Yves Bissouma
GB1-2024,M-2024-08-01,E-2024-08-0004,Tottenham Hotspur,55',3,Alphonse Areola
GB1-2024,M-2024-08-01,E-2024-08-0005,Tottenham Hotspur,60',1,Heung-min Son
GB1-2024,M-2024-08-01,E-2024-08-0006,West Ham United,86',-2,Mohammed Kudus
GB1-2024,M-2024-08-02,E-2024-08-0007,Fulham FC,5',1,Raúl Jiménez
GB1-2024,M-2024-08-02,E-2024-08-0008,Aston Villa,9',1,Morgan Rogers
GB1-2024,M-2024-08-02,E-2024-08-0009,Fulham FC,27',-1,Andreas Pereira
GB1-2024,M-2024-08-02,E-2024-08-0010,Aston Villa,59',1,Ollie Watkins
GB1-2024,M-2024-08-02,E-2024-08-0011,Fulham FC,64',-2,Joachim Andersen
GB1-2024,M-2024-08-02,E-2024-08-0012,Aston Villa,69',3,Issa Diop
GB1-2024,M-2024-08-02,E-2024-08-0013,Aston Villa,90+3',-3,Jaden Philogene
GB1-2024,M-2024-08-03,E-2024-08-0014,Brentford FC,45+5',1,Ethan Pinnock
GB1-2024,M-2024-08-03,E-2024-08-0015,Manchester United,47',1,Alejandro Garnacho
GB1-2024,M-2024-08-03,E-2024-08-0016,Manchester United,62',1,Rasmus Højlund
GB1-2024,M-2024-08-04,E-2024-08-0017,Brighton & Hove Albion,35',1,Danny Welbeck
GB1-2024,M-2024-08-05,E-2024-08-0018,Southampton FC,8',1,Cameron Archer
GB1-2024,M-2024-08-05,E-2024-08-0019,Southampton FC,28',1,Joe Aribo
GB1-2024,M-2024-08-05,E-2024-08-0020,Leicester City,64',1,Facundo Buonanotte
GB1-2024,M-2024-08-05,E-2024-08-0021,Southampton FC,73',-2,Ryan Fraser
GB1-2024,M-2024-08-05,E-2024-08-0022,Leicester City,74',2,Jamie Vardy
GB1-2024,M-2024-08-05,E-2024-08-0023,Leicester City,90+8',1,Jordan Ayew
GB1-2024,M-2024-08-06,E-2024-08-0024,Everton FC,17',1,Iliman Ndiaye
GB1-2024,M-2024-08-06,E-2024-08-0025,Everton FC,40',1,Michael Keane
GB1-2024,M-2024-08-07,E-2024-08-0026,Arsenal FC,30',-2,William Saliba
GB1-2024,M-2024-08-07,E-2024-08-0027,AFC Bournemouth,70',1,Ryan Christie
GB1-2024,M-2024-08-07,E-2024-08-0028,AFC Bournemouth,79',2,Justin Kluivert
GB1-2024,M-2024-08-08,E-2024-08-0029,Wolverhampton Wanderers,7',1,Jørgen Strand Larsen
GB1-2024,M-2024-08-08,E-2024-08-0030,Manchester City,33',1,Josko Gvardiol
GB1-2024,M-2024-08-08,E-2024-08-0031,Manchester City,90+5',1,John Stones
GB1-2024,M-2024-08-09,E-2024-08-0032,Liverpool FC,29',2,Mohamed Salah
GB1-2024,M-2024-08-09,E-2024-08-0033,Chelsea FC,48',1,Nicolas Jackson
GB1-2024,M-2024-08-09,E-2024-08-0034,Liverpool FC,51',1,Curtis Jones
GB1-2024,M-2024-08-10,E-2024-08-0035,Nottingham Forest,65',1,Chris Wood
GB1-2024,M-2024-09-01,E-2024-09-0001,Nottingham Forest,16',1,Ryan Yates
GB1-2024,M-2024-09-01,E-2024-09-0002,Leicester City,23',1,Jamie Vardy
GB1-2024,M-2024-09-01,E-2024-09-0003,Nottingham Forest,47',1,Chris Wood
GB1-2024,M-2024-09-01,E-2024-09-0004,Nottingham Forest,60',1,Chris Wood
GB1-2024,M-2024-09-02,E-2024-09-0005,Aston Villa,76',1,Ross Barkley
GB1-2024,M-2024-09-02,E-2024-09-0006,AFC Bournemouth,90+6',1,Evanilson
GB1-2024,M-2024-09-03,E-2024-09-0007,Ipswich Town,28',1,Sammie Szmodics
GB1-2024,M-2024-09-03,E-2024-09-0008,Ipswich Town,31',1,George Hirst
GB1-2024,M-2024-09-03,E-2024-09-0009,Brentford FC,44',1,Yoane Wissa
GB1-2024,M-2024-09-03,E-2024-09-0010,Brentford FC,45+1',1,Yoane Wissa
GB1-2024,M-2024-09-03,E-2024-09-0011,Brentford FC,51',2,Bryan Mbeumo
GB1-2024,M-2024-09-03,E-2024-09-0012,Ipswich Town,69',-3,Harry Clarke
GB1-2024,M-2024-09-03,E-2024-09-0013,Ipswich Town,86',1,Liam Delap
GB1-2024,M-2024-09-03,E-2024-09-0014,Brentford FC,90+6',1,Bryan Mbeumo
GB1-2024,M-2024-09-04,E-2024-09-0015,Brighton & Hove Albion,45',1,Danny Welbeck
GB1-2024,M-2024-09-04,E-2024-09-0016,Brighton & Hove Albion,85',1,Evan Ferguson
GB1-2024,M-2024-09-04,E-2024-09-0017,Wolverhampton Wanderers,88',1,Rayan Aït-Nouri
GB1-2024,M-2024-09-04,E-2024-09-0018,Wolverhampton Wanderers,90+3',1,Matheus Cunha
GB1-2024,M-2024-09-05,E-2024-09-0019,Manchester City,5',1,Erling Haaland
GB1-2024,M-2024-09-06,E-2024-09-0020,Fulham FC,61',1,Alex Iwobi
GB1-2024,M-2024-09-06,E-2024-09-0021,Everton FC,90+4',1,Beto
GB1-2024,M-2024-09-07,E-2024-09-0022,Chelsea FC,18',1,Nicolas Jackson
GB1-2024,M-2024-09-07,E-2024-09-0023,Newcastle United,32',1,Alexander Isak
GB1-2024,M-2024-09-07,E-2024-09-0024,Chelsea FC,47',1,Cole Palmer
GB1-2024,M-2024-09-08,E-2024-09-0025,West Ham United,74',1,Crysencio Summerville
GB1-2024,M-2024-09-08,E-2024-09-0026,Manchester United,81',1,Casemiro
GB1-2024,M-2024-09-08,E-2024-09-0027,West Ham United,90+2',2,Jarrod Bowen
GB1-2024,M-2024-09-09,E-2024-09-0028,Crystal Palace,31',1,Jean-Philippe Mateta
GB1-2024,M-2024-09-10,E-2024-09-0029,Arsenal FC,9',1,Bukayo Saka
GB1-2024,M-2024-09-10,E-2024-09-0030,Liverpool FC,18',1,Virgil van Dijk
GB1-2024,M-2024-09-10,E-2024-09-0031,Arsenal FC,43',1,Mikel Merino
GB1-2024,M-2024-09-10,E-2024-09-0032,Liverpool FC,81',1,Mohamed Salah
GB1-2024,M-2024-10-01,E-2024-10-0001,Newcastle United,12',1,Alexander Isak
GB1-2024,M-2024-10-02,E-2024-10-0002,AFC Bournemouth,9',1,Antoine Semenyo
GB1-2024,M-2024-10-02,E-2024-10-0003,AFC Bournemouth,64',1,Evanilson
GB1-2024,M-2024-10-02,E-2024-10-0004,Manchester City,82',1,Josko Gvardiol
GB1-2024,M-2024-10-03,E-2024-10-0005,Ipswich Town,55',1,Leif Davis
GB1-2024,M-2024-10-03,E-2024-10-0006,Ipswich Town,77',-3,Kalvin Phillips
GB1-2024,M-2024-10-03,E-2024-10-0007,Leicester City,90+4',1,Jordan Ayew
GB1-2024,M-2024-10-04,E-2024-10-0008,Brighton & Hove Albion,14',1,Ferdi Kadıoğlu
GB1-2024,M-2024-10-04,E-2024-10-0009,Liverpool FC,69',1,Cody Gakpo
GB1-2024,M-2024-10-04,E-2024-10-0010,Liverpool FC,72',1,Mohamed Salah
GB1-2024,M-2024-10-05,E-2024-10-0011,Nottingham Forest,27',1,Chris Wood
GB1-2024,M-2024-10-05,E-2024-10-0012,West Ham United,45+2',-3,Edson Álvarez
GB1-2024,M-2024-10-05,E-2024-10-0013,Nottingham Forest,65',1,Callum Hudson-Odoi
GB1-2024,M-2024-10-05,E-2024-10-0014,Nottingham Forest,78',1,Ola Aina
GB1-2024,M-2024-10-06,E-2024-10-0015,Southampton FC,85',1,Adam Armstrong
GB1-2024,M-2024-10-07,E-2024-10-0016,Crystal Palace,60',1,Trevoh Chalobah
GB1-2024,M-2024-10-07,E-2024-10-0017,Wolverhampton Wanderers,67',1,Jørgen Strand Larsen
GB1-2024,M-2024-10-07,E-2024-10-0018,Wolverhampton Wanderers,72',1,João Gomes
GB1-2024,M-2024-10-07,E-2024-10-0019,Crystal Palace,77',1,Marc Guéhi
GB1-2024,M-2024-10-08,E-2024-10-0020,Aston Villa,32',1,Morgan Rogers
GB1-2024,M-2024-10-08,E-2024-10-0021,Tottenham Hotspur,49',1,Brennan Johnson
GB1-2024,M-2024-10-08,E-2024-10-0022,Tottenham Hotspur,75',1,Dominic Solanke
GB1-2024,M-2024-10-08,E-2024-10-0023,Tottenham Hotspur,79',1,Dominic Solanke
GB1-2024,M-2024-10-08,E-2024-10-0024,Tottenham Hotspur,90+6',1,James Maddison
GB1-2024,M-2024-10-09,E-2024-10-0025,Manchester United,70',2,Bruno Fernandes
GB1-2024,M-2024-10-09,E-2024-10-0026,Chelsea FC,74',1,Moisés Caicedo
GB1-2024,M-2024-10-10,E-2024-10-0027,Brentford FC,24',1,Vitaly Janelt
GB1-2024,M-2024-10-10,E-2024-10-0028,Fulham FC,90+2',1,Harry Wilson
GB1-2024,M-2024-10-10,E-2024-10-0029,Fulham FC,90+7',1,Harry Wilson
GB1-2024,M-2024-11-01,E-2024-11-0001,AFC Bournemouth,17',1,Evanilson
GB1-2024,M-2024-11-01,E-2024-11-0002,Brentford FC,27',1,Yoane Wissa
GB1-2024,M-2024-11-01,E-2024-11-0003,AFC Bournemouth,49',1,Justin Kluivert
GB1-2024,M-2024-11-01,E-2024-11-0004,Brentford FC,50',1,Mikkel Damsgaard
GB1-2024,M-2024-11-01,E-2024-11-0005,Brentford FC,58',1,Yoane Wissa
GB1-2024,M-2024-11-02,E-2024-11-0006,Fulham FC,45+2',1,Emile Smith Rowe
GB1-2024,M-2024-11-02,E-2024-11-0007,Crystal Palace,76',-2,Daichi Kamada
GB1-2024,M-2024-11-02,E-2024-11-0008,Fulham FC,83',1,Harry Wilson
GB1-2024,M-2024-11-04,E-2024-11-0009,Wolverhampton Wanderers,2',1,Pablo Sarabia
GB1-2024,M-2024-11-04,E-2024-11-0010,Wolverhampton Wanderers,51',1,Matheus Cunha
GB1-2024,M-2024-11-05,E-2024-11-0011,Manchester City,23',1,Erling Haaland
GB1-2024,M-2024-11-05,E-2024-11-0012,Brighton & Hove Albion,78',1,João Pedro
GB1-2024,M-2024-11-05,E-2024-11-0013,Brighton & Hove Albion,83',1,Matt O'Riley
GB1-2024,M-2024-11-06,E-2024-11-0014,Liverpool FC,20',1,Darwin Núñez
GB1-2024,M-2024-11-06,E-2024-11-0015,Liverpool FC,84',1,Mohamed Salah
GB1-2024,M-2024-11-07,E-2024-11-0016,Manchester United,17',1,Bruno Fernandes
GB1-2024,M-2024-11-07,E-2024-11-0017,Manchester United,38',3,Victor Kristiansen
GB1-2024,M-2024-11-07,E-2024-11-0018,Manchester United,82',1,Alejandro Garnacho
GB1-2024,M-2024-11-08,E-2024-11-0019,Nottingham Forest,21',1,Murillo
GB1-2024,M-2024-11-08,E-2024-11-0020,Newcastle United,54',1,Alexander Isak
GB1-2024,M-2024-11-08,E-2024-11-0021,Newcastle United,72',1,Joelinton
GB1-2024,M-2024-11-08,E-2024-11-0022,Newcastle United,83',1,Harvey Barnes
GB1-2024,M-2024-11-09,E-2024-11-0023,Ipswich Town,31',1,Sammie Szmodics
GB1-2024,M-2024-11-09,E-2024-11-0024,Ipswich Town,43',1,Liam Delap
GB1-2024,M-2024-11-09,E-2024-11-0025,Tottenham Hotspur,69',1,Rodrigo Bentancur
GB1-2024,M-2024-11-10,E-2024-11-0026,Arsenal FC,60',1,Gabriel Martinelli
GB1-2024,M-2024-11-10,E-2024-11-0027,Chelsea FC,70',1,Pedro Neto
GB1-2024,M-2024-12-01,E-2024-12-0001,Chelsea FC,15',1,Nicolas Jackson
GB1-2024,M-2024-12-01,E-2024-12-0002,Chelsea FC,75',1,Enzo Fernández
GB1-2024,M-2024-12-01,E-2024-12-0003,Leicester City,90+5',2,Jordan Ayew
GB1-2024,M-2024-12-02,E-2024-12-0004,Brighton & Hove Albion,4',1,João Pedro
GB1-2024,M-2024-12-02,E-2024-12-0005,Brighton & Hove Albion,49',1,Kaoru Mitoma
GB1-2024,M-2024-12-02,E-2024-12-0006,Brighton & Hove Albion,59',-3,Carlos Baleba
GB1-2024,M-2024-12-02,E-2024-12-0007,AFC Bournemouth,90+3',1,David Brooks
GB1-2024,M-2024-12-03,E-2024-12-0008,Arsenal FC,15',1,Bukayo Saka
GB1-2024,M-2024-12-03,E-2024-12-0009,Arsenal FC,52',1,Thomas Partey
GB1-2024,M-2024-12-03,E-2024-12-0010,Arsenal FC,86',1,Ethan Nwaneri
GB1-2024,M-2024-12-04,E-2024-12-0011,Crystal Palace,4',1,Ismaïla Sarr
GB1-2024,M-2024-12-04,E-2024-12-0012,Aston Villa,36',1,Ollie Watkins
GB1-2024,M-2024-12-04,E-2024-12-0013,Aston Villa,45',-1,Youri Tielemans
GB1-2024,M-2024-12-04,E-2024-12-0014,Crystal Palace,45+1',1,Justin Devenny
GB1-2024,M-2024-12-04,E-2024-12-0015,Aston Villa,77',1,Ross Barkley
GB1-2024,M-2024-12-05,E-2024-12-0016,Brentford FC,41',-2,Christian Nørgaard
GB1-2024,M-2024-12-06,E-2024-12-0017,Fulham FC,20',1,Alex Iwobi
GB1-2024,M-2024-12-06,E-2024-12-0018,Wolverhampton Wanderers,31',1,Matheus Cunha
GB1-2024,M-2024-12-06,E-2024-12-0019,Wolverhampton Wanderers,53',1,João Gomes
GB1-2024,M-2024-12-06,E-2024-12-0020,Wolverhampton Wanderers,87',1,Matheus Cunha
GB1-2024,M-2024-12-06,E-2024-12-0021,Wolverhampton Wanderers,90+5',1,Gonçalo Guedes
GB1-2024,M-2024-12-07,E-2024-12-0022,Tottenham Hotspur,13',1,James Maddison
GB1-2024,M-2024-12-07,E-2024-12-0023,Tottenham Hotspur,20',1,James Maddison
GB1-2024,M-2024-12-07,E-2024-12-0024,Tottenham Hotspur,52',1,Pedro Porro
GB1-2024,M-2024-12-07,E-2024-12-0025,Tottenham Hotspur,90+3',1,Brennan Johnson
GB1-2024,M-2024-12-08,E-2024-12-0026,Liverpool FC,30',1,Dominik Szoboszlai
GB1-2024,M-2024-12-08,E-2024-12-0027,Southampton FC,42',1,Adam Armstrong
GB1-2024,M-2024-12-08,E-2024-12-0028,Southampton FC,42',-1,Adam Armstrong
GB1-2024,M-2024-12-08,E-2024-12-0029,Southampton FC,56',1,Mateus Fernandes
GB1-2024,M-2024-12-08,E-2024-12-0030,Liverpool FC,65',1,Mohamed Salah
GB1-2024,M-2024-12-08,E-2024-12-0031,Liverpool FC,83',2,Mohamed Salah
GB1-2024,M-2024-12-09,E-2024-12-0032,Manchester United,2',1,Marcus Rashford
GB1-2024,M-2024-12-09,E-2024-12-0033,Ipswich Town,43',1,Omari Hutchinson
GB1-2024,M-2024-12-10,E-2024-12-0034,West Ham United,10',1,Tomáš Souček
GB1-2024,M-2024-12-10,E-2024-12-0035,West Ham United,53',1,Aaron Wan-Bissaka
GB1-2024,M-2024-13-01,E-2024-13-0001,Brighton & Hove Albion,29',1,Kaoru Mitoma
GB1-2024,M-2024-13-01,E-2024-13-0002,Southampton FC,59',1,Flynn Downes
GB1-2024,M-2024-13-02,E-2024-13-0003,Leicester City,21',1,Facundo Buonanotte
GB1-2024,M-2024-13-02,E-2024-13-0004,Brentford FC,25',1,Yoane Wissa
GB1-2024,M-2024-13-02,E-2024-13-0005,Brentford FC,29',1,Kevin Schade
GB1-2024,M-2024-13-02,E-2024-13-0006,Brentford FC,45+8',1,Kevin Schade
GB1-2024,M-2024-13-02,E-2024-13-0007,Brentford FC,59',1,Kevin Schade
GB1-2024,M-2024-13-03,E-2024-13-0008,Newcastle United,53',3,Marc Guéhi
GB1-2024,M-2024-13-03,E-2024-13-0009,Crystal Palace,90+4',1,Daniel Muñoz
GB1-2024,M-2024-13-04,E-2024-13-0010,Nottingham Forest,49',2,Chris Wood
GB1-2024,M-2024-13-05,E-2024-13-0011,AFC Bournemouth,3',2,Justin Kluivert
GB1-2024,M-2024-13-05,E-2024-13-0012,Wolverhampton Wanderers,5',1,Jørgen Strand Larsen
GB1-2024,M-2024-13-05,E-2024-13-0013,AFC Bournemouth,8',1,Milos Kerkez
GB1-2024,M-2024-13-05,E-2024-13-0014,AFC Bournemouth,18',2,Justin Kluivert
GB1-2024,M-2024-13-05,E-2024-13-0015,Wolverhampton Wanderers,69',1,Jørgen Strand Larsen
GB1-2024,M-2024-13-05,E-2024-13-0016,AFC Bournemouth,74',2,Justin Kluivert
GB1-2024,M-2024-13-06,E-2024-13-0017,Arsenal FC,10',1,Gabriel
GB1-2024,M-2024-13-06,E-2024-13-0018,Arsenal FC,27',1,Leandro Trossard
GB1-2024,M-2024-13-06,E-2024-13-0019,Arsenal FC,34',2,Martin Ødegaard
GB1-2024,M-2024-13-06,E-2024-13-0020,Arsenal FC,36',1,Kai Havertz
GB1-2024,M-2024-13-06,E-2024-13-0021,West Ham United,38',1,Aaron Wan-Bissaka
GB1-2024,M-2024-13-06,E-2024-13-0022,West Ham United,40',1,Emerson
GB1-2024,M-2024-13-06,E-2024-13-0023,Arsenal FC,45+5',2,Bukayo Saka
GB1-2024,M-2024-13-07,E-2024-13-0024,Chelsea FC,7',1,Nicolas Jackson
GB1-2024,M-2024-13-07,E-2024-13-0025,Chelsea FC,36',1,Enzo Fernández
GB1-2024,M-2024-13-07,E-2024-13-0026,Chelsea FC,83',1,Cole Palmer
GB1-2024,M-2024-13-08,E-2024-13-0027,Manchester United,34',1,Marcus Rashford
GB1-2024,M-2024-13-08,E-2024-13-0028,Manchester United,41',1,Joshua Zirkzee
GB1-2024,M-2024-13-08,E-2024-13-0029,Manchester United,46',1,Marcus Rashford
GB1-2024,M-2024-13-08,E-2024-13-0030,Manchester United,64',1,Joshua Zirkzee
GB1-2024,M-2024-13-09,E-2024-13-0031,Tottenham Hotspur,54',1,Brennan Johnson
GB1-2024,M-2024-13-09,E-2024-13-0032,Fulham FC,67',1,Tom Cairney
GB1-2024,M-2024-13-09,E-2024-13-0033,Fulham FC,83',-2,Tom Cairney
GB1-2024,M-2024-13-10,E-2024-13-0034,Liverpool FC,12',1,Cody Gakpo
GB1-2024,M-2024-13-10,E-2024-13-0035,Liverpool FC,78',2,Mohamed Salah
GB1-2024,M-2024-14-01,E-2024-14-0001,Crystal Palace,59',1,Jean-Philippe Mateta
GB1-2024,M-2024-14-02,E-2024-14-0002,Leicester City,2',1,Jamie Vardy
GB1-2024,M-2024-14-02,E-2024-14-0003,Leicester City,61',1,Bilal El Khannouss
GB1-2024,M-2024-14-02,E-2024-14-0004,Leicester City,90',1,Patson Daka
GB1-2024,M-2024-14-02,E-2024-14-0005,West Ham United,90+3',1,Niclas Füllkrug
GB1-2024,M-2024-14-03,E-2024-14-0006,Everton FC,10',1,Ashley Young
GB1-2024,M-2024-14-03,E-2024-14-0007,Everton FC,33',1,Orel Mangala
GB1-2024,M-2024-14-03,E-2024-14-0008,Everton FC,49',3,Craig Dawson
GB1-2024,M-2024-14-03,E-2024-14-0009,Everton FC,72',3,Craig Dawson
GB1-2024,M-2024-14-04,E-2024-14-0010,Manchester City,8',1,Bernardo Silva
GB1-2024,M-2024-14-04,E-2024-14-0011,Manchester City,31',1,Kevin De Bruyne
GB1-2024,M-2024-14-04,E-2024-14-0012,Manchester City,57',1,Jérémy Doku
GB1-2024,M-2024-14-05,E-2024-14-0013,Newcastle United,35',1,Alexander Isak
GB1-2024,M-2024-14-05,E-2024-14-0014,Liverpool FC,50',1,Curtis Jones
GB1-2024,M-2024-14-05,E-2024-14-0015,Newcastle United,62',1,Anthony Gordon
GB1-2024,M-2024-14-05,E-2024-14-0016,Liverpool FC,68',1,Mohamed Salah
GB1-2024,M-2024-14-05,E-2024-14-0017,Liverpool FC,83',1,Mohamed Salah
GB1-2024,M-2024-14-05,E-2024-14-0018,Newcastle United,90',1,Fabian Schär
GB1-2024,M-2024-14-06,E-2024-14-0019,Chelsea FC,7',1,Axel Disasi
GB1-2024,M-2024-14-06,E-2024-14-0020,Southampton FC,11',1,Joe Aribo
GB1-2024,M-2024-14-06,E-2024-14-0021,Chelsea FC,17',1,Christopher Nkunku
GB1-2024,M-2024-14-06,E-2024-14-0022,Chelsea FC,34',1,Noni Madueke
GB1-2024,M-2024-14-06,E-2024-14-0023,Southampton FC,39',-2,Jack Stephens
GB1-2024,M-2024-14-06,E-2024-14-0024,Chelsea FC,76',1,Cole Palmer
GB1-2024,M-2024-14-06,E-2024-14-0025,Chelsea FC,87',1,Jadon Sancho
GB1-2024,M-2024-14-07,E-2024-14-0026,Arsenal FC,54',1,Jurriën Timber
GB1-2024,M-2024-14-07,E-2024-14-0027,Arsenal FC,73',1,William Saliba
GB1-2024,M-2024-14-08,E-2024-14-0028,Aston Villa,21',1,Morgan Rogers
GB1-2024,M-2024-14-08,E-2024-14-0029,Aston Villa,28',2,Ollie Watkins
GB1-2024,M-2024-14-08,E-2024-14-0030,Aston Villa,34',1,Matty Cash
GB1-2024,M-2024-14-08,E-2024-14-0031,Brentford FC,54',1,Mikkel Damsgaard
GB1-2024,M-2024-14-09,E-2024-14-0032,Fulham FC,4',1,Alex Iwobi
GB1-2024,M-2024-14-09,E-2024-14-0033,Brighton & Hove Albion,56',1,Carlos Baleba
GB1-2024,M-2024-14-09,E-2024-14-0034,Fulham FC,79',3,Matt O'Riley
GB1-2024,M-2024-14-09,E-2024-14-0035,Fulham FC,87',1,Alex Iwobi
GB1-2024,M-2024-14-10,E-2024-14-0036,AFC Bournemouth,17',1,Dean Huijsen
GB1-2024,M-2024-15-01,E-2024-15-0001,Aston Villa,24',1,Jhon Durán
GB1-2024,M-2024-15-02,E-2024-15-0002,Brentford FC,8',1,Bryan Mbeumo
GB1-2024,M-2024-15-02,E-2024-15-0003,Newcastle United,11',1,Alexander Isak
GB1-2024,M-2024-15-02,E-2024-15-0004,Brentford FC,28',1,Yoane Wissa
GB1-2024,M-2024-15-02,E-2024-15-0005,Newcastle United,32',1,Harvey Barnes
GB1-2024,M-2024-15-02,E-2024-15-0006,Brentford FC,56',1,Nathan Collins
GB1-2024,M-2024-15-02,E-2024-15-0007,Brentford FC,90',1,Kevin Schade
GB1-2024,M-2024-15-03,E-2024-15-0008,Crystal Palace,4',1,Daniel Muñoz
GB1-2024,M-2024-15-03,E-2024-15-0009,Manchester City,30',1,Erling Haaland
GB1-2024,M-2024-15-03,E-2024-15-0010,Crystal Palace,56',1,Maxence Lacroix
GB1-2024,M-2024-15-03,E-2024-15-0011,Manchester City,68',1,Rico Lewis
GB1-2024,M-2024-15-03,E-2024-15-0012,Manchester City,84',-3,Rico Lewis
GB1-2024,M-2024-15-04,E-2024-15-0013,Nottingham Forest,2',1,Nikola Milenković
GB1-2024,M-2024-15-04,E-2024-15-0014,Manchester United,18',1,Rasmus Højlund
GB1-2024,M-2024-15-04,E-2024-15-0015,Nottingham Forest,47',1,Morgan Gibbs-White
GB1-2024,M-2024-15-04,E-2024-15-0016,Nottingham Forest,54',1,Chris Wood
GB1-2024,M-2024-15-04,E-2024-15-0017,Manchester United,61',1,Bruno Fernandes
GB1-2024,M-2024-15-05,E-2024-15-0018,Fulham FC,11',1,Raúl Jiménez
GB1-2024,M-2024-15-05,E-2024-15-0019,Arsenal FC,52',1,William Saliba
GB1-2024,M-2024-15-06,E-2024-15-0020,Ipswich Town,21',1,Conor Chaplin
GB1-2024,M-2024-15-06,E-2024-15-0021,AFC Bournemouth,87',1,Enes Ünal
GB1-2024,M-2024-15-06,E-2024-15-0022,AFC Bournemouth,90+5',1,Dango Ouattara
GB1-2024,M-2024-15-07,E-2024-15-0023,Brighton & Hove Albion,37',1,Tariq Lamptey
GB1-2024,M-2024-15-07,E-2024-15-0024,Brighton & Hove Albion,79',1,Yankuba Minteh
GB1-2024,M-2024-15-07,E-2024-15-0025,Leicester City,86',1,Jamie Vardy
GB1-2024,M-2024-15-07,E-2024-15-0026,Leicester City,90+1',1,Bobby De Cordova-Reid
GB1-2024,M-2024-15-08,E-2024-15-0027,Tottenham Hotspur,5',1,Dominic Solanke
GB1-2024,M-2024-15-08,E-2024-15-0028,Tottenham Hotspur,11',1,Dejan Kulusevski
GB1-2024,M-2024-15-08,E-2024-15-0029,Chelsea FC,17',1,Jadon Sancho
GB1-2024,M-2024-15-08,E-2024-15-0030,Chelsea FC,61',2,Cole Palmer
GB1-2024,M-2024-15-08,E-2024-15-0031,Chelsea FC,73',1,Enzo Fernández
GB1-2024,M-2024-15-08,E-2024-15-0032,Chelsea FC,84',2,Cole Palmer
GB1-2024,M-2024-15-08,E-2024-15-0033,Tottenham Hotspur,90+6',1,Heung-min Son
GB1-2024,M-2024-15-09,E-2024-15-0034,West Ham United,54',1,Tomáš Souček
GB1-2024,M-2024-15-09,E-2024-15-0035,Wolverhampton Wanderers,69',1,Matt Doherty
GB1-2024,M-2024-15-09,E-2024-15-0036,West Ham United,72',1,Jarrod Bowen
GB1-2024,M-2024-15-10,E-2024-15-0037,Everton FC,11',1,Beto
GB1-2024,M-2024-15-10,E-2024-15-0038,Liverpool FC,16',1,Alexis Mac Allister
GB1-2024,M-2024-15-10,E-2024-15-0039,Liverpool FC,73',1,Mohamed Salah
GB1-2024,M-2024-15-10,E-2024-15-0040,Everton FC,90+8',1,James Tarkowski
GB1-2024,M-2024-15-10,E-2024-15-0041,Liverpool FC,90+13',-3,Curtis Jones
GB1-2024,M-2024-15-10,E-2024-15-0042,Everton FC,90+14',-3,Abdoulaye Doucouré
GB1-2024,M-2024-16-02,E-2024-16-0001,Fulham FC,11',1,Andreas Pereira
GB1-2024,M-2024-16-02,E-2024-16-0002,Liverpool FC,17',-2,Andrew Robertson
GB1-2024,M-2024-16-02,E-2024-16-0003,Liverpool FC,47',1,Cody Gakpo
GB1-2024,M-2024-16-02,E-2024-16-0004,Fulham FC,76',1,Rodrigo Muniz
GB1-2024,M-2024-16-02,E-2024-16-0005,Liverpool FC,86',1,Diogo Jota
GB1-2024,M-2024-16-03,E-2024-16-0006,Newcastle United,30',1,Jacob Murphy
GB1-2024,M-2024-16-03,E-2024-16-0007,Newcastle United,47',1,Bruno Guimarães
GB1-2024,M-2024-16-03,E-2024-16-0008,Newcastle United,50',1,Alexander Isak
GB1-2024,M-2024-16-03,E-2024-16-0009,Newcastle United,60',1,Jacob Murphy
GB1-2024,M-2024-16-04,E-2024-16-0010,Ipswich Town,15',3,Matt Doherty
GB1-2024,M-2024-16-04,E-2024-16-0011,Wolverhampton Wanderers,72',1,Matheus Cunha
GB1-2024,M-2024-16-04,E-2024-16-0012,Ipswich Town,90+4',1,Jack Taylor
GB1-2024,M-2024-16-04,E-2024-16-0013,Wolverhampton Wanderers,90+7',-3,Rayan Aït-Nouri
GB1-2024,M-2024-16-05,E-2024-16-0014,Aston Villa,63',1,Jhon Durán
GB1-2024,M-2024-16-05,E-2024-16-0015,Nottingham Forest,87',1,Nikola Milenković
GB1-2024,M-2024-16-05,E-2024-16-0016,Nottingham Forest,90+3',1,Anthony Elanga
GB1-2024,M-2024-16-06,E-2024-16-0017,Crystal Palace,27',1,Trevoh Chalobah
GB1-2024,M-2024-16-06,E-2024-16-0018,Crystal Palace,33',1,Ismaïla Sarr
GB1-2024,M-2024-16-06,E-2024-16-0019,Crystal Palace,82',1,Ismaïla Sarr
GB1-2024,M-2024-16-06,E-2024-16-0020,Brighton & Hove Albion,87',3,Marc Guéhi
GB1-2024,M-2024-16-07,E-2024-16-0021,Manchester City,36',1,Josko Gvardiol
GB1-2024,M-2024-16-07,E-2024-16-0022,Manchester United,88',2,Bruno Fernandes
GB1-2024,M-2024-16-07,E-2024-16-0023,Manchester United,90',1,Amad Diallo
GB1-2024,M-2024-16-08,E-2024-16-0024,Chelsea FC,43',1,Marc Cucurella
GB1-2024,M-2024-16-08,E-2024-16-0025,Chelsea FC,80',1,Nicolas Jackson
GB1-2024,M-2024-16-08,E-2024-16-0026,Brentford FC,90',1,Bryan Mbeumo
GB1-2024,M-2024-16-08,E-2024-16-0027,Chelsea FC,90+8',-3,Marc Cucurella
GB1-2024,M-2024-16-09,E-2024-16-0028,Tottenham Hotspur,1',1,James Maddison
GB1-2024,M-2024-16-09,E-2024-16-0029,Tottenham Hotspur,12',1,Heung-min Son
GB1-2024,M-2024-16-09,E-2024-16-0030,Tottenham Hotspur,14',1,Dejan Kulusevski
GB1-2024,M-2024-16-09,E-2024-16-0031,Tottenham Hotspur,25',1,Pape Matar Sarr
GB1-2024,M-2024-16-09,E-2024-16-0032,Tottenham Hotspur,45+4',1,James Maddison
GB1-2024,M-2024-16-10,E-2024-16-0033,West Ham United,87',2,Lucas Paquetá
GB1-2024,M-2024-16-10,E-2024-16-0034,AFC Bournemouth,90',1,Enes Ünal
GB1-2024,M-2024-17-01,E-2024-17-0001,Aston Villa,16',1,Jhon Durán
GB1-2024,M-2024-17-01,E-2024-17-0002,Aston Villa,65',1,Morgan Rogers
GB1-2024,M-2024-17-01,E-2024-17-0003,Manchester City,90+3',1,Phil Foden
GB1-2024,M-2024-17-02,E-2024-17-0004,Nottingham Forest,38',1,Ola Aina
GB1-2024,M-2024-17-02,E-2024-17-0005,Nottingham Forest,51',1,Anthony Elanga
GB1-2024,M-2024-17-03,E-2024-17-0006,Newcastle United,1',1,Alexander Isak
GB1-2024,M-2024-17-03,E-2024-17-0007,Newcastle United,32',1,Jacob Murphy
GB1-2024,M-2024-17-03,E-2024-17-0008,Newcastle United,45+2',1,Alexander Isak
GB1-2024,M-2024-17-03,E-2024-17-0009,Newcastle United,54',1,Alexander Isak
GB1-2024,M-2024-17-04,E-2024-17-0010,Brighton & Hove Albion,51',1,Mats Wieffer
GB1-2024,M-2024-17-04,E-2024-17-0011,West Ham United,58',1,Mohammed Kudus
GB1-2024,M-2024-17-05,E-2024-17-0012,Arsenal FC,6',1,Gabriel Jesus
GB1-2024,M-2024-17-05,E-2024-17-0013,Crystal Palace,11',1,Ismaïla Sarr
GB1-2024,M-2024-17-05,E-2024-17-0014,Arsenal FC,14',1,Gabriel Jesus
GB1-2024,M-2024-17-05,E-2024-17-0015,Arsenal FC,38',1,Kai Havertz
GB1-2024,M-2024-17-05,E-2024-17-0016,Arsenal FC,60',1,Gabriel Martinelli
GB1-2024,M-2024-17-05,E-2024-17-0017,Arsenal FC,84',1,Declan Rice
GB1-2024,M-2024-17-08,E-2024-17-0018,Wolverhampton Wanderers,19',1,Gonçalo Guedes
GB1-2024,M-2024-17-08,E-2024-17-0019,Wolverhampton Wanderers,36',1,Rodrigo Gomes
GB1-2024,M-2024-17-08,E-2024-17-0020,Wolverhampton Wanderers,44',1,Matheus Cunha
GB1-2024,M-2024-17-09,E-2024-17-0021,AFC Bournemouth,29',1,Dean Huijsen
GB1-2024,M-2024-17-09,E-2024-17-0022,AFC Bournemouth,61',2,Justin Kluivert
GB1-2024,M-2024-17-09,E-2024-17-0023,AFC Bournemouth,63',1,Antoine Semenyo
GB1-2024,M-2024-17-10,E-2024-17-0024,Liverpool FC,23',1,Luis Díaz
GB1-2024,M-2024-17-10,E-2024-17-0025,Liverpool FC,36',1,Alexis Mac Allister
GB1-2024,M-2024-17-10,E-2024-17-0026,Tottenham Hotspur,41',1,James Maddison
GB1-2024,M-2024-17-10,E-2024-17-0027,Liverpool FC,45+1',1,Dominik Szoboszlai
GB1-2024,M-2024-17-10,E-2024-17-0028,Liverpool FC,54',1,Mohamed Salah
GB1-2024,M-2024-17-10,E-2024-17-0029,Liverpool FC,61',1,Mohamed Salah
GB1-2024,M-2024-17-10,E-2024-17-0030,Tottenham Hotspur,72',1,Dejan Kulusevski
GB1-2024,M-2024-17-10,E-2024-17-0031,Tottenham Hotspur,83',1,Dominic Solanke
GB1-2024,M-2024-17-10,E-2024-17-0032,Liverpool FC,85',1,Luis Díaz
GB1-2024,M-2024-18-01,E-2024-18-0001,Manchester City,14',1,Bernardo Silva
GB1-2024,M-2024-18-01,E-2024-18-0002,Everton FC,36',1,Iliman Ndiaye
GB1-2024,M-2024-18-01,E-2024-18-0003,Manchester City,53',-1,Erling Haaland
GB1-2024,M-2024-18-03,E-2024-18-0004,Chelsea FC,16',1,Cole Palmer
GB1-2024,M-2024-18-03,E-2024-18-0005,Fulham FC,82',1,Harry Wilson
GB1-2024,M-2024-18-03,E-2024-18-0006,Fulham FC,90+5',1,Rodrigo Muniz
GB1-2024,M-2024-18-04,E-2024-18-0007,Newcastle United,2',1,Anthony Gordon
GB1-2024,M-2024-18-04,E-2024-18-0008,Aston Villa,32',-2,Jhon Durán
GB1-2024,M-2024-18-04,E-2024-18-0009,Newcastle United,59',1,Alexander Isak
GB1-2024,M-2024-18-04,E-2024-18-0010,Newcastle United,90+1',1,Joelinton
GB1-2024,M-2024-18-05,E-2024-18-0011,Nottingham Forest,28',1,Anthony Elanga
GB1-2024,M-2024-18-05,E-2024-18-0012,Tottenham Hotspur,90+4',-3,Djed Spence
GB1-2024,M-2024-18-06,E-2024-18-0013,West Ham United,59',1,Jarrod Bowen
GB1-2024,M-2024-18-07,E-2024-18-0014,Manchester United,47',-3,Bruno Fernandes
GB1-2024,M-2024-18-07,E-2024-18-0015,Wolverhampton Wanderers,58',1,Matheus Cunha
GB1-2024,M-2024-18-07,E-2024-18-0016,Wolverhampton Wanderers,90+9',1,Hee-chan Hwang
GB1-2024,M-2024-18-08,E-2024-18-0017,Leicester City,6',1,Jordan Ayew
GB1-2024,M-2024-18-08,E-2024-18-0018,Liverpool FC,45+1',1,Cody Gakpo
GB1-2024,M-2024-18-08,E-2024-18-0019,Liverpool FC,49',1,Curtis Jones
GB1-2024,M-2024-18-08,E-2024-18-0020,Liverpool FC,82',1,Mohamed Salah
GB1-2024,M-2024-18-10,E-2024-18-0021,Arsenal FC,23',1,Kai Havertz
GB1-2024,M-2024-19-01,E-2024-19-0001,Manchester City,21',1,Savinho
GB1-2024,M-2024-19-01,E-2024-19-0002,Manchester City,74',1,Erling Haaland
GB1-2024,M-2024-19-02,E-2024-19-0003,Southampton FC,14',1,Tyler Dibling
GB1-2024,M-2024-19-02,E-2024-19-0004,Crystal Palace,31',1,Trevoh Chalobah
GB1-2024,M-2024-19-02,E-2024-19-0005,Crystal Palace,52',1,Eberechi Eze
GB1-2024,M-2024-19-03,E-2024-19-0006,Nottingham Forest,15',1,Chris Wood
GB1-2024,M-2024-19-03,E-2024-19-0007,Nottingham Forest,61',1,Morgan Gibbs-White
GB1-2024,M-2024-19-04,E-2024-19-0008,Fulham FC,40',1,Raúl Jiménez
GB1-2024,M-2024-19-04,E-2024-19-0009,AFC Bournemouth,51',1,Evanilson
GB1-2024,M-2024-19-04,E-2024-19-0010,Fulham FC,72',1,Harry Wilson
GB1-2024,M-2024-19-04,E-2024-19-0011,AFC Bournemouth,89',1,Dango Ouattara
GB1-2024,M-2024-19-05,E-2024-19-0012,Wolverhampton Wanderers,7',1,Hee-chan Hwang
GB1-2024,M-2024-19-05,E-2024-19-0013,Tottenham Hotspur,12',1,Rodrigo Bentancur
GB1-2024,M-2024-19-05,E-2024-19-0014,Tottenham Hotspur,43',-1,Heung-min Son
GB1-2024,M-2024-19-05,E-2024-19-0015,Tottenham Hotspur,45+3',1,Brennan Johnson
GB1-2024,M-2024-19-05,E-2024-19-0016,Wolverhampton Wanderers,87',1,Jørgen Strand Larsen
GB1-2024,M-2024-19-06,E-2024-19-0017,Liverpool FC,30',1,Luis Díaz
GB1-2024,M-2024-19-06,E-2024-19-0018,Liverpool FC,40',1,Cody Gakpo
GB1-2024,M-2024-19-06,E-2024-19-0019,Liverpool FC,44',1,Mohamed Salah
GB1-2024,M-2024-19-06,E-2024-19-0020,Liverpool FC,54',1,Trent Alexander-Arnold
GB1-2024,M-2024-19-06,E-2024-19-0021,Liverpool FC,84',1,Diogo Jota
GB1-2024,M-2024-19-07,E-2024-19-0022,Brighton & Hove Albion,12',1,Simon Adingra
GB1-2024,M-2024-19-07,E-2024-19-0023,Aston Villa,36',2,Ollie Watkins
GB1-2024,M-2024-19-07,E-2024-19-0024,Aston Villa,47',1,Morgan Rogers
GB1-2024,M-2024-19-07,E-2024-19-0025,Brighton & Hove Albion,81',1,Tariq Lamptey
GB1-2024,M-2024-19-08,E-2024-19-0026,Ipswich Town,12',2,Liam Delap
GB1-2024,M-2024-19-08,E-2024-19-0027,Ipswich Town,53',1,Omari Hutchinson
GB1-2024,M-2024-19-09,E-2024-19-0028,Newcastle United,4',1,Alexander Isak
GB1-2024,M-2024-19-09,E-2024-19-0029,Newcastle United,19',1,Joelinton
GB1-2024,M-2024-19-10,E-2024-19-0030,Brentford FC,13',1,Bryan Mbeumo
GB1-2024,M-2024-19-10,E-2024-19-0031,Arsenal FC,29',1,Gabriel Jesus
GB1-2024,M-2024-19-10,E-2024-19-0032,Arsenal FC,50',1,Mikel Merino
GB1-2024,M-2024-19-10,E-2024-19-0033,Arsenal FC,53',1,Gabriel Martinelli
GB1-2024,M-2024-20-01,E-2024-20-0001,Tottenham Hotspur,4',1,Dominic Solanke
GB1-2024,M-2024-20-01,E-2024-20-0002,Newcastle United,6',1,Anthony Gordon
GB1-2024,M-2024-20-01,E-2024-20-0003,Newcastle United,38',1,Alexander Isak
GB1-2024,M-2024-20-02,E-2024-20-0004,AFC Bournemouth,77',1,David Brooks
GB1-2024,M-2024-20-03,E-2024-20-0005,Aston Villa,58',1,Ross Barkley
GB1-2024,M-2024-20-03,E-2024-20-0006,Leicester City,63',1,Stephy Mavididi
GB1-2024,M-2024-20-03,E-2024-20-0007,Aston Villa,76',1,Leon Bailey
GB1-2024,M-2024-20-04,E-2024-20-0008,Manchester City,10',3,Vladimír Coufal
GB1-2024,M-2024-20-04,E-2024-20-0009,Manchester City,42',1,Erling Haaland
GB1-2024,M-2024-20-04,E-2024-20-0010,Manchester City,55',1,Erling Haaland
GB1-2024,M-2024-20-04,E-2024-20-0011,Manchester City,58',1,Phil Foden
GB1-2024,M-2024-20-04,E-2024-20-0012,West Ham United,71',1,Niclas Füllkrug
GB1-2024,M-2024-20-05,E-2024-20-0013,Chelsea FC,14',1,Cole Palmer
GB1-2024,M-2024-20-05,E-2024-20-0014,Crystal Palace,82',1,Jean-Philippe Mateta
GB1-2024,M-2024-20-06,E-2024-20-0015,Brentford FC,6',1,Kevin Schade
GB1-2024,M-2024-20-06,E-2024-20-0016,Brentford FC,62',1,Bryan Mbeumo
GB1-2024,M-2024-20-06,E-2024-20-0017,Brentford FC,69',2,Bryan Mbeumo
GB1-2024,M-2024-20-06,E-2024-20-0018,Brentford FC,90+2',1,Keane Lewis-Potter
GB1-2024,M-2024-20-06,E-2024-20-0019,Brentford FC,90+4',1,Yoane Wissa
GB1-2024,M-2024-20-07,E-2024-20-0020,Arsenal FC,16',1,Ethan Nwaneri
GB1-2024,M-2024-20-07,E-2024-20-0021,Brighton & Hove Albion,61',2,João Pedro
GB1-2024,M-2024-20-08,E-2024-20-0022,Ipswich Town,38',1,Sammie Szmodics
GB1-2024,M-2024-20-08,E-2024-20-0023,Fulham FC,69',2,Raúl Jiménez
GB1-2024,M-2024-20-08,E-2024-20-0024,Ipswich Town,71',2,Liam Delap
GB1-2024,M-2024-20-08,E-2024-20-0025,Fulham FC,90+1',2,Raúl Jiménez
GB1-2024,M-2024-20-09,E-2024-20-0026,Manchester United,52',1,Lisandro Martínez
GB1-2024,M-2024-20-09,E-2024-20-0027,Liverpool FC,59',1,Cody Gakpo
GB1-2024,M-2024-20-09,E-2024-20-0028,Liverpool FC,70',2,Mohamed Salah
GB1-2024,M-2024-20-09,E-2024-20-0029,Manchester United,80',1,Amad Diallo
GB1-2024,M-2024-20-10,E-2024-20-0030,Nottingham Forest,7',1,Morgan Gibbs-White
GB1-2024,M-2024-20-10,E-2024-20-0031,Nottingham Forest,44',1,Chris Wood
GB1-2024,M-2024-20-10,E-2024-20-0032,Nottingham Forest,90+4',1,Taiwo Awoniyi
GB1-2024,M-2024-21-01,E-2024-21-0001,Manchester City,66',1,Phil Foden
GB1-2024,M-2024-21-01,E-2024-21-0002,Manchester City,78',1,Phil Foden
GB1-2024,M-2024-21-01,E-2024-21-0003,Brentford FC,82',1,Yoane Wissa
GB1-2024,M-2024-21-01,E-2024-21-0004,Brentford FC,90+2',1,Christian Nørgaard
GB1-2024,M-2024-21-02,E-2024-21-0005,West Ham United,31',1,Carlos Soler
GB1-2024,M-2024-21-02,E-2024-21-0006,West Ham United,33',1,Tomáš Souček
GB1-2024,M-2024-21-02,E-2024-21-0007,Fulham FC,51',1,Alex Iwobi
GB1-2024,M-2024-21-02,E-2024-21-0008,West Ham United,67',1,Lucas Paquetá
GB1-2024,M-2024-21-02,E-2024-21-0009,Fulham FC,78',1,Alex Iwobi
GB1-2024,M-2024-21-03,E-2024-21-0010,Chelsea FC,13',1,Cole Palmer
GB1-2024,M-2024-21-03,E-2024-21-0011,AFC Bournemouth,50',2,Justin Kluivert
GB1-2024,M-2024-21-03,E-2024-21-0012,AFC Bournemouth,68',1,Antoine Semenyo
GB1-2024,M-2024-21-03,E-2024-21-0013,Chelsea FC,90+5',1,Reece James
GB1-2024,M-2024-21-04,E-2024-21-0014,Nottingham Forest,8',1,Chris Wood
GB1-2024,M-2024-21-04,E-2024-21-0015,Liverpool FC,66',1,Diogo Jota
GB1-2024,M-2024-21-05,E-2024-21-0016,Aston Villa,51',1,Ollie Watkins
GB1-2024,M-2024-21-06,E-2024-21-0017,Crystal Palace,52',1,Jean-Philippe Mateta
GB1-2024,M-2024-21-06,E-2024-21-0018,Crystal Palace,78',1,Marc Guéhi
GB1-2024,M-2024-21-07,E-2024-21-0019,Newcastle United,34',1,Alexander Isak
GB1-2024,M-2024-21-07,E-2024-21-0020,Newcastle United,57',1,Alexander Isak
GB1-2024,M-2024-21-07,E-2024-21-0021,Newcastle United,74',1,Anthony Gordon
GB1-2024,M-2024-21-08,E-2024-21-0022,Tottenham Hotspur,25',1,Heung-min Son
GB1-2024,M-2024-21-08,E-2024-21-0023,Arsenal FC,40',3,Dominic Solanke
GB1-2024,M-2024-21-08,E-2024-21-0024,Arsenal FC,44',1,Leandro Trossard
GB1-2024,M-2024-21-09,E-2024-21-0025,Brighton & Hove Albion,59',1,Kaoru Mitoma
GB1-2024,M-2024-21-09,E-2024-21-0026,Brighton & Hove Albion,81',1,Georginio Rutter
GB1-2024,M-2024-21-10,E-2024-21-0027,Southampton FC,43',3,Manuel Ugarte
GB1-2024,M-2024-21-10,E-2024-21-0028,Manchester United,82',1,Amad Diallo
GB1-2024,M-2024-21-10,E-2024-21-0029,Manchester United,90',1,Amad Diallo
GB1-2024,M-2024-21-10,E-2024-21-0030,Manchester United,90+4',1,Amad Diallo
GB1-2024,M-2024-22-01,E-2024-22-0001,AFC Bournemouth,6',1,Justin Kluivert
GB1-2024,M-2024-22-01,E-2024-22-0002,Newcastle United,25',1,Bruno Guimarães
GB1-2024,M-2024-22-01,E-2024-22-0003,AFC Bournemouth,44',1,Justin Kluivert
GB1-2024,M-2024-22-01,E-2024-22-0004,AFC Bournemouth,90+2',1,Justin Kluivert
GB1-2024,M-2024-22-01,E-2024-22-0005,AFC Bournemouth,90+6',1,Milos Kerkez
GB1-2024,M-2024-22-02,E-2024-22-0006,Liverpool FC,90+1',1,Darwin Núñez
GB1-2024,M-2024-22-02,E-2024-22-0007,Liverpool FC,90+3',1,Darwin Núñez
GB1-2024,M-2024-22-03,E-2024-22-0008,Fulham FC,48',1,Emile Smith Rowe
GB1-2024,M-2024-22-03,E-2024-22-0009,Fulham FC,68',1,Adama Traoré
GB1-2024,M-2024-22-04,E-2024-22-0010,Crystal Palace,48',1,Jean-Philippe Mateta
GB1-2024,M-2024-22-04,E-2024-22-0011,West Ham United,80',-3,Konstantinos Mavropanos
GB1-2024,M-2024-22-04,E-2024-22-0012,Crystal Palace,89',2,Jean-Philippe Mateta
GB1-2024,M-2024-22-05,E-2024-22-0013,Arsenal FC,35',1,Gabriel Martinelli
GB1-2024,M-2024-22-05,E-2024-22-0014,Arsenal FC,55',1,Kai Havertz
GB1-2024,M-2024-22-05,E-2024-22-0015,Aston Villa,60',1,Youri Tielemans
GB1-2024,M-2024-22-05,E-2024-22-0016,Aston Villa,68',1,Ollie Watkins
GB1-2024,M-2024-22-06,E-2024-22-0017,Everton FC,13',1,Dominic Calvert-Lewin
GB1-2024,M-2024-22-06,E-2024-22-0018,Everton FC,30',1,Iliman Ndiaye
GB1-2024,M-2024-22-06,E-2024-22-0019,Everton FC,45+7',3,Archie Gray
GB1-2024,M-2024-22-06,E-2024-22-0020,Tottenham Hotspur,77',1,Dejan Kulusevski
GB1-2024,M-2024-22-06,E-2024-22-0021,Tottenham Hotspur,90+2',1,Richarlison
GB1-2024,M-2024-22-07,E-2024-22-0022,Brighton & Hove Albion,5',1,Yankuba Minteh
GB1-2024,M-2024-22-07,E-2024-22-0023,Manchester United,23',2,Bruno Fernandes
GB1-2024,M-2024-22-07,E-2024-22-0024,Brighton & Hove Albion,60',1,Kaoru Mitoma
GB1-2024,M-2024-22-07,E-2024-22-0025,Brighton & Hove Albion,76',1,Georginio Rutter
GB1-2024,M-2024-22-08,E-2024-22-0026,Nottingham Forest,11',1,Elliot Anderson
GB1-2024,M-2024-22-08,E-2024-22-0027,Nottingham Forest,28',1,Callum Hudson-Odoi
GB1-2024,M-2024-22-08,E-2024-22-0028,Nottingham Forest,41',1,Chris Wood
GB1-2024,M-2024-22-08,E-2024-22-0029,Southampton FC,60',1,Jan Bednarek
GB1-2024,M-2024-22-08,E-2024-22-0030,Southampton FC,90+1',1,Paul Onuachu
GB1-2024,M-2024-22-09,E-2024-22-0031,Manchester City,27',1,Phil Foden
GB1-2024,M-2024-22-09,E-2024-22-0032,Manchester City,30',1,Mateo Kovacic
GB1-2024,M-2024-22-09,E-2024-22-0033,Manchester City,42',1,Phil Foden
GB1-2024,M-2024-22-09,E-2024-22-0034,Manchester City,49',1,Jérémy Doku
GB1-2024,M-2024-22-09,E-2024-22-0035,Manchester City,57',1,Erling Haaland
GB1-2024,M-2024-22-09,E-2024-22-0036,Manchester City,69',1,James McAtee
GB1-2024,M-2024-22-10,E-2024-22-0037,Chelsea FC,24',1,Tosin Adarabioyo
GB1-2024,M-2024-22-10,E-2024-22-0038,Wolverhampton Wanderers,45+5',1,Matt Doherty
GB1-2024,M-2024-22-10,E-2024-22-0039,Chelsea FC,60',1,Marc Cucurella
GB1-2024,M-2024-22-10,E-2024-22-0040,Chelsea FC,65',1,Noni Madueke
GB1-2024,M-2024-23-01,E-2024-23-0001,AFC Bournemouth,9',1,Justin Kluivert
GB1-2024,M-2024-23-01,E-2024-23-0002,AFC Bournemouth,55',1,Dango Ouattara
GB1-2024,M-2024-23-01,E-2024-23-0003,AFC Bournemouth,61',1,Dango Ouattara
GB1-2024,M-2024-23-01,E-2024-23-0004,AFC Bournemouth,87',1,Dango Ouattara
GB1-2024,M-2024-23-01,E-2024-23-0005,AFC Bournemouth,90+1',1,Antoine Semenyo
GB1-2024,M-2024-23-02,E-2024-23-0006,Everton FC,42',2,Iliman Ndiaye
GB1-2024,M-2024-23-03,E-2024-23-0007,Liverpool FC,11',1,Dominik Szoboszlai
GB1-2024,M-2024-23-03,E-2024-23-0008,Liverpool FC,35',1,Mohamed Salah
GB1-2024,M-2024-23-03,E-2024-23-0009,Liverpool FC,44',1,Cody Gakpo
GB1-2024,M-2024-23-03,E-2024-23-0010,Liverpool FC,66',1,Cody Gakpo
GB1-2024,M-2024-23-03,E-2024-23-0011,Ipswich Town,90',1,Jacob Greaves
GB1-2024,M-2024-23-04,E-2024-23-0012,Southampton FC,10',1,Jan Bednarek
GB1-2024,M-2024-23-04,E-2024-23-0013,Newcastle United,26',2,Alexander Isak
GB1-2024,M-2024-23-04,E-2024-23-0014,Newcastle United,30',1,Alexander Isak
GB1-2024,M-2024-23-04,E-2024-23-0015,Newcastle United,51',1,Sandro Tonali
GB1-2024,M-2024-23-05,E-2024-23-0016,Arsenal FC,43',-2,Myles Lewis-Skelly
GB1-2024,M-2024-23-05,E-2024-23-0017,Wolverhampton Wanderers,70',-3,João Gomes
GB1-2024,M-2024-23-05,E-2024-23-0018,Arsenal FC,74',1,Riccardo Calafiori
GB1-2024,M-2024-23-06,E-2024-23-0019,Chelsea FC,3',1,Noni Madueke
GB1-2024,M-2024-23-06,E-2024-23-0020,Manchester City,42',1,Josko Gvardiol
GB1-2024,M-2024-23-06,E-2024-23-0021,Manchester City,68',1,Erling Haaland
GB1-2024,M-2024-23-06,E-2024-23-0022,Manchester City,87',1,Phil Foden
GB1-2024,M-2024-23-07,E-2024-23-0023,Brentford FC,66',2,Bryan Mbeumo
GB1-2024,M-2024-23-07,E-2024-23-0024,Brentford FC,80',1,Kevin Schade
GB1-2024,M-2024-23-07,E-2024-23-0025,Crystal Palace,85',1,Romain Esse
GB1-2024,M-2024-23-08,E-2024-23-0026,Tottenham Hotspur,33',1,Richarlison
GB1-2024,M-2024-23-08,E-2024-23-0027,Leicester City,46',1,Jamie Vardy
GB1-2024,M-2024-23-08,E-2024-23-0028,Leicester City,50',1,Bilal El Khannouss
GB1-2024,M-2024-23-09,E-2024-23-0029,Aston Villa,8',1,Jacob Ramsey
GB1-2024,M-2024-23-09,E-2024-23-0030,West Ham United,70',1,Emerson
GB1-2024,M-2024-23-10,E-2024-23-0031,Manchester United,78',1,Lisandro Martínez
GB1-2024,M-2024-24-01,E-2024-24-0001,Nottingham Forest,12',3,Lewis Dunk
GB1-2024,M-2024-24-01,E-2024-24-0002,Nottingham Forest,25',1,Morgan Gibbs-White
GB1-2024,M-2024-24-01,E-2024-24-0003,Nottingham Forest,32',1,Chris Wood
GB1-2024,M-2024-24-01,E-2024-24-0004,Nottingham Forest,64',1,Chris Wood
GB1-2024,M-2024-24-01,E-2024-24-0005,Nottingham Forest,69',2,Chris Wood
GB1-2024,M-2024-24-01,E-2024-24-0006,Nottingham Forest,89',1,Neco Williams
GB1-2024,M-2024-24-01,E-2024-24-0007,Nottingham Forest,90+1',1,Jota Silva
GB1-2024,M-2024-24-02,E-2024-24-0008,Liverpool FC,30',2,Mohamed Salah
GB1-2024,M-2024-24-02,E-2024-24-0009,Liverpool FC,75',1,Mohamed Salah
GB1-2024,M-2024-24-03,E-2024-24-0010,Everton FC,1',1,Abdoulaye Doucouré
GB1-2024,M-2024-24-03,E-2024-24-0011,Everton FC,6',1,Beto
GB1-2024,M-2024-24-03,E-2024-24-0012,Everton FC,45+2',1,Beto
GB1-2024,M-2024-24-03,E-2024-24-0013,Everton FC,90',1,Iliman Ndiaye
GB1-2024,M-2024-24-04,E-2024-24-0014,Southampton FC,21',1,Joe Aribo
GB1-2024,M-2024-24-04,E-2024-24-0015,Ipswich Town,31',1,Liam Delap
GB1-2024,M-2024-24-04,E-2024-24-0016,Southampton FC,87',1,Paul Onuachu
GB1-2024,M-2024-24-05,E-2024-24-0017,Newcastle United,37',1,Jacob Murphy
GB1-2024,M-2024-24-05,E-2024-24-0018,Fulham FC,61',1,Raúl Jiménez
GB1-2024,M-2024-24-05,E-2024-24-0019,Fulham FC,82',1,Rodrigo Muniz
GB1-2024,M-2024-24-06,E-2024-24-0020,Wolverhampton Wanderers,12',1,Jean-Ricner Bellegarde
GB1-2024,M-2024-24-06,E-2024-24-0021,Wolverhampton Wanderers,90+7',1,Matheus Cunha
GB1-2024,M-2024-24-07,E-2024-24-0022,Tottenham Hotspur,29',3,Vitaly Janelt
GB1-2024,M-2024-24-07,E-2024-24-0023,Tottenham Hotspur,87',1,Pape Matar Sarr
GB1-2024,M-2024-24-08,E-2024-24-0024,Crystal Palace,64',1,Jean-Philippe Mateta
GB1-2024,M-2024-24-08,E-2024-24-0025,Crystal Palace,89',1,Jean-Philippe Mateta
GB1-2024,M-2024-24-09,E-2024-24-0026,Arsenal FC,2',1,Martin Ødegaard
GB1-2024,M-2024-24-09,E-2024-24-0027,Manchester City,55',1,Erling Haaland
GB1-2024,M-2024-24-09,E-2024-24-0028,Arsenal FC,56',1,Thomas Partey
GB1-2024,M-2024-24-09,E-2024-24-0029,Arsenal FC,62',1,Myles Lewis-Skelly
GB1-2024,M-2024-24-09,E-2024-24-0030,Arsenal FC,76',1,Kai Havertz
GB1-2024,M-2024-24-09,E-2024-24-0031,Arsenal FC,90+3',1,Ethan Nwaneri
GB1-2024,M-2024-24-10,E-2024-24-0032,West Ham United,42',1,Jarrod Bowen
GB1-2024,M-2024-24-10,E-2024-24-0033,Chelsea FC,64',1,Pedro Neto
GB1-2024,M-2024-24-10,E-2024-24-0034,Chelsea FC,74',3,Aaron Wan-Bissaka
GB1-2024,M-2024-25-01,E-2024-25-0001,Brighton & Hove Albion,27',1,Kaoru Mitoma
GB1-2024,M-2024-25-01,E-2024-25-0002,Brighton & Hove Albion,38',1,Yankuba Minteh
GB1-2024,M-2024-25-01,E-2024-25-0003,Brighton & Hove Albion,63',1,Yankuba Minteh
GB1-2024,M-2024-25-02,E-2024-25-0004,Arsenal FC,81',1,Mikel Merino
GB1-2024,M-2024-25-02,E-2024-25-0005,Arsenal FC,87',1,Mikel Merino
GB1-2024,M-2024-25-03,E-2024-25-0006,Ipswich Town,40',-3,Axel Tuanzebe
GB1-2024,M-2024-25-03,E-2024-25-0007,Ipswich Town,56',1,Liam Delap
GB1-2024,M-2024-25-03,E-2024-25-0008,Aston Villa,69',1,Ollie Watkins
GB1-2024,M-2024-25-04,E-2024-25-0009,Fulham FC,15',1,Emile Smith Rowe
GB1-2024,M-2024-25-04,E-2024-25-0010,Nottingham Forest,37',1,Chris Wood
GB1-2024,M-2024-25-04,E-2024-25-0011,Fulham FC,62',1,Calvin Bassey
GB1-2024,M-2024-25-05,E-2024-25-0012,Manchester City,19',1,Omar Marmoush
GB1-2024,M-2024-25-05,E-2024-25-0013,Manchester City,24',1,Omar Marmoush
GB1-2024,M-2024-25-05,E-2024-25-0014,Manchester City,33',1,Omar Marmoush
GB1-2024,M-2024-25-05,E-2024-25-0015,Manchester City,84',1,James McAtee
GB1-2024,M-2024-25-06,E-2024-25-0016,AFC Bournemouth,14',1,Dango Ouattara
GB1-2024,M-2024-25-06,E-2024-25-0017,AFC Bournemouth,16',1,Ryan Christie
GB1-2024,M-2024-25-06,E-2024-25-0018,Southampton FC,72',1,Kamaldeen Sulemana
GB1-2024,M-2024-25-06,E-2024-25-0019,AFC Bournemouth,83',1,Marcus Tavernier
GB1-2024,M-2024-25-07,E-2024-25-0020,Brentford FC,4',1,Kevin Schade
GB1-2024,M-2024-25-08,E-2024-25-0021,Everton FC,42',1,Beto
GB1-2024,M-2024-25-08,E-2024-25-0022,Crystal Palace,47',1,Jean-Philippe Mateta
GB1-2024,M-2024-25-08,E-2024-25-0023,Everton FC,80',1,Carlos Alcaraz
GB1-2024,M-2024-25-09,E-2024-25-0024,Liverpool FC,15',1,Luis Díaz
GB1-2024,M-2024-25-09,E-2024-25-0025,Liverpool FC,37',2,Mohamed Salah
GB1-2024,M-2024-25-09,E-2024-25-0026,Wolverhampton Wanderers,67',1,Matheus Cunha
GB1-2024,M-2024-25-10,E-2024-25-0027,Tottenham Hotspur,13',1,James Maddison
GB1-2024,M-2024-26-01,E-2024-26-0001,Brentford FC,17',1,Yoane Wissa
GB1-2024,M-2024-26-01,E-2024-26-0002,Brentford FC,27',1,Bryan Mbeumo
GB1-2024,M-2024-26-01,E-2024-26-0003,Brentford FC,32',1,Christian Nørgaard
GB1-2024,M-2024-26-01,E-2024-26-0004,Brentford FC,89',1,Fábio Carvalho
GB1-2024,M-2024-26-02,E-2024-26-0005,Everton FC,19',1,Beto
GB1-2024,M-2024-26-02,E-2024-26-0006,Everton FC,33',1,Abdoulaye Doucouré
GB1-2024,M-2024-26-02,E-2024-26-0007,Manchester United,72',1,Bruno Fernandes
GB1-2024,M-2024-26-02,E-2024-26-0008,Manchester United,80',1,Manuel Ugarte
GB1-2024,M-2024-26-03,E-2024-26-0009,AFC Bournemouth,31',-2,Ilya Zabarnyi
GB1-2024,M-2024-26-03,E-2024-26-0010,Wolverhampton Wanderers,36',1,Matheus Cunha
GB1-2024,M-2024-26-04,E-2024-26-0011,West Ham United,44',1,Jarrod Bowen
GB1-2024,M-2024-26-04,E-2024-26-0012,Arsenal FC,73',-2,Myles Lewis-Skelly
GB1-2024,M-2024-26-05,E-2024-26-0013,Crystal Palace,37',3,Joachim Andersen
GB1-2024,M-2024-26-05,E-2024-26-0014,Crystal Palace,66',1,Daniel Muñoz
GB1-2024,M-2024-26-06,E-2024-26-0015,Tottenham Hotspur,18',1,Brennan Johnson
GB1-2024,M-2024-26-06,E-2024-26-0016,Tottenham Hotspur,26',1,Brennan Johnson
GB1-2024,M-2024-26-06,E-2024-26-0017,Ipswich Town,36',1,Omari Hutchinson
GB1-2024,M-2024-26-06,E-2024-26-0018,Tottenham Hotspur,77',1,Djed Spence
GB1-2024,M-2024-26-06,E-2024-26-0019,Tottenham Hotspur,84',1,Dejan Kulusevski
GB1-2024,M-2024-26-07,E-2024-26-0020,Brighton & Hove Albion,23',1,João Pedro
GB1-2024,M-2024-26-07,E-2024-26-0021,Brighton & Hove Albion,56',1,Georginio Rutter
GB1-2024,M-2024-26-07,E-2024-26-0022,Brighton & Hove Albion,71',1,Kaoru Mitoma
GB1-2024,M-2024-26-07,E-2024-26-0023,Brighton & Hove Albion,82',1,Jack Hinshelwood
GB1-2024,M-2024-26-08,E-2024-26-0024,Chelsea FC,9',1,Enzo Fernández
GB1-2024,M-2024-26-08,E-2024-26-0025,Aston Villa,57',1,Marco Asensio
GB1-2024,M-2024-26-08,E-2024-26-0026,Aston Villa,89',1,Marco Asensio
GB1-2024,M-2024-26-09,E-2024-26-0027,Nottingham Forest,7',1,Callum Hudson-Odoi
GB1-2024,M-2024-26-09,E-2024-26-0028,Newcastle United,23',1,Lewis Miley
GB1-2024,M-2024-26-09,E-2024-26-0029,Newcastle United,25',1,Jacob Murphy
GB1-2024,M-2024-26-09,E-2024-26-0030,Newcastle United,33',2,Alexander Isak
GB1-2024,M-2024-26-09,E-2024-26-0031,Newcastle United,34',1,Alexander Isak
GB1-2024,M-2024-26-09,E-2024-26-0032,Nottingham Forest,63',1,Nikola Milenković
GB1-2024,M-2024-26-09,E-2024-26-0033,Nottingham Forest,90',1,Ryan Yates
GB1-2024,M-2024-26-10,E-2024-26-0034,Liverpool FC,14',1,Mohamed Salah
GB1-2024,M-2024-26-10,E-2024-26-0035,Liverpool FC,37',1,Dominik Szoboszlai
GB1-2024,M-2024-27-01,E-2024-27-0001,Brighton & Hove Albion,12',2,João Pedro
GB1-2024,M-2024-27-01,E-2024-27-0002,AFC Bournemouth,61',1,Justin Kluivert
GB1-2024,M-2024-27-01,E-2024-27-0003,Brighton & Hove Albion,75',1,Danny Welbeck
GB1-2024,M-2024-27-02,E-2024-27-0004,Fulham FC,1',1,Ryan Sessegnon
GB1-2024,M-2024-27-02,E-2024-27-0005,Wolverhampton Wanderers,18',1,João Gomes
GB1-2024,M-2024-27-02,E-2024-27-0006,Fulham FC,47',1,Rodrigo Muniz
GB1-2024,M-2024-27-03,E-2024-27-0007,Crystal Palace,29',1,Ismaïla Sarr
GB1-2024,M-2024-27-03,E-2024-27-0008,Aston Villa,52',1,Morgan Rogers
GB1-2024,M-2024-27-03,E-2024-27-0009,Crystal Palace,59',1,Jean-Philippe Mateta
GB1-2024,M-2024-27-03,E-2024-27-0010,Crystal Palace,71',1,Ismaïla Sarr
GB1-2024,M-2024-27-03,E-2024-27-0011,Crystal Palace,90+1',1,Eddie Nketiah
GB1-2024,M-2024-27-04,E-2024-27-0012,Chelsea FC,24',1,Christopher Nkunku
GB1-2024,M-2024-27-04,E-2024-27-0013,Chelsea FC,36',1,Pedro Neto
GB1-2024,M-2024-27-04,E-2024-27-0014,Chelsea FC,44',1,Levi Colwill
GB1-2024,M-2024-27-04,E-2024-27-0015,Chelsea FC,78',1,Marc Cucurella
GB1-2024,M-2024-27-05,E-2024-27-0016,Brentford FC,45+4',1,Yoane Wissa
GB1-2024,M-2024-27-05,E-2024-27-0017,Everton FC,77',1,Jake O'Brien
GB1-2024,M-2024-27-07,E-2024-27-0018,Manchester City,12',1,Erling Haaland
GB1-2024,M-2024-27-08,E-2024-27-0019,Ipswich Town,4',1,Jaden Philogene
GB1-2024,M-2024-27-08,E-2024-27-0020,Manchester United,22',3,Sam Morsy
GB1-2024,M-2024-27-08,E-2024-27-0021,Manchester United,26',1,Matthijs de Ligt
GB1-2024,M-2024-27-08,E-2024-27-0022,Manchester United,43',-2,Patrick Dorgu
GB1-2024,M-2024-27-08,E-2024-27-0023,Ipswich Town,45+2',1,Jaden Philogene
GB1-2024,M-2024-27-08,E-2024-27-0024,Manchester United,47',1,Harry Maguire
GB1-2024,M-2024-27-09,E-2024-27-0025,Liverpool FC,11',1,Dominik Szoboszlai
GB1-2024,M-2024-27-09,E-2024-27-0026,Liverpool FC,63',1,Alexis Mac Allister
GB1-2024,M-2024-27-10,E-2024-27-0027,West Ham United,21',1,Tomáš Souček
GB1-2024,M-2024-27-10,E-2024-27-0028,West Ham United,43',3,Jannik Vestergaard
GB1-2024,M-2024-28-01,E-2024-28-0001,Nottingham Forest,83',1,Callum Hudson-Odoi
GB1-2024,M-2024-28-02,E-2024-28-0002,Fulham FC,35',1,Raúl Jiménez
GB1-2024,M-2024-28-02,E-2024-28-0003,Brighton & Hove Albion,41',1,Jan Paul van Hecke
GB1-2024,M-2024-28-02,E-2024-28-0004,Brighton & Hove Albion,90+8',2,João Pedro
GB1-2024,M-2024-28-03,E-2024-28-0005,Crystal Palace,82',1,Ismaïla Sarr
GB1-2024,M-2024-28-04,E-2024-28-0006,Southampton FC,45+1',1,Will Smallbone
GB1-2024,M-2024-28-04,E-2024-28-0007,Liverpool FC,51',1,Darwin Núñez
GB1-2024,M-2024-28-04,E-2024-28-0008,Liverpool FC,54',2,Mohamed Salah
GB1-2024,M-2024-28-04,E-2024-28-0009,Liverpool FC,88',2,Mohamed Salah
GB1-2024,M-2024-28-05,E-2024-28-0010,Aston Villa,49',1,Ollie Watkins
GB1-2024,M-2024-28-06,E-2024-28-0011,Everton FC,33',1,Jack Harrison
GB1-2024,M-2024-28-06,E-2024-28-0012,Wolverhampton Wanderers,40',1,Marshall Munetsi
GB1-2024,M-2024-28-07,E-2024-28-0013,Chelsea FC,22',-1,Cole Palmer
GB1-2024,M-2024-28-07,E-2024-28-0014,Chelsea FC,60',1,Marc Cucurella
GB1-2024,M-2024-28-08,E-2024-28-0015,AFC Bournemouth,42',1,Marcus Tavernier
GB1-2024,M-2024-28-08,E-2024-28-0016,AFC Bournemouth,65',1,Evanilson
GB1-2024,M-2024-28-08,E-2024-28-0017,Tottenham Hotspur,67',1,Pape Matar Sarr
GB1-2024,M-2024-28-08,E-2024-28-0018,Tottenham Hotspur,84',2,Heung-min Son
GB1-2024,M-2024-28-09,E-2024-28-0019,Manchester United,45+2',1,Bruno Fernandes
GB1-2024,M-2024-28-09,E-2024-28-0020,Arsenal FC,74',1,Declan Rice
GB1-2024,M-2024-28-10,E-2024-28-0021,Newcastle United,63',1,Bruno Guimarães
GB1-2024,M-2024-29-01,E-2024-29-0001,Liverpool FC,29',1,Mohamed Salah
GB1-2024,M-2024-29-01,E-2024-29-0002,Aston Villa,38',1,Youri Tielemans
GB1-2024,M-2024-29-01,E-2024-29-0003,Aston Villa,45+3',1,Ollie Watkins
GB1-2024,M-2024-29-01,E-2024-29-0004,Liverpool FC,61',1,Trent Alexander-Arnold
GB1-2024,M-2024-29-02,E-2024-29-0005,West Ham United,67',1,Tomáš Souček
GB1-2024,M-2024-29-02,E-2024-29-0006,Everton FC,90+1',1,Jake O'Brien
GB1-2024,M-2024-29-03,E-2024-29-0007,Nottingham Forest,35',1,Nikola Milenković
GB1-2024,M-2024-29-03,E-2024-29-0008,Nottingham Forest,37',1,Anthony Elanga
GB1-2024,M-2024-29-03,E-2024-29-0009,Nottingham Forest,41',1,Anthony Elanga
GB1-2024,M-2024-29-03,E-2024-29-0010,Ipswich Town,82',1,Jens Cajuste
GB1-2024,M-2024-29-03,E-2024-29-0011,Nottingham Forest,87',1,Jota Silva
GB1-2024,M-2024-29-03,E-2024-29-0012,Ipswich Town,90+3',1,George Hirst
GB1-2024,M-2024-29-04,E-2024-29-0013,Manchester City,11',2,Erling Haaland
GB1-2024,M-2024-29-04,E-2024-29-0014,Brighton & Hove Albion,21',1,Pervis Estupiñán
GB1-2024,M-2024-29-04,E-2024-29-0015,Manchester City,39',1,Omar Marmoush
GB1-2024,M-2024-29-04,E-2024-29-0016,Brighton & Hove Albion,48',3,Abdukodir Khusanov
GB1-2024,M-2024-29-05,E-2024-29-0017,Wolverhampton Wanderers,19',1,Jørgen Strand Larsen
GB1-2024,M-2024-29-05,E-2024-29-0018,Wolverhampton Wanderers,47',1,Jørgen Strand Larsen
GB1-2024,M-2024-29-05,E-2024-29-0019,Southampton FC,75',1,Paul Onuachu
GB1-2024,M-2024-29-06,E-2024-29-0020,AFC Bournemouth,17',3,Vitaly Janelt
GB1-2024,M-2024-29-06,E-2024-29-0021,Brentford FC,30',1,Yoane Wissa
GB1-2024,M-2024-29-06,E-2024-29-0022,Brentford FC,71',1,Christian Nørgaard
GB1-2024,M-2024-29-07,E-2024-29-0023,Arsenal FC,20',1,Mikel Merino
GB1-2024,M-2024-29-08,E-2024-29-0024,Fulham FC,78',1,Rodrigo Muniz
GB1-2024,M-2024-29-08,E-2024-29-0025,Fulham FC,88',1,Ryan Sessegnon
GB1-2024,M-2024-29-09,E-2024-29-0026,Manchester United,28',1,Rasmus Højlund
GB1-2024,M-2024-29-09,E-2024-29-0027,Manchester United,67',1,Alejandro Garnacho
GB1-2024,M-2024-29-09,E-2024-29-0028,Manchester United,90',1,Bruno Fernandes
GB1-2024,M-2024-29-10,E-2024-29-0029,Newcastle United,14',1,Jacob Murphy
GB1-2024,M-2024-29-10,E-2024-29-0030,Crystal Palace,36',-1,Eberechi Eze
GB1-2024,M-2024-29-10,E-2024-29-0031,Newcastle United,38',3,Marc Guéhi
GB1-2024,M-2024-29-10,E-2024-29-0032,Newcastle United,45+2',1,Harvey Barnes
GB1-2024,M-2024-29-10,E-2024-29-0033,Newcastle United,45+8',1,Fabian Schär
GB1-2024,M-2024-29-10,E-2024-29-0034,Newcastle United,58',1,Alexander Isak
GB1-2024,M-2024-30-01,E-2024-30-0001,Arsenal FC,37',1,Mikel Merino
GB1-2024,M-2024-30-01,E-2024-30-0002,Arsenal FC,73',1,Bukayo Saka
GB1-2024,M-2024-30-01,E-2024-30-0003,Fulham FC,90+4',1,Rodrigo Muniz
GB1-2024,M-2024-30-02,E-2024-30-0004,Wolverhampton Wanderers,21',1,Jørgen Strand Larsen
GB1-2024,M-2024-30-03,E-2024-30-0005,Nottingham Forest,5',1,Anthony Elanga
GB1-2024,M-2024-30-04,E-2024-30-0006,Ipswich Town,34',1,Nathan Broadhead
GB1-2024,M-2024-30-04,E-2024-30-0007,Ipswich Town,60',1,Liam Delap
GB1-2024,M-2024-30-04,E-2024-30-0008,AFC Bournemouth,67',1,Evanilson
GB1-2024,M-2024-30-05,E-2024-30-0009,Aston Villa,51',1,Marcus Rashford
GB1-2024,M-2024-30-05,E-2024-30-0010,Aston Villa,78',1,Marco Asensio
GB1-2024,M-2024-30-05,E-2024-30-0011,Aston Villa,90+10',1,Donyell Malen
GB1-2024,M-2024-30-06,E-2024-30-0012,Manchester City,2',1,Jack Grealish
GB1-2024,M-2024-30-06,E-2024-30-0013,Manchester City,29',1,Omar Marmoush
GB1-2024,M-2024-30-07,E-2024-30-0014,Newcastle United,45+2',1,Alexander Isak
GB1-2024,M-2024-30-07,E-2024-30-0015,Brentford FC,66',2,Bryan Mbeumo
GB1-2024,M-2024-30-07,E-2024-30-0016,Newcastle United,74',1,Sandro Tonali
GB1-2024,M-2024-30-08,E-2024-30-0017,Southampton FC,20',1,Paul Onuachu
GB1-2024,M-2024-30-08,E-2024-30-0018,Crystal Palace,90+2',1,Matheus França
GB1-2024,M-2024-30-09,E-2024-30-0019,Liverpool FC,57',1,Diogo Jota
GB1-2024,M-2024-30-10,E-2024-30-0020,Chelsea FC,50',1,Enzo Fernández
GB1-2024,M-2024-31-01,E-2024-31-0001,Arsenal FC,34',1,Leandro Trossard
GB1-2024,M-2024-31-01,E-2024-31-0002,Everton FC,49',2,Iliman Ndiaye
GB1-2024,M-2024-31-02,E-2024-31-0003,Crystal Palace,3',1,Jean-Philippe Mateta
GB1-2024,M-2024-31-02,E-2024-31-0004,Brighton & Hove Albion,31',1,Danny Welbeck
GB1-2024,M-2024-31-02,E-2024-31-0005,Crystal Palace,55',1,Daniel Muñoz
GB1-2024,M-2024-31-02,E-2024-31-0006,Crystal Palace,78',-3,Eddie Nketiah
GB1-2024,M-2024-31-02,E-2024-31-0007,Crystal Palace,90',-3,Marc Guéhi
GB1-2024,M-2024-31-02,E-2024-31-0008,Brighton & Hove Albion,90+6',-3,Jan Paul van Hecke
GB1-2024,M-2024-31-03,E-2024-31-0009,Ipswich Town,16',1,Liam Delap
GB1-2024,M-2024-31-03,E-2024-31-0010,Wolverhampton Wanderers,72',1,Pablo Sarabia
GB1-2024,M-2024-31-03,E-2024-31-0011,Wolverhampton Wanderers,84',1,Jørgen Strand Larsen
GB1-2024,M-2024-31-04,E-2024-31-0012,AFC Bournemouth,38',1,Evanilson
GB1-2024,M-2024-31-04,E-2024-31-0013,West Ham United,61',1,Niclas Füllkrug
GB1-2024,M-2024-31-04,E-2024-31-0014,West Ham United,68',1,Jarrod Bowen
GB1-2024,M-2024-31-04,E-2024-31-0015,AFC Bournemouth,79',1,Evanilson
GB1-2024,M-2024-31-05,E-2024-31-0016,Aston Villa,13',1,Morgan Rogers
GB1-2024,M-2024-31-05,E-2024-31-0017,Aston Villa,15',1,Donyell Malen
GB1-2024,M-2024-31-05,E-2024-31-0018,Nottingham Forest,57',1,Jota Silva
GB1-2024,M-2024-31-07,E-2024-31-0019,Liverpool FC,14',1,Alexis Mac Allister
GB1-2024,M-2024-31-07,E-2024-31-0020,Fulham FC,23',1,Ryan Sessegnon
GB1-2024,M-2024-31-07,E-2024-31-0021,Fulham FC,32',1,Alex Iwobi
GB1-2024,M-2024-31-07,E-2024-31-0022,Fulham FC,37',1,Rodrigo Muniz
GB1-2024,M-2024-31-07,E-2024-31-0023,Liverpool FC,72',1,Luis Díaz
GB1-2024,M-2024-31-08,E-2024-31-0024,Tottenham Hotspur,13',1,Brennan Johnson
GB1-2024,M-2024-31-08,E-2024-31-0025,Tottenham Hotspur,42',1,Brennan Johnson
GB1-2024,M-2024-31-08,E-2024-31-0026,Southampton FC,90',1,Mateus Fernandes
GB1-2024,M-2024-31-08,E-2024-31-0027,Tottenham Hotspur,90+6',2,Mathys Tel
GB1-2024,M-2024-31-10,E-2024-31-0028,Newcastle United,2',1,Jacob Murphy
GB1-2024,M-2024-31-10,E-2024-31-0029,Newcastle United,11',1,Jacob Murphy
GB1-2024,M-2024-31-10,E-2024-31-0030,Newcastle United,34',1,Harvey Barnes
GB1-2024,M-2024-32-01,E-2024-32-0001,Crystal Palace,8',1,Eberechi Eze
GB1-2024,M-2024-32-01,E-2024-32-0002,Crystal Palace,21',1,Chris Richards
GB1-2024,M-2024-32-01,E-2024-32-0003,Manchester City,33',1,Kevin De Bruyne
GB1-2024,M-2024-32-01,E-2024-32-0004,Manchester City,36',1,Omar Marmoush
GB1-2024,M-2024-32-01,E-2024-32-0005,Manchester City,47',1,Mateo Kovacic
GB1-2024,M-2024-32-01,E-2024-32-0006,Manchester City,56',1,James McAtee
GB1-2024,M-2024-32-01,E-2024-32-0007,Manchester City,79',1,Nico O'Reilly
GB1-2024,M-2024-32-02,E-2024-32-0008,Brighton & Hove Albion,31',2,João Pedro
GB1-2024,M-2024-32-02,E-2024-32-0009,Leicester City,38',1,Stephy Mavididi
GB1-2024,M-2024-32-02,E-2024-32-0010,Brighton & Hove Albion,55',2,João Pedro
GB1-2024,M-2024-32-02,E-2024-32-0011,Leicester City,74',1,Caleb Okoli
GB1-2024,M-2024-32-03,E-2024-32-0012,Everton FC,90+4',1,Abdoulaye Doucouré
GB1-2024,M-2024-32-04,E-2024-32-0013,Aston Villa,69',-1,Marco Asensio
GB1-2024,M-2024-32-04,E-2024-32-0014,Aston Villa,73',1,Ollie Watkins
GB1-2024,M-2024-32-04,E-2024-32-0015,Aston Villa,79',1,Donyell Malen
GB1-2024,M-2024-32-04,E-2024-32-0016,Aston Villa,90+4',1,John McGinn
GB1-2024,M-2024-32-04,E-2024-32-0017,Aston Villa,90+4',-1,Marco Asensio
GB1-2024,M-2024-32-05,E-2024-32-0018,Arsenal FC,61',1,Thomas Partey
GB1-2024,M-2024-32-05,E-2024-32-0019,Brentford FC,74',1,Yoane Wissa
GB1-2024,M-2024-32-06,E-2024-32-0020,Ipswich Town,19',1,Julio Enciso
GB1-2024,M-2024-32-06,E-2024-32-0021,Ipswich Town,31',1,Ben Johnson
GB1-2024,M-2024-32-06,E-2024-32-0022,Chelsea FC,46',3,Axel Tuanzebe
GB1-2024,M-2024-32-06,E-2024-32-0023,Chelsea FC,79',1,Jadon Sancho
GB1-2024,M-2024-32-07,E-2024-32-0024,Liverpool FC,18',1,Luis Díaz
GB1-2024,M-2024-32-07,E-2024-32-0025,West Ham United,86',3,Andrew Robertson
GB1-2024,M-2024-32-07,E-2024-32-0026,Liverpool FC,89',1,Virgil van Dijk
GB1-2024,M-2024-32-08,E-2024-32-0027,Wolverhampton Wanderers,2',1,Rayan Aït-Nouri
GB1-2024,M-2024-32-08,E-2024-32-0028,Wolverhampton Wanderers,38',3,Djed Spence
GB1-2024,M-2024-32-08,E-2024-32-0029,Tottenham Hotspur,59',1,Mathys Tel
GB1-2024,M-2024-32-08,E-2024-32-0030,Wolverhampton Wanderers,64',1,Jørgen Strand Larsen
GB1-2024,M-2024-32-08,E-2024-32-0031,Tottenham Hotspur,85',1,Richarlison
GB1-2024,M-2024-32-08,E-2024-32-0032,Wolverhampton Wanderers,86',1,Matheus Cunha
GB1-2024,M-2024-32-09,E-2024-32-0033,Newcastle United,24',1,Sandro Tonali
GB1-2024,M-2024-32-09,E-2024-32-0034,Manchester United,37',1,Alejandro Garnacho
GB1-2024,M-2024-32-09,E-2024-32-0035,Newcastle United,49',1,Harvey Barnes
GB1-2024,M-2024-32-09,E-2024-32-0036,Newcastle United,64',1,Harvey Barnes
GB1-2024,M-2024-32-09,E-2024-32-0037,Newcastle United,77',1,Bruno Guimarães
GB1-2024,M-2024-32-10,E-2024-32-0038,AFC Bournemouth,1',1,Antoine Semenyo
GB1-2024,M-2024-33-01,E-2024-33-0001,Brentford FC,9',1,Bryan Mbeumo
GB1-2024,M-2024-33-01,E-2024-33-0002,Brighton & Hove Albion,45+3',1,Danny Welbeck
GB1-2024,M-2024-33-01,E-2024-33-0003,Brentford FC,48',1,Bryan Mbeumo
GB1-2024,M-2024-33-01,E-2024-33-0004,Brentford FC,58',1,Yoane Wissa
GB1-2024,M-2024-33-01,E-2024-33-0005,Brighton & Hove Albion,61',-2,João Pedro
GB1-2024,M-2024-33-01,E-2024-33-0006,Brighton & Hove Albion,81',1,Kaoru Mitoma
GB1-2024,M-2024-33-01,E-2024-33-0007,Brentford FC,90+5',1,Christian Nørgaard
GB1-2024,M-2024-33-02,E-2024-33-0008,Crystal Palace,45+1',-3,Chris Richards
GB1-2024,M-2024-33-03,E-2024-33-0009,Manchester City,84',1,Nico O'Reilly
GB1-2024,M-2024-33-03,E-2024-33-0010,Manchester City,90+2',1,Mateo Kovacic
GB1-2024,M-2024-33-04,E-2024-33-0011,West Ham United,47',1,Jarrod Bowen
GB1-2024,M-2024-33-04,E-2024-33-0012,Southampton FC,90+3',1,Lesley Ugochukwu
GB1-2024,M-2024-33-05,E-2024-33-0013,Aston Villa,1',1,Ollie Watkins
GB1-2024,M-2024-33-05,E-2024-33-0014,Newcastle United,18',1,Fabian Schär
GB1-2024,M-2024-33-05,E-2024-33-0015,Aston Villa,64',1,Ian Maatsen
GB1-2024,M-2024-33-05,E-2024-33-0016,Aston Villa,73',3,Dan Burn
GB1-2024,M-2024-33-05,E-2024-33-0017,Aston Villa,75',1,Amadou Onana
GB1-2024,M-2024-33-06,E-2024-33-0018,Fulham FC,20',1,Alex Iwobi
GB1-2024,M-2024-33-06,E-2024-33-0019,Chelsea FC,83',1,Tyrique George
GB1-2024,M-2024-33-06,E-2024-33-0020,Chelsea FC,90+3',1,Pedro Neto
GB1-2024,M-2024-33-07,E-2024-33-0021,Arsenal FC,14',1,Leandro Trossard
GB1-2024,M-2024-33-07,E-2024-33-0022,Arsenal FC,28',1,Gabriel Martinelli
GB1-2024,M-2024-33-07,E-2024-33-0023,Ipswich Town,32',-2,Leif Davis
GB1-2024,M-2024-33-07,E-2024-33-0024,Arsenal FC,69',1,Leandro Trossard
GB1-2024,M-2024-33-07,E-2024-33-0025,Arsenal FC,88',1,Ethan Nwaneri
GB1-2024,M-2024-33-08,E-2024-33-0026,Wolverhampton Wanderers,77',1,Pablo Sarabia
GB1-2024,M-2024-33-09,E-2024-33-0027,Liverpool FC,76',1,Trent Alexander-Arnold
GB1-2024,M-2024-33-10,E-2024-33-0028,Nottingham Forest,5',1,Elliot Anderson
GB1-2024,M-2024-33-10,E-2024-33-0029,Nottingham Forest,16',1,Chris Wood
GB1-2024,M-2024-33-10,E-2024-33-0030,Tottenham Hotspur,87',1,Richarlison
GB1-2024,M-2024-34-01,E-2024-34-0001,Manchester City,7',1,Bernardo Silva
GB1-2024,M-2024-34-01,E-2024-34-0002,Aston Villa,18',2,Marcus Rashford
GB1-2024,M-2024-34-01,E-2024-34-0003,Manchester City,90+4',1,Matheus Nunes
GB1-2024,M-2024-34-02,E-2024-34-0004,Arsenal FC,3',1,Jakub Kiwior
GB1-2024,M-2024-34-02,E-2024-34-0005,Crystal Palace,27',1,Eberechi Eze
GB1-2024,M-2024-34-02,E-2024-34-0006,Arsenal FC,42',1,Leandro Trossard
GB1-2024,M-2024-34-02,E-2024-34-0007,Crystal Palace,83',1,Jean-Philippe Mateta
GB1-2024,M-2024-34-03,E-2024-34-0008,Chelsea FC,27',1,Nicolas Jackson
GB1-2024,M-2024-34-04,E-2024-34-0009,Brighton & Hove Albion,13',1,Yasin Ayari
GB1-2024,M-2024-34-04,E-2024-34-0010,West Ham United,48',1,Mohammed Kudus
GB1-2024,M-2024-34-04,E-2024-34-0011,West Ham United,83',1,Tomáš Souček
GB1-2024,M-2024-34-04,E-2024-34-0012,Brighton & Hove Albion,89',1,Kaoru Mitoma
GB1-2024,M-2024-34-04,E-2024-34-0013,Brighton & Hove Albion,90+2',1,Carlos Baleba
GB1-2024,M-2024-34-05,E-2024-34-0014,Ipswich Town,37',-3,Ben Johnson
GB1-2024,M-2024-34-05,E-2024-34-0015,Newcastle United,45+4',2,Alexander Isak
GB1-2024,M-2024-34-05,E-2024-34-0016,Newcastle United,56',1,Dan Burn
GB1-2024,M-2024-34-05,E-2024-34-0017,Newcastle United,80',1,William Osula
GB1-2024,M-2024-34-06,E-2024-34-0018,Southampton FC,14',1,Jack Stephens
GB1-2024,M-2024-34-06,E-2024-34-0019,Fulham FC,72',1,Emile Smith Rowe
GB1-2024,M-2024-34-06,E-2024-34-0020,Fulham FC,90+2',1,Ryan Sessegnon
GB1-2024,M-2024-34-07,E-2024-34-0021,Wolverhampton Wanderers,33',1,Matheus Cunha
GB1-2024,M-2024-34-07,E-2024-34-0022,Wolverhampton Wanderers,56',1,Jørgen Strand Larsen
GB1-2024,M-2024-34-07,E-2024-34-0023,Leicester City,72',-1,Jamie Vardy
GB1-2024,M-2024-34-07,E-2024-34-0024,Wolverhampton Wanderers,85',1,Rodrigo Gomes
GB1-2024,M-2024-34-08,E-2024-34-0025,AFC Bournemouth,23',1,Antoine Semenyo
GB1-2024,M-2024-34-08,E-2024-34-0026,AFC Bournemouth,70',-2,Evanilson
GB1-2024,M-2024-34-08,E-2024-34-0027,Manchester United,90+6',1,Rasmus Højlund
GB1-2024,M-2024-34-09,E-2024-34-0028,Tottenham Hotspur,12',1,Dominic Solanke
GB1-2024,M-2024-34-09,E-2024-34-0029,Liverpool FC,16',1,Luis Díaz
GB1-2024,M-2024-34-09,E-2024-34-0030,Liverpool FC,24',1,Alexis Mac Allister
GB1-2024,M-2024-34-09,E-2024-34-0031,Liverpool FC,34',1,Cody Gakpo
GB1-2024,M-2024-34-09,E-2024-34-0032,Liverpool FC,63',1,Mohamed Salah
GB1-2024,M-2024-34-09,E-2024-34-0033,Liverpool FC,69',3,Destiny Udogie
GB1-2024,M-2024-34-10,E-2024-34-0034,Brentford FC,44',1,Kevin Schade
GB1-2024,M-2024-34-10,E-2024-34-0035,Brentford FC,70',1,Yoane Wissa
GB1-2024,M-2024-35-01,E-2024-35-0001,Manchester City,35',1,Kevin De Bruyne
GB1-2024,M-2024-35-02,E-2024-35-0002,Aston Villa,12',1,Youri Tielemans
GB1-2024,M-2024-35-03,E-2024-35-0003,Everton FC,26',1,Beto
GB1-2024,M-2024-35-03,E-2024-35-0004,Everton FC,35',1,Dwight McNeil
GB1-2024,M-2024-35-03,E-2024-35-0005,Ipswich Town,41',1,Julio Enciso
GB1-2024,M-2024-35-03,E-2024-35-0006,Ipswich Town,79',1,George Hirst
GB1-2024,M-2024-35-04,E-2024-35-0007,Leicester City,17',1,Jamie Vardy
GB1-2024,M-2024-35-04,E-2024-35-0008,Leicester City,44',1,Jordan Ayew
GB1-2024,M-2024-35-05,E-2024-35-0009,Arsenal FC,34',1,Declan Rice
GB1-2024,M-2024-35-05,E-2024-35-0010,AFC Bournemouth,67',1,Dean Huijsen
GB1-2024,M-2024-35-05,E-2024-35-0011,AFC Bournemouth,75',1,Evanilson
GB1-2024,M-2024-35-06,E-2024-35-0012,Manchester United,14',1,Mason Mount
GB1-2024,M-2024-35-06,E-2024-35-0013,Brentford FC,27',3,Luke Shaw
GB1-2024,M-2024-35-06,E-2024-35-0014,Brentford FC,33',1,Kevin Schade
GB1-2024,M-2024-35-06,E-2024-35-0015,Brentford FC,70',1,Kevin Schade
GB1-2024,M-2024-35-06,E-2024-35-0016,Brentford FC,74',1,Yoane Wissa
GB1-2024,M-2024-35-06,E-2024-35-0017,Manchester United,82',1,Alejandro Garnacho
GB1-2024,M-2024-35-06,E-2024-35-0018,Manchester United,90+5',1,Amad Diallo
GB1-2024,M-2024-35-07,E-2024-35-0019,Brighton & Hove Albion,28',1,Yankuba Minteh
GB1-2024,M-2024-35-07,E-2024-35-0020,Newcastle United,89',2,Alexander Isak
GB1-2024,M-2024-35-08,E-2024-35-0021,Tottenham Hotspur,15',1,Wilson Odobert
GB1-2024,M-2024-35-08,E-2024-35-0022,West Ham United,28',1,Jarrod Bowen
GB1-2024,M-2024-35-09,E-2024-35-0023,Chelsea FC,3',1,Enzo Fernández
GB1-2024,M-2024-35-09,E-2024-35-0024,Chelsea FC,56',3,Jarell Quansah
GB1-2024,M-2024-35-09,E-2024-35-0025,Liverpool FC,85',1,Virgil van Dijk
GB1-2024,M-2024-35-09,E-2024-35-0026,Chelsea FC,90+6',2,Cole Palmer
GB1-2024,M-2024-35-10,E-2024-35-0027,Crystal Palace,60',2,Eberechi Eze
GB1-2024,M-2024-35-10,E-2024-35-0028,Nottingham Forest,64',1,Murillo
GB1-2024,M-2024-36-01,E-2024-36-0001,Aston Villa,45+6',1,Ollie Watkins
GB1-2024,M-2024-36-01,E-2024-36-0002,Aston Villa,80',-3,Jacob Ramsey
GB1-2024,M-2024-36-02,E-2024-36-0003,Fulham FC,17',1,Raúl Jiménez
GB1-2024,M-2024-36-02,E-2024-36-0004,Everton FC,45+3',1,Vitaliy Mykolenko
GB1-2024,M-2024-36-02,E-2024-36-0005,Everton FC,70',1,Michael Keane
GB1-2024,M-2024-36-02,E-2024-36-0006,Everton FC,73',1,Beto
GB1-2024,M-2024-36-03,E-2024-36-0007,Brentford FC,18',1,Kevin Schade
GB1-2024,M-2024-36-05,E-2024-36-0008,Brighton & Hove Albion,28',2,Danny Welbeck
GB1-2024,M-2024-36-05,E-2024-36-0009,Brighton & Hove Albion,85',1,Brajan Gruda
GB1-2024,M-2024-36-06,E-2024-36-0010,Newcastle United,2',1,Sandro Tonali
GB1-2024,M-2024-36-06,E-2024-36-0011,Chelsea FC,35',-2,Nicolas Jackson
GB1-2024,M-2024-36-06,E-2024-36-0012,Newcastle United,90',1,Bruno Guimarães
GB1-2024,M-2024-36-07,E-2024-36-0013,West Ham United,26',1,Tomáš Souček
GB1-2024,M-2024-36-07,E-2024-36-0014,West Ham United,57',1,Jarrod Bowen
GB1-2024,M-2024-36-08,E-2024-36-0015,Leicester City,16',1,Conor Coady
GB1-2024,M-2024-36-08,E-2024-36-0016,Nottingham Forest,25',1,Morgan Gibbs-White
GB1-2024,M-2024-36-08,E-2024-36-0017,Nottingham Forest,56',1,Chris Wood
GB1-2024,M-2024-36-08,E-2024-36-0018,Leicester City,81',1,Facundo Buonanotte
GB1-2024,M-2024-36-09,E-2024-36-0019,Crystal Palace,45',1,Eberechi Eze
GB1-2024,M-2024-36-09,E-2024-36-0020,Crystal Palace,48',1,Eberechi Eze
GB1-2024,M-2024-36-10,E-2024-36-0021,Liverpool FC,20',1,Cody Gakpo
GB1-2024,M-2024-36-10,E-2024-36-0022,Liverpool FC,21',1,Luis Díaz
GB1-2024,M-2024-36-10,E-2024-36-0023,Arsenal FC,47',1,Gabriel Martinelli
GB1-2024,M-2024-36-10,E-2024-36-0024,Arsenal FC,70',1,Mikel Merino
GB1-2024,M-2024-36-10,E-2024-36-0025,Arsenal FC,79',-3,Mikel Merino
GB1-2024,M-2024-37-01,E-2024-37-0001,Aston Villa,59',1,Ezri Konsa
GB1-2024,M-2024-37-01,E-2024-37-0002,Aston Villa,73',1,Boubacar Kamara
GB1-2024,M-2024-37-02,E-2024-37-0003,Chelsea FC,71',1,Marc Cucurella
GB1-2024,M-2024-37-03,E-2024-37-0004,Everton FC,6',1,Iliman Ndiaye
GB1-2024,M-2024-37-03,E-2024-37-0005,Everton FC,45+2',1,Iliman Ndiaye
GB1-2024,M-2024-37-04,E-2024-37-0006,Nottingham Forest,11',1,Morgan Gibbs-White
GB1-2024,M-2024-37-04,E-2024-37-0007,Nottingham Forest,61',1,Nikola Milenković
GB1-2024,M-2024-37-04,E-2024-37-0008,West Ham United,86',1,Jarrod Bowen
GB1-2024,M-2024-37-05,E-2024-37-0009,Fulham FC,16',1,Raúl Jiménez
GB1-2024,M-2024-37-05,E-2024-37-0010,Brentford FC,22',1,Bryan Mbeumo
GB1-2024,M-2024-37-05,E-2024-37-0011,Brentford FC,27',-1,Bryan Mbeumo
GB1-2024,M-2024-37-05,E-2024-37-0012,Brentford FC,43',1,Yoane Wissa
GB1-2024,M-2024-37-05,E-2024-37-0013,Fulham FC,68',1,Tom Cairney
GB1-2024,M-2024-37-05,E-2024-37-0014,Fulham FC,70',1,Harry Wilson
GB1-2024,M-2024-37-06,E-2024-37-0015,Leicester City,28',1,Jamie Vardy
GB1-2024,M-2024-37-06,E-2024-37-0016,Leicester City,69',1,Kasey McAteer
GB1-2024,M-2024-37-07,E-2024-37-0017,Arsenal FC,55',1,Declan Rice
GB1-2024,M-2024-37-08,E-2024-37-0018,Liverpool FC,9',1,Harvey Elliott
GB1-2024,M-2024-37-08,E-2024-37-0019,Brighton & Hove Albion,32',1,Yasin Ayari
GB1-2024,M-2024-37-08,E-2024-37-0020,Liverpool FC,45+1',1,Dominik Szoboszlai
GB1-2024,M-2024-37-08,E-2024-37-0021,Brighton & Hove Albion,69',1,Kaoru Mitoma
GB1-2024,M-2024-37-08,E-2024-37-0022,Brighton & Hove Albion,85',1,Jack Hinshelwood
GB1-2024,M-2024-37-09,E-2024-37-0023,Wolverhampton Wanderers,24',1,Emmanuel Agbadou
GB1-2024,M-2024-37-09,E-2024-37-0024,Crystal Palace,27',1,Eddie Nketiah
GB1-2024,M-2024-37-09,E-2024-37-0025,Crystal Palace,32',1,Eddie Nketiah
GB1-2024,M-2024-37-09,E-2024-37-0026,Crystal Palace,50',1,Ben Chilwell
GB1-2024,M-2024-37-09,E-2024-37-0027,Wolverhampton Wanderers,62',1,Jørgen Strand Larsen
GB1-2024,M-2024-37-09,E-2024-37-0028,Crystal Palace,86',1,Eberechi Eze
GB1-2024,M-2024-37-10,E-2024-37-0029,Manchester City,14',1,Omar Marmoush
GB1-2024,M-2024-37-10,E-2024-37-0030,Manchester City,38',1,Bernardo Silva
GB1-2024,M-2024-37-10,E-2024-37-0031,Manchester City,67',-2,Mateo Kovacic
GB1-2024,M-2024-37-10,E-2024-37-0032,AFC Bournemouth,73',-2,Lewis Cook
GB1-2024,M-2024-37-10,E-2024-37-0033,Manchester City,89',1,Nico González
GB1-2024,M-2024-37-10,E-2024-37-0034,AFC Bournemouth,90+6',1,Daniel Jebbison
GB1-2024,M-2024-38-01,E-2024-38-0001,AFC Bournemouth,74',1,Antoine Semenyo
GB1-2024,M-2024-38-01,E-2024-38-0002,AFC Bournemouth,88',1,Antoine Semenyo
GB1-2024,M-2024-38-02,E-2024-38-0003,Manchester City,21',1,İlkay Gündoğan
GB1-2024,M-2024-38-02,E-2024-38-0004,Manchester City,72',2,Erling Haaland
GB1-2024,M-2024-38-03,E-2024-38-0005,West Ham United,43',1,James Ward-Prowse
GB1-2024,M-2024-38-03,E-2024-38-0006,Ipswich Town,52',1,Nathan Broadhead
GB1-2024,M-2024-38-03,E-2024-38-0007,West Ham United,55',1,Jarrod Bowen
GB1-2024,M-2024-38-03,E-2024-38-0008,West Ham United,87',1,Mohammed Kudus
GB1-2024,M-2024-38-04,E-2024-38-0009,Crystal Palace,9',1,Ismaïla Sarr
GB1-2024,M-2024-38-04,E-2024-38-0010,Liverpool FC,68',-2,Ryan Gravenberch
GB1-2024,M-2024-38-04,E-2024-38-0011,Liverpool FC,84',1,Mohamed Salah
GB1-2024,M-2024-38-05,E-2024-38-0012,Aston Villa,45+1',-2,Emiliano Martínez
GB1-2024,M-2024-38-05,E-2024-38-0013,Manchester United,76',1,Amad Diallo
GB1-2024,M-2024-38-05,E-2024-38-0014,Manchester United,87',2,Christian Eriksen
GB1-2024,M-2024-38-06,E-2024-38-0015,Everton FC,65',1,Carlos Alcaraz
GB1-2024,M-2024-38-07,E-2024-38-0016,Chelsea FC,50',1,Levi Colwill
GB1-2024,M-2024-38-08,E-2024-38-0017,Arsenal FC,43',1,Kieran Tierney
GB1-2024,M-2024-38-08,E-2024-38-0018,Southampton FC,56',1,Ross Stewart
GB1-2024,M-2024-38-08,E-2024-38-0019,Arsenal FC,89',1,Martin Ødegaard
GB1-2024,M-2024-38-09,E-2024-38-0020,Tottenham Hotspur,17',2,Dominic Solanke
GB1-2024,M-2024-38-09,E-2024-38-0021,Brighton & Hove Albion,51',1,Jack Hinshelwood
GB1-2024,M-2024-38-09,E-2024-38-0022,Brighton & Hove Albion,64',1,Jack Hinshelwood
GB1-2024,M-2024-38-09,E-2024-38-0023,Brighton & Hove Albion,88',2,Matt O'Riley
GB1-2024,M-2024-38-09,E-2024-38-0024,Brighton & Hove Albion,90+3',1,Diego Gómez
GB1-2024,M-2024-38-10,E-2024-38-0025,Brentford FC,20',1,Bryan Mbeumo
GB1-2024,M-2024-38-10,E-2024-38-0026,Wolverhampton Wanderers,75',1,Marshall Munetsi
GB1-2025,M-2025-01-01,E-2025-01-0001,Liverpool FC,37',1,Hugo Ekitiké
GB1-2025,M-2025-01-01,E-2025-01-0002,Liverpool FC,49',1,Cody Gakpo
GB1-2025,M-2025-01-01,E-2025-01-0003,AFC Bournemouth,64',1,Antoine Semenyo
GB1-2025,M-2025-01-01,E-2025-01-0004,AFC Bournemouth,76',1,Antoine Semenyo
GB1-2025,M-2025-01-01,E-2025-01-0005,Liverpool FC,88',1,Federico Chiesa
GB1-2025,M-2025-01-01,E-2025-01-0006,Liverpool FC,90+4',1,Mohamed Salah
GB1-2025,M-2025-01-02,E-2025-01-0007,Aston Villa,66',-2,Ezri Konsa
GB1-2025,M-2025-01-03,E-2025-01-0008,Brighton & Hove Albion,55',2,Matt O'Riley
GB1-2025,M-2025-01-03,E-2025-01-0009,Fulham FC,90+6',1,Rodrigo Muniz
GB1-2025,M-2025-01-04,E-2025-01-0010,Sunderland AFC,61',1,Eliezer Mayenda
GB1-2025,M-2025-01-04,E-2025-01-0011,Sunderland AFC,73',1,Dan Ballard
GB1-2025,M-2025-01-04,E-2025-01-0012,Sunderland AFC,90+2',1,Wilson Isidor
GB1-2025,M-2025-01-05,E-2025-01-0013,Tottenham Hotspur,10',1,Richarlison
GB1-2025,M-2025-01-05,E-2025-01-0014,Tottenham Hotspur,60',1,Richarlison
GB1-2025,M-2025-01-05,E-2025-01-0015,Tottenham Hotspur,66',1,Brennan Johnson
GB1-2025,M-2025-01-06,E-2025-01-0016,Manchester City,34',1,Erling Haaland
GB1-2025,M-2025-01-06,E-2025-01-0017,Manchester City,37',1,Tijjani Reijnders
GB1-2025,M-2025-01-06,E-2025-01-0018,Manchester City,61',1,Erling Haaland
GB1-2025,M-2025-01-06,E-2025-01-0019,Manchester City,81',1,Rayan Cherki
GB1-2025,M-2025-01-07,E-2025-01-0020,Nottingham Forest,5',1,Chris Wood
GB1-2025,M-2025-01-07,E-2025-01-0021,Nottingham Forest,42',1,Dan Ndoye
GB1-2025,M-2025-01-07,E-2025-01-0022,Nottingham Forest,45+2',1,Chris Wood
GB1-2025,M-2025-01-07,E-2025-01-0023,Brentford FC,78',2,Igor Thiago
GB1-2025,M-2025-01-09,E-2025-01-0024,Arsenal FC,13',1,Riccardo Calafiori
GB1-2025,M-2025-01-10,E-2025-01-0025,Leeds United,84',2,Lukas Nmecha
GB1-2025,M-2025-02-01,E-2025-02-0001,West Ham United,6',1,Lucas Paquetá
GB1-2025,M-2025-02-01,E-2025-02-0002,Chelsea FC,15',1,João Pedro
GB1-2025,M-2025-02-01,E-2025-02-0003,Chelsea FC,23',1,Pedro Neto
GB1-2025,M-2025-02-01,E-2025-02-0004,Chelsea FC,34',1,Enzo Fernández
GB1-2025,M-2025-02-01,E-2025-02-0005,Chelsea FC,54',1,Moisés Caicedo
GB1-2025,M-2025-02-01,E-2025-02-0006,Chelsea FC,58',1,Trevoh Chalobah
GB1-2025,M-2025-02-02,E-2025-02-0007,Tottenham Hotspur,35',1,Brennan Johnson
GB1-2025,M-2025-02-02,E-2025-02-0008,Tottenham Hotspur,45+2',1,João Palhinha
GB1-2025,M-2025-02-03,E-2025-02-0009,AFC Bournemouth,4',1,Marcus Tavernier
GB1-2025,M-2025-02-03,E-2025-02-0010,Wolverhampton Wanderers,49',-2,Toti
GB1-2025,M-2025-02-04,E-2025-02-0011,Brentford FC,12',1,Dango Ouattara
GB1-2025,M-2025-02-05,E-2025-02-0012,Burnley FC,47',1,Josh Cullen
GB1-2025,M-2025-02-05,E-2025-02-0013,Burnley FC,88',1,Jaidon Anthony
GB1-2025,M-2025-02-06,E-2025-02-0014,Arsenal FC,34',1,Jurriën Timber
GB1-2025,M-2025-02-06,E-2025-02-0015,Arsenal FC,45+1',1,Bukayo Saka
GB1-2025,M-2025-02-06,E-2025-02-0016,Arsenal FC,48',1,Viktor Gyökeres
GB1-2025,M-2025-02-06,E-2025-02-0017,Arsenal FC,56',1,Jurriën Timber
GB1-2025,M-2025-02-06,E-2025-02-0018,Arsenal FC,90+5',2,Viktor Gyökeres
GB1-2025,M-2025-02-07,E-2025-02-0019,Everton FC,23',1,Iliman Ndiaye
GB1-2025,M-2025-02-07,E-2025-02-0020,Everton FC,52',1,James Garner
GB1-2025,M-2025-02-07,E-2025-02-0021,Brighton & Hove Albion,77',-1,Danny Welbeck
GB1-2025,M-2025-02-08,E-2025-02-0022,Crystal Palace,37',1,Ismaïla Sarr
GB1-2025,M-2025-02-08,E-2025-02-0023,Nottingham Forest,57',1,Callum Hudson-Odoi
GB1-2025,M-2025-02-09,E-2025-02-0024,Manchester United,38',-1,Bruno Fernandes
GB1-2025,M-2025-02-09,E-2025-02-0025,Manchester United,58',3,Rodrigo Muniz
GB1-2025,M-2025-02-09,E-2025-02-0026,Fulham FC,73',1,Emile Smith Rowe
GB1-2025,M-2025-02-10,E-2025-02-0027,Liverpool FC,35',1,Ryan Gravenberch
GB1-2025,M-2025-02-10,E-2025-02-0028,Newcastle United,45+3',-2,Anthony Gordon
GB1-2025,M-2025-02-10,E-2025-02-0029,Liverpool FC,46',1,Hugo Ekitiké
GB1-2025,M-2025-02-10,E-2025-02-0030,Newcastle United,57',1,Bruno Guimarães
GB1-2025,M-2025-02-10,E-2025-02-0031,Newcastle United,88',1,William Osula
GB1-2025,M-2025-02-10,E-2025-02-0032,Liverpool FC,90+10',1,Rio Ngumoha
GB1-2025,M-2025-03-01,E-2025-03-0001,Chelsea FC,45+9',1,João Pedro
GB1-2025,M-2025-03-01,E-2025-03-0002,Chelsea FC,56',2,Enzo Fernández
GB1-2025,M-2025-03-02,E-2025-03-0003,Manchester United,27',3,Josh Cullen
GB1-2025,M-2025-03-02,E-2025-03-0004,Burnley FC,55',1,Lyle Foster
GB1-2025,M-2025-03-02,E-2025-03-0005,Manchester United,57',1,Bryan Mbeumo
GB1-2025,M-2025-03-02,E-2025-03-0006,Burnley FC,66',1,Jaidon Anthony
GB1-2025,M-2025-03-02,E-2025-03-0007,Manchester United,90+7',2,Bruno Fernandes
GB1-2025,M-2025-03-03,E-2025-03-0008,Brentford FC,59',-1,Kevin Schade
GB1-2025,M-2025-03-03,E-2025-03-0009,Brentford FC,77',1,Igor Thiago
GB1-2025,M-2025-03-03,E-2025-03-0010,Sunderland AFC,82',2,Enzo Le Fée
GB1-2025,M-2025-03-03,E-2025-03-0011,Sunderland AFC,90+6',1,Wilson Isidor
GB1-2025,M-2025-03-04,E-2025-03-0012,AFC Bournemouth,5',1,Evanilson
GB1-2025,M-2025-03-05,E-2025-03-0013,Everton FC,7',1,Beto
GB1-2025,M-2025-03-05,E-2025-03-0014,Wolverhampton Wanderers,21',1,Hee-chan Hwang
GB1-2025,M-2025-03-05,E-2025-03-0015,Everton FC,33',1,Iliman Ndiaye
GB1-2025,M-2025-03-05,E-2025-03-0016,Everton FC,55',1,Kiernan Dewsbury-Hall
GB1-2025,M-2025-03-05,E-2025-03-0017,Wolverhampton Wanderers,79',1,Rodrigo Gomes
GB1-2025,M-2025-03-07,E-2025-03-0018,Manchester City,34',1,Erling Haaland
GB1-2025,M-2025-03-07,E-2025-03-0019,Brighton & Hove Albion,67',2,James Milner
GB1-2025,M-2025-03-07,E-2025-03-0020,Brighton & Hove Albion,89',1,Brajan Gruda
GB1-2025,M-2025-03-08,E-2025-03-0021,West Ham United,84',1,Jarrod Bowen
GB1-2025,M-2025-03-08,E-2025-03-0022,West Ham United,88',2,Lucas Paquetá
GB1-2025,M-2025-03-08,E-2025-03-0023,West Ham United,90+1',1,Callum Wilson
GB1-2025,M-2025-03-09,E-2025-03-0024,Liverpool FC,83',1,Dominik Szoboszlai
GB1-2025,M-2025-03-10,E-2025-03-0025,Crystal Palace,21',2,Jean-Philippe Mateta
GB1-2025,M-2025-03-10,E-2025-03-0026,Crystal Palace,68',1,Marc Guéhi
GB1-2025,M-2025-03-10,E-2025-03-0027,Crystal Palace,78',1,Ismaïla Sarr
GB1-2025,M-2025-04-01,E-2025-04-0001,Arsenal FC,32',1,Martín Zubimendi
GB1-2025,M-2025-04-01,E-2025-04-0002,Arsenal FC,46',1,Viktor Gyökeres
GB1-2025,M-2025-04-01,E-2025-04-0003,Arsenal FC,79',1,Martín Zubimendi
GB1-2025,M-2025-04-02,E-2025-04-0004,AFC Bournemouth,18',1,Alex Scott
GB1-2025,M-2025-04-02,E-2025-04-0005,Brighton & Hove Albion,48',1,Kaoru Mitoma
GB1-2025,M-2025-04-02,E-2025-04-0006,AFC Bournemouth,61',2,Antoine Semenyo
GB1-2025,M-2025-04-05,E-2025-04-0007,Fulham FC,90+4',3,Gabriel Gudmundsson
GB1-2025,M-2025-04-06,E-2025-04-0008,Newcastle United,29',1,Nick Woltemade
GB1-2025,M-2025-04-07,E-2025-04-0009,Tottenham Hotspur,47',1,Pape Matar Sarr
GB1-2025,M-2025-04-07,E-2025-04-0010,West Ham United,54',-2,Tomáš Souček
GB1-2025,M-2025-04-07,E-2025-04-0011,Tottenham Hotspur,57',1,Lucas Bergvall
GB1-2025,M-2025-04-07,E-2025-04-0012,Tottenham Hotspur,64',1,Micky van de Ven
GB1-2025,M-2025-04-08,E-2025-04-0013,Brentford FC,35',1,Kevin Schade
GB1-2025,M-2025-04-08,E-2025-04-0014,Chelsea FC,61',1,Cole Palmer
GB1-2025,M-2025-04-08,E-2025-04-0015,Chelsea FC,85',1,Moisés Caicedo
GB1-2025,M-2025-04-08,E-2025-04-0016,Brentford FC,90+3',1,Fábio Carvalho
GB1-2025,M-2025-04-09,E-2025-04-0017,Burnley FC,84',-3,Lesley Ugochukwu
GB1-2025,M-2025-04-09,E-2025-04-0018,Liverpool FC,90+5',2,Mohamed Salah
GB1-2025,M-2025-04-10,E-2025-04-0019,Manchester City,18',1,Phil Foden
GB1-2025,M-2025-04-10,E-2025-04-0020,Manchester City,53',1,Erling Haaland
GB1-2025,M-2025-04-10,E-2025-04-0021,Manchester City,68',1,Erling Haaland
GB1-2025,M-2025-05-01,E-2025-05-0001,Liverpool FC,10',1,Ryan Gravenberch
GB1-2025,M-2025-05-01,E-2025-05-0002,Liverpool FC,29',1,Hugo Ekitiké
GB1-2025,M-2025-05-01,E-2025-05-0003,Everton FC,58',1,Idrissa Gueye
GB1-2025,M-2025-05-02,E-2025-05-0004,Brighton & Hove Albion,8',1,Yankuba Minteh
GB1-2025,M-2025-05-02,E-2025-05-0005,Brighton & Hove Albion,31',1,Yasin Ayari
GB1-2025,M-2025-05-02,E-2025-05-0006,Tottenham Hotspur,43',1,Richarlison
GB1-2025,M-2025-05-02,E-2025-05-0007,Tottenham Hotspur,82',3,Jan Paul van Hecke
GB1-2025,M-2025-05-03,E-2025-05-0008,Nottingham Forest,2',1,Neco Williams
GB1-2025,M-2025-05-03,E-2025-05-0009,Burnley FC,20',1,Jaidon Anthony
GB1-2025,M-2025-05-04,E-2025-05-0010,Crystal Palace,37',1,Jean-Philippe Mateta
GB1-2025,M-2025-05-04,E-2025-05-0011,West Ham United,49',1,Jarrod Bowen
GB1-2025,M-2025-05-04,E-2025-05-0012,Crystal Palace,68',1,Tyrick Mitchell
GB1-2025,M-2025-05-05,E-2025-05-0013,Wolverhampton Wanderers,8',1,Ladislav Krejci
GB1-2025,M-2025-05-05,E-2025-05-0014,Leeds United,31',1,Dominic Calvert-Lewin
GB1-2025,M-2025-05-05,E-2025-05-0015,Leeds United,39',1,Anton Stach
GB1-2025,M-2025-05-05,E-2025-05-0016,Leeds United,45',1,Noah Okafor
GB1-2025,M-2025-05-06,E-2025-05-0017,Chelsea FC,5',-2,Robert Sánchez
GB1-2025,M-2025-05-06,E-2025-05-0018,Manchester United,14',1,Bruno Fernandes
GB1-2025,M-2025-05-06,E-2025-05-0019,Manchester United,37',1,Casemiro
GB1-2025,M-2025-05-06,E-2025-05-0020,Manchester United,45+5',-3,Casemiro
GB1-2025,M-2025-05-06,E-2025-05-0021,Chelsea FC,80',1,Trevoh Chalobah
GB1-2025,M-2025-05-07,E-2025-05-0022,Brentford FC,20',1,Mikkel Damsgaard
GB1-2025,M-2025-05-07,E-2025-05-0023,Fulham FC,38',1,Alex Iwobi
GB1-2025,M-2025-05-07,E-2025-05-0024,Fulham FC,40',1,Harry Wilson
GB1-2025,M-2025-05-07,E-2025-05-0025,Fulham FC,50',3,Ethan Pinnock
GB1-2025,M-2025-05-09,E-2025-05-0026,Sunderland AFC,33',-2,Reinildo Mandava
GB1-2025,M-2025-05-09,E-2025-05-0027,Aston Villa,67',1,Matty Cash
GB1-2025,M-2025-05-09,E-2025-05-0028,Sunderland AFC,75',1,Wilson Isidor
GB1-2025,M-2025-05-10,E-2025-05-0029,Manchester City,9',1,Erling Haaland
GB1-2025,M-2025-05-10,E-2025-05-0030,Arsenal FC,90+3',1,Gabriel Martinelli
GB1-2025,M-2025-06-01,E-2025-06-0001,Brentford FC,8',1,Igor Thiago
GB1-2025,M-2025-06-01,E-2025-06-0002,Brentford FC,20',1,Igor Thiago
GB1-2025,M-2025-06-01,E-2025-06-0003,Manchester United,26',1,Benjamin Sesko
GB1-2025,M-2025-06-01,E-2025-06-0004,Manchester United,76',-1,Bruno Fernandes
GB1-2025,M-2025-06-01,E-2025-06-0005,Brentford FC,90+5',1,Mathias Jensen
GB1-2025,M-2025-06-02,E-2025-06-0006,Chelsea FC,24',1,Enzo Fernández
GB1-2025,M-2025-06-02,E-2025-06-0007,Chelsea FC,53',-2,Trevoh Chalobah
GB1-2025,M-2025-06-02,E-2025-06-0008,Brighton & Hove Albion,77',1,Danny Welbeck
GB1-2025,M-2025-06-02,E-2025-06-0009,Brighton & Hove Albion,90+2',1,Maxim De Cuyper
GB1-2025,M-2025-06-02,E-2025-06-0010,Brighton & Hove Albion,90+10',1,Danny Welbeck
GB1-2025,M-2025-06-03,E-2025-06-0011,Crystal Palace,9',1,Ismaïla Sarr
GB1-2025,M-2025-06-03,E-2025-06-0012,Liverpool FC,87',1,Federico Chiesa
GB1-2025,M-2025-06-03,E-2025-06-0013,Crystal Palace,90+7',1,Eddie Nketiah
GB1-2025,M-2025-06-04,E-2025-06-0014,AFC Bournemouth,26',1,Antoine Semenyo
GB1-2025,M-2025-06-04,E-2025-06-0015,Leeds United,37',1,Joe Rodon
GB1-2025,M-2025-06-04,E-2025-06-0016,Leeds United,54',1,Sean Longstaff
GB1-2025,M-2025-06-04,E-2025-06-0017,AFC Bournemouth,90+3',1,Junior Kroupi
GB1-2025,M-2025-06-05,E-2025-06-0018,Manchester City,12',3,Maxime Estève
GB1-2025,M-2025-06-05,E-2025-06-0019,Burnley FC,38',1,Jaidon Anthony
GB1-2025,M-2025-06-05,E-2025-06-0020,Manchester City,61',1,Matheus Nunes
GB1-2025,M-2025-06-05,E-2025-06-0021,Manchester City,65',3,Maxime Estève
GB1-2025,M-2025-06-05,E-2025-06-0022,Manchester City,90',1,Erling Haaland
GB1-2025,M-2025-06-05,E-2025-06-0023,Manchester City,90+3',1,Erling Haaland
GB1-2025,M-2025-06-06,E-2025-06-0024,Sunderland AFC,38',1,Omar Alderete
GB1-2025,M-2025-06-07,E-2025-06-0025,Wolverhampton Wanderers,54',1,Santiago Bueno
GB1-2025,M-2025-06-07,E-2025-06-0026,Tottenham Hotspur,90+4',1,João Palhinha
GB1-2025,M-2025-06-08,E-2025-06-0027,Fulham FC,3',1,Raúl Jiménez
GB1-2025,M-2025-06-08,E-2025-06-0028,Aston Villa,37',1,Ollie Watkins
GB1-2025,M-2025-06-08,E-2025-06-0029,Aston Villa,49',1,John McGinn
GB1-2025,M-2025-06-08,E-2025-06-0030,Aston Villa,51',1,Emiliano Buendía
GB1-2025,M-2025-06-09,E-2025-06-0031,Newcastle United,34',1,Nick Woltemade
GB1-2025,M-2025-06-09,E-2025-06-0032,Arsenal FC,84',1,Mikel Merino
GB1-2025,M-2025-06-09,E-2025-06-0033,Arsenal FC,90+6',1,Gabriel
GB1-2025,M-2025-06-10,E-2025-06-0034,Everton FC,18',1,Michael Keane
GB1-2025,M-2025-06-10,E-2025-06-0035,West Ham United,65',1,Jarrod Bowen
GB1-2025,M-2025-07-01,E-2025-07-0001,Fulham FC,70',1,Ryan Sessegnon
GB1-2025,M-2025-07-01,E-2025-07-0002,AFC Bournemouth,78',1,Antoine Semenyo
GB1-2025,M-2025-07-01,E-2025-07-0003,AFC Bournemouth,84',1,Justin Kluivert
GB1-2025,M-2025-07-01,E-2025-07-0004,AFC Bournemouth,90+6',1,Antoine Semenyo
GB1-2025,M-2025-07-02,E-2025-07-0005,Tottenham Hotspur,23',1,Mathys Tel
GB1-2025,M-2025-07-02,E-2025-07-0006,Leeds United,34',1,Noah Okafor
GB1-2025,M-2025-07-02,E-2025-07-0007,Tottenham Hotspur,57',1,Mohammed Kudus
GB1-2025,M-2025-07-03,E-2025-07-0008,Arsenal FC,38',1,Declan Rice
GB1-2025,M-2025-07-03,E-2025-07-0009,Arsenal FC,67',2,Bukayo Saka
GB1-2025,M-2025-07-04,E-2025-07-0010,Manchester United,8',1,Mason Mount
GB1-2025,M-2025-07-04,E-2025-07-0011,Manchester United,31',1,Benjamin Sesko
GB1-2025,M-2025-07-05,E-2025-07-0012,Chelsea FC,14',1,Moisés Caicedo
GB1-2025,M-2025-07-05,E-2025-07-0013,Liverpool FC,63',1,Cody Gakpo
GB1-2025,M-2025-07-05,E-2025-07-0014,Chelsea FC,90+5',1,Estêvão
GB1-2025,M-2025-07-06,E-2025-07-0015,Aston Villa,25',1,Donyell Malen
GB1-2025,M-2025-07-06,E-2025-07-0016,Aston Villa,63',1,Donyell Malen
GB1-2025,M-2025-07-06,E-2025-07-0017,Burnley FC,78',1,Lesley Ugochukwu
GB1-2025,M-2025-07-07,E-2025-07-0018,Crystal Palace,37',1,Daniel Muñoz
GB1-2025,M-2025-07-07,E-2025-07-0019,Everton FC,76',2,Iliman Ndiaye
GB1-2025,M-2025-07-07,E-2025-07-0020,Everton FC,90+3',1,Jack Grealish
GB1-2025,M-2025-07-08,E-2025-07-0021,Newcastle United,58',1,Bruno Guimarães
GB1-2025,M-2025-07-08,E-2025-07-0022,Newcastle United,84',2,Nick Woltemade
GB1-2025,M-2025-07-09,E-2025-07-0023,Wolverhampton Wanderers,21',3,Bart Verbruggen
GB1-2025,M-2025-07-09,E-2025-07-0024,Brighton & Hove Albion,86',1,Jan Paul van Hecke
GB1-2025,M-2025-07-10,E-2025-07-0025,Manchester City,9',1,Erling Haaland
GB1-2025,M-2025-08-01,E-2025-08-0001,Chelsea FC,49',1,Josh Acheampong
GB1-2025,M-2025-08-01,E-2025-08-0002,Chelsea FC,52',1,Pedro Neto
GB1-2025,M-2025-08-01,E-2025-08-0003,Chelsea FC,84',1,Reece James
GB1-2025,M-2025-08-01,E-2025-08-0004,Chelsea FC,87',-3,Malo Gusto
GB1-2025,M-2025-08-02,E-2025-08-0005,Brighton & Hove Albion,41',1,Danny Welbeck
GB1-2025,M-2025-08-02,E-2025-08-0006,Newcastle United,76',1,Nick Woltemade
GB1-2025,M-2025-08-02,E-2025-08-0007,Brighton & Hove Albion,84',1,Danny Welbeck
GB1-2025,M-2025-08-03,E-2025-08-0008,Burnley FC,18',1,Lesley Ugochukwu
GB1-2025,M-2025-08-03,E-2025-08-0009,Burnley FC,68',1,Loum Tchaouna
GB1-2025,M-2025-08-04,E-2025-08-0010,AFC Bournemouth,7',1,Junior Kroupi
GB1-2025,M-2025-08-04,E-2025-08-0011,AFC Bournemouth,38',1,Junior Kroupi
GB1-2025,M-2025-08-04,E-2025-08-0012,Crystal Palace,64',1,Jean-Philippe Mateta
GB1-2025,M-2025-08-04,E-2025-08-0013,Crystal Palace,69',1,Jean-Philippe Mateta
GB1-2025,M-2025-08-04,E-2025-08-0014,AFC Bournemouth,89',1,Ryan Christie
GB1-2025,M-2025-08-04,E-2025-08-0015,Crystal Palace,90+7',2,Jean-Philippe Mateta
GB1-2025,M-2025-08-05,E-2025-08-0016,Manchester City,58',1,Erling Haaland
GB1-2025,M-2025-08-05,E-2025-08-0017,Manchester City,63',1,Erling Haaland
GB1-2025,M-2025-08-06,E-2025-08-0018,Sunderland AFC,16',1,Nordi Mukiele
GB1-2025,M-2025-08-06,E-2025-08-0019,Sunderland AFC,90+2',3,Ladislav Krejci
GB1-2025,M-2025-08-07,E-2025-08-0020,Arsenal FC,58',1,Leandro Trossard
GB1-2025,M-2025-08-08,E-2025-08-0021,Tottenham Hotspur,5',1,Rodrigo Bentancur
GB1-2025,M-2025-08-08,E-2025-08-0022,Aston Villa,37',1,Morgan Rogers
GB1-2025,M-2025-08-08,E-2025-08-0023,Aston Villa,77',1,Emiliano Buendía
GB1-2025,M-2025-08-09,E-2025-08-0024,Manchester United,2',1,Bryan Mbeumo
GB1-2025,M-2025-08-09,E-2025-08-0025,Liverpool FC,78',1,Cody Gakpo
GB1-2025,M-2025-08-09,E-2025-08-0026,Manchester United,84',1,Harry Maguire
GB1-2025,M-2025-08-10,E-2025-08-0027,Brentford FC,43',1,Igor Thiago
GB1-2025,M-2025-08-10,E-2025-08-0028,Brentford FC,90+4',1,Mathias Jensen
GB1-2025,M-2025-09-01,E-2025-09-0001,Leeds United,3',1,Brenden Aaronson
GB1-2025,M-2025-09-01,E-2025-09-0002,Leeds United,15',1,Joe Rodon
GB1-2025,M-2025-09-01,E-2025-09-0003,West Ham United,90',1,Mateus Fernandes
GB1-2025,M-2025-09-02,E-2025-09-0004,Chelsea FC,4',1,Alejandro Garnacho
GB1-2025,M-2025-09-02,E-2025-09-0005,Sunderland AFC,22',1,Wilson Isidor
GB1-2025,M-2025-09-02,E-2025-09-0006,Sunderland AFC,90+3',1,Chemsdine Talbi
GB1-2025,M-2025-09-03,E-2025-09-0007,Newcastle United,18',1,Jacob Murphy
GB1-2025,M-2025-09-03,E-2025-09-0008,Fulham FC,56',1,Saša Lukić
GB1-2025,M-2025-09-03,E-2025-09-0009,Newcastle United,90',1,Bruno Guimarães
GB1-2025,M-2025-09-04,E-2025-09-0010,Manchester United,24',1,Matheus Cunha
GB1-2025,M-2025-09-04,E-2025-09-0011,Manchester United,34',1,Casemiro
GB1-2025,M-2025-09-04,E-2025-09-0012,Manchester United,61',1,Bryan Mbeumo
GB1-2025,M-2025-09-04,E-2025-09-0013,Brighton & Hove Albion,74',1,Danny Welbeck
GB1-2025,M-2025-09-04,E-2025-09-0014,Brighton & Hove Albion,90+2',1,Charalampos Kostoulas
GB1-2025,M-2025-09-04,E-2025-09-0015,Manchester United,90+6',1,Bryan Mbeumo
GB1-2025,M-2025-09-05,E-2025-09-0016,Brentford FC,5',1,Dango Ouattara
GB1-2025,M-2025-09-05,E-2025-09-0017,Brentford FC,45',1,Kevin Schade
GB1-2025,M-2025-09-05,E-2025-09-0018,Liverpool FC,45+5',1,Milos Kerkez
GB1-2025,M-2025-09-05,E-2025-09-0019,Brentford FC,60',2,Igor Thiago
GB1-2025,M-2025-09-05,E-2025-09-0020,Liverpool FC,89',1,Mohamed Salah
GB1-2025,M-2025-09-06,E-2025-09-0021,Arsenal FC,39',1,Eberechi Eze
GB1-2025,M-2025-09-07,E-2025-09-0022,Aston Villa,19',1,Matty Cash
GB1-2025,M-2025-09-08,E-2025-09-0023,AFC Bournemouth,25',1,Marcus Tavernier
GB1-2025,M-2025-09-08,E-2025-09-0024,AFC Bournemouth,40',1,Junior Kroupi
GB1-2025,M-2025-09-09,E-2025-09-0025,Burnley FC,14',1,Zian Flemming
GB1-2025,M-2025-09-09,E-2025-09-0026,Burnley FC,30',1,Zian Flemming
GB1-2025,M-2025-09-09,E-2025-09-0027,Wolverhampton Wanderers,42',2,Jørgen Strand Larsen
GB1-2025,M-2025-09-09,E-2025-09-0028,Wolverhampton Wanderers,45+4',1,Marshall Munetsi
GB1-2025,M-2025-09-09,E-2025-09-0029,Burnley FC,90+5',1,Lyle Foster
GB1-2025,M-2025-09-10,E-2025-09-0030,Tottenham Hotspur,19',1,Micky van de Ven
GB1-2025,M-2025-09-10,E-2025-09-0031,Tottenham Hotspur,45+6',1,Micky van de Ven
GB1-2025,M-2025-09-10,E-2025-09-0032,Tottenham Hotspur,89',1,Pape Matar Sarr
GB1-2025,M-2025-10-01,E-2025-10-0001,Brighton & Hove Albion,11',1,Danny Welbeck
GB1-2025,M-2025-10-01,E-2025-10-0002,Brighton & Hove Albion,64',1,Diego Gómez
GB1-2025,M-2025-10-01,E-2025-10-0003,Brighton & Hove Albion,70',1,Diego Gómez
GB1-2025,M-2025-10-02,E-2025-10-0004,Arsenal FC,14',1,Viktor Gyökeres
GB1-2025,M-2025-10-02,E-2025-10-0005,Arsenal FC,35',1,Declan Rice
GB1-2025,M-2025-10-03,E-2025-10-0006,Crystal Palace,30',1,Jean-Philippe Mateta
GB1-2025,M-2025-10-03,E-2025-10-0007,Crystal Palace,51',3,Nathan Collins
GB1-2025,M-2025-10-04,E-2025-10-0008,Fulham FC,9',1,Ryan Sessegnon
GB1-2025,M-2025-10-04,E-2025-10-0009,Wolverhampton Wanderers,36',-2,Emmanuel Agbadou
GB1-2025,M-2025-10-04,E-2025-10-0010,Fulham FC,62',1,Harry Wilson
GB1-2025,M-2025-10-04,E-2025-10-0011,Fulham FC,75',3,Yerson Mosquera
GB1-2025,M-2025-10-05,E-2025-10-0012,Manchester United,34',1,Casemiro
GB1-2025,M-2025-10-05,E-2025-10-0013,Nottingham Forest,48',1,Morgan Gibbs-White
GB1-2025,M-2025-10-05,E-2025-10-0014,Nottingham Forest,50',1,Nicolò Savona
GB1-2025,M-2025-10-05,E-2025-10-0015,Manchester United,81',1,Amad Diallo
GB1-2025,M-2025-10-06,E-2025-10-0016,Chelsea FC,34',1,João Pedro
GB1-2025,M-2025-10-07,E-2025-10-0017,Liverpool FC,45+1',1,Mohamed Salah
GB1-2025,M-2025-10-07,E-2025-10-0018,Liverpool FC,58',1,Ryan Gravenberch
GB1-2025,M-2025-10-08,E-2025-10-0019,Newcastle United,4',1,Jacob Murphy
GB1-2025,M-2025-10-08,E-2025-10-0020,West Ham United,35',1,Lucas Paquetá
GB1-2025,M-2025-10-08,E-2025-10-0021,West Ham United,45+5',3,Sven Botman
GB1-2025,M-2025-10-08,E-2025-10-0022,West Ham United,90+7',1,Tomáš Souček
GB1-2025,M-2025-10-09,E-2025-10-0023,Manchester City,17',1,Erling Haaland
GB1-2025,M-2025-10-09,E-2025-10-0024,AFC Bournemouth,25',1,Tyler Adams
GB1-2025,M-2025-10-09,E-2025-10-0025,Manchester City,33',1,Erling Haaland
GB1-2025,M-2025-10-09,E-2025-10-0026,Manchester City,60',1,Nico O'Reilly
GB1-2025,M-2025-10-10,E-2025-10-0027,Everton FC,15',1,Iliman Ndiaye
GB1-2025,M-2025-10-10,E-2025-10-0028,Sunderland AFC,46',1,Granit Xhaka
GB1-2025,M-2025-11-01,E-2025-11-0001,Manchester United,32',1,Bryan Mbeumo
GB1-2025,M-2025-11-01,E-2025-11-0002,Tottenham Hotspur,84',1,Mathys Tel
GB1-2025,M-2025-11-01,E-2025-11-0003,Tottenham Hotspur,90+1',1,Richarlison
GB1-2025,M-2025-11-01,E-2025-11-0004,Manchester United,90+6',1,Matthijs de Ligt
GB1-2025,M-2025-11-02,E-2025-11-0005,Everton FC,45+4',1,Idrissa Gueye
GB1-2025,M-2025-11-02,E-2025-11-0006,Everton FC,81',1,Michael Keane
GB1-2025,M-2025-11-03,E-2025-11-0007,Burnley FC,35',1,Zian Flemming
GB1-2025,M-2025-11-03,E-2025-11-0008,West Ham United,44',1,Callum Wilson
GB1-2025,M-2025-11-03,E-2025-11-0009,West Ham United,77',1,Tomáš Souček
GB1-2025,M-2025-11-03,E-2025-11-0010,West Ham United,87',1,Kyle Walker-Peters
GB1-2025,M-2025-11-03,E-2025-11-0011,Burnley FC,90+7',1,Josh Cullen
GB1-2025,M-2025-11-04,E-2025-11-0012,Sunderland AFC,36',1,Dan Ballard
GB1-2025,M-2025-11-04,E-2025-11-0013,Arsenal FC,54',1,Bukayo Saka
GB1-2025,M-2025-11-04,E-2025-11-0014,Arsenal FC,74',1,Leandro Trossard
GB1-2025,M-2025-11-04,E-2025-11-0015,Sunderland AFC,90+4',1,Brian Brobbey
GB1-2025,M-2025-11-05,E-2025-11-0016,Chelsea FC,51',1,Malo Gusto
GB1-2025,M-2025-11-05,E-2025-11-0017,Chelsea FC,65',1,João Pedro
GB1-2025,M-2025-11-05,E-2025-11-0018,Chelsea FC,73',1,Pedro Neto
GB1-2025,M-2025-11-06,E-2025-11-0019,Aston Villa,28',1,Emiliano Buendía
GB1-2025,M-2025-11-06,E-2025-11-0020,Aston Villa,40',1,Amadou Onana
GB1-2025,M-2025-11-06,E-2025-11-0021,AFC Bournemouth,67',-1,Antoine Semenyo
GB1-2025,M-2025-11-06,E-2025-11-0022,Aston Villa,77',1,Ross Barkley
GB1-2025,M-2025-11-06,E-2025-11-0023,Aston Villa,82',1,Donyell Malen
GB1-2025,M-2025-11-07,E-2025-11-0024,Newcastle United,27',1,Harvey Barnes
GB1-2025,M-2025-11-07,E-2025-11-0025,Brentford FC,56',1,Kevin Schade
GB1-2025,M-2025-11-07,E-2025-11-0026,Newcastle United,73',-3,Dan Burn
GB1-2025,M-2025-11-07,E-2025-11-0027,Brentford FC,78',2,Igor Thiago
GB1-2025,M-2025-11-07,E-2025-11-0028,Brentford FC,90+5',1,Igor Thiago
GB1-2025,M-2025-11-09,E-2025-11-0029,Leeds United,13',1,Lukas Nmecha
GB1-2025,M-2025-11-09,E-2025-11-0030,Nottingham Forest,15',1,Ibrahim Sangaré
GB1-2025,M-2025-11-09,E-2025-11-0031,Nottingham Forest,68',1,Morgan Gibbs-White
GB1-2025,M-2025-11-09,E-2025-11-0032,Nottingham Forest,90+1',2,Elliot Anderson
GB1-2025,M-2025-11-10,E-2025-11-0033,Manchester City,13',-1,Erling Haaland
GB1-2025,M-2025-11-10,E-2025-11-0034,Manchester City,29',1,Erling Haaland
GB1-2025,M-2025-11-10,E-2025-11-0035,Manchester City,45+3',1,Nico González
GB1-2025,M-2025-11-10,E-2025-11-0036,Manchester City,63',1,Jérémy Doku
GB1-2025,M-2025-12-01,E-2025-12-0001,Chelsea FC,37',1,Pedro Neto
GB1-2025,M-2025-12-01,E-2025-12-0002,Chelsea FC,88',1,Enzo Fernández
GB1-2025,M-2025-12-02,E-2025-12-0003,West Ham United,11',1,Callum Wilson
GB1-2025,M-2025-12-02,E-2025-12-0004,West Ham United,35',1,Callum Wilson
GB1-2025,M-2025-12-02,E-2025-12-0005,AFC Bournemouth,69',2,Marcus Tavernier
GB1-2025,M-2025-12-02,E-2025-12-0006,AFC Bournemouth,81',1,Enes Ünal
GB1-2025,M-2025-12-03,E-2025-12-0007,Brentford FC,29',2,Igor Thiago
GB1-2025,M-2025-12-03,E-2025-12-0008,Brighton & Hove Albion,71',1,Danny Welbeck
GB1-2025,M-2025-12-03,E-2025-12-0009,Brighton & Hove Albion,84',1,Jack Hinshelwood
GB1-2025,M-2025-12-03,E-2025-12-0010,Brentford FC,90+4',-1,Igor Thiago
GB1-2025,M-2025-12-04,E-2025-12-0011,Fulham FC,84',1,Raúl Jiménez
GB1-2025,M-2025-12-05,E-2025-12-0012,Nottingham Forest,33',1,Murillo
GB1-2025,M-2025-12-05,E-2025-12-0013,Nottingham Forest,46',1,Nicolò Savona
GB1-2025,M-2025-12-05,E-2025-12-0014,Nottingham Forest,78',1,Morgan Gibbs-White
GB1-2025,M-2025-12-06,E-2025-12-0015,Crystal Palace,63',1,Daniel Muñoz
GB1-2025,M-2025-12-06,E-2025-12-0016,Crystal Palace,69',1,Yéremy Pino
GB1-2025,M-2025-12-07,E-2025-12-0017,Newcastle United,63',1,Harvey Barnes
GB1-2025,M-2025-12-07,E-2025-12-0018,Manchester City,68',1,Rúben Dias
GB1-2025,M-2025-12-07,E-2025-12-0019,Newcastle United,70',1,Harvey Barnes
GB1-2025,M-2025-12-08,E-2025-12-0020,Leeds United,8',1,Lukas Nmecha
GB1-2025,M-2025-12-08,E-2025-12-0021,Aston Villa,48',1,Morgan Rogers
GB1-2025,M-2025-12-08,E-2025-12-0022,Aston Villa,75',1,Morgan Rogers
GB1-2025,M-2025-12-09,E-2025-12-0023,Arsenal FC,36',1,Leandro Trossard
GB1-2025,M-2025-12-09,E-2025-12-0024,Arsenal FC,41',1,Eberechi Eze
GB1-2025,M-2025-12-09,E-2025-12-0025,Arsenal FC,46',1,Eberechi Eze
GB1-2025,M-2025-12-09,E-2025-12-0026,Tottenham Hotspur,55',1,Richarlison
GB1-2025,M-2025-12-09,E-2025-12-0027,Arsenal FC,76',1,Eberechi Eze
GB1-2025,M-2025-12-10,E-2025-12-0028,Everton FC,13',-2,Idrissa Gueye
GB1-2025,M-2025-12-10,E-2025-12-0029,Everton FC,29',1,Kiernan Dewsbury-Hall
GB1-2025,M-2025-13-01,E-2025-13-0001,Brentford FC,81',2,Igor Thiago
GB1-2025,M-2025-13-01,E-2025-13-0002,Burnley FC,85',2,Zian Flemming
GB1-2025,M-2025-13-01,E-2025-13-0003,Brentford FC,86',1,Igor Thiago
GB1-2025,M-2025-13-01,E-2025-13-0004,Brentford FC,90+2',1,Dango Ouattara
GB1-2025,M-2025-13-02,E-2025-13-0005,Manchester City,1',1,Phil Foden
GB1-2025,M-2025-13-02,E-2025-13-0006,Manchester City,25',1,Josko Gvardiol
GB1-2025,M-2025-13-02,E-2025-13-0007,Leeds United,49',1,Dominic Calvert-Lewin
GB1-2025,M-2025-13-02,E-2025-13-0008,Leeds United,68',1,Lukas Nmecha
GB1-2025,M-2025-13-02,E-2025-13-0009,Leeds United,68',-1,Lukas Nmecha
GB1-2025,M-2025-13-02,E-2025-13-0010,Manchester City,90+1',1,Phil Foden
GB1-2025,M-2025-13-03,E-2025-13-0011,AFC Bournemouth,7',1,Amine Adli
GB1-2025,M-2025-13-03,E-2025-13-0012,AFC Bournemouth,15',1,Tyler Adams
GB1-2025,M-2025-13-03,E-2025-13-0013,Sunderland AFC,30',2,Enzo Le Fée
GB1-2025,M-2025-13-03,E-2025-13-0014,Sunderland AFC,46',1,Bertrand Traoré
GB1-2025,M-2025-13-03,E-2025-13-0015,Sunderland AFC,69',1,Brian Brobbey
GB1-2025,M-2025-13-03,E-2025-13-0016,AFC Bournemouth,90+6',-2,Lewis Cook
GB1-2025,M-2025-13-04,E-2025-13-0017,Newcastle United,1',1,Malick Thiaw
GB1-2025,M-2025-13-04,E-2025-13-0018,Newcastle United,25',1,Lewis Miley
GB1-2025,M-2025-13-04,E-2025-13-0019,Newcastle United,45',1,Nick Woltemade
GB1-2025,M-2025-13-04,E-2025-13-0020,Newcastle United,58',1,Malick Thiaw
GB1-2025,M-2025-13-04,E-2025-13-0021,Everton FC,69',1,Kiernan Dewsbury-Hall
GB1-2025,M-2025-13-05,E-2025-13-0022,Fulham FC,4',1,Kenny Tete
GB1-2025,M-2025-13-05,E-2025-13-0023,Fulham FC,6',1,Harry Wilson
GB1-2025,M-2025-13-05,E-2025-13-0024,Tottenham Hotspur,59',1,Mohammed Kudus
GB1-2025,M-2025-13-06,E-2025-13-0025,Crystal Palace,36',2,Jean-Philippe Mateta
GB1-2025,M-2025-13-06,E-2025-13-0026,Manchester United,54',1,Joshua Zirkzee
GB1-2025,M-2025-13-06,E-2025-13-0027,Manchester United,63',1,Mason Mount
GB1-2025,M-2025-13-07,E-2025-13-0028,Aston Villa,67',1,Boubacar Kamara
GB1-2025,M-2025-13-08,E-2025-13-0029,Brighton & Hove Albion,45+1',1,Maxim De Cuyper
GB1-2025,M-2025-13-08,E-2025-13-0030,Brighton & Hove Albion,88',1,Stefanos Tzimas
GB1-2025,M-2025-13-09,E-2025-13-0031,Liverpool FC,60',1,Alexander Isak
GB1-2025,M-2025-13-09,E-2025-13-0032,West Ham United,84',-3,Lucas Paquetá
GB1-2025,M-2025-13-09,E-2025-13-0033,Liverpool FC,90+2',1,Cody Gakpo
GB1-2025,M-2025-13-10,E-2025-13-0034,Chelsea FC,38',-2,Moisés Caicedo
GB1-2025,M-2025-13-10,E-2025-13-0035,Chelsea FC,48',1,Trevoh Chalobah
GB1-2025,M-2025-13-10,E-2025-13-0036,Arsenal FC,59',1,Mikel Merino
GB1-2025,M-2025-14-01,E-2025-14-0001,Everton FC,78',1,Jack Grealish
GB1-2025,M-2025-14-02,E-2025-14-0002,Manchester City,17',1,Erling Haaland
GB1-2025,M-2025-14-02,E-2025-14-0003,Manchester City,37',1,Tijjani Reijnders
GB1-2025,M-2025-14-02,E-2025-14-0004,Manchester City,44',1,Phil Foden
GB1-2025,M-2025-14-02,E-2025-14-0005,Fulham FC,45+2',1,Emile Smith Rowe
GB1-2025,M-2025-14-02,E-2025-14-0006,Manchester City,48',1,Phil Foden
GB1-2025,M-2025-14-02,E-2025-14-0007,Manchester City,54',3,Sander Berge
GB1-2025,M-2025-14-02,E-2025-14-0008,Fulham FC,57',1,Alex Iwobi
GB1-2025,M-2025-14-02,E-2025-14-0009,Fulham FC,72',1,Samuel Chukwueze
GB1-2025,M-2025-14-02,E-2025-14-0010,Fulham FC,78',1,Samuel Chukwueze
GB1-2025,M-2025-14-03,E-2025-14-0011,Newcastle United,71',1,Bruno Guimarães
GB1-2025,M-2025-14-03,E-2025-14-0012,Tottenham Hotspur,78',1,Cristian Romero
GB1-2025,M-2025-14-03,E-2025-14-0013,Newcastle United,86',2,Anthony Gordon
GB1-2025,M-2025-14-03,E-2025-14-0014,Tottenham Hotspur,90+5',1,Cristian Romero
GB1-2025,M-2025-14-04,E-2025-14-0015,Arsenal FC,11',1,Mikel Merino
GB1-2025,M-2025-14-04,E-2025-14-0016,Arsenal FC,90+1',1,Bukayo Saka
GB1-2025,M-2025-14-05,E-2025-14-0017,Crystal Palace,44',1,Daniel Muñoz
GB1-2025,M-2025-14-06,E-2025-14-0018,Brighton & Hove Albion,9',1,Jan Paul van Hecke
GB1-2025,M-2025-14-06,E-2025-14-0019,Brighton & Hove Albion,29',3,Pau Torres
GB1-2025,M-2025-14-06,E-2025-14-0020,Aston Villa,37',1,Ollie Watkins
GB1-2025,M-2025-14-06,E-2025-14-0021,Aston Villa,45+7',1,Ollie Watkins
GB1-2025,M-2025-14-06,E-2025-14-0022,Aston Villa,60',1,Amadou Onana
GB1-2025,M-2025-14-06,E-2025-14-0023,Aston Villa,78',1,Donyell Malen
GB1-2025,M-2025-14-06,E-2025-14-0024,Brighton & Hove Albion,83',1,Jan Paul van Hecke
GB1-2025,M-2025-14-07,E-2025-14-0025,Leeds United,6',1,Jaka Bijol
GB1-2025,M-2025-14-07,E-2025-14-0026,Leeds United,43',1,Ao Tanaka
GB1-2025,M-2025-14-07,E-2025-14-0027,Chelsea FC,50',1,Pedro Neto
GB1-2025,M-2025-14-07,E-2025-14-0028,Leeds United,72',1,Dominic Calvert-Lewin
GB1-2025,M-2025-14-08,E-2025-14-0029,Sunderland AFC,67',1,Chemsdine Talbi
GB1-2025,M-2025-14-08,E-2025-14-0030,Liverpool FC,81',3,Nordi Mukiele
GB1-2025,M-2025-14-09,E-2025-14-0031,Nottingham Forest,72',1,Igor Jesus
GB1-2025,M-2025-14-10,E-2025-14-0032,Manchester United,58',1,Diogo Dalot
GB1-2025,M-2025-14-10,E-2025-14-0033,West Ham United,83',1,Soungoutou Magassa
GB1-2025,M-2025-15-01,E-2025-15-0001,Aston Villa,36',1,Matty Cash
GB1-2025,M-2025-15-01,E-2025-15-0002,Arsenal FC,52',1,Leandro Trossard
GB1-2025,M-2025-15-01,E-2025-15-0003,Aston Villa,90+5',1,Emiliano Buendía
GB1-2025,M-2025-15-03,E-2025-15-0004,Everton FC,2',3,Nikola Milenković
GB1-2025,M-2025-15-03,E-2025-15-0005,Everton FC,45+3',1,Thierno Barry
GB1-2025,M-2025-15-03,E-2025-15-0006,Everton FC,80',1,Kiernan Dewsbury-Hall
GB1-2025,M-2025-15-04,E-2025-15-0007,Manchester City,31',1,Rúben Dias
GB1-2025,M-2025-15-04,E-2025-15-0008,Manchester City,35',1,Josko Gvardiol
GB1-2025,M-2025-15-04,E-2025-15-0009,Manchester City,65',1,Phil Foden
GB1-2025,M-2025-15-04,E-2025-15-0010,Sunderland AFC,90+5',-2,Luke O'Nien
GB1-2025,M-2025-15-05,E-2025-15-0011,Newcastle United,31',1,Bruno Guimarães
GB1-2025,M-2025-15-05,E-2025-15-0012,Burnley FC,43',-2,Lucas Pires
GB1-2025,M-2025-15-05,E-2025-15-0013,Newcastle United,45+8',2,Anthony Gordon
GB1-2025,M-2025-15-05,E-2025-15-0014,Burnley FC,90+4',2,Zian Flemming
GB1-2025,M-2025-15-06,E-2025-15-0015,Tottenham Hotspur,25',1,Richarlison
GB1-2025,M-2025-15-06,E-2025-15-0016,Tottenham Hotspur,43',1,Xavi Simons
GB1-2025,M-2025-15-07,E-2025-15-0017,Liverpool FC,48',1,Hugo Ekitiké
GB1-2025,M-2025-15-07,E-2025-15-0018,Liverpool FC,50',1,Hugo Ekitiké
GB1-2025,M-2025-15-07,E-2025-15-0019,Leeds United,73',2,Dominic Calvert-Lewin
GB1-2025,M-2025-15-07,E-2025-15-0020,Leeds United,75',1,Anton Stach
GB1-2025,M-2025-15-07,E-2025-15-0021,Liverpool FC,80',1,Dominik Szoboszlai
GB1-2025,M-2025-15-07,E-2025-15-0022,Leeds United,90+6',1,Ao Tanaka
GB1-2025,M-2025-15-08,E-2025-15-0023,West Ham United,73',1,Jarrod Bowen
GB1-2025,M-2025-15-08,E-2025-15-0024,Brighton & Hove Albion,90+1',1,Georginio Rutter
GB1-2025,M-2025-15-09,E-2025-15-0025,Crystal Palace,20',1,Eddie Nketiah
GB1-2025,M-2025-15-09,E-2025-15-0026,Fulham FC,38',1,Harry Wilson
GB1-2025,M-2025-15-09,E-2025-15-0027,Crystal Palace,87',1,Marc Guéhi
GB1-2025,M-2025-15-10,E-2025-15-0028,Manchester United,25',1,Bruno Fernandes
GB1-2025,M-2025-15-10,E-2025-15-0029,Wolverhampton Wanderers,45+2',1,Jean-Ricner Bellegarde
GB1-2025,M-2025-15-10,E-2025-15-0030,Manchester United,51',1,Bryan Mbeumo
GB1-2025,M-2025-15-10,E-2025-15-0031,Manchester United,62',1,Mason Mount
GB1-2025,M-2025-15-10,E-2025-15-0032,Manchester United,82',2,Bruno Fernandes
GB1-2025,M-2025-16-01,E-2025-16-0001,Chelsea FC,21',1,Cole Palmer
GB1-2025,M-2025-16-01,E-2025-16-0002,Chelsea FC,45',1,Malo Gusto
GB1-2025,M-2025-16-02,E-2025-16-0003,Liverpool FC,1',1,Hugo Ekitiké
GB1-2025,M-2025-16-02,E-2025-16-0004,Liverpool FC,60',1,Hugo Ekitiké
GB1-2025,M-2025-16-03,E-2025-16-0005,Fulham FC,9',1,Emile Smith Rowe
GB1-2025,M-2025-16-03,E-2025-16-0006,Burnley FC,21',1,Lesley Ugochukwu
GB1-2025,M-2025-16-03,E-2025-16-0007,Fulham FC,31',1,Calvin Bassey
GB1-2025,M-2025-16-03,E-2025-16-0008,Fulham FC,58',1,Harry Wilson
GB1-2025,M-2025-16-03,E-2025-16-0009,Burnley FC,86',1,Oliver Sonne
GB1-2025,M-2025-16-04,E-2025-16-0010,Arsenal FC,70',3,Sam Johnstone
GB1-2025,M-2025-16-04,E-2025-16-0011,Wolverhampton Wanderers,90',1,Tolu Arokodare
GB1-2025,M-2025-16-04,E-2025-16-0012,Arsenal FC,90+4',3,Yerson Mosquera
GB1-2025,M-2025-16-05,E-2025-16-0013,Manchester City,41',1,Erling Haaland
GB1-2025,M-2025-16-05,E-2025-16-0014,Manchester City,69',1,Phil Foden
GB1-2025,M-2025-16-05,E-2025-16-0015,Manchester City,89',2,Erling Haaland
GB1-2025,M-2025-16-06,E-2025-16-0016,Nottingham Forest,28',1,Callum Hudson-Odoi
GB1-2025,M-2025-16-06,E-2025-16-0017,Nottingham Forest,50',1,Callum Hudson-Odoi
GB1-2025,M-2025-16-06,E-2025-16-0018,Nottingham Forest,79',1,Ibrahim Sangaré
GB1-2025,M-2025-16-07,E-2025-16-0019,Sunderland AFC,46',3,Nick Woltemade
GB1-2025,M-2025-16-08,E-2025-16-0020,West Ham United,1',1,Mateus Fernandes
GB1-2025,M-2025-16-08,E-2025-16-0021,Aston Villa,9',3,Konstantinos Mavropanos
GB1-2025,M-2025-16-08,E-2025-16-0022,West Ham United,24',1,Jarrod Bowen
GB1-2025,M-2025-16-08,E-2025-16-0023,Aston Villa,50',1,Morgan Rogers
GB1-2025,M-2025-16-08,E-2025-16-0024,Aston Villa,79',1,Morgan Rogers
GB1-2025,M-2025-16-09,E-2025-16-0025,Brentford FC,70',1,Jordan Henderson
GB1-2025,M-2025-16-09,E-2025-16-0026,Leeds United,82',1,Dominic Calvert-Lewin
GB1-2025,M-2025-16-10,E-2025-16-0027,Manchester United,13',1,Amad Diallo
GB1-2025,M-2025-16-10,E-2025-16-0028,AFC Bournemouth,40',1,Antoine Semenyo
GB1-2025,M-2025-16-10,E-2025-16-0029,Manchester United,45+4',1,Casemiro
GB1-2025,M-2025-16-10,E-2025-16-0030,AFC Bournemouth,46',1,Evanilson
GB1-2025,M-2025-16-10,E-2025-16-0031,AFC Bournemouth,52',1,Marcus Tavernier
GB1-2025,M-2025-16-10,E-2025-16-0032,Manchester United,77',1,Bruno Fernandes
GB1-2025,M-2025-16-10,E-2025-16-0033,Manchester United,79',1,Matheus Cunha
GB1-2025,M-2025-16-10,E-2025-16-0034,AFC Bournemouth,84',1,Junior Kroupi
GB1-2025,M-2025-17-01,E-2025-17-0001,Newcastle United,4',1,Nick Woltemade
GB1-2025,M-2025-17-01,E-2025-17-0002,Newcastle United,20',1,Nick Woltemade
GB1-2025,M-2025-17-01,E-2025-17-0003,Chelsea FC,49',1,Reece James
GB1-2025,M-2025-17-01,E-2025-17-0004,Chelsea FC,66',1,João Pedro
GB1-2025,M-2025-17-02,E-2025-17-0005,AFC Bournemouth,67',1,Antoine Semenyo
GB1-2025,M-2025-17-02,E-2025-17-0006,Burnley FC,90',1,Armando Broja
GB1-2025,M-2025-17-04,E-2025-17-0007,Manchester City,5',1,Erling Haaland
GB1-2025,M-2025-17-04,E-2025-17-0008,Manchester City,38',1,Tijjani Reijnders
GB1-2025,M-2025-17-04,E-2025-17-0009,Manchester City,69',1,Erling Haaland
GB1-2025,M-2025-17-05,E-2025-17-0010,Brentford FC,63',1,Keane Lewis-Potter
GB1-2025,M-2025-17-05,E-2025-17-0011,Brentford FC,83',1,Keane Lewis-Potter
GB1-2025,M-2025-17-05,E-2025-17-0012,Wolverhampton Wanderers,88',-1,Jørgen Strand Larsen
GB1-2025,M-2025-17-06,E-2025-17-0013,Tottenham Hotspur,33',-2,Xavi Simons
GB1-2025,M-2025-17-06,E-2025-17-0014,Liverpool FC,56',1,Alexander Isak
GB1-2025,M-2025-17-06,E-2025-17-0015,Liverpool FC,66',1,Hugo Ekitiké
GB1-2025,M-2025-17-06,E-2025-17-0016,Tottenham Hotspur,83',1,Richarlison
GB1-2025,M-2025-17-06,E-2025-17-0017,Tottenham Hotspur,90+3',-3,Cristian Romero
GB1-2025,M-2025-17-07,E-2025-17-0018,Arsenal FC,27',2,Viktor Gyökeres
GB1-2025,M-2025-17-08,E-2025-17-0019,Leeds United,38',1,Dominic Calvert-Lewin
GB1-2025,M-2025-17-08,E-2025-17-0020,Leeds United,45+4',1,Dominic Calvert-Lewin
GB1-2025,M-2025-17-08,E-2025-17-0021,Leeds United,60',1,Ethan Ampadu
GB1-2025,M-2025-17-08,E-2025-17-0022,Crystal Palace,90+2',2,Justin Devenny
GB1-2025,M-2025-17-08,E-2025-17-0023,Leeds United,90+11',1,Anton Stach
GB1-2025,M-2025-17-09,E-2025-17-0024,Aston Villa,45',1,Morgan Rogers
GB1-2025,M-2025-17-09,E-2025-17-0025,Manchester United,45+3',1,Matheus Cunha
GB1-2025,M-2025-17-09,E-2025-17-0026,Aston Villa,57',1,Morgan Rogers
GB1-2025,M-2025-17-10,E-2025-17-0027,Fulham FC,45+5',2,Raúl Jiménez
GB1-2025,M-2025-18-01,E-2025-18-0001,Manchester United,24',1,Patrick Dorgu
GB1-2025,M-2025-18-02,E-2025-18-0002,Manchester City,48',1,Tijjani Reijnders
GB1-2025,M-2025-18-02,E-2025-18-0003,Nottingham Forest,54',1,Omari Hutchinson
GB1-2025,M-2025-18-02,E-2025-18-0004,Manchester City,83',1,Rayan Cherki
GB1-2025,M-2025-18-03,E-2025-18-0005,Arsenal FC,14',1,Martin Ødegaard
GB1-2025,M-2025-18-03,E-2025-18-0006,Arsenal FC,52',3,Georginio Rutter
GB1-2025,M-2025-18-03,E-2025-18-0007,Brighton & Hove Albion,64',1,Diego Gómez
GB1-2025,M-2025-18-04,E-2025-18-0008,Brentford FC,7',1,Kevin Schade
GB1-2025,M-2025-18-04,E-2025-18-0009,Brentford FC,39',3,Djordje Petrovic
GB1-2025,M-2025-18-04,E-2025-18-0010,Brentford FC,51',1,Kevin Schade
GB1-2025,M-2025-18-04,E-2025-18-0011,AFC Bournemouth,75',1,Antoine Semenyo
GB1-2025,M-2025-18-04,E-2025-18-0012,Brentford FC,90+6',1,Kevin Schade
GB1-2025,M-2025-18-06,E-2025-18-0013,Liverpool FC,41',1,Ryan Gravenberch
GB1-2025,M-2025-18-06,E-2025-18-0014,Liverpool FC,42',1,Florian Wirtz
GB1-2025,M-2025-18-06,E-2025-18-0015,Wolverhampton Wanderers,51',1,Santiago Bueno
GB1-2025,M-2025-18-07,E-2025-18-0016,Fulham FC,85',1,Raúl Jiménez
GB1-2025,M-2025-18-08,E-2025-18-0017,Chelsea FC,37',1,João Pedro
GB1-2025,M-2025-18-08,E-2025-18-0018,Aston Villa,63',1,Ollie Watkins
GB1-2025,M-2025-18-08,E-2025-18-0019,Aston Villa,84',1,Ollie Watkins
GB1-2025,M-2025-18-09,E-2025-18-0020,Sunderland AFC,28',1,Simon Adingra
GB1-2025,M-2025-18-09,E-2025-18-0021,Leeds United,47',1,Dominic Calvert-Lewin
GB1-2025,M-2025-18-10,E-2025-18-0022,Tottenham Hotspur,42',1,Archie Gray
GB1-2025,M-2025-19-01,E-2025-19-0001,Newcastle United,2',1,Joelinton
GB1-2025,M-2025-19-01,E-2025-19-0002,Newcastle United,7',1,Yoane Wissa
GB1-2025,M-2025-19-01,E-2025-19-0003,Burnley FC,23',1,Josh Laurent
GB1-2025,M-2025-19-01,E-2025-19-0004,Newcastle United,90+3',1,Bruno Guimarães
GB1-2025,M-2025-19-02,E-2025-19-0005,AFC Bournemouth,6',1,David Brooks
GB1-2025,M-2025-19-02,E-2025-19-0006,Chelsea FC,15',2,Cole Palmer
GB1-2025,M-2025-19-02,E-2025-19-0007,Chelsea FC,23',1,Enzo Fernández
GB1-2025,M-2025-19-02,E-2025-19-0008,AFC Bournemouth,27',1,Justin Kluivert
GB1-2025,M-2025-19-03,E-2025-19-0009,Everton FC,19',1,James Garner
GB1-2025,M-2025-19-03,E-2025-19-0010,Everton FC,79',1,Thierno Barry
GB1-2025,M-2025-19-04,E-2025-19-0011,West Ham United,10',1,Jarrod Bowen
GB1-2025,M-2025-19-04,E-2025-19-0012,Brighton & Hove Albion,32',2,Danny Welbeck
GB1-2025,M-2025-19-04,E-2025-19-0013,Brighton & Hove Albion,36',-1,Danny Welbeck
GB1-2025,M-2025-19-04,E-2025-19-0014,West Ham United,45+4',2,Lucas Paquetá
GB1-2025,M-2025-19-04,E-2025-19-0015,Brighton & Hove Albion,61',1,Joël Veltman
GB1-2025,M-2025-19-05,E-2025-19-0016,Arsenal FC,48',1,Gabriel
GB1-2025,M-2025-19-05,E-2025-19-0017,Arsenal FC,52',1,Martín Zubimendi
GB1-2025,M-2025-19-05,E-2025-19-0018,Arsenal FC,69',1,Leandro Trossard
GB1-2025,M-2025-19-05,E-2025-19-0019,Arsenal FC,78',1,Gabriel Jesus
GB1-2025,M-2025-19-05,E-2025-19-0020,Aston Villa,90+4',1,Ollie Watkins
GB1-2025,M-2025-19-06,E-2025-19-0021,Manchester United,27',1,Joshua Zirkzee
GB1-2025,M-2025-19-06,E-2025-19-0022,Wolverhampton Wanderers,45',1,Ladislav Krejci
GB1-2025,M-2025-19-07,E-2025-19-0023,Crystal Palace,39',1,Jean-Philippe Mateta
GB1-2025,M-2025-19-07,E-2025-19-0024,Fulham FC,80',1,Tom Cairney
GB1-2025,M-2025-20-01,E-2025-20-0001,Aston Villa,45+1',1,Ollie Watkins
GB1-2025,M-2025-20-01,E-2025-20-0002,Aston Villa,49',1,John McGinn
GB1-2025,M-2025-20-01,E-2025-20-0003,Nottingham Forest,61',1,Morgan Gibbs-White
GB1-2025,M-2025-20-01,E-2025-20-0004,Aston Villa,73',1,John McGinn
GB1-2025,M-2025-20-02,E-2025-20-0005,Brighton & Hove Albion,29',1,Georginio Rutter
GB1-2025,M-2025-20-02,E-2025-20-0006,Brighton & Hove Albion,47',1,Yasin Ayari
GB1-2025,M-2025-20-03,E-2025-20-0007,Wolverhampton Wanderers,4',1,Jhon Arias
GB1-2025,M-2025-20-03,E-2025-20-0008,Wolverhampton Wanderers,31',2,Hee-chan Hwang
GB1-2025,M-2025-20-03,E-2025-20-0009,Wolverhampton Wanderers,41',1,Mateus Mané
GB1-2025,M-2025-20-04,E-2025-20-0010,AFC Bournemouth,10',1,Evanilson
GB1-2025,M-2025-20-04,E-2025-20-0011,Arsenal FC,16',1,Gabriel
GB1-2025,M-2025-20-04,E-2025-20-0012,Arsenal FC,54',1,Declan Rice
GB1-2025,M-2025-20-04,E-2025-20-0013,Arsenal FC,71',1,Declan Rice
GB1-2025,M-2025-20-04,E-2025-20-0014,AFC Bournemouth,76',1,Junior Kroupi
GB1-2025,M-2025-20-05,E-2025-20-0015,Leeds United,62',1,Brenden Aaronson
GB1-2025,M-2025-20-05,E-2025-20-0016,Manchester United,65',1,Matheus Cunha
GB1-2025,M-2025-20-06,E-2025-20-0017,Brentford FC,11',1,Igor Thiago
GB1-2025,M-2025-20-06,E-2025-20-0018,Brentford FC,50',1,Nathan Collins
GB1-2025,M-2025-20-06,E-2025-20-0019,Brentford FC,51',1,Igor Thiago
GB1-2025,M-2025-20-06,E-2025-20-0020,Everton FC,66',1,Beto
GB1-2025,M-2025-20-06,E-2025-20-0021,Brentford FC,88',1,Igor Thiago
GB1-2025,M-2025-20-06,E-2025-20-0022,Everton FC,90+1',1,Thierno Barry
GB1-2025,M-2025-20-07,E-2025-20-0023,Fulham FC,17',1,Harry Wilson
GB1-2025,M-2025-20-07,E-2025-20-0024,Liverpool FC,57',1,Florian Wirtz
GB1-2025,M-2025-20-07,E-2025-20-0025,Liverpool FC,90+4',1,Cody Gakpo
GB1-2025,M-2025-20-07,E-2025-20-0026,Fulham FC,90+7',1,Harrison Reed
GB1-2025,M-2025-20-08,E-2025-20-0027,Newcastle United,71',1,Bruno Guimarães
GB1-2025,M-2025-20-08,E-2025-20-0028,Newcastle United,78',1,Malick Thiaw
GB1-2025,M-2025-20-09,E-2025-20-0029,Tottenham Hotspur,30',1,Ben Davies
GB1-2025,M-2025-20-09,E-2025-20-0030,Sunderland AFC,80',1,Brian Brobbey
GB1-2025,M-2025-20-10,E-2025-20-0031,Manchester City,42',1,Tijjani Reijnders
GB1-2025,M-2025-20-10,E-2025-20-0032,Chelsea FC,90+4',1,Enzo Fernández
GB1-2025,M-2025-21-01,E-2025-21-0001,West Ham United,13',3,Murillo
GB1-2025,M-2025-21-01,E-2025-21-0002,Nottingham Forest,55',1,Nicolás Domínguez
GB1-2025,M-2025-21-01,E-2025-21-0003,Nottingham Forest,89',2,Morgan Gibbs-White
GB1-2025,M-2025-21-02,E-2025-21-0004,Tottenham Hotspur,5',1,Mathys Tel
GB1-2025,M-2025-21-02,E-2025-21-0005,AFC Bournemouth,22',1,Evanilson
GB1-2025,M-2025-21-02,E-2025-21-0006,AFC Bournemouth,36',1,Junior Kroupi
GB1-2025,M-2025-21-02,E-2025-21-0007,Tottenham Hotspur,78',1,João Palhinha
GB1-2025,M-2025-21-02,E-2025-21-0008,AFC Bournemouth,90+5',1,Antoine Semenyo
GB1-2025,M-2025-21-03,E-2025-21-0009,Brentford FC,30',1,Igor Thiago
GB1-2025,M-2025-21-03,E-2025-21-0010,Sunderland AFC,60',-1,Enzo Le Fée
GB1-2025,M-2025-21-03,E-2025-21-0011,Brentford FC,65',1,Igor Thiago
GB1-2025,M-2025-21-03,E-2025-21-0012,Brentford FC,73',1,Yegor Yarmolyuk
GB1-2025,M-2025-21-05,E-2025-21-0013,Everton FC,17',1,Michael Keane
GB1-2025,M-2025-21-05,E-2025-21-0014,Wolverhampton Wanderers,69',1,Mateus Mané
GB1-2025,M-2025-21-05,E-2025-21-0015,Everton FC,83',-2,Michael Keane
GB1-2025,M-2025-21-05,E-2025-21-0016,Everton FC,90',-3,Jack Grealish
GB1-2025,M-2025-21-06,E-2025-21-0017,Chelsea FC,22',-2,Marc Cucurella
GB1-2025,M-2025-21-06,E-2025-21-0018,Fulham FC,55',1,Raúl Jiménez
GB1-2025,M-2025-21-06,E-2025-21-0019,Chelsea FC,72',1,Liam Delap
GB1-2025,M-2025-21-06,E-2025-21-0020,Fulham FC,81',1,Harry Wilson
GB1-2025,M-2025-21-07,E-2025-21-0021,Manchester City,41',2,Erling Haaland
GB1-2025,M-2025-21-07,E-2025-21-0022,Brighton & Hove Albion,60',1,Kaoru Mitoma
GB1-2025,M-2025-21-08,E-2025-21-0023,Burnley FC,13',3,Ayden Heaven
GB1-2025,M-2025-21-08,E-2025-21-0024,Manchester United,50',1,Benjamin Sesko
GB1-2025,M-2025-21-08,E-2025-21-0025,Manchester United,60',1,Benjamin Sesko
GB1-2025,M-2025-21-08,E-2025-21-0026,Burnley FC,66',1,Jaidon Anthony
GB1-2025,M-2025-21-09,E-2025-21-0027,Leeds United,32',1,Brenden Aaronson
GB1-2025,M-2025-21-09,E-2025-21-0028,Newcastle United,36',1,Harvey Barnes
GB1-2025,M-2025-21-09,E-2025-21-0029,Leeds United,45+5',2,Dominic Calvert-Lewin
GB1-2025,M-2025-21-09,E-2025-21-0030,Newcastle United,54',1,Joelinton
GB1-2025,M-2025-21-09,E-2025-21-0031,Leeds United,79',1,Brenden Aaronson
GB1-2025,M-2025-21-09,E-2025-21-0032,Newcastle United,90+1',2,Bruno Guimarães
GB1-2025,M-2025-21-09,E-2025-21-0033,Newcastle United,90+12',1,Harvey Barnes
GB1-2025,M-2025-22-01,E-2025-22-0001,Manchester United,65',1,Bryan Mbeumo
GB1-2025,M-2025-22-01,E-2025-22-0002,Manchester United,76',1,Patrick Dorgu
GB1-2025,M-2025-22-02,E-2025-22-0003,Chelsea FC,26',1,João Pedro
GB1-2025,M-2025-22-02,E-2025-22-0004,Chelsea FC,76',2,Cole Palmer
GB1-2025,M-2025-22-03,E-2025-22-0005,Leeds United,90+1',1,Lukas Nmecha
GB1-2025,M-2025-22-04,E-2025-22-0006,Liverpool FC,32',-1,Dominik Szoboszlai
GB1-2025,M-2025-22-04,E-2025-22-0007,Liverpool FC,42',1,Florian Wirtz
GB1-2025,M-2025-22-04,E-2025-22-0008,Burnley FC,65',1,Marcus Edwards
GB1-2025,M-2025-22-05,E-2025-22-0009,Crystal Palace,30',1,Yéremy Pino
GB1-2025,M-2025-22-05,E-2025-22-0010,Sunderland AFC,33',1,Enzo Le Fée
GB1-2025,M-2025-22-05,E-2025-22-0011,Sunderland AFC,71',1,Brian Brobbey
GB1-2025,M-2025-22-06,E-2025-22-0012,West Ham United,15',1,Crysencio Summerville
GB1-2025,M-2025-22-06,E-2025-22-0013,Tottenham Hotspur,64',1,Cristian Romero
GB1-2025,M-2025-22-06,E-2025-22-0014,West Ham United,90+3',1,Callum Wilson
GB1-2025,M-2025-22-09,E-2025-22-0015,Everton FC,59',1,Thierno Barry
GB1-2025,M-2025-22-10,E-2025-22-0016,AFC Bournemouth,32',2,Marcus Tavernier
GB1-2025,M-2025-22-10,E-2025-22-0017,Brighton & Hove Albion,90+1',1,Charalampos Kostoulas
GB1-2025,M-2025-23-01,E-2025-23-0001,West Ham United,14',1,Crysencio Summerville
GB1-2025,M-2025-23-01,E-2025-23-0002,West Ham United,28',2,Jarrod Bowen
GB1-2025,M-2025-23-01,E-2025-23-0003,West Ham United,43',1,Mateus Fernandes
GB1-2025,M-2025-23-01,E-2025-23-0004,Sunderland AFC,66',1,Brian Brobbey
GB1-2025,M-2025-23-02,E-2025-23-0005,Tottenham Hotspur,38',1,Micky van de Ven
GB1-2025,M-2025-23-02,E-2025-23-0006,Burnley FC,45',1,Axel Tuanzebe
GB1-2025,M-2025-23-02,E-2025-23-0007,Burnley FC,76',1,Lyle Foster
GB1-2025,M-2025-23-02,E-2025-23-0008,Tottenham Hotspur,90',1,Cristian Romero
GB1-2025,M-2025-23-03,E-2025-23-0009,Brighton & Hove Albion,28',1,Yasin Ayari
GB1-2025,M-2025-23-03,E-2025-23-0010,Fulham FC,72',1,Samuel Chukwueze
GB1-2025,M-2025-23-03,E-2025-23-0011,Fulham FC,90+2',1,Harry Wilson
GB1-2025,M-2025-23-04,E-2025-23-0012,Manchester City,6',1,Omar Marmoush
GB1-2025,M-2025-23-04,E-2025-23-0013,Manchester City,45+2',1,Antoine Semenyo
GB1-2025,M-2025-23-05,E-2025-23-0014,AFC Bournemouth,26',1,Evanilson
GB1-2025,M-2025-23-05,E-2025-23-0015,AFC Bournemouth,33',1,Álex Jiménez
GB1-2025,M-2025-23-05,E-2025-23-0016,Liverpool FC,45',1,Virgil van Dijk
GB1-2025,M-2025-23-05,E-2025-23-0017,Liverpool FC,80',1,Dominik Szoboszlai
GB1-2025,M-2025-23-05,E-2025-23-0018,AFC Bournemouth,90+5',1,Amine Adli
GB1-2025,M-2025-23-06,E-2025-23-0019,Nottingham Forest,12',1,Igor Jesus
GB1-2025,M-2025-23-06,E-2025-23-0020,Nottingham Forest,79',1,Taiwo Awoniyi
GB1-2025,M-2025-23-07,E-2025-23-0021,Chelsea FC,34',1,Estêvão
GB1-2025,M-2025-23-07,E-2025-23-0022,Chelsea FC,50',1,João Pedro
GB1-2025,M-2025-23-07,E-2025-23-0023,Chelsea FC,64',2,Enzo Fernández
GB1-2025,M-2025-23-07,E-2025-23-0024,Crystal Palace,72',-3,Adam Wharton
GB1-2025,M-2025-23-07,E-2025-23-0025,Crystal Palace,88',1,Chris Richards
GB1-2025,M-2025-23-08,E-2025-23-0026,Aston Villa,19',1,Emiliano Buendía
GB1-2025,M-2025-23-08,E-2025-23-0027,Aston Villa,88',1,Ollie Watkins
GB1-2025,M-2025-23-09,E-2025-23-0028,Arsenal FC,29',3,Lisandro Martínez
GB1-2025,M-2025-23-09,E-2025-23-0029,Manchester United,37',1,Bryan Mbeumo
GB1-2025,M-2025-23-09,E-2025-23-0030,Manchester United,50',1,Patrick Dorgu
GB1-2025,M-2025-23-09,E-2025-23-0031,Arsenal FC,84',1,Mikel Merino
GB1-2025,M-2025-23-09,E-2025-23-0032,Manchester United,87',1,Matheus Cunha
GB1-2025,M-2025-23-10,E-2025-23-0033,Leeds United,28',1,James Justin
GB1-2025,M-2025-23-10,E-2025-23-0034,Everton FC,76',1,Thierno Barry
GB1-2025,M-2025-24-01,E-2025-24-0001,Brighton & Hove Albion,73',1,Pascal Groß
GB1-2025,M-2025-24-01,E-2025-24-0002,Everton FC,90+7',1,Beto
GB1-2025,M-2025-24-02,E-2025-24-0003,Arsenal FC,27',1,Martín Zubimendi
GB1-2025,M-2025-24-02,E-2025-24-0004,Arsenal FC,38',1,Noni Madueke
GB1-2025,M-2025-24-02,E-2025-24-0005,Arsenal FC,69',1,Viktor Gyökeres
GB1-2025,M-2025-24-02,E-2025-24-0006,Arsenal FC,86',1,Gabriel Jesus
GB1-2025,M-2025-24-03,E-2025-24-0007,AFC Bournemouth,33',1,Junior Kroupi
GB1-2025,M-2025-24-03,E-2025-24-0008,AFC Bournemouth,90+1',1,Alex Scott
GB1-2025,M-2025-24-04,E-2025-24-0009,West Ham United,7',1,Jarrod Bowen
GB1-2025,M-2025-24-04,E-2025-24-0010,West Ham United,36',1,Crysencio Summerville
GB1-2025,M-2025-24-04,E-2025-24-0011,Chelsea FC,57',1,João Pedro
GB1-2025,M-2025-24-04,E-2025-24-0012,Chelsea FC,70',1,Marc Cucurella
GB1-2025,M-2025-24-04,E-2025-24-0013,Chelsea FC,90+2',1,Enzo Fernández
GB1-2025,M-2025-24-04,E-2025-24-0014,West Ham United,90+11',-2,Jean-Clair Todibo
GB1-2025,M-2025-24-05,E-2025-24-0015,Newcastle United,36',1,Anthony Gordon
GB1-2025,M-2025-24-05,E-2025-24-0016,Liverpool FC,41',1,Hugo Ekitiké
GB1-2025,M-2025-24-05,E-2025-24-0017,Liverpool FC,43',1,Hugo Ekitiké
GB1-2025,M-2025-24-05,E-2025-24-0018,Liverpool FC,67',1,Florian Wirtz
GB1-2025,M-2025-24-05,E-2025-24-0019,Liverpool FC,90+3',1,Ibrahima Konaté
GB1-2025,M-2025-24-06,E-2025-24-0020,Brentford FC,42',-2,Kevin Schade
GB1-2025,M-2025-24-06,E-2025-24-0021,Brentford FC,45+1',1,Dango Ouattara
GB1-2025,M-2025-24-07,E-2025-24-0022,Manchester United,19',1,Casemiro
GB1-2025,M-2025-24-07,E-2025-24-0023,Manchester United,56',1,Matheus Cunha
GB1-2025,M-2025-24-07,E-2025-24-0024,Fulham FC,85',2,Raúl Jiménez
GB1-2025,M-2025-24-07,E-2025-24-0025,Fulham FC,90+1',1,Kevin
GB1-2025,M-2025-24-07,E-2025-24-0026,Manchester United,90+4',1,Benjamin Sesko
GB1-2025,M-2025-24-08,E-2025-24-0027,Nottingham Forest,5',1,Morgan Gibbs-White
GB1-2025,M-2025-24-08,E-2025-24-0028,Nottingham Forest,45',-2,Neco Williams
GB1-2025,M-2025-24-08,E-2025-24-0029,Crystal Palace,45+2',2,Ismaïla Sarr
GB1-2025,M-2025-24-09,E-2025-24-0030,Manchester City,11',1,Rayan Cherki
GB1-2025,M-2025-24-09,E-2025-24-0031,Manchester City,44',1,Antoine Semenyo
GB1-2025,M-2025-24-09,E-2025-24-0032,Tottenham Hotspur,53',1,Dominic Solanke
GB1-2025,M-2025-24-09,E-2025-24-0033,Tottenham Hotspur,70',1,Dominic Solanke
GB1-2025,M-2025-24-10,E-2025-24-0034,Sunderland AFC,9',3,Axel Tuanzebe
GB1-2025,M-2025-24-10,E-2025-24-0035,Sunderland AFC,32',1,Habib Diarra
GB1-2025,M-2025-24-10,E-2025-24-0036,Sunderland AFC,72',1,Chemsdine Talbi
GB1-2025,M-2025-25-01,E-2025-25-0001,Leeds United,26',1,Jayden Bogle
GB1-2025,M-2025-25-01,E-2025-25-0002,Leeds United,30',1,Noah Okafor
GB1-2025,M-2025-25-01,E-2025-25-0003,Leeds United,49',1,Dominic Calvert-Lewin
GB1-2025,M-2025-25-01,E-2025-25-0004,Nottingham Forest,86',1,Lorenzo Lucca
GB1-2025,M-2025-25-02,E-2025-25-0005,Tottenham Hotspur,29',-2,Cristian Romero
GB1-2025,M-2025-25-02,E-2025-25-0006,Manchester United,38',1,Bryan Mbeumo
GB1-2025,M-2025-25-02,E-2025-25-0007,Manchester United,81',1,Bruno Fernandes
GB1-2025,M-2025-25-03,E-2025-25-0008,Arsenal FC,42',1,Martín Zubimendi
GB1-2025,M-2025-25-03,E-2025-25-0009,Arsenal FC,66',1,Viktor Gyökeres
GB1-2025,M-2025-25-03,E-2025-25-0010,Arsenal FC,90+3',1,Viktor Gyökeres
GB1-2025,M-2025-25-04,E-2025-25-0011,Aston Villa,22',1,Morgan Rogers
GB1-2025,M-2025-25-04,E-2025-25-0012,AFC Bournemouth,55',1,Rayan
GB1-2025,M-2025-25-05,E-2025-25-0013,West Ham United,13',1,Crysencio Summerville
GB1-2025,M-2025-25-05,E-2025-25-0014,West Ham United,26',1,Taty Castellanos
GB1-2025,M-2025-25-06,E-2025-25-0015,Fulham FC,18',3,Vitaliy Mykolenko
GB1-2025,M-2025-25-06,E-2025-25-0016,Everton FC,75',1,Kiernan Dewsbury-Hall
GB1-2025,M-2025-25-06,E-2025-25-0017,Everton FC,83',3,Bernd Leno
GB1-2025,M-2025-25-07,E-2025-25-0018,Chelsea FC,13',2,Cole Palmer
GB1-2025,M-2025-25-07,E-2025-25-0019,Chelsea FC,35',2,Cole Palmer
GB1-2025,M-2025-25-07,E-2025-25-0020,Chelsea FC,38',1,Cole Palmer
GB1-2025,M-2025-25-07,E-2025-25-0021,Wolverhampton Wanderers,54',1,Tolu Arokodare
GB1-2025,M-2025-25-08,E-2025-25-0022,Newcastle United,24',1,Sven Botman
GB1-2025,M-2025-25-08,E-2025-25-0023,Brentford FC,37',1,Vitaly Janelt
GB1-2025,M-2025-25-08,E-2025-25-0024,Brentford FC,45+2',2,Igor Thiago
GB1-2025,M-2025-25-08,E-2025-25-0025,Newcastle United,79',2,Bruno Guimarães
GB1-2025,M-2025-25-08,E-2025-25-0026,Brentford FC,85',1,Dango Ouattara
GB1-2025,M-2025-25-09,E-2025-25-0027,Crystal Palace,61',1,Ismaïla Sarr
GB1-2025,M-2025-25-10,E-2025-25-0028,Liverpool FC,74',1,Dominik Szoboszlai
GB1-2025,M-2025-25-10,E-2025-25-0029,Manchester City,84',1,Bernardo Silva
GB1-2025,M-2025-25-10,E-2025-25-0030,Manchester City,90+3',2,Erling Haaland
GB1-2025,M-2025-25-10,E-2025-25-0031,Liverpool FC,90+13',-2,Dominik Szoboszlai
GB1-2025,M-2025-26-01,E-2025-26-0001,Chelsea FC,24',1,João Pedro
GB1-2025,M-2025-26-01,E-2025-26-0002,Chelsea FC,58',2,Cole Palmer
GB1-2025,M-2025-26-01,E-2025-26-0003,Leeds United,67',2,Lukas Nmecha
GB1-2025,M-2025-26-01,E-2025-26-0004,Leeds United,73',1,Noah Okafor
GB1-2025,M-2025-26-02,E-2025-26-0005,Everton FC,42',2,Iliman Ndiaye
GB1-2025,M-2025-26-02,E-2025-26-0006,AFC Bournemouth,61',1,Rayan
GB1-2025,M-2025-26-02,E-2025-26-0007,AFC Bournemouth,64',1,Amine Adli
GB1-2025,M-2025-26-02,E-2025-26-0008,Everton FC,69',-2,Jake O'Brien
GB1-2025,M-2025-26-03,E-2025-26-0009,Newcastle United,45+5',1,Malick Thiaw
GB1-2025,M-2025-26-03,E-2025-26-0010,Tottenham Hotspur,64',1,Archie Gray
GB1-2025,M-2025-26-03,E-2025-26-0011,Newcastle United,68',1,Jacob Ramsey
GB1-2025,M-2025-26-04,E-2025-26-0012,West Ham United,50',1,Tomáš Souček
GB1-2025,M-2025-26-04,E-2025-26-0013,Manchester United,90+6',1,Benjamin Sesko
GB1-2025,M-2025-26-05,E-2025-26-0014,Aston Villa,86',3,Jack Hinshelwood
GB1-2025,M-2025-26-06,E-2025-26-0015,Crystal Palace,17',1,Jørgen Strand Larsen
GB1-2025,M-2025-26-06,E-2025-26-0016,Crystal Palace,33',1,Jørgen Strand Larsen
GB1-2025,M-2025-26-06,E-2025-26-0017,Burnley FC,40',1,Hannibal
GB1-2025,M-2025-26-06,E-2025-26-0018,Burnley FC,44',1,Jaidon Anthony
GB1-2025,M-2025-26-06,E-2025-26-0019,Burnley FC,45+2',3,Jefferson Lerma
GB1-2025,M-2025-26-07,E-2025-26-0020,Manchester City,24',1,Antoine Semenyo
GB1-2025,M-2025-26-07,E-2025-26-0021,Manchester City,30',1,Nico O'Reilly
GB1-2025,M-2025-26-07,E-2025-26-0022,Manchester City,39',1,Erling Haaland
GB1-2025,M-2025-26-09,E-2025-26-0023,Liverpool FC,61',1,Virgil van Dijk
GB1-2025,M-2025-26-10,E-2025-26-0024,Arsenal FC,61',1,Noni Madueke
GB1-2025,M-2025-26-10,E-2025-26-0025,Brentford FC,71',1,Keane Lewis-Potter
GB1-2025,M-2025-27-01,E-2025-27-0001,Leeds United,31',1,Anton Stach
GB1-2025,M-2025-27-01,E-2025-27-0002,Aston Villa,88',1,Tammy Abraham
GB1-2025,M-2025-27-02,E-2025-27-0003,Brighton & Hove Albion,30',1,Diego Gómez
GB1-2025,M-2025-27-02,E-2025-27-0004,Brighton & Hove Albion,45+1',1,Danny Welbeck
GB1-2025,M-2025-27-03,E-2025-27-0005,Chelsea FC,4',1,João Pedro
GB1-2025,M-2025-27-03,E-2025-27-0006,Chelsea FC,72',-3,Wesley Fofana
GB1-2025,M-2025-27-03,E-2025-27-0007,Burnley FC,90+3',1,Zian Flemming
GB1-2025,M-2025-27-05,E-2025-27-0008,Manchester City,14',1,Nico O'Reilly
GB1-2025,M-2025-27-05,E-2025-27-0009,Newcastle United,22',1,Lewis Hall
GB1-2025,M-2025-27-05,E-2025-27-0010,Manchester City,27',1,Nico O'Reilly
GB1-2025,M-2025-27-06,E-2025-27-0011,Wolverhampton Wanderers,43',-1,Tolu Arokodare
GB1-2025,M-2025-27-06,E-2025-27-0012,Wolverhampton Wanderers,61',-3,Ladislav Krejci
GB1-2025,M-2025-27-06,E-2025-27-0013,Crystal Palace,90',1,Evann Guessand
GB1-2025,M-2025-27-07,E-2025-27-0014,Liverpool FC,90+7',1,Alexis Mac Allister
GB1-2025,M-2025-27-08,E-2025-27-0015,Fulham FC,54',1,Raúl Jiménez
GB1-2025,M-2025-27-08,E-2025-27-0016,Fulham FC,61',2,Raúl Jiménez
GB1-2025,M-2025-27-08,E-2025-27-0017,Sunderland AFC,76',2,Enzo Le Fée
GB1-2025,M-2025-27-08,E-2025-27-0018,Fulham FC,85',1,Alex Iwobi
GB1-2025,M-2025-27-09,E-2025-27-0019,Arsenal FC,32',1,Eberechi Eze
GB1-2025,M-2025-27-09,E-2025-27-0020,Tottenham Hotspur,34',1,Randal Kolo Muani
GB1-2025,M-2025-27-09,E-2025-27-0021,Arsenal FC,47',1,Viktor Gyökeres
GB1-2025,M-2025-27-09,E-2025-27-0022,Arsenal FC,61',1,Eberechi Eze
GB1-2025,M-2025-27-09,E-2025-27-0023,Arsenal FC,90+4',1,Viktor Gyökeres
GB1-2025,M-2025-27-10,E-2025-27-0024,Manchester United,71',1,Benjamin Sesko
GB1-2025,M-2025-28-01,E-2025-28-0001,Wolverhampton Wanderers,61',1,João Gomes
GB1-2025,M-2025-28-01,E-2025-28-0002,Wolverhampton Wanderers,90+8',1,Rodrigo Gomes
GB1-2025,M-2025-28-02,E-2025-28-0003,Sunderland AFC,18',1,Eliezer Mayenda
GB1-2025,M-2025-28-02,E-2025-28-0004,AFC Bournemouth,63',1,Evanilson
GB1-2025,M-2025-28-03,E-2025-28-0005,Brentford FC,9',1,Mikkel Damsgaard
GB1-2025,M-2025-28-03,E-2025-28-0006,Brentford FC,25',1,Igor Thiago
GB1-2025,M-2025-28-03,E-2025-28-0007,Brentford FC,34',1,Kevin Schade
GB1-2025,M-2025-28-03,E-2025-28-0008,Burnley FC,45+3',3,Michael Kayode
GB1-2025,M-2025-28-03,E-2025-28-0009,Burnley FC,47',1,Jaidon Anthony
GB1-2025,M-2025-28-03,E-2025-28-0010,Burnley FC,60',1,Zian Flemming
GB1-2025,M-2025-28-03,E-2025-28-0011,Brentford FC,90+3',1,Mikkel Damsgaard
GB1-2025,M-2025-28-04,E-2025-28-0012,Liverpool FC,5',1,Hugo Ekitiké
GB1-2025,M-2025-28-04,E-2025-28-0013,Liverpool FC,24',1,Virgil van Dijk
GB1-2025,M-2025-28-04,E-2025-28-0014,Liverpool FC,43',1,Alexis Mac Allister
GB1-2025,M-2025-28-04,E-2025-28-0015,West Ham United,49',1,Tomáš Souček
GB1-2025,M-2025-28-04,E-2025-28-0016,Liverpool FC,70',1,Cody Gakpo
GB1-2025,M-2025-28-04,E-2025-28-0017,West Ham United,75',1,Taty Castellanos
GB1-2025,M-2025-28-04,E-2025-28-0018,Liverpool FC,82',3,Axel Disasi
GB1-2025,M-2025-28-05,E-2025-28-0019,Everton FC,19',1,Jarrad Branthwaite
GB1-2025,M-2025-28-05,E-2025-28-0020,Newcastle United,32',1,Jacob Ramsey
GB1-2025,M-2025-28-05,E-2025-28-0021,Everton FC,34',1,Beto
GB1-2025,M-2025-28-05,E-2025-28-0022,Newcastle United,82',1,Jacob Murphy
GB1-2025,M-2025-28-05,E-2025-28-0023,Everton FC,83',1,Thierno Barry
GB1-2025,M-2025-28-06,E-2025-28-0024,Manchester City,45+2',1,Antoine Semenyo
GB1-2025,M-2025-28-07,E-2025-28-0025,Brighton & Hove Albion,6',1,Diego Gómez
GB1-2025,M-2025-28-07,E-2025-28-0026,Nottingham Forest,13',1,Morgan Gibbs-White
GB1-2025,M-2025-28-07,E-2025-28-0027,Brighton & Hove Albion,15',1,Danny Welbeck
GB1-2025,M-2025-28-08,E-2025-28-0028,Fulham FC,7',1,Harry Wilson
GB1-2025,M-2025-28-08,E-2025-28-0029,Fulham FC,34',1,Alex Iwobi
GB1-2025,M-2025-28-08,E-2025-28-0030,Tottenham Hotspur,66',1,Richarlison
GB1-2025,M-2025-28-09,E-2025-28-0031,Crystal Palace,4',1,Maxence Lacroix
GB1-2025,M-2025-28-09,E-2025-28-0032,Crystal Palace,56',-2,Maxence Lacroix
GB1-2025,M-2025-28-09,E-2025-28-0033,Manchester United,57',2,Bruno Fernandes
GB1-2025,M-2025-28-09,E-2025-28-0034,Manchester United,65',1,Benjamin Sesko
GB1-2025,M-2025-28-10,E-2025-28-0035,Arsenal FC,21',1,William Saliba
GB1-2025,M-2025-28-10,E-2025-28-0036,Chelsea FC,45+2',3,Piero Hincapié
GB1-2025,M-2025-28-10,E-2025-28-0037,Arsenal FC,66',1,Jurriën Timber
GB1-2025,M-2025-28-10,E-2025-28-0038,Chelsea FC,70',-3,Pedro Neto
GB1-2025,M-2025-29-02,E-2025-29-0001,Everton FC,32',1,James Tarkowski
GB1-2025,M-2025-29-02,E-2025-29-0002,Everton FC,60',1,Kiernan Dewsbury-Hall
GB1-2025,M-2025-29-03,E-2025-29-0003,Sunderland AFC,70',2,Habib Diarra
GB1-2025,M-2025-29-04,E-2025-29-0004,Wolverhampton Wanderers,78',1,Rodrigo Gomes
GB1-2025,M-2025-29-04,E-2025-29-0005,Liverpool FC,83',1,Mohamed Salah
GB1-2025,M-2025-29-04,E-2025-29-0006,Wolverhampton Wanderers,90+4',1,André
GB1-2025,M-2025-29-05,E-2025-29-0007,Aston Villa,2',1,Douglas Luiz
GB1-2025,M-2025-29-05,E-2025-29-0008,Chelsea FC,35',1,João Pedro
GB1-2025,M-2025-29-05,E-2025-29-0009,Chelsea FC,45+6',1,João Pedro
GB1-2025,M-2025-29-05,E-2025-29-0010,Chelsea FC,55',1,Cole Palmer
GB1-2025,M-2025-29-05,E-2025-29-0011,Chelsea FC,64',1,João Pedro
GB1-2025,M-2025-29-06,E-2025-29-0012,Arsenal FC,9',1,Bukayo Saka
GB1-2025,M-2025-29-07,E-2025-29-0013,West Ham United,65',1,Crysencio Summerville
GB1-2025,M-2025-29-08,E-2025-29-0014,Manchester City,31',1,Antoine Semenyo
GB1-2025,M-2025-29-08,E-2025-29-0015,Nottingham Forest,56',1,Morgan Gibbs-White
GB1-2025,M-2025-29-08,E-2025-29-0016,Manchester City,62',1,Rodri
GB1-2025,M-2025-29-08,E-2025-29-0017,Nottingham Forest,76',1,Elliot Anderson
GB1-2025,M-2025-29-09,E-2025-29-0018,Newcastle United,45+1',-3,Jacob Ramsey
GB1-2025,M-2025-29-09,E-2025-29-0019,Newcastle United,45+6',2,Anthony Gordon
GB1-2025,M-2025-29-09,E-2025-29-0020,Manchester United,45+9',1,Casemiro
GB1-2025,M-2025-29-09,E-2025-29-0021,Newcastle United,90',1,William Osula
GB1-2025,M-2025-29-10,E-2025-29-0022,Tottenham Hotspur,34',1,Dominic Solanke
GB1-2025,M-2025-29-10,E-2025-29-0023,Tottenham Hotspur,38',-2,Micky van de Ven
GB1-2025,M-2025-29-10,E-2025-29-0024,Crystal Palace,40',2,Ismaïla Sarr
GB1-2025,M-2025-29-10,E-2025-29-0025,Crystal Palace,45+1',1,Jørgen Strand Larsen
GB1-2025,M-2025-29-10,E-2025-29-0026,Crystal Palace,45+7',1,Ismaïla Sarr
GB1-2025,M-2025-30-02,E-2025-30-0001,Brighton & Hove Albion,58',1,Yankuba Minteh
GB1-2025,M-2025-30-03,E-2025-30-0002,Arsenal FC,89',1,Viktor Gyökeres
GB1-2025,M-2025-30-03,E-2025-30-0003,Arsenal FC,90+7',1,Max Dowman
GB1-2025,M-2025-30-04,E-2025-30-0004,Newcastle United,18',1,Anthony Gordon
GB1-2025,M-2025-30-05,E-2025-30-0005,Manchester City,31',1,Bernardo Silva
GB1-2025,M-2025-30-05,E-2025-30-0006,West Ham United,35',1,Konstantinos Mavropanos
GB1-2025,M-2025-30-06,E-2025-30-0007,Leeds United,45',-1,Dominic Calvert-Lewin
GB1-2025,M-2025-30-06,E-2025-30-0008,Leeds United,45+5',-3,Gabriel Gudmundsson
GB1-2025,M-2025-30-07,E-2025-30-0009,Manchester United,53',1,Casemiro
GB1-2025,M-2025-30-07,E-2025-30-0010,Aston Villa,64',1,Ross Barkley
GB1-2025,M-2025-30-07,E-2025-30-0011,Manchester United,71',1,Matheus Cunha
GB1-2025,M-2025-30-07,E-2025-30-0012,Manchester United,81',1,Benjamin Sesko
GB1-2025,M-2025-30-09,E-2025-30-0013,Liverpool FC,18',1,Dominik Szoboszlai
GB1-2025,M-2025-30-09,E-2025-30-0014,Tottenham Hotspur,90',1,Richarlison
GB1-2025,M-2025-30-10,E-2025-30-0015,Brentford FC,22',1,Michael Kayode
GB1-2025,M-2025-30-10,E-2025-30-0016,Brentford FC,37',1,Igor Thiago
GB1-2025,M-2025-30-10,E-2025-30-0017,Wolverhampton Wanderers,44',1,Adam Armstrong
GB1-2025,M-2025-30-10,E-2025-30-0018,Wolverhampton Wanderers,77',1,Tolu Arokodare
GB1-2025,M-2025-31-01,E-2025-31-0001,Arsenal FC,5',1,Bukayo Saka
GB1-2025,M-2025-31-01,E-2025-31-0002,Arsenal FC,56',1,Piero Hincapié
GB1-2025,M-2025-31-01,E-2025-31-0003,Wolverhampton Wanderers,61',1,Hugo Bueno
GB1-2025,M-2025-31-01,E-2025-31-0004,Wolverhampton Wanderers,90+4',1,Tom Edozie
GB1-2025,M-2025-31-02,E-2025-31-0005,Manchester United,61',2,Bruno Fernandes
GB1-2025,M-2025-31-02,E-2025-31-0006,AFC Bournemouth,67',1,Ryan Christie
GB1-2025,M-2025-31-02,E-2025-31-0007,Manchester United,71',3,James Hill
GB1-2025,M-2025-31-02,E-2025-31-0008,Manchester United,78',-2,Harry Maguire
GB1-2025,M-2025-31-02,E-2025-31-0009,AFC Bournemouth,81',2,Junior Kroupi
GB1-2025,M-2025-31-03,E-2025-31-0010,Brighton & Hove Albion,14',1,Danny Welbeck
GB1-2025,M-2025-31-03,E-2025-31-0011,Liverpool FC,30',1,Milos Kerkez
GB1-2025,M-2025-31-03,E-2025-31-0012,Brighton & Hove Albion,56',1,Danny Welbeck
GB1-2025,M-2025-31-04,E-2025-31-0013,Burnley FC,60',1,Zian Flemming
GB1-2025,M-2025-31-04,E-2025-31-0014,Fulham FC,67',1,Josh King
GB1-2025,M-2025-31-04,E-2025-31-0015,Fulham FC,73',1,Harry Wilson
GB1-2025,M-2025-31-04,E-2025-31-0016,Burnley FC,90+3',-2,Josh Laurent
GB1-2025,M-2025-31-04,E-2025-31-0017,Fulham FC,90+5',2,Raúl Jiménez
GB1-2025,M-2025-31-05,E-2025-31-0018,Everton FC,33',1,Beto
GB1-2025,M-2025-31-05,E-2025-31-0019,Everton FC,62',1,Beto
GB1-2025,M-2025-31-05,E-2025-31-0020,Everton FC,76',1,Iliman Ndiaye
GB1-2025,M-2025-31-07,E-2025-31-0021,Newcastle United,10',1,Anthony Gordon
GB1-2025,M-2025-31-07,E-2025-31-0022,Sunderland AFC,57',1,Chemsdine Talbi
GB1-2025,M-2025-31-07,E-2025-31-0023,Sunderland AFC,90',1,Brian Brobbey
GB1-2025,M-2025-31-08,E-2025-31-0024,Aston Villa,15',1,John McGinn
GB1-2025,M-2025-31-08,E-2025-31-0025,Aston Villa,68',1,Ollie Watkins
GB1-2025,M-2025-31-09,E-2025-31-0026,Nottingham Forest,45',1,Igor Jesus
GB1-2025,M-2025-31-09,E-2025-31-0027,Nottingham Forest,62',1,Morgan Gibbs-White
GB1-2025,M-2025-31-09,E-2025-31-0028,Nottingham Forest,87',1,Taiwo Awoniyi
GB1-2025,M-2025-31-10,E-2025-31-0029,Manchester City,32',1,Antoine Semenyo
GB1-2025,M-2025-31-10,E-2025-31-0030,Manchester City,40',1,Omar Marmoush
GB1-2025,M-2025-31-10,E-2025-31-0031,Manchester City,84',1,Savinho
GB1-2025,M-2025-32-01,E-2025-32-0001,West Ham United,42',1,Konstantinos Mavropanos
GB1-2025,M-2025-32-01,E-2025-32-0002,West Ham United,66',1,Taty Castellanos
GB1-2025,M-2025-32-01,E-2025-32-0003,West Ham United,68',1,Taty Castellanos
GB1-2025,M-2025-32-01,E-2025-32-0004,West Ham United,83',1,Konstantinos Mavropanos
GB1-2025,M-2025-32-02,E-2025-32-0005,AFC Bournemouth,17',1,Junior Kroupi
GB1-2025,M-2025-32-02,E-2025-32-0006,Arsenal FC,35',2,Viktor Gyökeres
GB1-2025,M-2025-32-02,E-2025-32-0007,AFC Bournemouth,74',1,Alex Scott
GB1-2025,M-2025-32-03,E-2025-32-0008,Brentford FC,3',2,Igor Thiago
GB1-2025,M-2025-32-03,E-2025-32-0009,Everton FC,26',1,Beto
GB1-2025,M-2025-32-03,E-2025-32-0010,Brentford FC,76',1,Igor Thiago
GB1-2025,M-2025-32-03,E-2025-32-0011,Everton FC,90+1',1,Kiernan Dewsbury-Hall
GB1-2025,M-2025-32-04,E-2025-32-0012,Brighton & Hove Albion,43',1,Mats Wieffer
GB1-2025,M-2025-32-04,E-2025-32-0013,Brighton & Hove Albion,89',1,Mats Wieffer
GB1-2025,M-2025-32-05,E-2025-32-0014,Liverpool FC,36',1,Rio Ngumoha
GB1-2025,M-2025-32-05,E-2025-32-0015,Liverpool FC,40',1,Mohamed Salah
GB1-2025,M-2025-32-06,E-2025-32-0016,Newcastle United,43',1,William Osula
GB1-2025,M-2025-32-06,E-2025-32-0017,Crystal Palace,80',1,Jean-Philippe Mateta
GB1-2025,M-2025-32-06,E-2025-32-0018,Crystal Palace,90+4',2,Jean-Philippe Mateta
GB1-2025,M-2025-32-07,E-2025-32-0019,Aston Villa,23',3,Murillo
GB1-2025,M-2025-32-07,E-2025-32-0020,Nottingham Forest,38',1,Neco Williams
GB1-2025,M-2025-32-08,E-2025-32-0021,Sunderland AFC,61',1,Nordi Mukiele
GB1-2025,M-2025-32-09,E-2025-32-0022,Manchester City,51',1,Nico O'Reilly
GB1-2025,M-2025-32-09,E-2025-32-0023,Manchester City,57',1,Marc Guéhi
GB1-2025,M-2025-32-09,E-2025-32-0024,Manchester City,68',1,Jérémy Doku
GB1-2025,M-2025-32-10,E-2025-32-0025,Leeds United,5',1,Noah Okafor
GB1-2025,M-2025-32-10,E-2025-32-0026,Leeds United,29',1,Noah Okafor
GB1-2025,M-2025-32-10,E-2025-32-0027,Manchester United,56',-2,Lisandro Martínez
GB1-2025,M-2025-32-10,E-2025-32-0028,Manchester United,69',1,Casemiro
GB1-2025,M-2025-33-02,E-2025-33-0001,Leeds United,18',1,James Justin
GB1-2025,M-2025-33-02,E-2025-33-0002,Leeds United,20',1,Noah Okafor
GB1-2025,M-2025-33-02,E-2025-33-0003,Leeds United,90+5',2,Dominic Calvert-Lewin
GB1-2025,M-2025-33-03,E-2025-33-0004,AFC Bournemouth,32',1,Marcus Tavernier
GB1-2025,M-2025-33-03,E-2025-33-0005,Newcastle United,68',1,William Osula
GB1-2025,M-2025-33-03,E-2025-33-0006,AFC Bournemouth,85',1,Adrien Truffert
GB1-2025,M-2025-33-04,E-2025-33-0007,Tottenham Hotspur,39',1,Pedro Porro
GB1-2025,M-2025-33-04,E-2025-33-0008,Brighton & Hove Albion,45+3',1,Kaoru Mitoma
GB1-2025,M-2025-33-04,E-2025-33-0009,Tottenham Hotspur,77',1,Xavi Simons
GB1-2025,M-2025-33-04,E-2025-33-0010,Brighton & Hove Albion,90+5',1,Georginio Rutter
GB1-2025,M-2025-33-05,E-2025-33-0011,Manchester United,43',1,Matheus Cunha
GB1-2025,M-2025-33-06,E-2025-33-0012,Aston Villa,2',1,Ollie Watkins
GB1-2025,M-2025-33-06,E-2025-33-0013,Sunderland AFC,9',1,Chris Rigg
GB1-2025,M-2025-33-06,E-2025-33-0014,Aston Villa,36',1,Ollie Watkins
GB1-2025,M-2025-33-06,E-2025-33-0015,Aston Villa,46',1,Morgan Rogers
GB1-2025,M-2025-33-06,E-2025-33-0016,Sunderland AFC,86',1,Trai Hume
GB1-2025,M-2025-33-06,E-2025-33-0017,Sunderland AFC,87',1,Wilson Isidor
GB1-2025,M-2025-33-06,E-2025-33-0018,Aston Villa,90+3',1,Tammy Abraham
GB1-2025,M-2025-33-07,E-2025-33-0019,Liverpool FC,29',1,Mohamed Salah
GB1-2025,M-2025-33-07,E-2025-33-0020,Everton FC,54',1,Beto
GB1-2025,M-2025-33-07,E-2025-33-0021,Liverpool FC,90+10',1,Virgil van Dijk
GB1-2025,M-2025-33-08,E-2025-33-0022,Burnley FC,45+2',1,Zian Flemming
GB1-2025,M-2025-33-08,E-2025-33-0023,Nottingham Forest,62',1,Morgan Gibbs-White
GB1-2025,M-2025-33-08,E-2025-33-0024,Nottingham Forest,69',1,Morgan Gibbs-White
GB1-2025,M-2025-33-08,E-2025-33-0025,Nottingham Forest,77',1,Morgan Gibbs-White
GB1-2025,M-2025-33-08,E-2025-33-0026,Nottingham Forest,90+8',1,Igor Jesus
GB1-2025,M-2025-33-09,E-2025-33-0027,Manchester City,16',1,Rayan Cherki
GB1-2025,M-2025-33-09,E-2025-33-0028,Arsenal FC,18',1,Kai Havertz
GB1-2025,M-2025-33-09,E-2025-33-0029,Manchester City,65',1,Erling Haaland
GB1-2025,M-2025-34-01,E-2025-34-0001,Brighton & Hove Albion,3',1,Ferdi Kadıoğlu
GB1-2025,M-2025-34-01,E-2025-34-0002,Brighton & Hove Albion,56',1,Jack Hinshelwood
GB1-2025,M-2025-34-01,E-2025-34-0003,Brighton & Hove Albion,90+1',1,Danny Welbeck
GB1-2025,M-2025-34-02,E-2025-34-0004,AFC Bournemouth,60',1,Junior Kroupi
GB1-2025,M-2025-34-02,E-2025-34-0005,Leeds United,68',3,James Hill
GB1-2025,M-2025-34-02,E-2025-34-0006,AFC Bournemouth,85',1,Rayan
GB1-2025,M-2025-34-02,E-2025-34-0007,Leeds United,90+7',1,Sean Longstaff
GB1-2025,M-2025-34-03,E-2025-34-0008,Manchester City,5',1,Erling Haaland
GB1-2025,M-2025-34-04,E-2025-34-0009,Nottingham Forest,17',3,Trai Hume
GB1-2025,M-2025-34-04,E-2025-34-0010,Nottingham Forest,31',1,Chris Wood
GB1-2025,M-2025-34-04,E-2025-34-0011,Nottingham Forest,34',1,Morgan Gibbs-White
GB1-2025,M-2025-34-04,E-2025-34-0012,Nottingham Forest,37',1,Igor Jesus
GB1-2025,M-2025-34-04,E-2025-34-0013,Nottingham Forest,90+5',1,Elliot Anderson
GB1-2025,M-2025-34-05,E-2025-34-0014,Fulham FC,43',1,Ryan Sessegnon
GB1-2025,M-2025-34-06,E-2025-34-0015,Liverpool FC,35',1,Alexander Isak
GB1-2025,M-2025-34-06,E-2025-34-0016,Liverpool FC,40',1,Andrew Robertson
GB1-2025,M-2025-34-06,E-2025-34-0017,Crystal Palace,71',1,Daniel Muñoz
GB1-2025,M-2025-34-06,E-2025-34-0018,Liverpool FC,90+6',1,Florian Wirtz
GB1-2025,M-2025-34-07,E-2025-34-0019,West Ham United,51',1,Tomáš Souček
GB1-2025,M-2025-34-07,E-2025-34-0020,Everton FC,88',1,Kiernan Dewsbury-Hall
GB1-2025,M-2025-34-07,E-2025-34-0021,West Ham United,90+2',1,Callum Wilson
GB1-2025,M-2025-34-08,E-2025-34-0022,Tottenham Hotspur,82',1,João Palhinha
GB1-2025,M-2025-34-09,E-2025-34-0023,Arsenal FC,9',1,Eberechi Eze
GB1-2025,M-2025-34-10,E-2025-34-0024,Manchester United,11',1,Casemiro
GB1-2025,M-2025-34-10,E-2025-34-0025,Manchester United,43',1,Benjamin Sesko
GB1-2025,M-2025-34-10,E-2025-34-0026,Brentford FC,87',1,Mathias Jensen
GB1-2025,M-2025-35-01,E-2025-35-0001,Leeds United,8',1,Anton Stach
GB1-2025,M-2025-35-01,E-2025-35-0002,Leeds United,52',1,Noah Okafor
GB1-2025,M-2025-35-01,E-2025-35-0003,Leeds United,56',1,Dominic Calvert-Lewin
GB1-2025,M-2025-35-01,E-2025-35-0004,Burnley FC,71',1,Loum Tchaouna
GB1-2025,M-2025-35-02,E-2025-35-0005,Brentford FC,15',3,Konstantinos Mavropanos
GB1-2025,M-2025-35-02,E-2025-35-0006,Brentford FC,54',2,Igor Thiago
GB1-2025,M-2025-35-02,E-2025-35-0007,Brentford FC,82',1,Mikkel Damsgaard
GB1-2025,M-2025-35-03,E-2025-35-0008,Newcastle United,12',1,William Osula
GB1-2025,M-2025-35-03,E-2025-35-0009,Newcastle United,24',1,Dan Burn
GB1-2025,M-2025-35-03,E-2025-35-0010,Brighton & Hove Albion,61',1,Jack Hinshelwood
GB1-2025,M-2025-35-03,E-2025-35-0011,Newcastle United,90+5',1,Harvey Barnes
GB1-2025,M-2025-35-04,E-2025-35-0012,Sunderland AFC,17',1,Nordi Mukiele
GB1-2025,M-2025-35-04,E-2025-35-0013,Sunderland AFC,24',-2,Dan Ballard
GB1-2025,M-2025-35-04,E-2025-35-0014,Wolverhampton Wanderers,54',1,Santiago Bueno
GB1-2025,M-2025-35-05,E-2025-35-0015,Arsenal FC,9',1,Viktor Gyökeres
GB1-2025,M-2025-35-05,E-2025-35-0016,Arsenal FC,40',1,Bukayo Saka
GB1-2025,M-2025-35-05,E-2025-35-0017,Arsenal FC,45+4',1,Viktor Gyökeres
GB1-2025,M-2025-35-06,E-2025-35-0018,AFC Bournemouth,10',3,Jefferson Lerma
GB1-2025,M-2025-35-06,E-2025-35-0019,AFC Bournemouth,32',2,Junior Kroupi
GB1-2025,M-2025-35-06,E-2025-35-0020,AFC Bournemouth,77',1,Rayan
GB1-2025,M-2025-35-07,E-2025-35-0021,Manchester United,6',1,Matheus Cunha
GB1-2025,M-2025-35-07,E-2025-35-0022,Manchester United,14',1,Benjamin Sesko
GB1-2025,M-2025-35-07,E-2025-35-0023,Liverpool FC,47',1,Dominik Szoboszlai
GB1-2025,M-2025-35-07,E-2025-35-0024,Liverpool FC,56',1,Cody Gakpo
GB1-2025,M-2025-35-07,E-2025-35-0025,Manchester United,77',1,Kobbie Mainoo
GB1-2025,M-2025-35-08,E-2025-35-0026,Tottenham Hotspur,12',1,Conor Gallagher
GB1-2025,M-2025-35-08,E-2025-35-0027,Tottenham Hotspur,25',1,Richarlison
GB1-2025,M-2025-35-08,E-2025-35-0028,Aston Villa,90+6',1,Emiliano Buendía
GB1-2025,M-2025-35-09,E-2025-35-0029,Nottingham Forest,2',1,Taiwo Awoniyi
GB1-2025,M-2025-35-09,E-2025-35-0030,Nottingham Forest,15',2,Igor Jesus
GB1-2025,M-2025-35-09,E-2025-35-0031,Chelsea FC,45+10',-1,Cole Palmer
GB1-2025,M-2025-35-09,E-2025-35-0032,Nottingham Forest,52',1,Taiwo Awoniyi
GB1-2025,M-2025-35-09,E-2025-35-0033,Chelsea FC,90+3',1,João Pedro
GB1-2025,M-2025-35-10,E-2025-35-0034,Manchester City,43',1,Jérémy Doku
GB1-2025,M-2025-35-10,E-2025-35-0035,Everton FC,68',1,Thierno Barry
GB1-2025,M-2025-35-10,E-2025-35-0036,Everton FC,73',1,Jake O'Brien
GB1-2025,M-2025-35-10,E-2025-35-0037,Everton FC,81',1,Thierno Barry
GB1-2025,M-2025-35-10,E-2025-35-0038,Manchester City,83',1,Erling Haaland
GB1-2025,M-2025-35-10,E-2025-35-0039,Manchester City,90+7',1,Jérémy Doku
GB1-2025,M-2025-36-01,E-2025-36-0001,Liverpool FC,6',1,Ryan Gravenberch
GB1-2025,M-2025-36-01,E-2025-36-0002,Chelsea FC,35',1,Enzo Fernández
GB1-2025,M-2025-36-02,E-2025-36-0003,Brighton & Hove Albion,1',1,Jack Hinshelwood
GB1-2025,M-2025-36-02,E-2025-36-0004,Brighton & Hove Albion,5',1,Lewis Dunk
GB1-2025,M-2025-36-02,E-2025-36-0005,Brighton & Hove Albion,86',1,Yankuba Minteh
GB1-2025,M-2025-36-03,E-2025-36-0006,AFC Bournemouth,41',-2,Ryan Christie
GB1-2025,M-2025-36-03,E-2025-36-0007,Fulham FC,45+7',-2,Joachim Andersen
GB1-2025,M-2025-36-03,E-2025-36-0008,AFC Bournemouth,53',1,Rayan
GB1-2025,M-2025-36-05,E-2025-36-0009,Manchester City,60',1,Jérémy Doku
GB1-2025,M-2025-36-05,E-2025-36-0010,Manchester City,75',1,Erling Haaland
GB1-2025,M-2025-36-05,E-2025-36-0011,Manchester City,90+2',1,Omar Marmoush
GB1-2025,M-2025-36-06,E-2025-36-0012,Burnley FC,8',1,Jaidon Anthony
GB1-2025,M-2025-36-06,E-2025-36-0013,Aston Villa,42',1,Ross Barkley
GB1-2025,M-2025-36-06,E-2025-36-0014,Aston Villa,56',1,Ollie Watkins
GB1-2025,M-2025-36-06,E-2025-36-0015,Burnley FC,58',1,Zian Flemming
GB1-2025,M-2025-36-07,E-2025-36-0016,Everton FC,6',1,James Tarkowski
GB1-2025,M-2025-36-07,E-2025-36-0017,Crystal Palace,34',1,Ismaïla Sarr
GB1-2025,M-2025-36-07,E-2025-36-0018,Everton FC,47',1,Beto
GB1-2025,M-2025-36-07,E-2025-36-0019,Crystal Palace,77',1,Jean-Philippe Mateta
GB1-2025,M-2025-36-08,E-2025-36-0020,Newcastle United,74',1,Harvey Barnes
GB1-2025,M-2025-36-08,E-2025-36-0021,Nottingham Forest,88',1,Elliot Anderson
GB1-2025,M-2025-36-09,E-2025-36-0022,Arsenal FC,83',1,Leandro Trossard
GB1-2025,M-2025-36-10,E-2025-36-0023,Tottenham Hotspur,50',1,Mathys Tel
GB1-2025,M-2025-36-10,E-2025-36-0024,Leeds United,74',2,Dominic Calvert-Lewin
GB1-2025,M-2025-37-01,E-2025-37-0001,Aston Villa,42',1,Morgan Rogers
GB1-2025,M-2025-37-01,E-2025-37-0002,Liverpool FC,52',1,Virgil van Dijk
GB1-2025,M-2025-37-01,E-2025-37-0003,Aston Villa,57',1,Ollie Watkins
GB1-2025,M-2025-37-01,E-2025-37-0004,Aston Villa,73',1,Ollie Watkins
GB1-2025,M-2025-37-01,E-2025-37-0005,Aston Villa,89',1,John McGinn
GB1-2025,M-2025-37-01,E-2025-37-0006,Liverpool FC,90+2',1,Virgil van Dijk
GB1-2025,M-2025-37-02,E-2025-37-0007,Manchester United,5',1,Luke Shaw
GB1-2025,M-2025-37-02,E-2025-37-0008,Nottingham Forest,53',1,Morato
GB1-2025,M-2025-37-02,E-2025-37-0009,Manchester United,55',1,Matheus Cunha
GB1-2025,M-2025-37-02,E-2025-37-0010,Manchester United,76',1,Bryan Mbeumo
GB1-2025,M-2025-37-02,E-2025-37-0011,Nottingham Forest,78',1,Morgan Gibbs-White
GB1-2025,M-2025-37-03,E-2025-37-0012,Crystal Palace,6',2,Ismaïla Sarr
GB1-2025,M-2025-37-03,E-2025-37-0013,Brentford FC,40',1,Dango Ouattara
GB1-2025,M-2025-37-03,E-2025-37-0014,Crystal Palace,52',1,Adam Wharton
GB1-2025,M-2025-37-03,E-2025-37-0015,Brentford FC,88',1,Dango Ouattara
GB1-2025,M-2025-37-04,E-2025-37-0016,Everton FC,43',1,Merlin Röhl
GB1-2025,M-2025-37-04,E-2025-37-0017,Sunderland AFC,59',1,Brian Brobbey
GB1-2025,M-2025-37-04,E-2025-37-0018,Sunderland AFC,81',1,Enzo Le Fée
GB1-2025,M-2025-37-04,E-2025-37-0019,Sunderland AFC,90+1',1,Wilson Isidor
GB1-2025,M-2025-37-05,E-2025-37-0020,Leeds United,90+6',1,Dominic Calvert-Lewin
GB1-2025,M-2025-37-06,E-2025-37-0021,Wolverhampton Wanderers,25',1,Mateus Mané
GB1-2025,M-2025-37-06,E-2025-37-0022,Fulham FC,45+3',2,Antonee Robinson
GB1-2025,M-2025-37-07,E-2025-37-0023,Newcastle United,15',1,Nick Woltemade
GB1-2025,M-2025-37-07,E-2025-37-0024,Newcastle United,19',1,William Osula
GB1-2025,M-2025-37-07,E-2025-37-0025,Newcastle United,65',1,William Osula
GB1-2025,M-2025-37-07,E-2025-37-0026,West Ham United,69',1,Taty Castellanos
GB1-2025,M-2025-37-08,E-2025-37-0027,Arsenal FC,37',1,Kai Havertz
GB1-2025,M-2025-37-09,E-2025-37-0028,AFC Bournemouth,39',1,Junior Kroupi
GB1-2025,M-2025-37-09,E-2025-37-0029,Manchester City,90+5',1,Erling Haaland
GB1-2025,M-2025-37-10,E-2025-37-0030,Chelsea FC,18',1,Enzo Fernández
GB1-2025,M-2025-37-10,E-2025-37-0031,Chelsea FC,67',1,Andrey Santos
GB1-2025,M-2025-37-10,E-2025-37-0032,Tottenham Hotspur,74',1,Richarlison
GB1-2025,M-2025-38-01,E-2025-38-0001,Manchester United,33',1,Patrick Dorgu
GB1-2025,M-2025-38-01,E-2025-38-0002,Manchester United,44',1,Bryan Mbeumo
GB1-2025,M-2025-38-01,E-2025-38-0003,Manchester United,48',1,Bruno Fernandes
GB1-2025,M-2025-38-02,E-2025-38-0004,Wolverhampton Wanderers,5',2,Adam Armstrong
GB1-2025,M-2025-38-02,E-2025-38-0005,Burnley FC,47',1,Zian Flemming
GB1-2025,M-2025-38-03,E-2025-38-0006,Arsenal FC,42',1,Gabriel Jesus
GB1-2025,M-2025-38-03,E-2025-38-0007,Arsenal FC,48',1,Noni Madueke
GB1-2025,M-2025-38-03,E-2025-38-0008,Crystal Palace,89',1,Jean-Philippe Mateta
GB1-2025,M-2025-38-04,E-2025-38-0009,Fulham FC,20',1,Issa Diop
GB1-2025,M-2025-38-04,E-2025-38-0010,Fulham FC,80',1,Tom Cairney
GB1-2025,M-2025-38-05,E-2025-38-0011,Liverpool FC,58',1,Curtis Jones
GB1-2025,M-2025-38-05,E-2025-38-0012,Brentford FC,64',1,Kevin Schade
GB1-2025,M-2025-38-06,E-2025-38-0013,Manchester City,23',1,Antoine Semenyo
GB1-2025,M-2025-38-06,E-2025-38-0014,Aston Villa,47',1,Ollie Watkins
GB1-2025,M-2025-38-06,E-2025-38-0015,Aston Villa,61',1,Ollie Watkins
GB1-2025,M-2025-38-07,E-2025-38-0016,Nottingham Forest,34',1,Morgan Gibbs-White
GB1-2025,M-2025-38-07,E-2025-38-0017,AFC Bournemouth,54',1,Marcus Tavernier
GB1-2025,M-2025-38-08,E-2025-38-0018,Sunderland AFC,25',1,Trai Hume
GB1-2025,M-2025-38-08,E-2025-38-0019,Sunderland AFC,50',3,Malo Gusto
GB1-2025,M-2025-38-08,E-2025-38-0020,Chelsea FC,56',1,Cole Palmer
GB1-2025,M-2025-38-08,E-2025-38-0021,Chelsea FC,62',-3,Wesley Fofana
GB1-2025,M-2025-38-09,E-2025-38-0022,Tottenham Hotspur,43',1,João Palhinha
GB1-2025,M-2025-38-10,E-2025-38-0023,West Ham United,67',1,Taty Castellanos
GB1-2025,M-2025-38-10,E-2025-38-0024,West Ham United,79',1,Jarrod Bowen
GB1-2025,M-2025-38-10,E-2025-38-0025,West Ham United,90+4',1,Callum Wilson
