season_id,pos,country,age,player_name,team,matches,goals
GB1-1992,1,England,27,Teddy Sheringham,for 2 clubs,41,22
GB1-1992,2,England,26,Les Ferdinand,Queens Park Rangers,37,20
GB1-1992,3,England,24,Dean Holdsworth,Wimbledon FC (- 2004),36,19
GB1-1992,4,England,31,Micky Quinn,Coventry City,26,17
GB1-1992,5,England,25,David White,Manchester City,42,16
GB1-1992,6,England,22,Alan Shearer,Blackburn Rovers,21,16
GB1-1992,7,France,26,Éric Cantona,for 2 clubs,35,15
GB1-1992,8,England,25,Brian Deane,Sheffield United,41,15
GB1-1992,9,England,24,Matt Le Tissier,Southampton FC,40,15
GB1-1992,10,England,29,Ian Wright,Arsenal FC,31,15
GB1-1992,11,Wales,29,Mark Hughes,Manchester United,41,15
GB1-1992,12,England,33,Lee Chapman,Leeds United,40,15
GB1-1992,13,England,21,Chris Armstrong,Crystal Palace,35,15
GB1-1992,14,England,23,Mark Robins,Norwich City,37,14
GB1-1992,15,Wales,28,Dean Saunders,for 2 clubs,41,14
GB1-1992,16,Wales,31,Ian Rush,Liverpool FC,32,14
GB1-1992,17,England,28,Paul Wilkinson,Middlesbrough FC,41,13
GB1-1992,18,England,28,Mike Newell,Blackburn Rovers,40,13
GB1-1992,19,England,23,Ian Olney,Oldham Athletic,34,12
GB1-1992,20,England,30,Mark Bright,for 2 clubs,35,12
GB1-1992,21,England,27,Tony Cottee,Everton FC,26,12
GB1-1992,22,Scotland,26,Kevin Gallacher,for 2 clubs,29,11
GB1-1992,23,England,28,Mark Walters,Liverpool FC,34,11
GB1-1992,24,Northern Ireland,28,Iain Dowie,Southampton FC,36,11
GB1-1992,25,England,25,David Hirst,Sheffield Wednesday,22,11
GB1-1992,26,England,25,Dalian Atkinson,Aston Villa,28,11
GB1-1992,27,England,21,Mike Sheron,Manchester City,38,11
GB1-1992,28,England,32,Peter Beardsley,Everton FC,39,10
GB1-1992,29,England,21,Bradley Allen,Queens Park Rangers,25,10
GB1-1992,30,England,23,Chris Kiwomya,Ipswich Town,38,10
GB1-1992,31,England,27,Nigel Clough,Nottingham Forest,42,10
GB1-1992,32,Ireland,26,Niall Quinn,Manchester City,39,9
GB1-1992,33,England,22,Graham Stuart,Chelsea FC,39,9
GB1-1992,34,Scotland,29,John Hendrie,Middlesbrough FC,32,9
GB1-1992,35,Scotland,29,Brian McClair,Manchester United,42,9
GB1-1992,36,Wales,29,David Phillips,Norwich City,42,9
GB1-1992,37,Wales,19,Ryan Giggs,Manchester United,41,9
GB1-1992,38,England,27,Neil Adams,Oldham Athletic,32,9
GB1-1992,39,England,34,Mick Harford,Chelsea FC,28,9
GB1-1992,40,England,27,Garry Parker,Aston Villa,37,9
GB1-1992,41,Ireland,28,Eddie McGoldrick,Crystal Palace,42,8
GB1-1992,42,England,24,John Williams,Coventry City,41,8
GB1-1992,43,England,32,Gary Bannister,Nottingham Forest,31,8
GB1-1992,44,England,22,Adrian Littlejohn,Sheffield United,27,8
GB1-1992,45,England,20,Chris Sutton,Norwich City,38,8
GB1-1992,46,England,27,Andy Sinton,Queens Park Rangers,36,7
GB1-1992,47,England,25,Jason Dozzell,Ipswich Town,41,7
GB1-1992,48,England,25,Stuart Ripley,Blackburn Rovers,40,7
GB1-1992,49,Jamaica,28,Robbie Earle,Wimbledon FC (- 2004),42,7
GB1-1992,50,Scotland,32,Graeme Sharp,Oldham Athletic,21,7
GB1-1992,51,Scotland,22,John Spencer,Chelsea FC,23,7
GB1-1992,52,Zimbabwe,20,Peter Ndlovu,Coventry City,32,7
GB1-1992,53,Scotland,21,Don Hutchison,Liverpool FC,31,7
GB1-1992,54,Wales,23,Gary Speed,Leeds United,39,7
GB1-1992,55,England,23,Rod Wallace,Leeds United,32,7
GB1-1992,56,England,21,Darren Anderton,Tottenham Hotspur,34,6
GB1-1992,57,England,25,Paul Merson,Arsenal FC,33,6
GB1-1992,58,England,24,Nick Henry,Oldham Athletic,32,6
GB1-1992,59,Trinidad and Tobago,21,Dwight Yorke,Aston Villa,27,6
GB1-1992,60,England,19,Nick Barmby,Tottenham Hotspur,22,6
GB1-1992,61,Ireland,21,Roy Keane,Nottingham Forest,40,6
GB1-1992,62,England,22,Nicky Banger,Southampton FC,27,6
GB1-1992,63,Scotland,35,John Wark,Ipswich Town,37,6
GB1-1992,64,England,18,Chris Bart-Williams,Sheffield Wednesday,34,6
GB1-1992,65,England,30,John Fashanu,Wimbledon FC (- 2004),29,6
GB1-1992,66,Israel,29,Ronny Rosenthal,Liverpool FC,27,6
GB1-1992,67,England,25,Paul Ince,Manchester United,41,6
GB1-1992,68,England,23,Paul Warhurst,Sheffield Wednesday,29,6
GB1-1992,69,Ireland,20,Lee Power,Norwich City,18,6
GB1-1992,70,Wales,33,Eric Young,Crystal Palace,38,6
GB1-1992,71,England,28,Gary Penrice,Queens Park Rangers,15,6
GB1-1992,72,Scotland,27,Tommy Wright,Middlesbrough FC,36,5
GB1-1992,73,Norway,27,Gunnar Halle,Oldham Athletic,41,5
GB1-1992,74,England,27,Robert Rosario,for 2 clubs,38,5
GB1-1992,75,England,29,John Barnes,Liverpool FC,27,5
GB1-1992,76,Scotland,28,Gary McAllister,Leeds United,32,5
GB1-1992,77,Wales,22,Chris Coleman,Crystal Palace,35,5
GB1-1992,78,England,32,Steve Bruce,Manchester United,42,5
GB1-1992,79,Ireland,27,Denis Irwin,Manchester United,40,5
GB1-1992,80,England,22,Gavin Johnson,Ipswich Town,40,5
GB1-1992,81,Scotland,27,Willie Falconer,Middlesbrough FC,28,5
GB1-1992,82,England,25,Andy Clarke,Wimbledon FC (- 2004),33,5
GB1-1992,83,Northern Ireland,24,Kingsley Black,Nottingham Forest,24,5
GB1-1992,84,England,22,Dane Whitehouse,Sheffield United,14,5
GB1-1992,85,England,21,Eddie Newton,Chelsea FC,34,5
GB1-1992,86,England,20,Garry Flitcroft,Manchester City,32,5
GB1-1992,87,England,24,Mark Atkins,Blackburn Rovers,31,5
GB1-1992,88,England,24,Stuart Barlow,Everton FC,26,5
GB1-1992,89,England,21,Jason Wilcox,Blackburn Rovers,33,4
GB1-1992,90,Montserrat,25,Ruel Fox,Norwich City,34,4
GB1-1992,91,Wales,30,Glyn Hodges,Sheffield United,31,4
GB1-1992,92,England,20,Neal Ardley,Wimbledon FC (- 2004),26,4
GB1-1992,93,Ireland,29,Andy Townsend,Chelsea FC,41,4
GB1-1992,94,England,21,Steve McManaman,Liverpool FC,31,4
GB1-1992,95,Scotland,36,Gordon Strachan,Leeds United,31,4
GB1-1992,96,England,28,Mick Stockwell,Ipswich Town,39,4
GB1-1992,97,England,23,Kevin Campbell,Arsenal FC,37,4
GB1-1992,98,England,31,Micky Adams,Southampton FC,38,4
GB1-1992,99,Northern Ireland,33,Lawrie Sanchez,Wimbledon FC (- 2004),27,4
GB1-1992,100,Ireland,33,Paul McGrath,Aston Villa,42,4
GB1-1992,101,England,23,Neil Maddison,Southampton FC,37,4
GB1-1992,102,Scotland,20,Paul Bernard,Oldham Athletic,33,4
GB1-1992,103,England,21,Richard Hall,Southampton FC,28,4
GB1-1992,104,England,23,Craig Hignett,Middlesbrough FC,21,4
GB1-1992,105,Ireland,32,Bernie Slaven,Middlesbrough FC,18,4
GB1-1992,106,England,25,Darren Beckford,for 2 clubs,15,4
GB1-1992,107,Ireland,37,Kevin Moran,Blackburn Rovers,36,4
GB1-1992,108,United States,29,Roy Wegerle,for 2 clubs,28,4
GB1-1992,109,England,28,Rick Holden,Manchester City,41,3
GB1-1992,110,England,25,Ian Woan,Nottingham Forest,28,3
GB1-1992,111,Ireland,31,Ray Houghton,Aston Villa,39,3
GB1-1992,112,England,28,David Bardsley,Queens Park Rangers,40,3
GB1-1992,113,England,31,Clive Wilson,Queens Park Rangers,41,3
GB1-1992,114,England,24,Tim Sherwood,Blackburn Rovers,39,3
GB1-1992,115,England,26,Dennis Wise,Chelsea FC,27,3
GB1-1992,116,England,30,Ian Crook,Norwich City,34,3
GB1-1992,117,England,22,Gareth Southgate,Crystal Palace,33,3
GB1-1992,118,England,29,Neil Thompson,Ipswich Town,31,3
GB1-1992,119,England,27,Mark Brennan,Oldham Athletic,14,3
GB1-1992,120,England,30,Alan Smith,Arsenal FC,31,3
GB1-1992,121,England,24,Steve Sedgley,Tottenham Hotspur,22,3
GB1-1992,122,England,32,Andy Ritchie,Oldham Athletic,12,3
GB1-1992,123,Denmark,29,Jan Mølby,Liverpool FC,10,3
GB1-1992,124,England,25,Neil Ruddock,Tottenham Hotspur,38,3
GB1-1992,125,England,30,Paul Allen,Tottenham Hotspur,38,3
GB1-1992,126,England,29,Chris Fairclough,Leeds United,30,3
GB1-1992,127,Russia,24,Andrey Kanchelskis,Manchester United,27,3
GB1-1992,128,Ireland,28,John Sheridan,Sheffield Wednesday,25,3
GB1-1992,129,England,33,Paul Goddard,Ipswich Town,25,3
GB1-1992,130,England,32,Steve Whitton,Ipswich Town,24,3
GB1-1992,131,Scotland,27,Gordon Durie,Tottenham Hotspur,17,3
GB1-1992,132,Ireland,26,Mike Milligan,Oldham Athletic,42,3
GB1-1992,133,England,28,Neil Pointon,Oldham Athletic,33,3
GB1-1992,134,England,21,Matt Jackson,Everton FC,27,3
GB1-1992,135,England,28,Paul Rogers,Sheffield United,27,3
GB1-1992,136,Netherlands,24,Michel Vonk,Manchester City,26,3
GB1-1992,137,Bulgaria,28,Boncho Genchev,Ipswich Town,21,3
GB1-1992,138,Spain,26,Nayim,Tottenham Hotspur,18,3
GB1-1992,139,England,26,Franz Carr,Sheffield United,8,3
GB1-1992,140,England,28,Steve Cotterill,Wimbledon FC (- 2004),7,3
GB1-1992,141,England,29,Keith Curle,Manchester City,39,3
GB1-1992,142,England,36,Viv Anderson,Sheffield Wednesday,26,3
GB1-1992,143,England,28,Paul Rideout,Everton FC,24,3
GB1-1992,144,United States,29,Preki,Everton FC,23,3
GB1-1992,145,England,27,Peter Beagrie,Everton FC,22,3
GB1-1992,146,Ireland,18,Andy Turner,Tottenham Hotspur,18,3
GB1-1992,147,Scotland,30,Ian Bryson,Sheffield United,16,3
GB1-1992,148,Scotland,29,Mo Johnston,Everton FC,13,3
GB1-1992,149,Nigeria,25,Efan Ekoku,Norwich City,4,3
GB1-1992,150,Ireland,24,Steve Staunton,Aston Villa,42,2
GB1-1992,151,England,27,Jimmy Phillips,Middlesbrough FC,40,2
GB1-1992,152,England,29,Richard Jobson,Oldham Athletic,40,2
GB1-1992,153,Scotland,27,Robert Fleck,Chelsea FC,31,2
GB1-1992,154,England,19,Jamie Redknapp,Liverpool FC,29,2
GB1-1992,155,England,27,Ian Marshall,Oldham Athletic,27,2
GB1-1992,156,England,36,Ray Wilkins,Queens Park Rangers,27,2
GB1-1992,157,England,22,Lee Hurst,Coventry City,35,2
GB1-1992,158,England,28,Brian Gayle,Sheffield United,31,2
GB1-1992,159,England,21,Daryl Sutch,Norwich City,22,2
GB1-1992,160,England,29,Rob Newman,Norwich City,18,2
GB1-1992,161,Ireland,30,Tony Cascarino,Chelsea FC,9,2
GB1-1992,162,England,21,Andy Impey,Queens Park Rangers,40,2
GB1-1992,163,England,24,David Burrows,Liverpool FC,30,2
GB1-1992,164,Ireland,22,Jeff Kenna,Southampton FC,29,2
GB1-1992,165,England,28,Geoff Thomas,Crystal Palace,29,2
GB1-1992,166,Sweden,27,Anders Limpar,Arsenal FC,23,2
GB1-1992,167,England,30,Stuart Pearce,Nottingham Forest,23,2
GB1-1992,168,England,21,Simon Rodger,Crystal Palace,23,2
GB1-1992,169,England,27,Jamie Hoyland,Sheffield United,22,2
GB1-1992,170,England,31,Micky Gynn,Coventry City,20,2
GB1-1992,171,England,30,Kevin Richardson,Aston Villa,42,2
GB1-1992,172,Northern Ireland,35,Mal Donaghy,Chelsea FC,40,2
GB1-1992,173,England,27,Paul Beesley,Sheffield United,39,2
GB1-1992,174,England,32,Brian Borrows,Coventry City,38,2
GB1-1992,175,Wales,28,Vinnie Jones,for 2 clubs,34,2
GB1-1992,176,England,21,Simon Osborn,Crystal Palace,31,2
GB1-1992,177,England,31,Gary Mabbutt,Tottenham Hotspur,29,2
GB1-1992,178,Northern Ireland,33,Danny Wilson,Sheffield Wednesday,26,2
GB1-1992,179,England,30,Ian Holloway,Queens Park Rangers,24,2
GB1-1992,180,England,30,Steve Hodge,Leeds United,23,2
GB1-1992,181,England,35,Kevin Moore,Southampton FC,18,2
GB1-1992,182,England,27,Perry Groves,for 2 clubs,16,2
GB1-1992,183,Norway,20,Frank Strandli,Leeds United,10,2
GB1-1992,184,England,25,Darren Peacock,Queens Park Rangers,38,2
GB1-1992,185,Wales,24,Gareth Hall,Chelsea FC,37,2
GB1-1992,186,England,29,Mark Wright,Liverpool FC,33,2
GB1-1992,187,United States,26,John Harkes,Sheffield Wednesday,29,2
GB1-1992,188,England,34,Alan Cork,Sheffield United,27,2
GB1-1992,189,England,23,David Lee,Chelsea FC,25,2
GB1-1992,190,England,24,Warren Barton,Wimbledon FC (- 2004),23,2
GB1-1992,191,Ireland,26,Alan Kernaghan,Middlesbrough FC,22,2
GB1-1992,192,England,30,Andy Linighan,Arsenal FC,21,2
GB1-1992,193,England,22,Nicky Mohan,Middlesbrough FC,18,2
GB1-1992,194,England,27,Jimmy Carter,Arsenal FC,16,2
GB1-1992,195,England,25,Tony Daley,Aston Villa,13,2
GB1-1992,196,England,29,Simon Milton,Ipswich Town,12,2
GB1-1992,197,England,31,Kerry Dixon,Southampton FC,9,2
GB1-1992,198,England,29,Devon White,Queens Park Rangers,7,2
GB1-1992,199,Canada,28,Frank Yallop,Ipswich Town,6,2
GB1-1992,200,Scotland,23,John Hendry,Tottenham Hotspur,5,2
GB1-1992,201,Scotland,20,Paul Dickov,Arsenal FC,3,2
GB1-1992,202,England,21,Lee Sharpe,Manchester United,27,1
GB1-1992,203,England,32,Chris Waddle,Sheffield Wednesday,33,1
GB1-1992,204,Wales,27,Jeremy Goss,Norwich City,25,1
GB1-1992,205,Scotland,22,Scot Gemmill,Nottingham Forest,33,1
GB1-1992,206,England,19,Steve Froggatt,Aston Villa,16,1
GB1-1992,207,England,31,Chris Whyte,Leeds United,34,1
GB1-1992,208,England,34,Kenny Sansom,for 2 clubs,28,1
GB1-1992,209,England,28,Paul Stewart,Liverpool FC,24,1
GB1-1992,210,England,34,Gordon Cowans,Blackburn Rovers,24,1
GB1-1992,211,England,24,Ian Brightwell,Manchester City,21,1
GB1-1992,212,Poland,29,Robert Warzycha,Everton FC,20,1
GB1-1992,213,Scotland,27,Colin Hendry,Blackburn Rovers,41,1
GB1-1992,214,Northern Ireland,31,Nigel Worthington,Sheffield Wednesday,40,1
GB1-1992,215,England,31,Dave Watson,Everton FC,40,1
GB1-1992,216,England,22,David May,Blackburn Rovers,34,1
GB1-1992,217,England,23,Mike Marsh,Liverpool FC,28,1
GB1-1992,218,England,24,Andy Hinchcliffe,Everton FC,25,1
GB1-1992,219,England,20,Ray Parlour,Arsenal FC,21,1
GB1-1992,220,England,29,Ian Snodin,Everton FC,20,1
GB1-1992,221,England,30,Mark Ward,Everton FC,19,1
GB1-1992,222,England,35,Cyrille Regis,Aston Villa,13,1
GB1-1992,223,England,26,Earl Barrett,Aston Villa,42,1
GB1-1992,224,Wales,29,Mark Bowen,Norwich City,42,1
GB1-1992,225,England,27,Carlton Palmer,Sheffield Wednesday,34,1
GB1-1992,226,England,26,Andy Thorn,Crystal Palace,34,1
GB1-1992,227,England,26,John Scales,Wimbledon FC (- 2004),32,1
GB1-1992,228,England,24,Carl Bradshaw,Sheffield United,32,1
GB1-1992,229,England,24,David Batty,Leeds United,30,1
GB1-1992,230,England,22,Jason Dodd,Southampton FC,30,1
GB1-1992,231,England,23,David Hillier,Arsenal FC,30,1
GB1-1992,232,England,29,Nigel Winterburn,Arsenal FC,29,1
GB1-1992,233,England,26,John Gannon,Sheffield United,27,1
GB1-1992,234,England,23,John Ebbrell,Everton FC,24,1
GB1-1992,235,England,27,Paul Williams,for 2 clubs,23,1
GB1-1992,236,England,19,Jamie Pollock,Middlesbrough FC,22,1
GB1-1992,237,England,22,Gerald Dobbs,Wimbledon FC (- 2004),19,1
GB1-1992,238,England,25,Paul Miller,Wimbledon FC (- 2004),19,1
GB1-1992,239,Ireland,31,Ronnie Whelan,Liverpool FC,17,1
GB1-1992,240,England,19,Billy Kenny,Everton FC,17,1
GB1-1992,241,Wales,21,Darren Barnard,Chelsea FC,13,1
GB1-1992,242,England,25,Phil King,Sheffield Wednesday,12,1
GB1-1992,243,St. Kitts & Nevis,21,Bobby Bowry,Crystal Palace,11,1
GB1-1992,244,England,25,Michael Thomas,Liverpool FC,8,1
GB1-1992,245,England,27,Gary Pallister,Manchester United,42,1
GB1-1992,246,England,28,David Linighan,Ipswich Town,42,1
GB1-1992,247,Wales,30,Barry Horne,Everton FC,34,1
GB1-1992,248,Netherlands,28,Ken Monkou,Southampton FC,33,1
GB1-1992,249,Jamaica,23,Fitzroy Simpson,Manchester City,29,1
GB1-1992,250,England,28,Simon Barker,Queens Park Rangers,25,1
GB1-1992,251,England,30,Steve Bould,Arsenal FC,24,1
GB1-1992,252,England,28,Andy Hill,Manchester City,24,1
GB1-1992,253,England,24,Robbie Mustoe,Middlesbrough FC,23,1
GB1-1992,254,England,22,Graham Hyde,Sheffield Wednesday,20,1
GB1-1992,255,England,25,David Howells,Tottenham Hotspur,18,1
GB1-1992,256,England,26,David Rocastle,Leeds United,18,1
GB1-1992,257,England,27,Dennis Bailey,Queens Park Rangers,15,1
GB1-1992,258,England,21,Neil Cox,Aston Villa,14,1
GB1-1992,259,England,22,Gordon Watson,Sheffield Wednesday,11,1
GB1-1992,260,England,29,Terry Gibson,Wimbledon FC (- 2004),8,1
GB1-1992,261,England,24,David Smith,Coventry City,6,1
GB1-1992,262,England,18,Neil Shipperley,Chelsea FC,3,1
GB1-1992,263,England,29,Shaun Teale,Aston Villa,39,1
GB1-1992,264,England,24,John Polston,Norwich City,34,1
GB1-1992,265,England,27,Tony Dorigo,Leeds United,33,1
GB1-1992,266,Sweden,29,Roland Nilsson,Sheffield Wednesday,32,1
GB1-1992,267,England,29,Paul Parker,Manchester United,31,1
GB1-1992,268,England,31,Steve McMahon,Manchester City,27,1
GB1-1992,269,England,29,Ian Butterworth,Norwich City,26,1
GB1-1992,270,Ireland,29,Chris Morris,Middlesbrough FC,25,1
GB1-1992,271,England,26,Andy Pearce,Coventry City,24,1
GB1-1992,272,England,33,Gary Megson,Norwich City,23,1
GB1-1992,273,England,28,Gary Crosby,Nottingham Forest,23,1
GB1-1992,274,Iceland,26,Thorvaldur Örlygsson,Nottingham Forest,20,1
GB1-1992,275,England,29,Andy Gray,Tottenham Hotspur,17,1
GB1-1992,276,England,29,Nigel Pearson,Sheffield Wednesday,16,1
GB1-1992,277,England,23,Jason Cundy,Tottenham Hotspur,15,1
GB1-1992,278,England,36,Bryan Robson,Manchester United,14,1
GB1-1992,279,England,22,David Wetherall,Leeds United,13,1
GB1-1992,280,England,21,Steve Stone,Nottingham Forest,12,1
GB1-1992,281,England,21,Steve Harkness,Liverpool FC,10,1
GB1-1992,282,England,24,Dion Dublin,Manchester United,7,1
GB1-1992,283,Scotland,22,Ray McKinnon,Nottingham Forest,6,1
GB1-1992,284,England,33,Imre Varadi,Leeds United,4,1
GB1-1992,285,England,23,David Gregory,Ipswich Town,3,1
GB1-1992,286,Wales,19,Andy Johnson,Norwich City,2,1
GB1-1992,287,England,20,Andy Scott,Sheffield United,2,1
GB1-1992,288,England,23,Justin Channing,Queens Park Rangers,2,1
GB1-1992,289,England,18,Sol Campbell,Tottenham Hotspur,1,1
GB1-1992,290,England,20,Aidan Newhouse,Wimbledon FC (- 2004),1,1
GB1-1993,1,England,22,Andy Cole,Newcastle United,40,34
GB1-1993,2,England,23,Alan Shearer,Blackburn Rovers,40,31
GB1-1993,3,England,21,Chris Sutton,Norwich City,41,25
GB1-1993,4,England,25,Matt Le Tissier,Southampton FC,38,25
GB1-1993,5,England,30,Ian Wright,Arsenal FC,39,23
GB1-1993,6,England,33,Peter Beardsley,Newcastle United,35,21
GB1-1993,7,England,31,Mark Bright,Sheffield Wednesday,40,19
GB1-1993,8,France,27,Éric Cantona,Manchester United,34,18
GB1-1993,9,England,25,Dean Holdsworth,Wimbledon FC (- 2004),42,17
GB1-1993,10,England,24,Rod Wallace,Leeds United,37,17
GB1-1993,11,England,27,Les Ferdinand,Queens Park Rangers,36,16
GB1-1993,12,England,28,Tony Cottee,Everton FC,39,16
GB1-1993,13,England,24,Kevin Campbell,Arsenal FC,37,15
GB1-1993,14,Wales,32,Ian Rush,Liverpool FC,42,14
GB1-1993,15,Wales,20,Ryan Giggs,Manchester United,38,13
GB1-1993,16,England,28,Teddy Sheringham,Tottenham Hotspur,19,13
GB1-1993,17,England,33,Trevor Morley,West Ham United,42,13
GB1-1993,18,England,28,Mark Stein,Chelsea FC,18,13
GB1-1993,19,Wales,30,Mark Hughes,Manchester United,36,12
GB1-1993,20,England,23,Gordon Watson,Sheffield Wednesday,23,12
GB1-1993,21,Norway,27,Jan Åge Fjørtoft,Swindon Town,36,12
GB1-1993,22,Nigeria,26,Efan Ekoku,Norwich City,27,12
GB1-1993,23,England,19,Robbie Fowler,Liverpool FC,28,12
GB1-1993,24,England,26,Brian Deane,Leeds United,41,11
GB1-1993,25,Zimbabwe,21,Peter Ndlovu,Coventry City,39,11
GB1-1993,26,England,31,John Fashanu,Wimbledon FC (- 2004),36,11
GB1-1993,27,Wales,24,Gary Speed,Leeds United,36,10
GB1-1993,28,Wales,29,Dean Saunders,Aston Villa,38,10
GB1-1993,29,England,28,Ian Marshall,Ipswich Town,29,10
GB1-1993,30,Montserrat,26,Ruel Fox,for 2 clubs,39,9
GB1-1993,31,England,22,Lee Sharpe,Manchester United,30,9
GB1-1993,32,Jamaica,29,Robbie Earle,Wimbledon FC (- 2004),42,9
GB1-1993,33,Norway,29,Jostein Flo,Sheffield United,33,9
GB1-1993,34,Scotland,33,Graeme Sharp,Oldham Athletic,34,9
GB1-1993,35,England,26,Paul Ince,Manchester United,39,8
GB1-1993,36,Scotland,29,Gary McAllister,Leeds United,42,8
GB1-1993,37,England,19,Chris Bart-Williams,Sheffield Wednesday,37,8
GB1-1993,38,England,26,Gavin Peacock,Chelsea FC,37,8
GB1-1993,39,England,26,Dalian Atkinson,Aston Villa,29,8
GB1-1993,40,England,26,Jason Dozzell,Tottenham Hotspur,32,8
GB1-1993,41,England,30,Gary Penrice,Queens Park Rangers,26,8
GB1-1993,42,England,32,Micky Quinn,Coventry City,32,8
GB1-1993,43,England,28,Rob Lee,Newcastle United,41,7
GB1-1993,44,Wales,29,Paul Bodin,Swindon Town,32,7
GB1-1993,45,England,24,Neil Maddison,Southampton FC,41,7
GB1-1993,46,Scotland,27,Kevin Gallacher,Blackburn Rovers,30,7
GB1-1993,47,England,28,Nigel Clough,Liverpool FC,27,7
GB1-1993,48,England,30,Devon White,Queens Park Rangers,18,7
GB1-1993,49,England,34,Lee Chapman,West Ham United,30,7
GB1-1993,50,England,22,Bradley Allen,Queens Park Rangers,21,7
GB1-1993,51,England,26,Paul Merson,Arsenal FC,33,7
GB1-1993,52,England,22,Jason Wilcox,Blackburn Rovers,33,6
GB1-1993,53,England,29,Mike Newell,Blackburn Rovers,28,6
GB1-1993,54,England,29,Rick Holden,for 2 clubs,38,6
GB1-1993,55,England,22,Darren Anderton,Tottenham Hotspur,36,6
GB1-1993,56,Russia,25,Andrey Kanchelskis,Manchester United,31,6
GB1-1993,57,Wales,20,Ryan Jones,Sheffield Wednesday,27,6
GB1-1993,58,United States,29,Roy Wegerle,Coventry City,22,6
GB1-1993,59,England,30,Andy Mutch,Swindon Town,30,6
GB1-1993,60,Wales,28,Jeremy Goss,Norwich City,34,6
GB1-1993,61,England,28,Martin Allen,West Ham United,26,6
GB1-1993,62,England,22,Mike Sheron,Manchester City,33,6
GB1-1993,63,England,26,David White,for 2 clubs,31,6
GB1-1993,64,England,25,Steve Sedgley,Tottenham Hotspur,42,6
GB1-1993,65,England,29,Paul Rideout,Everton FC,24,6
GB1-1993,66,England,26,Darren Beckford,Oldham Athletic,22,6
GB1-1993,67,Northern Ireland,29,Iain Dowie,Southampton FC,39,5
GB1-1993,68,Ireland,22,Roy Keane,Manchester United,37,5
GB1-1993,69,England,23,Dane Whitehouse,Sheffield United,38,5
GB1-1993,70,England,31,Kevin Richardson,Aston Villa,40,5
GB1-1993,71,Wales,30,Mark Bowen,Norwich City,41,5
GB1-1993,72,England,29,Simon Barker,Queens Park Rangers,37,5
GB1-1993,73,England,20,Nick Barmby,Tottenham Hotspur,27,5
GB1-1993,74,England,24,Nigel Jemson,Sheffield Wednesday,18,5
GB1-1993,75,England,28,Carlton Palmer,Sheffield Wednesday,37,5
GB1-1993,76,England,24,Chris Kiwomya,Ipswich Town,37,5
GB1-1993,77,Ireland,27,Niall Quinn,Manchester City,15,5
GB1-1993,78,Wales,26,Malcolm Allen,Newcastle United,9,5
GB1-1993,79,England,30,Richard Jobson,Oldham Athletic,37,5
GB1-1993,80,Scotland,21,Paul Bernard,Oldham Athletic,32,5
GB1-1993,81,Scotland,23,John Spencer,Chelsea FC,19,5
GB1-1993,82,Germany,25,Uwe Rösler,Manchester City,12,5
GB1-1993,83,England,26,Julian Darby,Coventry City,26,5
GB1-1993,84,Wales,22,Nathan Blake,Sheffield United,12,5
GB1-1993,85,England,28,Scott Sellars,Newcastle United,30,4
GB1-1993,86,England,26,Stuart Ripley,Blackburn Rovers,40,4
GB1-1993,87,England,27,Dennis Wise,Chelsea FC,35,4
GB1-1993,88,England,28,Peter Beagrie,for 2 clubs,38,4
GB1-1993,89,England,27,John Moncur,Swindon Town,41,4
GB1-1993,90,England,21,Trevor Sinclair,Queens Park Rangers,32,4
GB1-1993,91,England,19,Darren Caskey,Tottenham Hotspur,25,4
GB1-1993,92,Wales,26,Sean McCarthy,Oldham Athletic,20,4
GB1-1993,93,England,24,John Ebbrell,Everton FC,39,4
GB1-1993,94,Wales,22,Carl Griffiths,Manchester City,16,4
GB1-1993,95,England,20,Jamie Redknapp,Liverpool FC,35,4
GB1-1993,96,England,26,Keith Scott,Swindon Town,26,4
GB1-1993,97,England,19,Neil Shipperley,Chelsea FC,24,4
GB1-1993,98,England,26,Craig Maskell,for 2 clubs,24,4
GB1-1993,99,Scotland,27,Willie Falconer,Sheffield United,23,4
GB1-1993,100,Ireland,31,Tony Cascarino,Chelsea FC,20,4
GB1-1993,101,England,31,Paul Walsh,Manchester City,11,4
GB1-1993,102,England,31,Shaun Taylor,Swindon Town,42,4
GB1-1993,103,England,30,Chris Fairclough,Leeds United,40,4
GB1-1993,104,Netherlands,29,Ken Monkou,Southampton FC,35,4
GB1-1993,105,England,24,Matty Holmes,West Ham United,34,3
GB1-1993,106,England,33,Chris Waddle,Sheffield Wednesday,19,3
GB1-1993,107,Ireland,30,Andy Townsend,Aston Villa,32,3
GB1-1993,108,Scotland,37,Gordon Strachan,Leeds United,33,3
GB1-1993,109,England,28,Tim Breacker,West Ham United,40,3
GB1-1993,110,England,22,Nicky Summerbee,Swindon Town,38,3
GB1-1993,111,England,25,John Williams,Coventry City,32,3
GB1-1993,112,England,23,Graham Stuart,Everton FC,30,3
GB1-1993,113,England,27,David Rocastle,for 2 clubs,28,3
GB1-1993,114,England,28,Andy Sinton,Sheffield Wednesday,25,3
GB1-1993,115,England,31,Alan Smith,Arsenal FC,25,3
GB1-1993,116,England,25,Neil Ruddock,Liverpool FC,39,3
GB1-1993,117,Scotland,22,Craig Burley,Chelsea FC,23,3
GB1-1993,118,England,21,Garry Flitcroft,Manchester City,21,3
GB1-1993,119,Ireland,29,John Sheridan,Sheffield Wednesday,20,3
GB1-1993,120,England,33,Steve Bruce,Manchester United,42,3
GB1-1993,121,Ireland,23,Phil Babb,Coventry City,40,3
GB1-1993,122,England,25,Vinny Samways,Tottenham Hotspur,39,3
GB1-1993,123,England,26,Darren Peacock,for 2 clubs,39,3
GB1-1993,124,England,26,Sean Flynn,Coventry City,36,3
GB1-1993,125,England,22,Andy Impey,Queens Park Rangers,33,3
GB1-1993,126,England,28,Andy Pearce,Sheffield Wednesday,32,3
GB1-1993,127,England,30,John Barnes,Liverpool FC,26,3
GB1-1993,128,England,29,Gary Blissett,Wimbledon FC (- 2004),18,3
GB1-1993,129,Scotland,36,John Wark,Ipswich Town,38,3
GB1-1993,130,England,25,Julian Dicks,for 2 clubs,31,3
GB1-1993,131,Ireland,25,Steve Staunton,Aston Villa,24,3
GB1-1993,132,England,35,Alan Cork,Sheffield United,19,3
GB1-1993,133,England,23,Adrian Littlejohn,Sheffield United,19,3
GB1-1993,134,Scotland,25,Alex Mathie,Newcastle United,16,3
GB1-1993,135,England,29,Brian Gayle,Sheffield United,13,3
GB1-1993,136,England,32,Clive Wilson,Queens Park Rangers,41,3
GB1-1993,137,England,29,David Linighan,Ipswich Town,38,3
GB1-1993,138,England,29,Paul Rogers,Sheffield United,25,3
GB1-1993,139,England,30,Paul Mason,Ipswich Town,22,3
GB1-1993,140,England,25,Stuart Barlow,Everton FC,22,3
GB1-1993,141,England,29,Guy Whittingham,Aston Villa,18,3
GB1-1993,142,England,18,Darren Eadie,Norwich City,15,3
GB1-1993,143,England,25,Graeme Le Saux,Blackburn Rovers,41,2
GB1-1993,144,England,22,Steve McManaman,Liverpool FC,30,2
GB1-1993,145,Ireland,28,Denis Irwin,Manchester United,42,2
GB1-1993,146,Ireland,23,Jeff Kenna,Southampton FC,41,2
GB1-1993,147,England,25,Tim Sherwood,Blackburn Rovers,38,2
GB1-1993,148,England,24,Mike Marsh,for 2 clubs,35,2
GB1-1993,149,England,21,Lee Clark,Newcastle United,29,2
GB1-1993,150,England,25,Warren Barton,Wimbledon FC (- 2004),39,2
GB1-1993,151,Wales,31,Glyn Hodges,Sheffield United,31,2
GB1-1993,152,Ireland,32,Ray Houghton,Aston Villa,30,2
GB1-1993,153,Northern Ireland,34,Lawrie Sanchez,for 2 clubs,23,2
GB1-1993,154,Wales,29,Vinnie Jones,Wimbledon FC (- 2004),33,2
GB1-1993,155,England,34,Micky Hazard,for 2 clubs,26,2
GB1-1993,156,England,28,Garry Parker,Aston Villa,19,2
GB1-1993,157,Israel,30,Ronny Rosenthal,for 2 clubs,18,2
GB1-1993,158,England,25,Steve Morgan,Coventry City,40,2
GB1-1993,159,England,20,Steve Watson,Newcastle United,32,2
GB1-1993,160,Bulgaria,29,Boncho Genchev,Ipswich Town,24,2
GB1-1993,161,England,26,Andy Clarke,Wimbledon FC (- 2004),23,2
GB1-1993,162,England,22,Neil Cox,Aston Villa,20,2
GB1-1993,163,England,24,Steve Jones,West Ham United,8,2
GB1-1993,164,England,30,Rob Newman,Norwich City,32,2
GB1-1993,165,England,22,Robert Ullathorne,Norwich City,16,2
GB1-1993,166,Trinidad and Tobago,22,Dwight Yorke,Aston Villa,12,2
GB1-1993,167,Denmark,30,Jan Mølby,Liverpool FC,11,2
GB1-1993,168,England,35,Alvin Martin,West Ham United,7,2
GB1-1993,169,England,32,Clive Allen,West Ham United,7,2
GB1-1993,170,England,37,Ray Wilkins,Queens Park Rangers,39,1
GB1-1993,171,England,28,Ian Bishop,West Ham United,36,1
GB1-1993,172,England,21,Ray Parlour,Arsenal FC,27,1
GB1-1993,173,England,28,Gary Elkins,Wimbledon FC (- 2004),18,1
GB1-1993,174,England,30,Simon Milton,Ipswich Town,15,1
GB1-1993,175,England,24,Mark Robins,Norwich City,13,1
GB1-1993,176,Norway,24,Henning Berg,Blackburn Rovers,41,1
GB1-1993,177,England,23,Graham Hyde,Sheffield Wednesday,36,1
GB1-1993,178,England,31,Paul Allen,for 2 clubs,34,1
GB1-1993,179,Scotland,29,David Rennie,Coventry City,34,1
GB1-1993,180,England,28,Gary Ablett,Everton FC,32,1
GB1-1993,181,Scotland,32,Steve Nicol,Liverpool FC,31,1
GB1-1993,182,England,26,Tony Daley,Aston Villa,27,1
GB1-1993,183,England,31,Mark Ward,Everton FC,27,1
GB1-1993,184,England,20,Peter Fear,Wimbledon FC (- 2004),23,1
GB1-1993,185,England,25,Carl Bradshaw,Sheffield United,40,1
GB1-1993,186,England,23,David Wetherall,Leeds United,32,1
GB1-1993,187,Northern Ireland,32,Nigel Worthington,Sheffield Wednesday,31,1
GB1-1993,188,England,25,Stuart Slater,Ipswich Town,28,1
GB1-1993,189,England,36,Glenn Hoddle,Chelsea FC,19,1
GB1-1993,190,England,23,Gavin Johnson,Ipswich Town,16,1
GB1-1993,191,Wales,22,Darren Barnard,Chelsea FC,12,1
GB1-1993,192,England,29,Mick Stockwell,Ipswich Town,42,1
GB1-1993,193,England,26,Steve Palmer,Ipswich Town,36,1
GB1-1993,194,Netherlands,25,Michel Vonk,Manchester City,35,1
GB1-1993,195,England,27,Martin Ling,Swindon Town,33,1
GB1-1993,196,Wales,31,Barry Horne,Everton FC,32,1
GB1-1993,197,Netherlands,32,Luc Nijholt,Swindon Town,32,1
GB1-1993,198,England,23,Jon Newsome,Leeds United,29,1
GB1-1993,199,Norway,27,Erland Johnsen,Chelsea FC,28,1
GB1-1993,200,England,32,Dave Watson,Everton FC,28,1
GB1-1993,201,Scotland,30,Brian McClair,Manchester United,26,1
GB1-1993,202,England,27,Peter Butler,West Ham United,26,1
GB1-1993,203,England,31,Steve Bould,Arsenal FC,25,1
GB1-1993,204,United States,30,Preki,Everton FC,23,1
GB1-1993,205,Ireland,32,Ronnie Whelan,Liverpool FC,23,1
GB1-1993,206,Norway,28,Gunnar Halle,Oldham Athletic,23,1
GB1-1993,207,England,22,Mitch Ward,Sheffield United,22,1
GB1-1993,208,England,23,David Brightwell,Manchester City,22,1
GB1-1993,209,England,26,David Howells,Tottenham Hotspur,18,1
GB1-1993,210,England,25,Brett Angell,Everton FC,16,1
GB1-1993,211,England,25,Mark Atkins,Blackburn Rovers,15,1
GB1-1993,212,England,26,Simon Coleman,Sheffield Wednesday,15,1
GB1-1993,213,Northern Ireland,30,Alan McDonald,Queens Park Rangers,12,1
GB1-1993,214,England,22,Tommy Widdrington,Southampton FC,11,1
GB1-1993,215,England,27,Franz Carr,Sheffield United,10,1
GB1-1993,216,England,23,Ian Olney,Oldham Athletic,10,1
GB1-1993,217,Scotland,28,Robert Fleck,Chelsea FC,9,1
GB1-1993,218,England,26,Dale Gordon,West Ham United,8,1
GB1-1993,219,Germany,22,Stefan Beinlich,Aston Villa,7,1
GB1-1993,220,England,29,Ian Culverhouse,Norwich City,42,1
GB1-1993,221,England,23,David May,Blackburn Rovers,40,1
GB1-1993,222,England,28,Gary Pallister,Manchester United,40,1
GB1-1993,223,England,30,Shaun Teale,Aston Villa,38,1
GB1-1993,224,England,22,Adrian Whitbread,Swindon Town,35,1
GB1-1993,225,England,22,Simon Charlton,Southampton FC,33,1
GB1-1993,226,England,26,Steve Redmond,Oldham Athletic,33,1
GB1-1993,227,England,31,Paul Bracewell,Newcastle United,32,1
GB1-1993,228,England,30,Mark Wright,Liverpool FC,31,1
GB1-1993,229,Ireland,27,Terry Phelan,Manchester City,30,1
GB1-1993,230,England,27,Kevin Scott,for 2 clubs,30,1
GB1-1993,231,England,30,Keith Curle,Manchester City,29,1
GB1-1993,232,England,25,David Burrows,for 2 clubs,29,1
GB1-1993,233,Denmark,24,Jakob Kjeldbjerg,Chelsea FC,29,1
GB1-1993,234,Northern Ireland,36,Mal Donaghy,Chelsea FC,28,1
GB1-1993,235,England,20,Chris Makin,Oldham Athletic,27,1
GB1-1993,236,England,23,Eddie Youds,Ipswich Town,23,1
GB1-1993,237,Wales,21,Karl Ready,Queens Park Rangers,22,1
GB1-1993,238,England,33,Andy Ritchie,Oldham Athletic,22,1
GB1-1993,239,Ireland,38,Kevin Moran,Blackburn Rovers,18,1
GB1-1993,240,England,21,Neal Ardley,Wimbledon FC (- 2004),16,1
GB1-1993,241,England,37,Bryan Robson,Manchester United,15,1
GB1-1993,242,Wales,22,Michael Meaker,Queens Park Rangers,14,1
GB1-1993,243,England,19,Graham Fenton,Aston Villa,12,1
GB1-1993,244,England,33,Steve Whitton,Ipswich Town,11,1
GB1-1993,245,Scotland,27,Gordon Durie,Tottenham Hotspur,10,1
GB1-1993,246,Ireland,22,Matthew Rush,West Ham United,10,1
GB1-1993,247,England,21,Steve Froggatt,Aston Villa,9,1
GB1-1993,248,England,20,Adie Mike,Manchester City,9,1
GB1-1993,249,England,31,Steve Hodge,Leeds United,8,1
GB1-1993,250,England,25,Frankie Bennett,Southampton FC,8,1
GB1-1993,251,England,24,David Lee,Chelsea FC,7,1
GB1-1993,252,England,26,David Hirst,Sheffield Wednesday,7,1
GB1-1993,253,Germany,24,Steffen Karl,Manchester City,6,1
GB1-1993,254,Ireland,29,Liam O'Brien,Newcastle United,6,1
GB1-1993,255,England,25,Dion Dublin,Manchester United,5,1
GB1-1993,256,England,20,Ian Pearce,Blackburn Rovers,5,1
GB1-1993,257,England,23,Greg Berry,Wimbledon FC (- 2004),4,1
GB1-1993,258,England,21,Stewart Castledine,Wimbledon FC (- 2004),3,1
GB1-1993,259,England,20,Danny Williamson,West Ham United,3,1
GB1-1993,260,England,30,Andy Gray,Tottenham Hotspur,2,1
GB1-1993,261,England,34,Mick Harford,Coventry City,1,1
GB1-1994,1,England,24,Alan Shearer,Blackburn Rovers,42,34
GB1-1994,2,England,20,Robbie Fowler,Liverpool FC,42,25
GB1-1994,3,England,28,Les Ferdinand,Queens Park Rangers,37,24
GB1-1994,4,England,24,Stan Collymore,Nottingham Forest,37,22
GB1-1994,5,England,23,Andy Cole,for 2 clubs,36,21
GB1-1994,6,Germany,30,Jürgen Klinsmann,Tottenham Hotspur,41,20
GB1-1994,7,England,26,Matt Le Tissier,Southampton FC,41,19
GB1-1994,8,England,29,Teddy Sheringham,Tottenham Hotspur,42,18
GB1-1994,9,England,31,Ian Wright,Arsenal FC,31,18
GB1-1994,10,England,22,Chris Sutton,Blackburn Rovers,40,15
GB1-1994,11,Wales,30,Dean Saunders,Aston Villa,39,15
GB1-1994,12,Germany,26,Uwe Rösler,Manchester City,31,15
GB1-1994,13,Russia,26,Andrey Kanchelskis,Manchester United,30,14
GB1-1994,14,England,30,Paul Rideout,Everton FC,29,14
GB1-1994,15,Netherlands,25,Bryan Roy,Nottingham Forest,37,13
GB1-1994,16,England,34,Peter Beardsley,Newcastle United,34,13
GB1-1994,17,England,29,Tony Cottee,for 2 clubs,34,13
GB1-1994,18,England,26,Dion Dublin,for 2 clubs,31,13
GB1-1994,19,Wales,33,Ian Rush,Liverpool FC,36,12
GB1-1994,20,France,28,Éric Cantona,Manchester United,21,12
GB1-1994,21,England,32,Paul Walsh,Manchester City,39,12
GB1-1994,22,Ghana,28,Anthony Yeboah,Leeds United,18,12
GB1-1994,23,England,32,Mark Bright,Sheffield Wednesday,37,11
GB1-1994,24,England,30,Guy Whittingham,for 2 clubs,30,11
GB1-1994,25,Scotland,24,John Spencer,Chelsea FC,29,11
GB1-1994,26,Zimbabwe,22,Peter Ndlovu,Coventry City,30,11
GB1-1994,27,Montserrat,27,Ruel Fox,Newcastle United,40,10
GB1-1994,28,England,19,Kevin Gallen,Queens Park Rangers,37,10
GB1-1994,29,England,26,Paul Furlong,Chelsea FC,36,10
GB1-1994,30,England,21,Nick Barmby,Tottenham Hotspur,38,9
GB1-1994,31,England,29,Rob Lee,Newcastle United,35,9
GB1-1994,32,Nigeria,27,Efan Ekoku,for 2 clubs,30,9
GB1-1994,33,England,25,Mark Robins,for 2 clubs,34,9
GB1-1994,34,England,27,Brian Deane,Leeds United,35,9
GB1-1994,35,Northern Ireland,30,Iain Dowie,for 2 clubs,32,9
GB1-1994,36,Wales,26,Iwan Roberts,Leicester City,37,9
GB1-1994,37,Scotland,24,Don Hutchison,West Ham United,23,9
GB1-1994,38,Wales,31,Mark Hughes,Manchester United,34,8
GB1-1994,39,England,23,Chris Armstrong,Crystal Palace,40,8
GB1-1994,40,Ireland,28,Niall Quinn,Manchester City,35,8
GB1-1994,41,England,24,Paul Kitson,Newcastle United,26,8
GB1-1994,42,England,24,Ashley Ward,Norwich City,25,8
GB1-1994,43,England,29,David Lowe,Leicester City,29,8
GB1-1994,44,England,33,Stuart Pearce,Nottingham Forest,36,8
GB1-1994,45,England,29,Mark Stein,Chelsea FC,24,8
GB1-1994,46,England,23,Steve McManaman,Liverpool FC,40,7
GB1-1994,47,England,31,John Barnes,Liverpool FC,38,7
GB1-1994,48,England,26,Dean Holdsworth,Wimbledon FC (- 2004),28,7
GB1-1994,49,Scotland,23,Duncan Ferguson,Everton FC,23,7
GB1-1994,50,England,20,Noel Whelan,Leeds United,23,7
GB1-1994,51,Wales,20,John Hartson,Arsenal FC,15,7
GB1-1994,52,Scotland,30,Gary McAllister,Leeds United,41,6
GB1-1994,53,Trinidad and Tobago,23,Dwight Yorke,Aston Villa,37,6
GB1-1994,54,Norway,25,Lars Bohinen,Nottingham Forest,34,6
GB1-1994,55,Northern Ireland,26,Jim Magilton,Southampton FC,42,6
GB1-1994,56,England,36,Mick Harford,Wimbledon FC (- 2004),27,6
GB1-1994,57,England,20,Neil Shipperley,for 2 clubs,29,6
GB1-1994,58,Netherlands,27,Jeroen Boere,West Ham United,20,6
GB1-1994,59,England,26,Mark Atkins,Blackburn Rovers,34,6
GB1-1994,60,England,28,Dennis Wise,Chelsea FC,19,6
GB1-1994,61,England,26,Tim Sherwood,Blackburn Rovers,38,6
GB1-1994,62,England,25,Chris Kiwomya,for 2 clubs,30,6
GB1-1994,63,England,23,Darren Anderton,Tottenham Hotspur,37,5
GB1-1994,64,England,23,Steve Stone,Nottingham Forest,41,5
GB1-1994,65,Ireland,26,Steve Staunton,Aston Villa,35,5
GB1-1994,66,England,27,Ian Woan,Nottingham Forest,37,5
GB1-1994,67,England,23,Jason Wilcox,Blackburn Rovers,27,5
GB1-1994,68,England,24,Mark Draper,Leicester City,39,5
GB1-1994,69,England,27,Paul Ince,Manchester United,36,5
GB1-1994,70,Denmark,24,Claus Thomsen,Ipswich Town,33,5
GB1-1994,71,Scotland,31,Brian McClair,Manchester United,40,5
GB1-1994,72,England,20,Paul Scholes,Manchester United,17,5
GB1-1994,73,England,22,Garry Flitcroft,Manchester City,37,5
GB1-1994,74,England,24,Gordon Watson,for 2 clubs,36,5
GB1-1994,75,Denmark,22,Ronnie Ekelund,Southampton FC,17,5
GB1-1994,76,England,24,Graham Hyde,Sheffield Wednesday,35,5
GB1-1994,77,England,26,Julian Dicks,West Ham United,29,5
GB1-1994,78,South Africa,25,Philemon Masinga,Leeds United,22,5
GB1-1994,79,England,22,Trevor Sinclair,Queens Park Rangers,32,4
GB1-1994,80,England,27,Paul Merson,Arsenal FC,24,4
GB1-1994,81,England,27,Gavin Peacock,Chelsea FC,38,4
GB1-1994,82,England,30,Simon Barker,Queens Park Rangers,37,4
GB1-1994,83,England,25,Rod Wallace,Leeds United,32,4
GB1-1994,84,England,25,Kevin Campbell,Arsenal FC,23,4
GB1-1994,85,Northern Ireland,20,Keith Gillespie,for 2 clubs,27,4
GB1-1994,86,England,21,Steve Watson,Newcastle United,27,4
GB1-1994,87,Norway,24,Øyvind Leonhardsen,Wimbledon FC (- 2004),20,4
GB1-1994,88,England,26,John Salako,Crystal Palace,39,4
GB1-1994,89,England,27,Sean Flynn,Coventry City,32,4
GB1-1994,90,England,26,Steve Sedgley,Ipswich Town,26,4
GB1-1994,91,Romania,25,Ilie Dumitrescu,Tottenham Hotspur,13,4
GB1-1994,92,Scotland,29,Colin Hendry,Blackburn Rovers,37,4
GB1-1994,93,England,23,Richard Hall,Southampton FC,37,4
GB1-1994,94,Scotland,37,John Wark,Ipswich Town,26,4
GB1-1994,95,England,34,Chris Waddle,Sheffield Wednesday,25,4
GB1-1994,96,England,27,Andy Preece,Crystal Palace,20,4
GB1-1994,97,Ireland,23,Jon Goodman,Wimbledon FC (- 2004),19,4
GB1-1994,98,Nigeria,22,Daniel Amokachi,Everton FC,18,4
GB1-1994,99,England,19,Jamie Cureton,Norwich City,17,4
GB1-1994,100,England,24,Tommy Johnson,Aston Villa,14,4
GB1-1994,101,Wales,25,Gary Speed,Leeds United,39,3
GB1-1994,102,England,29,Garry Parker,for 2 clubs,28,3
GB1-1994,103,England,26,Graeme Le Saux,Blackburn Rovers,39,3
GB1-1994,104,England,21,Jamie Redknapp,Liverpool FC,41,3
GB1-1994,105,England,25,Neil Maddison,Southampton FC,35,3
GB1-1994,106,England,23,Lee Sharpe,Manchester United,28,3
GB1-1994,107,England,24,Ricky Newman,Crystal Palace,35,3
GB1-1994,108,England,23,Andy Impey,Queens Park Rangers,40,3
GB1-1994,109,England,29,Carlton Palmer,Leeds United,39,3
GB1-1994,110,England,24,David Wetherall,Leeds United,38,3
GB1-1994,111,Ireland,33,Ray Houghton,for 2 clubs,36,3
GB1-1994,112,England,24,Graham Stuart,Everton FC,28,3
GB1-1994,113,England,27,David White,Leeds United,23,3
GB1-1994,114,England,24,Jason Lee,Nottingham Forest,22,3
GB1-1994,115,England,31,Paul Mason,Ipswich Town,21,3
GB1-1994,116,England,27,Dalian Atkinson,Aston Villa,16,3
GB1-1994,117,England,20,Julian Joachim,Leicester City,15,3
GB1-1994,118,England,28,Paul Cook,Coventry City,34,3
GB1-1994,119,Wales,30,Vinnie Jones,Wimbledon FC (- 2004),33,3
GB1-1994,120,England,24,Mark Blake,Leicester City,30,3
GB1-1994,121,Romania,27,Dan Petrescu,Sheffield Wednesday,29,3
GB1-1994,122,England,28,Tony Adams,Arsenal FC,27,3
GB1-1994,123,United States,31,Roy Wegerle,Coventry City,26,3
GB1-1994,124,Germany,28,Maurizio Gaudino,Manchester City,20,3
GB1-1994,125,England,27,David Hirst,Sheffield Wednesday,15,3
GB1-1994,126,England,24,Gareth Southgate,Crystal Palace,42,3
GB1-1994,127,Northern Ireland,24,Ian Nolan,Sheffield Wednesday,42,3
GB1-1994,128,England,22,Ugo Ehiogu,Aston Villa,39,3
GB1-1994,129,England,21,David Unsworth,Everton FC,38,3
GB1-1994,130,Jamaica,23,Frank Sinclair,Chelsea FC,35,3
GB1-1994,131,England,24,Jon Newsome,Norwich City,35,3
GB1-1994,132,England,29,Neil Adams,Norwich City,33,3
GB1-1994,133,England,27,Alan Reeves,Wimbledon FC (- 2004),31,3
GB1-1994,134,England,29,Gary Ablett,Everton FC,26,3
GB1-1994,135,Romania,27,Gheorghe Popescu,Tottenham Hotspur,23,3
GB1-1994,136,Scotland,26,Alex Mathie,for 2 clubs,23,3
GB1-1994,137,England,31,Gary Penrice,Queens Park Rangers,19,3
GB1-1994,138,England,29,Ian Marshall,Ipswich Town,18,3
GB1-1994,139,England,32,John Fashanu,Aston Villa,13,3
GB1-1994,140,England,20,Danny Dichio,Queens Park Rangers,9,3
GB1-1994,141,England,26,Andy Hinchcliffe,Everton FC,29,2
GB1-1994,142,England,26,Warren Barton,Wimbledon FC (- 2004),39,2
GB1-1994,143,Sweden,29,Anders Limpar,Everton FC,27,2
GB1-1994,144,England,26,Ian Taylor,for 2 clubs,37,2
GB1-1994,145,England,29,Peter Beagrie,Manchester City,37,2
GB1-1994,146,England,28,John Moncur,West Ham United,30,2
GB1-1994,147,Ireland,29,Denis Irwin,Manchester United,40,2
GB1-1994,148,England,23,Neil Heaney,Southampton FC,34,2
GB1-1994,149,Ireland,23,Roy Keane,Manchester United,25,2
GB1-1994,150,Denmark,31,Jan Mølby,Liverpool FC,14,2
GB1-1994,151,England,20,Chris Bart-Williams,Sheffield Wednesday,38,2
GB1-1994,152,England,29,Gary Pallister,Manchester United,35,2
GB1-1994,153,Sweden,26,Stefan Schwarz,Arsenal FC,34,2
GB1-1994,154,England,25,Mike Marsh,for 2 clubs,31,2
GB1-1994,155,England,27,Mike Whitlow,Leicester City,28,2
GB1-1994,156,England,19,Darren Eadie,Norwich City,26,2
GB1-1994,157,Ireland,23,Matthew Rush,West Ham United,23,2
GB1-1994,158,England,27,David Busst,Coventry City,20,2
GB1-1994,159,England,32,Alan Smith,Arsenal FC,19,2
GB1-1994,160,Northern Ireland,23,Michael Hughes,West Ham United,17,2
GB1-1994,161,England,22,Dean Gordon,Crystal Palace,41,2
GB1-1994,162,England,28,John Scales,for 2 clubs,38,2
GB1-1994,163,England,33,Clive Wilson,Queens Park Rangers,36,2
GB1-1994,164,Wales,31,Mark Bowen,Norwich City,36,2
GB1-1994,165,England,29,Martin Allen,West Ham United,29,2
GB1-1994,166,England,24,Jason Dodd,Southampton FC,26,2
GB1-1994,167,Jamaica,24,Marcus Gayle,Wimbledon FC (- 2004),23,2
GB1-1994,168,Belgium,27,Philippe Albert,Newcastle United,17,2
GB1-1994,169,England,20,Graham Fenton,Aston Villa,17,2
GB1-1994,170,Jamaica,25,Fitzroy Simpson,Manchester City,17,2
GB1-1994,171,England,21,Robbie Elliott,Newcastle United,14,2
GB1-1994,172,Wales,22,David Hughes,Southampton FC,12,2
GB1-1994,173,England,26,Stuart Barlow,Everton FC,11,2
GB1-1994,174,Northern Ireland,26,Kingsley Black,Nottingham Forest,10,2
GB1-1994,175,England,34,Steve Bruce,Manchester United,42,2
GB1-1994,176,England,33,Dave Watson,Everton FC,38,2
GB1-1994,177,England,26,Neil Ruddock,Liverpool FC,37,2
GB1-1994,178,Scotland,30,Colin Calderwood,Tottenham Hotspur,36,2
GB1-1994,179,England,31,Keith Curle,Manchester City,31,2
GB1-1994,180,England,26,Jimmy Willis,Leicester City,29,2
GB1-1994,181,England,25,Paul Warhurst,Blackburn Rovers,27,2
GB1-1994,182,England,23,Robert Ullathorne,Norwich City,27,2
GB1-1994,183,Ireland,28,Mike Milligan,Norwich City,26,2
GB1-1994,184,Scotland,23,Craig Burley,Chelsea FC,25,2
GB1-1994,185,Wales,30,Jeremy Goss,Norwich City,25,2
GB1-1994,186,England,31,Simon Milton,Ipswich Town,25,2
GB1-1994,187,United States,24,Cobi Jones,Coventry City,20,2
GB1-1994,188,Northern Ireland,20,Steve Lomas,Manchester City,20,2
GB1-1994,189,England,32,Andy Linighan,Arsenal FC,20,2
GB1-1994,190,England,24,David May,Manchester United,19,2
GB1-1994,191,Sweden,26,Klas Ingesson,Sheffield Wednesday,13,2
GB1-1994,192,England,21,Adam Tanner,Ipswich Town,10,2
GB1-1994,193,England,30,Phil Gee,Leicester City,7,2
GB1-1994,194,England,23,Bradley Allen,Queens Park Rangers,5,2
GB1-1994,195,England,23,Nicky Banger,Southampton FC,4,2
GB1-1994,196,Wales,21,Ryan Giggs,Manchester United,29,1
GB1-1994,197,England,32,Ian Holloway,Queens Park Rangers,31,1
GB1-1994,198,Ireland,24,Jeff Kenna,for 2 clubs,37,1
GB1-1994,199,England,31,Lee Dixon,Arsenal FC,39,1
GB1-1994,200,Ireland,30,John Sheridan,Sheffield Wednesday,36,1
GB1-1994,201,England,29,Gary Elkins,Wimbledon FC (- 2004),36,1
GB1-1994,202,England,25,Peter Atherton,Sheffield Wednesday,41,1
GB1-1994,203,Wales,31,David Phillips,Nottingham Forest,38,1
GB1-1994,204,England,27,Darren Peacock,Newcastle United,35,1
GB1-1994,205,Ireland,31,Andy Townsend,Aston Villa,32,1
GB1-1994,206,England,26,Vinny Samways,Everton FC,19,1
GB1-1994,207,Norway,25,Henning Berg,Blackburn Rovers,40,1
GB1-1994,208,Switzerland,27,Marc Hottiger,Newcastle United,38,1
GB1-1994,209,England,30,Barry Venison,Newcastle United,28,1
GB1-1994,210,Northern Ireland,33,Nigel Worthington,Leeds United,27,1
GB1-1994,211,England,22,Lee Clark,Newcastle United,19,1
GB1-1994,212,Scotland,24,Scot Gemmill,Nottingham Forest,19,1
GB1-1994,213,Jamaica,25,Jamie Lawrence,Leicester City,17,1
GB1-1994,214,Northern Ireland,31,Alan McDonald,Queens Park Rangers,39,1
GB1-1994,215,England,28,Colin Cooper,Nottingham Forest,35,1
GB1-1994,216,England,23,Steve Howey,Newcastle United,30,1
GB1-1994,217,England,23,Eddie Newton,Chelsea FC,30,1
GB1-1994,218,Jamaica,27,Danny Maddix,Queens Park Rangers,27,1
GB1-1994,219,England,27,David Howells,Tottenham Hotspur,26,1
GB1-1994,220,England,23,Simon Charlton,Southampton FC,25,1
GB1-1994,221,England,27,Andy Clarke,Wimbledon FC (- 2004),25,1
GB1-1994,222,Denmark,30,John Jensen,Arsenal FC,24,1
GB1-1994,223,Denmark,25,Jakob Kjeldbjerg,Chelsea FC,23,1
GB1-1994,224,England,25,Steve Yates,Queens Park Rangers,23,1
GB1-1994,225,England,20,Nicky Butt,Manchester United,22,1
GB1-1994,226,Ireland,28,Alan Kernaghan,Manchester City,22,1
GB1-1994,227,Norway,22,Alf-Inge Haaland,Nottingham Forest,20,1
GB1-1994,228,England,20,Bruce Dyer,Crystal Palace,16,1
GB1-1994,229,Bulgaria,30,Boncho Genchev,Ipswich Town,16,1
GB1-1994,230,England,28,Franz Carr,for 2 clubs,16,1
GB1-1994,231,England,22,Neal Ardley,Wimbledon FC (- 2004),14,1
GB1-1994,232,England,21,Peter Fear,Wimbledon FC (- 2004),14,1
GB1-1994,233,Canada,31,Frank Yallop,Ipswich Town,41,1
GB1-1994,234,England,23,Nicky Summerbee,Manchester City,40,1
GB1-1994,235,Wales,33,Geraint Williams,Ipswich Town,38,1
GB1-1994,236,Wales,24,Chris Coleman,Crystal Palace,35,1
GB1-1994,237,England,31,Rob Newman,Norwich City,32,1
GB1-1994,238,England,28,Martin Keown,Arsenal FC,31,1
GB1-1994,239,Netherlands,30,Ken Monkou,Southampton FC,31,1
GB1-1994,240,England,29,Ian Bishop,West Ham United,31,1
GB1-1994,241,England,23,Daryl Sutch,Norwich City,30,1
GB1-1994,242,England,35,Lee Chapman,for 2 clubs,27,1
GB1-1994,243,England,26,Stuart Slater,Ipswich Town,27,1
GB1-1994,244,England,26,Carl Bradshaw,Norwich City,26,1
GB1-1994,245,England,25,Matty Holmes,West Ham United,24,1
GB1-1994,246,England,28,Andy Thorn,Wimbledon FC (- 2004),23,1
GB1-1994,247,Northern Ireland,25,Darren Patterson,Crystal Palace,22,1
GB1-1994,248,England,23,Mike Sheron,for 2 clubs,21,1
GB1-1994,249,Denmark,26,Marc Rieper,West Ham United,21,1
GB1-1994,250,Scotland,21,Steven Pressley,Coventry City,19,1
GB1-1994,251,Uruguay,26,Adrián Paz,Ipswich Town,17,1
GB1-1994,252,Scotland,24,David Hopkin,Chelsea FC,15,1
GB1-1994,253,Northern Ireland,24,Steve Morrow,Arsenal FC,15,1
GB1-1994,254,England,26,David Oldfield,Leicester City,14,1
GB1-1994,255,Wales,22,Karl Ready,Queens Park Rangers,13,1
GB1-1994,256,England,20,George Ndah,Crystal Palace,12,1
GB1-1994,257,England,25,Leigh Jenkinson,Coventry City,11,1
GB1-1994,258,England,20,Paul McGregor,Nottingham Forest,11,1
GB1-1994,259,England,25,Mike Williams,Sheffield Wednesday,10,1
GB1-1994,260,England,23,Steve Harkness,Liverpool FC,8,1
GB1-1994,261,England,28,Steve Talboys,Wimbledon FC (- 2004),7,1
GB1-1994,262,England,21,Stewart Castledine,Wimbledon FC (- 2004),6,1
GB1-1994,263,England,32,Paul Davis,Arsenal FC,4,1
GB1-1994,264,Scotland,28,Kevin Gallacher,Blackburn Rovers,1,1
GB1-1994,265,England,28,Gary Bull,Nottingham Forest,1,1
GB1-1995,1,England,25,Alan Shearer,Blackburn Rovers,35,31
GB1-1995,2,England,21,Robbie Fowler,Liverpool FC,38,28
GB1-1995,3,England,29,Les Ferdinand,Newcastle United,37,25
GB1-1995,4,Trinidad and Tobago,24,Dwight Yorke,Aston Villa,35,17
GB1-1995,5,England,30,Teddy Sheringham,Tottenham Hotspur,38,16
GB1-1995,6,England,24,Chris Armstrong,Tottenham Hotspur,36,15
GB1-1995,7,Russia,27,Andrey Kanchelskis,Everton FC,32,15
GB1-1995,8,England,32,Ian Wright,Arsenal FC,31,15
GB1-1995,9,England,25,Stan Collymore,Liverpool FC,31,14
GB1-1995,10,France,29,Éric Cantona,Manchester United,30,14
GB1-1995,11,England,27,Dion Dublin,Coventry City,34,14
GB1-1995,12,Scotland,25,John Spencer,Chelsea FC,28,13
GB1-1995,13,England,28,David Hirst,Sheffield Wednesday,30,13
GB1-1995,14,Serbia,22,Savo Milosevic,Aston Villa,37,12
GB1-1995,15,Ghana,29,Anthony Yeboah,Leeds United,22,12
GB1-1995,16,Wales,22,Ryan Giggs,Manchester United,33,11
GB1-1995,17,Netherlands,26,Dennis Bergkamp,Arsenal FC,33,11
GB1-1995,18,England,24,Andy Cole,Manchester United,34,11
GB1-1995,19,Jamaica,31,Robbie Earle,Wimbledon FC (- 2004),37,11
GB1-1995,20,England,27,Julian Dicks,West Ham United,34,10
GB1-1995,21,England,27,Dean Holdsworth,Wimbledon FC (- 2004),33,10
GB1-1995,22,England,21,Paul Scholes,Manchester United,26,10
GB1-1995,23,England,30,Tony Cottee,West Ham United,33,10
GB1-1995,24,England,21,Danny Dichio,Queens Park Rangers,29,10
GB1-1995,25,Germany,27,Uwe Rösler,Manchester City,36,9
GB1-1995,26,England,25,Graham Stuart,Everton FC,29,9
GB1-1995,27,England,28,Ian Woan,Nottingham Forest,33,8
GB1-1995,28,England,35,Peter Beardsley,Newcastle United,35,8
GB1-1995,29,Netherlands,26,Bryan Roy,Nottingham Forest,28,8
GB1-1995,30,England,30,Rob Lee,Newcastle United,36,8
GB1-1995,31,Wales,32,Mark Hughes,Chelsea FC,31,8
GB1-1995,32,Ireland,29,Niall Quinn,Manchester City,32,8
GB1-1995,33,Northern Ireland,31,Iain Dowie,West Ham United,33,8
GB1-1995,34,England,24,Jason Lee,Nottingham Forest,28,8
GB1-1995,35,Belgium,30,Marc Degryse,Sheffield Wednesday,34,8
GB1-1995,36,England,20,Kevin Gallen,Queens Park Rangers,30,8
GB1-1995,37,England,21,Noel Whelan,for 2 clubs,29,8
GB1-1995,38,England,27,Matt Le Tissier,Southampton FC,34,7
GB1-1995,39,England,24,Steve Stone,Nottingham Forest,34,7
GB1-1995,40,England,21,David Beckham,Manchester United,33,7
GB1-1995,41,England,29,Dennis Wise,Chelsea FC,35,7
GB1-1995,42,England,22,Nick Barmby,Middlesbrough FC,32,7
GB1-1995,43,England,21,Neil Shipperley,Southampton FC,37,7
GB1-1995,44,England,28,Brian Deane,Leeds United,34,7
GB1-1995,45,Nigeria,28,Efan Ekoku,Wimbledon FC (- 2004),31,7
GB1-1995,46,England,33,Mark Bright,Sheffield Wednesday,25,7
GB1-1995,47,England,24,Steve McManaman,Liverpool FC,38,6
GB1-1995,48,Montserrat,28,Ruel Fox,for 2 clubs,30,6
GB1-1995,49,England,31,Guy Whittingham,Sheffield Wednesday,29,6
GB1-1995,50,England,29,David Platt,Arsenal FC,29,6
GB1-1995,51,England,31,Paul Rideout,Everton FC,25,6
GB1-1995,52,Scotland,32,John McGinlay,Bolton Wanderers,32,6
GB1-1995,53,Norway,29,Jan Åge Fjørtoft,Middlesbrough FC,28,6
GB1-1995,54,England,21,Graham Fenton,for 2 clubs,18,6
GB1-1995,55,Nigeria,23,Daniel Amokachi,Everton FC,25,6
GB1-1995,56,Ireland,24,Roy Keane,Manchester United,29,6
GB1-1995,57,Ireland,24,Jon Goodman,Wimbledon FC (- 2004),27,6
GB1-1995,58,France,29,David Ginola,Newcastle United,34,5
GB1-1995,59,England,28,Paul Merson,Arsenal FC,38,5
GB1-1995,60,England,25,Tommy Johnson,Aston Villa,23,5
GB1-1995,61,Jamaica,25,Marcus Gayle,Wimbledon FC (- 2004),34,5
GB1-1995,62,England,31,Simon Barker,Queens Park Rangers,33,5
GB1-1995,63,Wales,34,Ian Rush,Liverpool FC,20,5
GB1-1995,64,England,29,Colin Cooper,Nottingham Forest,37,5
GB1-1995,65,Scotland,31,Gary McAllister,Leeds United,36,5
GB1-1995,66,Zimbabwe,23,Peter Ndlovu,Coventry City,32,5
GB1-1995,67,England,28,Gavin Peacock,Chelsea FC,28,5
GB1-1995,68,Netherlands,23,Fabian de Freitas,Bolton Wanderers,27,5
GB1-1995,69,England,26,Craig Hignett,Middlesbrough FC,22,5
GB1-1995,70,England,27,Neil Ruddock,Liverpool FC,20,5
GB1-1995,71,Scotland,24,Duncan Ferguson,Everton FC,18,5
GB1-1995,72,Northern Ireland,21,Keith Gillespie,Newcastle United,28,4
GB1-1995,73,Georgia,22,Giorgi Kinkladze,Manchester City,37,4
GB1-1995,74,Sweden,26,Tomas Brolin,Leeds United,19,4
GB1-1995,75,England,25,David Wetherall,Leeds United,34,4
GB1-1995,76,England,24,Lee Sharpe,Manchester United,31,4
GB1-1995,77,Serbia,24,Sasa Curcic,Bolton Wanderers,28,4
GB1-1995,78,Wales,21,John Hartson,Arsenal FC,19,4
GB1-1995,79,Norway,25,Øyvind Leonhardsen,Wimbledon FC (- 2004),29,4
GB1-1995,80,England,22,Danny Williamson,West Ham United,29,4
GB1-1995,81,Norway,26,Lars Bohinen,for 2 clubs,26,4
GB1-1995,82,England,24,Alan Stubbs,Bolton Wanderers,25,4
GB1-1995,83,England,26,John Ebbrell,Everton FC,25,4
GB1-1995,84,Belgium,28,Philippe Albert,Newcastle United,23,4
GB1-1995,85,Iceland,30,Gudni Bergsson,Bolton Wanderers,34,4
GB1-1995,86,Serbia,22,Darko Kovacevic,Sheffield Wednesday,16,4
GB1-1995,87,England,32,John Barnes,Liverpool FC,36,3
GB1-1995,88,England,31,Mike Newell,Blackburn Rovers,30,3
GB1-1995,89,Colombia,26,Faustino Asprilla,Newcastle United,14,3
GB1-1995,90,England,26,Kevin Campbell,Nottingham Forest,21,3
GB1-1995,91,Northern Ireland,22,Steve Lomas,Manchester City,33,3
GB1-1995,92,England,27,Tim Sherwood,Blackburn Rovers,33,3
GB1-1995,93,England,34,Stuart Pearce,Nottingham Forest,31,3
GB1-1995,94,England,25,Gordon Watson,Southampton FC,25,3
GB1-1995,95,England,22,Jamie Redknapp,Liverpool FC,23,3
GB1-1995,96,England,24,Jason Wilcox,Blackburn Rovers,10,3
GB1-1995,97,Sweden,30,Anders Limpar,Everton FC,28,3
GB1-1995,98,England,30,Scott Sellars,for 2 clubs,28,3
GB1-1995,99,England,27,Ian Taylor,Aston Villa,25,3
GB1-1995,100,Scotland,32,Brian McClair,Manchester United,22,3
GB1-1995,101,Wales,31,Vinnie Jones,Wimbledon FC (- 2004),31,3
GB1-1995,102,England,28,David Howells,Tottenham Hotspur,29,3
GB1-1995,103,England,24,Joe Parkinson,Everton FC,28,3
GB1-1995,104,England,22,Steve Watson,Newcastle United,23,3
GB1-1995,105,England,27,John Salako,Coventry City,37,3
GB1-1995,106,Northern Ireland,26,Jim Magilton,Southampton FC,31,3
GB1-1995,107,Netherlands,33,Ruud Gullit,Chelsea FC,31,3
GB1-1995,108,England,26,Scott Green,Bolton Wanderers,31,3
GB1-1995,109,England,24,Andy Impey,Queens Park Rangers,29,3
GB1-1995,110,England,27,Paul Furlong,Chelsea FC,28,3
GB1-1995,111,England,28,Jason Dozzell,Tottenham Hotspur,28,3
GB1-1995,112,Scotland,25,Gerry Creaney,Manchester City,15,3
GB1-1995,113,Ireland,32,Andy Townsend,Aston Villa,33,2
GB1-1995,114,England,25,Mark Draper,Aston Villa,36,2
GB1-1995,115,England,21,Nicky Butt,Manchester United,32,2
GB1-1995,116,England,32,Lee Dixon,Arsenal FC,38,2
GB1-1995,117,England,27,David Batty,for 2 clubs,34,2
GB1-1995,118,Romania,28,Dan Petrescu,for 2 clubs,32,2
GB1-1995,119,England,30,Nigel Clough,for 2 clubs,17,2
GB1-1995,120,England,24,Alan Wright,Aston Villa,38,2
GB1-1995,121,England,23,Trevor Sinclair,Queens Park Rangers,37,2
GB1-1995,122,England,25,Jason Dodd,Southampton FC,37,2
GB1-1995,123,England,32,Nigel Winterburn,Arsenal FC,36,2
GB1-1995,124,England,30,Carlton Palmer,Leeds United,35,2
GB1-1995,125,England,35,Chris Waddle,Sheffield Wednesday,31,2
GB1-1995,126,Wales,26,Gary Speed,Leeds United,29,2
GB1-1995,127,England,23,Lee Clark,Newcastle United,28,2
GB1-1995,128,England,32,Mark Wright,Liverpool FC,28,2
GB1-1995,129,England,27,Andy Hinchcliffe,Everton FC,28,2
GB1-1995,130,Ireland,32,Chris Morris,Middlesbrough FC,23,2
GB1-1995,131,Brazil,23,Juninho Paulista,Middlesbrough FC,21,2
GB1-1995,132,Scotland,29,Kevin Gallacher,Blackburn Rovers,16,2
GB1-1995,133,England,21,Paul McGregor,Nottingham Forest,14,2
GB1-1995,134,Portugal,19,Dani,West Ham United,9,2
GB1-1995,135,England,24,Darren Anderton,Tottenham Hotspur,8,2
GB1-1995,136,England,25,Paul Kitson,Newcastle United,7,2
GB1-1995,137,Wales,25,Kit Symons,Manchester City,38,2
GB1-1995,138,Denmark,27,Marc Rieper,West Ham United,36,2
GB1-1995,139,England,24,Neil Cox,Middlesbrough FC,35,2
GB1-1995,140,England,25,Paul Williams,Coventry City,32,2
GB1-1995,141,Netherlands,31,Ken Monkou,Southampton FC,32,2
GB1-1995,142,England,22,David Unsworth,Everton FC,31,2
GB1-1995,143,Ireland,36,Paul McGrath,Aston Villa,30,2
GB1-1995,144,Wales,25,Mark Pembridge,Sheffield Wednesday,25,2
GB1-1995,145,England,27,Craig Short,Everton FC,23,2
GB1-1995,146,Australia,31,Robbie Slater,West Ham United,22,2
GB1-1995,147,England,24,Tommy Widdrington,Southampton FC,21,2
GB1-1995,148,England,37,Mick Harford,Wimbledon FC (- 2004),21,2
GB1-1995,149,Scotland,27,Billy McKinlay,Blackburn Rovers,19,2
GB1-1995,150,England,28,Andy Clarke,Wimbledon FC (- 2004),18,2
GB1-1995,151,England,24,Neil Heaney,Southampton FC,17,2
GB1-1995,152,England,28,David Busst,Coventry City,17,2
GB1-1995,153,England,34,Mark Hateley,Queens Park Rangers,14,2
GB1-1995,154,England,21,Andy Todd,Bolton Wanderers,12,2
GB1-1995,155,Scotland,24,Don Hutchison,West Ham United,12,2
GB1-1995,156,England,20,Phil Stamp,Middlesbrough FC,12,2
GB1-1995,157,Brazil,32,Isaías,Coventry City,11,2
GB1-1995,158,Scotland,31,David Rennie,Coventry City,11,2
GB1-1995,159,Jamaica,19,Jason Euell,Wimbledon FC (- 2004),9,2
GB1-1995,160,Netherlands,26,Regi Blinker,Sheffield Wednesday,9,2
GB1-1995,161,England,22,Bobby Howe,Nottingham Forest,9,2
GB1-1995,162,England,26,Gary Charles,Aston Villa,34,1
GB1-1995,163,Ireland,30,Denis Irwin,Manchester United,31,1
GB1-1995,164,Scotland,25,Scot Gemmill,Nottingham Forest,31,1
GB1-1995,165,Scotland,24,Paul Telfer,Coventry City,31,1
GB1-1995,166,Netherlands,27,Glenn Helder,Arsenal FC,24,1
GB1-1995,167,Israel,32,Ronny Rosenthal,Tottenham Hotspur,33,1
GB1-1995,168,England,21,Sol Campbell,Tottenham Hotspur,31,1
GB1-1995,169,Northern Ireland,32,Alan McDonald,Queens Park Rangers,26,1
GB1-1995,170,England,21,Tony Grant,Everton FC,13,1
GB1-1995,171,Scotland,23,Paul Dickov,Arsenal FC,7,1
GB1-1995,172,England,30,Ian Bishop,West Ham United,35,1
GB1-1995,173,England,34,Dave Watson,Everton FC,34,1
GB1-1995,174,England,24,Des Lyttle,Nottingham Forest,33,1
GB1-1995,175,England,24,Steve Howey,Newcastle United,28,1
GB1-1995,176,England,26,Rufus Brevett,Queens Park Rangers,27,1
GB1-1995,177,England,28,Michael Thomas,Liverpool FC,27,1
GB1-1995,178,England,30,Gary Pallister,Manchester United,26,1
GB1-1995,179,Wales,33,Barry Horne,Everton FC,26,1
GB1-1995,180,England,26,Rod Wallace,Leeds United,24,1
GB1-1995,181,England,29,Tony Adams,Arsenal FC,21,1
GB1-1995,182,England,28,David Lee,Bolton Wanderers,18,1
GB1-1995,183,England,30,Mark Patterson,Bolton Wanderers,16,1
GB1-1995,184,England,26,Neil Maddison,Southampton FC,15,1
GB1-1995,185,England,27,Graeme Le Saux,Blackburn Rovers,14,1
GB1-1995,186,Scotland,32,John Hendrie,Middlesbrough FC,13,1
GB1-1995,187,England,21,Ian Pearce,Blackburn Rovers,12,1
GB1-1995,188,England,23,Simon Osborn,Queens Park Rangers,9,1
GB1-1995,189,England,30,Nicky Marker,Blackburn Rovers,9,1
GB1-1995,190,England,23,Chris Allen,Nottingham Forest,3,1
GB1-1995,191,England,24,Nicky Summerbee,Manchester City,37,1
GB1-1995,192,England,23,Ugo Ehiogu,Aston Villa,36,1
GB1-1995,193,Scotland,30,Colin Hendry,Blackburn Rovers,33,1
GB1-1995,194,England,28,Steve Vickers,Middlesbrough FC,32,1
GB1-1995,195,England,25,Gareth Southgate,Aston Villa,31,1
GB1-1995,196,England,26,David Lee,Chelsea FC,31,1
GB1-1995,197,England,22,Jamie Pollock,Middlesbrough FC,31,1
GB1-1995,198,England,24,Richard Hall,Southampton FC,30,1
GB1-1995,199,England,33,Ian Holloway,Queens Park Rangers,27,1
GB1-1995,200,England,22,Alan Thompson,Bolton Wanderers,26,1
GB1-1995,201,England,25,Graham Hyde,Sheffield Wednesday,26,1
GB1-1995,202,England,35,Steve Bruce,Manchester United,25,1
GB1-1995,203,England,24,Eddie Newton,Chelsea FC,24,1
GB1-1995,204,England,24,Steve Harkness,Liverpool FC,24,1
GB1-1995,205,England,28,Alan Reeves,Wimbledon FC (- 2004),24,1
GB1-1995,206,Wales,23,Karl Ready,Queens Park Rangers,22,1
GB1-1995,207,England,27,Robbie Mustoe,Middlesbrough FC,21,1
GB1-1995,208,Wales,24,Nathan Blake,Bolton Wanderers,18,1
GB1-1995,209,England,30,Tony Dorigo,Leeds United,17,1
GB1-1995,210,Netherlands,27,Richard Sneekes,Bolton Wanderers,17,1
GB1-1995,211,England,25,David May,Manchester United,16,1
GB1-1995,212,Finland,29,Mixu Paatelainen,Bolton Wanderers,15,1
GB1-1995,213,Jamaica,24,Frank Sinclair,Chelsea FC,13,1
GB1-1995,214,Ireland,27,Curtis Fleming,Middlesbrough FC,13,1
GB1-1995,215,England,23,Phil Whelan,Middlesbrough FC,13,1
GB1-1995,216,Scotland,25,Eoin Jess,Coventry City,12,1
GB1-1995,217,England,32,Richard Jobson,Leeds United,12,1
GB1-1995,218,England,28,Simon Coleman,Bolton Wanderers,12,1
GB1-1995,219,Northern Ireland,25,Gerry Taggart,Bolton Wanderers,11,1
GB1-1995,220,England,21,Julian Joachim,Aston Villa,11,1
GB1-1995,221,Scotland,23,Scott Marshall,Arsenal FC,11,1
GB1-1995,222,Wales,23,David Hughes,Southampton FC,11,1
GB1-1995,223,Ireland,27,Liam Daish,Coventry City,11,1
GB1-1995,224,England,25,Julian Watts,Sheffield Wednesday,11,1
GB1-1995,225,Switzerland,28,Marc Hottiger,for 2 clubs,10,1
GB1-1995,226,Malta,23,Paul Tisdale,Southampton FC,9,1
GB1-1995,227,England,26,Matty Holmes,Blackburn Rovers,9,1
GB1-1995,228,England,25,Jon Newsome,Sheffield Wednesday,8,1
GB1-1995,229,England,24,Bradley Allen,Queens Park Rangers,8,1
GB1-1995,230,Ireland,22,Graham Kavanagh,Middlesbrough FC,7,1
GB1-1995,231,Barbados,24,Greg Goodridge,Queens Park Rangers,7,1
GB1-1995,232,Wales,26,Gareth Hall,Chelsea FC,5,1
GB1-1995,233,Georgia,24,Mikheil Kavelashvili,Manchester City,4,1
GB1-1995,234,England,27,Vinny Samways,Everton FC,4,1
GB1-1995,235,England,23,Stewart Castledine,Wimbledon FC (- 2004),4,1
GB1-1995,236,England,27,David White,Leeds United,4,1
GB1-1995,237,England,26,O'Neill Donaldson,Sheffield Wednesday,3,1
GB1-1995,238,England,30,Martin Allen,West Ham United,3,1
GB1-1995,239,England,24,Chris Freestone,Middlesbrough FC,3,1
GB1-1996,1,England,26,Alan Shearer,Newcastle United,31,25
GB1-1996,2,England,33,Ian Wright,Arsenal FC,35,23
GB1-1996,3,England,22,Robbie Fowler,Liverpool FC,32,18
GB1-1996,4,Norway,24,Ole Gunnar Solskjaer,Manchester United,33,18
GB1-1996,5,Trinidad and Tobago,25,Dwight Yorke,Aston Villa,37,17
GB1-1996,6,England,30,Les Ferdinand,Newcastle United,31,16
GB1-1996,7,Italy,28,Fabrizio Ravanelli,Middlesbrough FC,33,16
GB1-1996,8,England,28,Dion Dublin,Coventry City,34,13
GB1-1996,9,England,28,Matt Le Tissier,Southampton FC,31,13
GB1-1996,10,Netherlands,28,Dennis Bergkamp,Arsenal FC,29,12
GB1-1996,11,Brazil,24,Juninho Paulista,Middlesbrough FC,35,12
GB1-1996,12,England,26,Stan Collymore,Liverpool FC,30,12
GB1-1996,13,France,30,Éric Cantona,Manchester United,36,11
GB1-1996,14,England,31,Steve Claridge,Leicester City,32,11
GB1-1996,15,England,23,Dean Sturridge,Derby County,30,11
GB1-1996,16,England,24,Chris Sutton,Blackburn Rovers,25,11
GB1-1996,17,Nigeria,29,Efan Ekoku,Wimbledon FC (- 2004),30,11
GB1-1996,18,Scotland,30,Kevin Gallacher,Blackburn Rovers,34,10
GB1-1996,19,Scotland,25,Duncan Ferguson,Everton FC,33,10
GB1-1996,20,England,19,Emile Heskey,Leicester City,35,10
GB1-1996,21,Serbia,23,Savo Milosevic,Aston Villa,30,10
GB1-1996,22,England,23,Andy Booth,Sheffield Wednesday,35,10
GB1-1996,23,Norway,25,Egil Østenstad,Southampton FC,30,9
GB1-1996,24,Wales,27,Gary Speed,Everton FC,37,9
GB1-1996,25,Italy,32,Gianluca Vialli,Chelsea FC,28,9
GB1-1996,26,England,22,David Beckham,Manchester United,36,8
GB1-1996,27,Italy,30,Gianfranco Zola,Chelsea FC,23,8
GB1-1996,28,Jamaica,26,Marcus Gayle,Wimbledon FC (- 2004),36,8
GB1-1996,29,Wales,33,Mark Hughes,Chelsea FC,35,8
GB1-1996,30,Wales,22,John Hartson,for 2 clubs,30,8
GB1-1996,31,England,26,Ashley Ward,Derby County,30,8
GB1-1996,32,England,31,Ian Marshall,Leicester City,27,8
GB1-1996,33,England,26,Paul Kitson,for 2 clubs,17,8
GB1-1996,34,England,25,Steve McManaman,Liverpool FC,37,7
GB1-1996,35,Jamaica,32,Robbie Earle,Wimbledon FC (- 2004),32,7
GB1-1996,36,England,31,Teddy Sheringham,Tottenham Hotspur,29,7
GB1-1996,37,England,23,Robbie Elliott,Newcastle United,29,7
GB1-1996,38,Italy,26,Roberto Di Matteo,Chelsea FC,34,7
GB1-1996,39,England,29,Paul Merson,Arsenal FC,32,6
GB1-1996,40,England,25,Andy Cole,Manchester United,20,6
GB1-1996,41,Wales,26,Mark Pembridge,Sheffield Wednesday,34,6
GB1-1996,42,Czech Republic,23,Patrik Berger,Liverpool FC,23,6
GB1-1996,43,England,27,Kevin Campbell,Nottingham Forest,17,6
GB1-1996,44,Scotland,32,Gary McAllister,Coventry City,38,6
GB1-1996,45,England,22,Noel Whelan,Coventry City,35,6
GB1-1996,46,Croatia,31,Aljosa Asanovic,Derby County,34,6
GB1-1996,47,England,31,Andy Sinton,Tottenham Hotspur,33,6
GB1-1996,48,Norway,24,Alf-Inge Haaland,Nottingham Forest,35,6
GB1-1996,49,England,28,Julian Dicks,West Ham United,31,6
GB1-1996,50,Denmark,26,Allan Nielsen,Tottenham Hotspur,29,6
GB1-1996,51,France,29,Frank Leboeuf,Chelsea FC,26,6
GB1-1996,52,Italy,25,Benny Carbone,Sheffield Wednesday,25,6
GB1-1996,53,England,29,David Hirst,Sheffield Wednesday,25,6
GB1-1996,54,Norway,20,Steffen Iversen,Tottenham Hotspur,16,6
GB1-1996,55,England,31,Rob Lee,Newcastle United,33,5
GB1-1996,56,England,23,Nick Barmby,for 2 clubs,35,5
GB1-1996,57,Denmark,23,Mikkel Beck,Middlesbrough FC,25,5
GB1-1996,58,England,36,Peter Beardsley,Newcastle United,25,5
GB1-1996,59,England,29,Brian Deane,Leeds United,28,5
GB1-1996,60,England,22,Nicky Butt,Manchester United,26,5
GB1-1996,61,England,26,Graham Stuart,Everton FC,35,5
GB1-1996,62,England,21,Darren Huckerby,Coventry City,25,5
GB1-1996,63,England,28,Dean Holdsworth,Wimbledon FC (- 2004),25,5
GB1-1996,64,England,23,David Unsworth,Everton FC,34,5
GB1-1996,65,England,35,Stuart Pearce,Nottingham Forest,33,5
GB1-1996,66,Norway,26,Øyvind Leonhardsen,Wimbledon FC (- 2004),27,5
GB1-1996,67,England,25,Lee Sharpe,Leeds United,26,5
GB1-1996,68,England,25,Chris Armstrong,Tottenham Hotspur,12,5
GB1-1996,69,Brazil,25,Emerson,Middlesbrough FC,32,4
GB1-1996,70,Colombia,27,Faustino Asprilla,Newcastle United,24,4
GB1-1996,71,Israel,25,Eyal Berkovic,Southampton FC,28,4
GB1-1996,72,England,33,John Barnes,Liverpool FC,35,4
GB1-1996,73,England,27,Craig Hignett,Middlesbrough FC,22,4
GB1-1996,74,Russia,27,Andrey Kanchelskis,Everton FC,20,4
GB1-1996,75,England,26,Tommy Johnson,Aston Villa,20,4
GB1-1996,76,Northern Ireland,28,Jim Magilton,Southampton FC,37,4
GB1-1996,77,England,30,David Platt,Arsenal FC,28,4
GB1-1996,78,England,32,Paul Stewart,Sunderland AFC,24,4
GB1-1996,79,Scotland,28,Matt Elliott,Leicester City,16,4
GB1-1996,80,England,20,Lee Bowyer,Leeds United,32,4
GB1-1996,81,England,23,Craig Russell,Sunderland AFC,27,4
GB1-1996,82,England,25,Scott Minto,Chelsea FC,25,4
GB1-1996,83,Ireland,24,Mickey Evans,Southampton FC,12,4
GB1-1996,84,Wales,23,Ryan Giggs,Manchester United,26,3
GB1-1996,85,England,24,Ugo Ehiogu,Aston Villa,38,3
GB1-1996,86,England,23,Jamie Redknapp,Liverpool FC,23,3
GB1-1996,87,Czech Republic,25,Karel Poborský,Manchester United,22,3
GB1-1996,88,Romania,29,Dan Petrescu,Chelsea FC,34,3
GB1-1996,89,Northern Ireland,25,Michael Hughes,West Ham United,33,3
GB1-1996,90,England,28,Tim Sherwood,Blackburn Rovers,37,3
GB1-1996,91,Wales,32,Dean Saunders,Nottingham Forest,34,3
GB1-1996,92,England,32,Kevin Ball,Sunderland AFC,33,3
GB1-1996,93,England,19,Ritchie Humphreys,Sheffield Wednesday,29,3
GB1-1996,94,England,30,Tony Adams,Arsenal FC,28,3
GB1-1996,95,England,27,Rod Wallace,Leeds United,22,3
GB1-1996,96,Netherlands,26,Orlando Trustfull,Sheffield Wednesday,19,3
GB1-1996,97,Scotland,23,Christian Dailly,Derby County,36,3
GB1-1996,98,Wales,35,Ian Rush,Leeds United,36,3
GB1-1996,99,Türkiye,22,Muzzy Izzet,Leicester City,35,3
GB1-1996,100,England,22,Michael Gray,Sunderland AFC,34,3
GB1-1996,101,England,32,Guy Whittingham,Sheffield Wednesday,33,3
GB1-1996,102,England,30,Dennis Wise,Chelsea FC,31,3
GB1-1996,103,England,29,Michael Thomas,Liverpool FC,31,3
GB1-1996,104,England,26,David May,Manchester United,29,3
GB1-1996,105,Wales,32,Vinnie Jones,Wimbledon FC (- 2004),29,3
GB1-1996,106,England,24,Garry Flitcroft,Blackburn Rovers,28,3
GB1-1996,107,England,19,Matt Oakley,Southampton FC,28,3
GB1-1996,108,England,31,Gary Pallister,Manchester United,27,3
GB1-1996,109,England,18,Michael Bridges,Sunderland AFC,25,3
GB1-1996,110,England,22,Paul Scholes,Manchester United,24,3
GB1-1996,111,Netherlands,27,Bryan Roy,Nottingham Forest,19,3
GB1-1996,112,Netherlands,23,Jordi Cruijff,Manchester United,16,3
GB1-1996,113,England,25,Darren Anderton,Tottenham Hotspur,15,3
GB1-1996,114,England,22,Julian Joachim,Aston Villa,14,3
GB1-1996,115,Norway,27,Stig Inge Bjørnebye,Liverpool FC,38,2
GB1-1996,116,Ireland,33,Andy Townsend,Aston Villa,34,2
GB1-1996,117,England,24,Neal Ardley,Wimbledon FC (- 2004),33,2
GB1-1996,118,France,20,Patrick Vieira,Arsenal FC,31,2
GB1-1996,119,Australia,32,Robbie Slater,for 2 clubs,32,2
GB1-1996,120,England,28,Robbie Mustoe,Middlesbrough FC,31,2
GB1-1996,121,England,24,Ray Parlour,Arsenal FC,30,2
GB1-1996,122,Ireland,28,Steve Staunton,Aston Villa,30,2
GB1-1996,123,England,33,Lee Dixon,Arsenal FC,32,2
GB1-1996,124,England,31,Garry Parker,Leicester City,31,2
GB1-1996,125,Belgium,29,Philippe Albert,Newcastle United,27,2
GB1-1996,126,Ireland,25,Roy Keane,Manchester United,21,2
GB1-1996,127,England,23,Paul Shaw,Arsenal FC,8,2
GB1-1996,128,England,30,Colin Cooper,Nottingham Forest,36,2
GB1-1996,129,Croatia,28,Slaven Bilic,West Ham United,35,2
GB1-1996,130,England,29,David Howells,Tottenham Hotspur,32,2
GB1-1996,131,Scotland,25,Craig Burley,Chelsea FC,31,2
GB1-1996,132,England,25,Jason Wilcox,Blackburn Rovers,28,2
GB1-1996,133,England,18,Michael Branch,Everton FC,25,2
GB1-1996,134,Portugal,23,Porfírio,West Ham United,23,2
GB1-1996,135,Norway,27,Lars Bohinen,Blackburn Rovers,23,2
GB1-1996,136,Greece,27,Georgios Donis,Blackburn Rovers,21,2
GB1-1996,137,England,25,Gordon Watson,Southampton FC,15,2
GB1-1996,138,England,27,Peter Atherton,Sheffield Wednesday,37,2
GB1-1996,139,Ireland,22,Gary Kelly,Leeds United,36,2
GB1-1996,140,Norway,27,Henning Berg,Blackburn Rovers,36,2
GB1-1996,141,England,23,Gary Rowett,Derby County,35,2
GB1-1996,142,England,28,Ian Taylor,Aston Villa,34,2
GB1-1996,143,England,26,Paul Williams,Coventry City,32,2
GB1-1996,144,England,27,Richard Ord,Sunderland AFC,32,2
GB1-1996,145,England,30,John Moncur,West Ham United,30,2
GB1-1996,146,Wales,28,Andy Melville,Sunderland AFC,30,2
GB1-1996,147,Serbia,22,Dejan Stefanovic,Sheffield Wednesday,29,2
GB1-1996,148,England,24,Lee Clark,Newcastle United,24,2
GB1-1996,149,England,28,Craig Short,Everton FC,23,2
GB1-1996,150,Scotland,27,Alex Rae,Sunderland AFC,23,2
GB1-1996,151,England,32,Steve Walsh,Leicester City,22,2
GB1-1996,152,England,26,Graham Hyde,Sheffield Wednesday,19,2
GB1-1996,153,England,30,Paul Simpson,Derby County,19,2
GB1-1996,154,England,29,Jason Dozzell,Tottenham Hotspur,17,2
GB1-1996,155,Netherlands,30,Ron Willems,Derby County,16,2
GB1-1996,156,Netherlands,28,Robin van der Laan,Derby County,16,2
GB1-1996,157,Wales,32,Clayton Blackmore,Middlesbrough FC,16,2
GB1-1996,158,England,18,Rio Ferdinand,West Ham United,15,2
GB1-1996,159,Ireland,19,Ian Harte,Leeds United,14,2
GB1-1996,160,England,31,Steve Agnew,Sunderland AFC,14,2
GB1-1996,161,England,21,Paul Hughes,Chelsea FC,12,2
GB1-1996,162,Ireland,30,Niall Quinn,Sunderland AFC,12,2
GB1-1996,163,England,19,Rory Allen,Tottenham Hotspur,12,2
GB1-1996,164,England,27,Paul Warhurst,Blackburn Rovers,11,2
GB1-1996,165,England,20,Darren Williams,Sunderland AFC,11,2
GB1-1996,166,Romania,26,Florin Răducioiu,West Ham United,11,2
GB1-1996,167,Jamaica,20,Jason Euell,Wimbledon FC (- 2004),7,2
GB1-1996,168,England,27,O'Neill Donaldson,Sheffield Wednesday,5,2
GB1-1996,169,England,27,Andy Hinchcliffe,Everton FC,18,1
GB1-1996,170,England,25,Alan Wright,Aston Villa,38,1
GB1-1996,171,Ireland,25,Jason McAteer,Liverpool FC,37,1
GB1-1996,172,France,30,David Ginola,Newcastle United,24,1
GB1-1996,173,England,28,Warren Barton,Newcastle United,18,1
GB1-1996,174,England,22,Gary Neville,Manchester United,31,1
GB1-1996,175,Northern Ireland,26,Ian Nolan,Sheffield Wednesday,38,1
GB1-1996,176,Northern Ireland,25,Neil Lennon,Leicester City,35,1
GB1-1996,177,England,30,Martin Keown,Arsenal FC,33,1
GB1-1996,178,Netherlands,27,Regi Blinker,Sheffield Wednesday,33,1
GB1-1996,179,Northern Ireland,22,Keith Gillespie,Newcastle United,32,1
GB1-1996,180,England,21,Phil Stamp,Middlesbrough FC,24,1
GB1-1996,181,England,26,Jason Dodd,Southampton FC,23,1
GB1-1996,182,Australia,24,Stan Lazaridis,West Ham United,20,1
GB1-1996,183,England,21,Neil Shipperley,Southampton FC,10,1
GB1-1996,184,England,36,Chris Waddle,Sunderland AFC,7,1
GB1-1996,185,England,29,Darren Peacock,Newcastle United,35,1
GB1-1996,186,England,28,David Batty,Newcastle United,32,1
GB1-1996,187,Netherlands,26,Ulrich van Gobbel,Southampton FC,25,1
GB1-1996,188,Montserrat,29,Ruel Fox,Tottenham Hotspur,25,1
GB1-1996,189,England,28,John Salako,Coventry City,24,1
GB1-1996,190,England,27,Neil Maddison,Southampton FC,18,1
GB1-1996,191,England,29,Sean Flynn,Derby County,17,1
GB1-1996,192,Denmark,28,Per Pedersen,Blackburn Rovers,11,1
GB1-1996,193,Netherlands,27,Pierre van Hooijdonk,Nottingham Forest,8,1
GB1-1996,194,Switzerland,25,Ramon Vega,Tottenham Hotspur,8,1
GB1-1996,195,England,24,Chris Perry,Wimbledon FC (- 2004),37,1
GB1-1996,196,England,23,Steve Watson,Newcastle United,36,1
GB1-1996,197,Denmark,25,Jacob Laursen,Derby County,36,1
GB1-1996,198,Scotland,31,Colin Hendry,Blackburn Rovers,35,1
GB1-1996,199,Jamaica,25,Darryl Powell,Derby County,33,1
GB1-1996,200,England,25,Des Lyttle,Nottingham Forest,32,1
GB1-1996,201,England,29,Ian Woan,Nottingham Forest,32,1
GB1-1996,202,Ireland,31,Denis Irwin,Manchester United,31,1
GB1-1996,203,England,27,Richard Dryden,Southampton FC,29,1
GB1-1996,204,England,35,Dave Watson,Everton FC,29,1
GB1-1996,205,England,31,Ian Bishop,West Ham United,29,1
GB1-1996,206,England,26,Gareth Southgate,Aston Villa,28,1
GB1-1996,207,Denmark,28,Marc Rieper,West Ham United,28,1
GB1-1996,208,England,28,Graeme Le Saux,Blackburn Rovers,26,1
GB1-1996,209,England,35,Clive Wilson,Tottenham Hotspur,26,1
GB1-1996,210,England,26,Julian Watts,Leicester City,26,1
GB1-1996,211,Scotland,28,Billy McKinlay,Blackburn Rovers,25,1
GB1-1996,212,Ireland,26,Phil Babb,Liverpool FC,22,1
GB1-1996,213,Croatia,29,Igor Stimac,Derby County,21,1
GB1-1996,214,Jamaica,25,Frank Sinclair,Chelsea FC,20,1
GB1-1996,215,Israel,33,Ronny Rosenthal,Tottenham Hotspur,20,1
GB1-1996,216,Ireland,28,Liam Daish,Coventry City,20,1
GB1-1996,217,Zimbabwe,24,Peter Ndlovu,Coventry City,19,1
GB1-1996,218,England,24,Scott Oakes,Sheffield Wednesday,19,1
GB1-1996,219,England,23,Andy Myers,Chelsea FC,18,1
GB1-1996,220,England,29,Neil Ruddock,Liverpool FC,17,1
GB1-1996,221,Wales,33,Mark Bowen,West Ham United,17,1
GB1-1996,222,England,22,Chris Bart-Williams,Nottingham Forest,16,1
GB1-1996,223,England,21,Mark Ford,Leeds United,16,1
GB1-1996,224,England,21,Michael Duberry,Chelsea FC,15,1
GB1-1996,225,England,29,Martin Scott,Sunderland AFC,15,1
GB1-1996,226,England,20,Stephen Hughes,Arsenal FC,14,1
GB1-1996,227,Northern Ireland,25,Keith Rowland,West Ham United,14,1
GB1-1996,228,Wales,24,Paul Trollope,Derby County,14,1
GB1-1996,229,Italy,28,Gianluca Festa,Middlesbrough FC,13,1
GB1-1996,230,England,25,Jason Lee,Nottingham Forest,13,1
GB1-1996,231,England,22,Graham Fenton,Blackburn Rovers,13,1
GB1-1996,232,England,30,Nigel Clough,Nottingham Forest,13,1
GB1-1996,233,Ireland,25,Jon Goodman,Wimbledon FC (- 2004),13,1
GB1-1996,234,Netherlands,28,Robert Molenaar,Leeds United,12,1
GB1-1996,235,Netherlands,34,Ruud Gullit,Chelsea FC,12,1
GB1-1996,236,England,28,Wayne Collins,Sheffield Wednesday,12,1
GB1-1996,237,England,38,Mick Harford,Wimbledon FC (- 2004),12,1
GB1-1996,238,England,29,Andy Clarke,Wimbledon FC (- 2004),11,1
GB1-1996,239,England,34,Andy Linighan,Arsenal FC,11,1
GB1-1996,240,England,27,Carl Tiler,Aston Villa,11,1
GB1-1996,241,England,21,John Mullin,Sunderland AFC,10,1
GB1-1996,242,England,26,Jon Newsome,Sheffield Wednesday,10,1
GB1-1996,243,England,21,Andy Couzens,Leeds United,10,1
GB1-1996,244,England,25,Steve Howey,Newcastle United,8,1
GB1-1996,245,England,27,Mark Robins,Leicester City,8,1
GB1-1996,246,England,25,Neil Heaney,Southampton FC,8,1
GB1-1996,247,Scotland,23,Allan Johnston,Sunderland AFC,6,1
GB1-1996,248,Slovakia,28,Vladimír Kinder,Middlesbrough FC,6,1
GB1-1996,249,England,24,Stewart Castledine,Wimbledon FC (- 2004),6,1
GB1-1996,250,Norway,30,Jan Åge Fjørtoft,Middlesbrough FC,5,1
GB1-1996,251,Costa Rica,20,Paulo Wanchope,Derby County,5,1
GB1-1996,252,England,17,Michael Ball,Everton FC,5,1
GB1-1996,253,Northern Ireland,19,Paul McVeigh,Tottenham Hotspur,3,1
GB1-1996,254,England,17,Michael Owen,Liverpool FC,2,1
GB1-1996,255,England,19,Jamie Carragher,Liverpool FC,2,1
GB1-1996,256,England,19,Stuart Wilson,Leicester City,2,1
GB1-1996,257,England,26,David Lee,Chelsea FC,1,1
GB1-1997,1,England,18,Michael Owen,Liverpool FC,36,18
GB1-1997,2,England,29,Dion Dublin,Coventry City,36,18
GB1-1997,3,England,25,Chris Sutton,Blackburn Rovers,35,18
GB1-1997,4,Netherlands,28,Dennis Bergkamp,Arsenal FC,28,16
GB1-1997,5,Scotland,31,Kevin Gallacher,Blackburn Rovers,33,16
GB1-1997,6,Netherlands,26,Jimmy Floyd Hasselbaink,Leeds United,33,16
GB1-1997,7,Wales,23,John Hartson,West Ham United,32,15
GB1-1997,8,England,26,Andy Cole,Manchester United,33,15
GB1-1997,9,England,22,Darren Huckerby,Coventry City,34,14
GB1-1997,10,Costa Rica,21,Paulo Wanchope,Derby County,32,13
GB1-1997,11,Italy,30,Francesco Baiano,Derby County,33,12
GB1-1997,12,Netherlands,25,Marc Overmars,Arsenal FC,32,12
GB1-1997,13,Italy,29,Paolo Di Canio,Sheffield Wednesday,35,12
GB1-1997,14,Trinidad and Tobago,26,Dwight Yorke,Aston Villa,30,12
GB1-1997,15,Wales,26,Nathan Blake,Bolton Wanderers,35,12
GB1-1997,16,England,26,Steve McManaman,Liverpool FC,36,11
GB1-1997,17,England,27,Ashley Ward,for 2 clubs,32,11
GB1-1997,18,England,29,Matt Le Tissier,Southampton FC,26,11
GB1-1997,19,Norway,24,Tore André Flo,Chelsea FC,34,11
GB1-1997,20,Scotland,26,Duncan Ferguson,Everton FC,29,11
GB1-1997,21,Norway,26,Egil Østenstad,Southampton FC,29,11
GB1-1997,22,Italy,33,Gianluca Vialli,Chelsea FC,21,11
GB1-1997,23,England,32,Neil Redfearn,Barnsley FC,37,10
GB1-1997,24,England,20,Emile Heskey,Leicester City,35,10
GB1-1997,25,England,28,Rod Wallace,Leeds United,31,10
GB1-1997,26,England,34,Ian Wright,Arsenal FC,24,10
GB1-1997,27,England,23,David Beckham,Manchester United,37,9
GB1-1997,28,England,32,Teddy Sheringham,Manchester United,31,9
GB1-1997,29,England,24,Alan Thompson,Bolton Wanderers,33,9
GB1-1997,30,England,21,Kevin Davies,Southampton FC,24,9
GB1-1997,31,England,22,Robbie Fowler,Liverpool FC,20,9
GB1-1997,32,England,30,David Hirst,for 2 clubs,34,9
GB1-1997,33,Italy,26,Benny Carbone,Sheffield Wednesday,33,9
GB1-1997,34,England,24,Dean Sturridge,Derby County,30,9
GB1-1997,35,Wales,34,Mark Hughes,Chelsea FC,29,9
GB1-1997,36,Germany,33,Jürgen Klinsmann,Tottenham Hotspur,15,9
GB1-1997,37,Wales,24,Ryan Giggs,Manchester United,29,8
GB1-1997,38,England,30,Paul Ince,Liverpool FC,31,8
GB1-1997,39,England,23,Paul Scholes,Manchester United,31,8
GB1-1997,40,England,23,Julian Joachim,Aston Villa,26,8
GB1-1997,41,Italy,31,Gianfranco Zola,Chelsea FC,27,8
GB1-1997,42,Wales,28,Gary Speed,for 2 clubs,34,8
GB1-1997,43,Israel,26,Eyal Berkovic,West Ham United,35,7
GB1-1997,44,Serbia,24,Savo Milosevic,Aston Villa,23,7
GB1-1997,45,Scotland,29,Matt Elliott,Leicester City,37,7
GB1-1997,46,England,23,Neil Shipperley,Crystal Palace,26,7
GB1-1997,47,England,25,Trevor Sinclair,West Ham United,14,7
GB1-1997,48,Norway,25,Alf-Inge Haaland,Leeds United,32,7
GB1-1997,49,England,32,Ian Marshall,Leicester City,24,7
GB1-1997,50,England,24,Andy Booth,Sheffield Wednesday,23,7
GB1-1997,51,France,19,Nicolas Anelka,Arsenal FC,26,6
GB1-1997,52,England,27,Stan Collymore,Aston Villa,25,6
GB1-1997,53,Norway,27,Øyvind Leonhardsen,Liverpool FC,28,6
GB1-1997,54,Norway,25,Ole Gunnar Solskjaer,Manchester United,22,6
GB1-1997,55,France,31,David Ginola,Tottenham Hotspur,34,6
GB1-1997,56,England,29,Ian Taylor,Aston Villa,32,6
GB1-1997,57,England,23,Noel Whelan,Coventry City,21,6
GB1-1997,58,Germany,32,Karl-Heinz Riedle,Liverpool FC,25,6
GB1-1997,59,France,30,Mickaël Madar,Everton FC,17,6
GB1-1997,60,Norway,31,Jan Åge Fjørtoft,Barnsley FC,15,6
GB1-1997,61,England,34,John Barnes,for 2 clubs,27,6
GB1-1997,62,France,25,Samassi Abou,West Ham United,19,5
GB1-1997,63,England,25,Ray Parlour,Arsenal FC,34,5
GB1-1997,64,Romania,30,Dan Petrescu,Chelsea FC,31,5
GB1-1997,65,France,30,Frank Leboeuf,Chelsea FC,32,5
GB1-1997,66,England,29,Tim Sherwood,Blackburn Rovers,31,5
GB1-1997,67,England,19,Frank Lampard,West Ham United,31,5
GB1-1997,68,Australia,19,Harry Kewell,Leeds United,29,5
GB1-1997,69,Italy,32,Attilio Lombardo,Crystal Palace,24,5
GB1-1997,70,England,31,Les Ferdinand,Tottenham Hotspur,21,5
GB1-1997,71,Italy,31,Stefano Eranio,Derby County,23,5
GB1-1997,72,England,26,Chris Armstrong,Tottenham Hotspur,19,5
GB1-1997,73,England,28,Wayne Collins,Sheffield Wednesday,19,5
GB1-1997,74,England,19,Marcus Bent,Crystal Palace,16,5
GB1-1997,75,Türkiye,23,Muzzy Izzet,Leicester City,36,4
GB1-1997,76,Italy,27,Roberto Di Matteo,Chelsea FC,30,4
GB1-1997,77,England,26,Jason Wilcox,Blackburn Rovers,31,4
GB1-1997,78,Northern Ireland,23,Keith Gillespie,Newcastle United,29,4
GB1-1997,79,England,32,Rob Lee,Newcastle United,28,4
GB1-1997,80,Northern Ireland,26,Michael Hughes,for 2 clubs,34,4
GB1-1997,81,England,33,Guy Whittingham,Sheffield Wednesday,28,4
GB1-1997,82,North Macedonia,22,Gjorgji Hristov,Barnsley FC,21,4
GB1-1997,83,Uruguay,30,Gustavo Poyet,Chelsea FC,14,4
GB1-1997,84,England,27,Paul Kitson,West Ham United,13,4
GB1-1997,85,Wales,27,Mark Pembridge,Sheffield Wednesday,34,4
GB1-1997,86,Ireland,19,Damien Duff,Blackburn Rovers,26,4
GB1-1997,87,Scotland,33,Colin Calderwood,Tottenham Hotspur,26,4
GB1-1997,88,England,18,Danny Cadamarteri,Everton FC,25,4
GB1-1997,89,England,23,Bruce Dyer,Crystal Palace,24,4
GB1-1997,90,Guyana,20,Carl Cort,Wimbledon FC (- 2004),22,4
GB1-1997,91,Sweden,30,Martin Dahlin,Blackburn Rovers,21,4
GB1-1997,92,Jamaica,21,Jason Euell,Wimbledon FC (- 2004),19,4
GB1-1997,93,England,32,Tony Cottee,Leicester City,19,4
GB1-1997,94,Nigeria,30,Efan Ekoku,Wimbledon FC (- 2004),16,4
GB1-1997,95,England,29,Carl Leaburn,Wimbledon FC (- 2004),16,4
GB1-1997,96,England,27,Mark Draper,Aston Villa,31,3
GB1-1997,97,England,23,Nicky Butt,Manchester United,33,3
GB1-1997,98,Montserrat,30,Ruel Fox,Tottenham Hotspur,32,3
GB1-1997,99,Georgia,30,Temur Ketsbaia,Newcastle United,31,3
GB1-1997,100,England,31,David Platt,Arsenal FC,31,3
GB1-1997,101,England,21,Lee Bowyer,Leeds United,25,3
GB1-1997,102,Scotland,26,Paul Telfer,Coventry City,33,3
GB1-1997,103,Portugal,22,Bruno Ribeiro,Leeds United,29,3
GB1-1997,104,Jamaica,33,Robbie Earle,Wimbledon FC (- 2004),21,3
GB1-1997,105,England,24,Jamie Redknapp,Liverpool FC,20,3
GB1-1997,106,England,20,Lee Hendrie,Aston Villa,17,3
GB1-1997,107,England,27,David Wetherall,Leeds United,34,3
GB1-1997,108,England,28,Peter Atherton,Sheffield Wednesday,27,3
GB1-1997,109,England,31,Dennis Wise,Chelsea FC,26,3
GB1-1997,110,England,31,Tony Adams,Arsenal FC,26,3
GB1-1997,111,England,32,Carlton Palmer,Southampton FC,26,3
GB1-1997,112,England,33,Steve Walsh,Leicester City,26,3
GB1-1997,113,Denmark,21,Jon Dahl Tomasson,Newcastle United,23,3
GB1-1997,114,Czech Republic,24,Patrik Berger,Liverpool FC,22,3
GB1-1997,115,England,32,Garry Parker,Leicester City,22,3
GB1-1997,116,England,20,Mark Nicholls,Chelsea FC,19,3
GB1-1997,117,Italy,31,Nicola Berti,Tottenham Hotspur,17,3
GB1-1997,118,Liberia,22,Christopher Wreh,Arsenal FC,16,3
GB1-1997,119,Jamaica,21,Deon Burton,Derby County,29,3
GB1-1997,120,Denmark,27,Allan Nielsen,Tottenham Hotspur,26,3
GB1-1997,121,England,29,Dean Holdsworth,for 2 clubs,25,3
GB1-1997,122,Switzerland,26,Ramon Vega,Tottenham Hotspur,25,3
GB1-1997,123,England,28,Paul Warhurst,Crystal Palace,22,3
GB1-1997,124,England,29,Warren Barton,Newcastle United,22,3
GB1-1997,125,England,23,Graham Fenton,Leicester City,22,3
GB1-1997,126,England,31,Bob Taylor,Bolton Wanderers,12,3
GB1-1997,127,England,20,Matt Jansen,Crystal Palace,8,3
GB1-1997,128,France,27,Emmanuel Petit,Arsenal FC,32,2
GB1-1997,129,Australia,25,Stan Lazaridis,West Ham United,28,2
GB1-1997,130,France,21,Patrick Vieira,Arsenal FC,33,2
GB1-1997,131,Northern Ireland,24,Steve Lomas,West Ham United,32,2
GB1-1997,132,England,30,Stuart Ripley,Blackburn Rovers,29,2
GB1-1997,133,England,29,Steve Guppy,Leicester City,37,2
GB1-1997,134,England,25,Dean Gordon,Crystal Palace,37,2
GB1-1997,135,England,24,David Unsworth,West Ham United,32,2
GB1-1997,136,England,24,Nick Barmby,Everton FC,30,2
GB1-1997,137,England,26,Simon Rodger,Crystal Palace,29,2
GB1-1997,138,England,31,John Beresford,for 2 clubs,27,2
GB1-1997,139,Norway,28,Lars Bohinen,for 2 clubs,25,2
GB1-1997,140,Ireland,26,Jason McAteer,Liverpool FC,21,2
GB1-1997,141,England,27,Graham Stuart,Everton FC,14,2
GB1-1997,142,Colombia,28,Faustino Asprilla,Newcastle United,10,2
GB1-1997,143,Northern Ireland,26,Neil Lennon,Leicester City,37,2
GB1-1997,144,South Africa,27,Eric Tinkler,Barnsley FC,25,2
GB1-1997,145,Norway,28,Ronny Johnsen,Manchester United,22,2
GB1-1997,146,England,32,Scott Sellars,Bolton Wanderers,22,2
GB1-1997,147,England,27,Alan Shearer,Newcastle United,17,2
GB1-1997,148,England,21,Stephen Hughes,Arsenal FC,17,2
GB1-1997,149,Denmark,28,Per Frandsen,Bolton Wanderers,38,2
GB1-1997,150,England,25,Ugo Ehiogu,Aston Villa,37,2
GB1-1997,151,Iceland,32,Gudni Bergsson,Bolton Wanderers,35,2
GB1-1997,152,Wales,23,Robbie Savage,Leicester City,35,2
GB1-1997,153,Wales,26,Darren Barnard,Barnsley FC,35,2
GB1-1997,154,England,25,Neal Ardley,Wimbledon FC (- 2004),33,2
GB1-1997,155,Norway,32,Gunnar Halle,Leeds United,33,2
GB1-1997,156,Jamaica,27,Marcus Gayle,Wimbledon FC (- 2004),30,2
GB1-1997,157,Iceland,23,Hermann Hreidarsson,Crystal Palace,30,2
GB1-1997,158,Ireland,32,Denis Irwin,Manchester United,25,2
GB1-1997,159,England,27,Jon Newsome,Sheffield Wednesday,25,2
GB1-1997,160,South Africa,24,Mark Fish,Bolton Wanderers,22,2
GB1-1997,161,Netherlands,29,Robert Molenaar,Leeds United,22,2
GB1-1997,162,Serbia,23,Dejan Stefanovic,Sheffield Wednesday,20,2
GB1-1997,163,Portugal,24,José Dominguez,Tottenham Hotspur,18,2
GB1-1997,164,Serbia,27,Jovan Bosancic,Barnsley FC,17,2
GB1-1997,165,England,37,Peter Beardsley,for 2 clubs,16,2
GB1-1997,166,Sweden,24,Andreas Andersson,Newcastle United,12,2
GB1-1997,167,France,25,Laurent Charvet,Chelsea FC,11,2
GB1-1997,168,England,20,Stuart Wilson,Leicester City,11,2
GB1-1997,169,Czech Republic,25,Karel Poborský,Manchester United,10,2
GB1-1997,170,Ireland,26,Roy Keane,Manchester United,9,2
GB1-1997,171,England,24,Peter Fear,Wimbledon FC (- 2004),8,2
GB1-1997,172,Nigeria,20,Emmanuel Omoyinmi,West Ham United,5,2
GB1-1997,173,England,34,Nigel Winterburn,Arsenal FC,36,1
GB1-1997,174,Norway,31,Trond Soltvedt,Coventry City,30,1
GB1-1997,175,Ireland,29,Steve Staunton,Aston Villa,27,1
GB1-1997,176,England,29,Graeme Le Saux,Chelsea FC,26,1
GB1-1997,177,England,27,Jason Dodd,Southampton FC,36,1
GB1-1997,178,England,24,Steve Watson,Newcastle United,29,1
GB1-1997,179,England,24,Ian Pearce,for 2 clubs,35,1
GB1-1997,180,England,29,Andy Hinchcliffe,for 2 clubs,32,1
GB1-1997,181,Scotland,34,Steve Clarke,Chelsea FC,26,1
GB1-1997,182,England,28,Chris Powell,Derby County,37,1
GB1-1997,183,England,25,Chris Perry,Wimbledon FC (- 2004),35,1
GB1-1997,184,England,24,Gary Rowett,Derby County,35,1
GB1-1997,185,Scotland,32,Colin Hendry,Blackburn Rovers,34,1
GB1-1997,186,England,29,Francis Benali,Southampton FC,33,1
GB1-1997,187,Ireland,24,Gary Breen,Coventry City,30,1
GB1-1997,188,Ireland,22,Gareth Farrelly,Everton FC,26,1
GB1-1997,189,Scotland,24,Andy Liddell,Barnsley FC,26,1
GB1-1997,190,England,22,Marcus Hall,Coventry City,25,1
GB1-1997,191,Scotland,27,David Hopkin,Leeds United,25,1
GB1-1997,192,England,32,Jimmy Phillips,Bolton Wanderers,22,1
GB1-1997,193,England,31,John Moncur,West Ham United,20,1
GB1-1997,194,England,28,Gary Charles,Aston Villa,18,1
GB1-1997,195,England,19,Jody Morris,Chelsea FC,12,1
GB1-1997,196,England,30,Michael Thomas,Liverpool FC,11,1
GB1-1997,197,England,23,Tony Grant,Everton FC,7,1
GB1-1997,198,England,20,David Thompson,Liverpool FC,5,1
GB1-1997,199,Denmark,29,Marc Rieper,West Ham United,5,1
GB1-1997,200,England,24,Andy Roberts,for 2 clubs,37,1
GB1-1997,201,Ireland,24,Lee Carsley,Derby County,34,1
GB1-1997,202,England,20,Matt Oakley,Southampton FC,33,1
GB1-1997,203,England,29,David Batty,Newcastle United,32,1
GB1-1997,204,Netherlands,33,Ken Monkou,Southampton FC,32,1
GB1-1997,205,Wales,19,John Oster,Everton FC,31,1
GB1-1997,206,England,21,Phil Neville,Manchester United,30,1
GB1-1997,207,Scotland,24,Christian Dailly,Derby County,30,1
GB1-1997,208,Denmark,26,Jacob Laursen,Derby County,28,1
GB1-1997,209,Norway,28,Henning Berg,Manchester United,27,1
GB1-1997,210,England,18,Michael Ball,Everton FC,25,1
GB1-1997,211,Scotland,23,Jamie Fullarton,Crystal Palace,25,1
GB1-1997,212,Northern Ireland,29,Jim Magilton,for 2 clubs,24,1
GB1-1997,213,England,24,Jamie Pollock,Bolton Wanderers,24,1
GB1-1997,214,England,24,Gary Croft,Blackburn Rovers,23,1
GB1-1997,215,Jamaica,26,Frank Sinclair,Chelsea FC,22,1
GB1-1997,216,France,27,Gilles Grimandi,Arsenal FC,22,1
GB1-1997,217,Croatia,30,Igor Stimac,Derby County,22,1
GB1-1997,218,England,27,Graham Hyde,Sheffield Wednesday,22,1
GB1-1997,219,England,26,Neil Cox,Bolton Wanderers,21,1
GB1-1997,220,Scotland,34,John Hendrie,Barnsley FC,20,1
GB1-1997,221,England,26,Jonathan Hunt,Derby County,19,1
GB1-1997,222,England,28,Carl Tiler,Everton FC,19,1
GB1-1997,223,Wales,27,Ceri Hughes,Wimbledon FC (- 2004),17,1
GB1-1997,224,Denmark,25,Michael Johansen,Bolton Wanderers,15,1
GB1-1997,225,Serbia,26,Sasa Curcic,for 2 clubs,15,1
GB1-1997,226,Netherlands,22,George Boateng,Coventry City,14,1
GB1-1997,227,Greece,26,Theodoros Zagorakis,Leicester City,14,1
GB1-1997,228,Scotland,24,Derek Lilley,Leeds United,13,1
GB1-1997,229,England,23,Scott Jones,Barnsley FC,12,1
GB1-1997,230,Greece,24,Nikolaos Dabizas,Newcastle United,11,1
GB1-1997,231,Scotland,27,Don Hutchison,Everton FC,11,1
GB1-1997,232,Romania,25,Viorel Moldovan,Coventry City,10,1
GB1-1997,233,Italy,31,Michele Padovano,Crystal Palace,10,1
GB1-1997,234,Algeria,29,Moussa Saïb,Tottenham Hotspur,9,1
GB1-1997,235,Denmark,27,Claus Thomsen,Everton FC,8,1
GB1-1997,236,Norway,29,Ståle Solbakken,Wimbledon FC (- 2004),6,1
GB1-1997,237,England,26,Robert Ullathorne,Leicester City,6,1
GB1-1997,238,England,27,Neil Maddison,Southampton FC,6,1
GB1-1997,239,Croatia,31,Aljosa Asanovic,Derby County,4,1
GB1-1997,240,Italy,19,Francesco Sanetti,Sheffield Wednesday,2,1
GB1-1997,241,Ireland,18,Clinton Morrison,Crystal Palace,1,1
GB1-1998,1,Netherlands,27,Jimmy Floyd Hasselbaink,Leeds United,36,18
GB1-1998,2,Trinidad and Tobago,27,Dwight Yorke,for 2 clubs,33,18
GB1-1998,3,England,19,Michael Owen,Liverpool FC,30,18
GB1-1998,4,France,20,Nicolas Anelka,Arsenal FC,35,17
GB1-1998,5,England,27,Andy Cole,Manchester United,32,17
GB1-1998,6,England,30,Dion Dublin,for 2 clubs,34,14
GB1-1998,7,England,24,Julian Joachim,Aston Villa,36,14
GB1-1998,8,England,28,Alan Shearer,Newcastle United,30,14
GB1-1998,9,England,24,Robbie Fowler,Liverpool FC,25,14
GB1-1998,10,Colombia,25,Hámilton Ricard,Middlesbrough FC,36,14
GB1-1998,11,Italy,32,Gianfranco Zola,Chelsea FC,37,13
GB1-1998,12,Netherlands,30,Dennis Bergkamp,Arsenal FC,29,12
GB1-1998,13,Norway,26,Ole Gunnar Solskjaer,Manchester United,19,12
GB1-1998,14,Uruguay,31,Gustavo Poyet,Chelsea FC,28,11
GB1-1998,15,Jamaica,28,Marcus Gayle,Wimbledon FC (- 2004),35,10
GB1-1998,16,England,24,Noel Whelan,Coventry City,31,10
GB1-1998,17,Norway,25,Tore André Flo,Chelsea FC,30,10
GB1-1998,18,England,33,Tony Cottee,Leicester City,31,10
GB1-1998,19,Costa Rica,22,Paulo Wanchope,Derby County,35,9
GB1-1998,20,England,22,Lee Bowyer,Leeds United,35,9
GB1-1998,21,Norway,22,Steffen Iversen,Tottenham Hotspur,27,9
GB1-1998,22,England,29,Kevin Campbell,Everton FC,8,9
GB1-1998,23,England,23,Darren Huckerby,Coventry City,34,9
GB1-1998,24,England,35,Ian Wright,West Ham United,22,9
GB1-1998,25,Jamaica,22,Jason Euell,Wimbledon FC (- 2004),34,9
GB1-1998,26,Jamaica,22,Deon Burton,Derby County,21,9
GB1-1998,27,England,25,Jamie Redknapp,Liverpool FC,34,8
GB1-1998,28,Scotland,24,Dougie Freedman,Nottingham Forest,31,8
GB1-1998,29,Italy,27,Benny Carbone,Sheffield Wednesday,31,8
GB1-1998,30,England,30,Clive Mendonca,Charlton Athletic,24,8
GB1-1998,31,Czech Republic,25,Patrik Berger,Liverpool FC,32,7
GB1-1998,32,England,26,Trevor Sinclair,West Ham United,36,7
GB1-1998,33,England,30,Matt Le Tissier,Southampton FC,30,7
GB1-1998,34,England,18,Alan Smith,Leeds United,21,7
GB1-1998,35,England,27,Chris Armstrong,Tottenham Hotspur,34,7
GB1-1998,36,Norway,27,Egil Østenstad,Southampton FC,34,7
GB1-1998,37,Italy,30,Paolo Di Canio,for 2 clubs,19,7
GB1-1998,38,Nigeria,31,Efan Ekoku,Wimbledon FC (- 2004),21,7
GB1-1998,39,Netherlands,26,Marc Overmars,Arsenal FC,37,6
GB1-1998,40,England,24,David Beckham,Manchester United,34,6
GB1-1998,41,England,24,Paul Scholes,Manchester United,31,6
GB1-1998,42,Australia,20,Harry Kewell,Leeds United,38,6
GB1-1998,43,Peru,24,Nolberto Solano,Newcastle United,29,6
GB1-1998,44,England,31,Paul Ince,Liverpool FC,34,6
GB1-1998,45,England,21,Emile Heskey,Leicester City,30,6
GB1-1998,46,Nigeria,22,Nwankwo Kanu,Arsenal FC,12,6
GB1-1998,47,England,26,Ray Parlour,Arsenal FC,35,6
GB1-1998,48,Denmark,26,Mikkel Beck,for 2 clubs,34,6
GB1-1998,49,Netherlands,29,Pierre van Hooijdonk,Nottingham Forest,21,6
GB1-1998,50,England,25,Andy Booth,Sheffield Wednesday,34,6
GB1-1998,51,England,28,Andy Hunt,Charlton Athletic,34,6
GB1-1998,52,Wales,24,John Hartson,for 2 clubs,31,6
GB1-1998,53,England,24,Sol Campbell,Tottenham Hotspur,37,6
GB1-1998,54,Norway,25,Petter Rudi,Sheffield Wednesday,34,6
GB1-1998,55,England,31,Brian Deane,Middlesbrough FC,26,6
GB1-1998,56,Scotland,27,Duncan Ferguson,for 2 clubs,20,6
GB1-1998,57,England,18,Francis Jeffers,Everton FC,14,6
GB1-1998,58,England,20,Frank Lampard,West Ham United,38,5
GB1-1998,59,Germany,33,Karl-Heinz Riedle,Liverpool FC,34,5
GB1-1998,60,England,31,Paul Merson,for 2 clubs,29,5
GB1-1998,61,England,25,Dean Sturridge,Derby County,29,5
GB1-1998,62,Georgia,31,Temur Ketsbaia,Newcastle United,26,5
GB1-1998,63,England,21,James Beattie,Southampton FC,35,5
GB1-1998,64,Türkiye,24,Muzzy Izzet,Leicester City,31,5
GB1-1998,65,France,31,Marc Keller,West Ham United,21,5
GB1-1998,66,Jamaica,34,Robbie Earle,Wimbledon FC (- 2004),35,5
GB1-1998,67,England,30,Robbie Mustoe,Middlesbrough FC,33,5
GB1-1998,68,England,32,Les Ferdinand,Tottenham Hotspur,24,5
GB1-1998,69,Denmark,30,Bjarne Goldbaek,Chelsea FC,22,5
GB1-1998,70,Scotland,32,Kevin Gallacher,Blackburn Rovers,16,5
GB1-1998,71,England,30,Tim Sherwood,for 2 clubs,33,5
GB1-1998,72,Argentina,25,Horacio Carbonari,Derby County,29,5
GB1-1998,73,Morocco,26,Hassan Kachloul,Southampton FC,22,5
GB1-1998,74,England,28,Ashley Ward,Blackburn Rovers,17,5
GB1-1998,75,Australia,23,John Aloisi,Coventry City,14,5
GB1-1998,76,England,30,Steve Guppy,Leicester City,38,4
GB1-1998,77,Ireland,21,Ian Harte,Leeds United,35,4
GB1-1998,78,England,27,Steve McManaman,Liverpool FC,28,4
GB1-1998,79,Scotland,28,David Hopkin,Leeds United,34,4
GB1-1998,80,England,30,Ian Taylor,Aston Villa,33,4
GB1-1998,81,France,28,Emmanuel Petit,Arsenal FC,27,4
GB1-1998,82,Netherlands,23,George Boateng,Coventry City,32,4
GB1-1998,83,France,31,Frank Leboeuf,Chelsea FC,33,4
GB1-1998,84,Germany,25,Dietmar Hamann,Newcastle United,23,4
GB1-1998,85,Italy,31,Francesco Baiano,Derby County,22,4
GB1-1998,86,Wales,29,Gary Speed,Newcastle United,38,4
GB1-1998,87,England,22,Alan Rogers,Nottingham Forest,34,4
GB1-1998,88,England,19,Danny Cadamarteri,Everton FC,30,4
GB1-1998,89,Cote d'Ivoire,22,Ibrahima Bakayoko,Everton FC,23,4
GB1-1998,90,Israel,27,Eyal Berkovic,West Ham United,30,3
GB1-1998,91,France,32,David Ginola,Tottenham Hotspur,30,3
GB1-1998,92,England,27,Darren Anderton,Tottenham Hotspur,32,3
GB1-1998,93,England,21,Lee Hendrie,Aston Villa,32,3
GB1-1998,94,England,27,Steve Stone,for 2 clubs,36,3
GB1-1998,95,England,28,Paul Kitson,West Ham United,17,3
GB1-1998,96,Ireland,26,Mark Kinsella,Charlton Athletic,38,3
GB1-1998,97,Scotland,30,Matt Elliott,Leicester City,37,3
GB1-1998,98,France,22,Patrick Vieira,Arsenal FC,34,3
GB1-1998,99,Scotland,28,Don Hutchison,Everton FC,33,3
GB1-1998,100,Wales,27,John Robinson,Charlton Athletic,30,3
GB1-1998,101,Wales,25,Ryan Giggs,Manchester United,24,3
GB1-1998,102,Netherlands,25,Clyde Wijnhard,Leeds United,18,3
GB1-1998,103,Sweden,27,Niclas Alexandersson,Sheffield Wednesday,32,3
GB1-1998,104,Scotland,22,Stephen Glass,Newcastle United,22,3
GB1-1998,105,England,26,Dean Gordon,Middlesbrough FC,38,3
GB1-1998,106,England,19,Michael Ball,Everton FC,37,3
GB1-1998,107,Romania,31,Dan Petrescu,Chelsea FC,32,3
GB1-1998,108,Scotland,34,Gary McAllister,Coventry City,29,3
GB1-1998,109,Nigeria,20,Celestine Babayaro,Chelsea FC,28,3
GB1-1998,110,England,31,Paul Gascoigne,Middlesbrough FC,26,3
GB1-1998,111,Northern Ireland,27,Danny Sonner,Sheffield Wednesday,26,3
GB1-1998,112,England,25,Nick Barmby,Everton FC,24,3
GB1-1998,113,England,34,Steve Walsh,Leicester City,22,3
GB1-1998,114,Denmark,28,Allan Nielsen,Tottenham Hotspur,18,3
GB1-1998,115,England,26,Chris Sutton,Blackburn Rovers,17,3
GB1-1998,116,England,30,Andy Hinchcliffe,Sheffield Wednesday,32,3
GB1-1998,117,England,27,Jason Wilcox,Blackburn Rovers,30,3
GB1-1998,118,Greece,25,Nikolaos Dabizas,Newcastle United,30,3
GB1-1998,119,England,33,Neil Redfearn,Charlton Athletic,30,3
GB1-1998,120,England,24,Chris Bart-Williams,Nottingham Forest,24,3
GB1-1998,121,Norway,29,Ronny Johnsen,Manchester United,22,3
GB1-1998,122,Montserrat,31,Ruel Fox,Tottenham Hotspur,20,3
GB1-1998,123,Sweden,28,Martin Pringle,Charlton Athletic,18,3
GB1-1998,124,Guyana,21,Carl Cort,Wimbledon FC (- 2004),16,3
GB1-1998,125,Wales,27,Nathan Blake,Blackburn Rovers,11,3
GB1-1998,126,England,21,Matt Jansen,Blackburn Rovers,11,3
GB1-1998,127,England,33,Ian Marshall,Leicester City,10,3
GB1-1998,128,England,28,Graham Stuart,Charlton Athletic,8,3
GB1-1998,129,Latvia,22,Marians Pahars,Southampton FC,6,3
GB1-1998,130,England,24,Nicky Butt,Manchester United,31,2
GB1-1998,131,England,21,Danny Mills,Charlton Athletic,36,2
GB1-1998,132,Italy,28,Roberto Di Matteo,Chelsea FC,30,2
GB1-1998,133,Norway,23,Vegard Heggem,Liverpool FC,29,2
GB1-1998,134,England,25,Alan Thompson,Aston Villa,25,2
GB1-1998,135,England,33,Teddy Sheringham,Manchester United,17,2
GB1-1998,136,England,25,Garry Flitcroft,Blackburn Rovers,8,2
GB1-1998,137,Netherlands,32,Wim Jonk,Sheffield Wednesday,38,2
GB1-1998,138,England,24,Ian Pearce,West Ham United,33,2
GB1-1998,139,Ireland,33,Denis Irwin,Manchester United,29,2
GB1-1998,140,Norway,32,Trond Soltvedt,Coventry City,27,2
GB1-1998,141,England,26,Ugo Ehiogu,Aston Villa,25,2
GB1-1998,142,French Guiana,23,Jean-Claude Darcheville,Nottingham Forest,16,2
GB1-1998,143,Portugal,25,José Dominguez,Tottenham Hotspur,13,2
GB1-1998,144,England,18,Gareth Barry,Aston Villa,32,2
GB1-1998,145,England,19,Jonathan Woodgate,Leeds United,25,2
GB1-1998,146,Germany,28,Stefan Schnoor,Derby County,23,2
GB1-1998,147,England,30,Chris Marsden,Southampton FC,14,2
GB1-1998,148,Netherlands,24,Jordi Cruijff,Manchester United,5,2
GB1-1998,149,England,29,Peter Atherton,Sheffield Wednesday,38,2
GB1-1998,150,Ireland,27,Roy Keane,Manchester United,35,2
GB1-1998,151,England,30,Steve Chettle,Nottingham Forest,34,2
GB1-1998,152,Scotland,27,Paul Telfer,Coventry City,32,2
GB1-1998,153,France,24,Olivier Dacourt,Everton FC,30,2
GB1-1998,154,England,25,Andy Roberts,Wimbledon FC (- 2004),28,2
GB1-1998,155,England,31,Neil Ruddock,West Ham United,27,2
GB1-1998,156,Italy,30,Gianluca Festa,Middlesbrough FC,25,2
GB1-1998,157,England,28,Mark Draper,Aston Villa,23,2
GB1-1998,158,England,21,Matt Oakley,Southampton FC,22,2
GB1-1998,159,England,28,Eddie Youds,Charlton Athletic,21,2
GB1-1998,160,England,23,Riccardo Scimeca,Aston Villa,18,2
GB1-1998,161,Netherlands,29,Robert Molenaar,Leeds United,17,2
GB1-1998,162,Norway,33,Gunnar Halle,Leeds United,17,2
GB1-1998,163,England,23,Phil Stamp,Middlesbrough FC,16,2
GB1-1998,164,Switzerland,27,Ramon Vega,Tottenham Hotspur,16,2
GB1-1998,165,Sweden,25,Andreas Andersson,Newcastle United,15,2
GB1-1998,166,Netherlands,24,Willem Korsten,Leeds United,7,2
GB1-1998,167,Slovakia,30,Vladimír Kinder,Middlesbrough FC,5,2
GB1-1998,168,Northern Ireland,27,Neil Lennon,Leicester City,37,1
GB1-1998,169,England,24,Gary Neville,Manchester United,34,1
GB1-1998,170,England,21,Jamie Carragher,Liverpool FC,34,1
GB1-1998,171,Northern Ireland,25,Steve Lomas,West Ham United,30,1
GB1-1998,172,Scotland,28,Scot Gemmill,for 2 clubs,27,1
GB1-1998,173,Sweden,25,Jesper Blomqvist,Manchester United,25,1
GB1-1998,174,England,28,Stan Collymore,Aston Villa,20,1
GB1-1998,175,Ireland,35,Andy Townsend,Middlesbrough FC,35,1
GB1-1998,176,Wales,24,Robbie Savage,Leicester City,34,1
GB1-1998,177,England,28,Jason Dodd,Southampton FC,28,1
GB1-1998,178,England,29,Steve Jones,Charlton Athletic,24,1
GB1-1998,179,England,26,Steve Froggatt,Coventry City,22,1
GB1-1998,180,Greece,27,Theodoros Zagorakis,Leicester City,19,1
GB1-1998,181,England,22,Stephen Hughes,Arsenal FC,14,1
GB1-1998,182,Brazil,27,Émerson Thome,Sheffield Wednesday,38,1
GB1-1998,183,England,32,Martin Keown,Arsenal FC,34,1
GB1-1998,184,Scotland,22,Callum Davidson,Blackburn Rovers,34,1
GB1-1998,185,France,25,Laurent Charvet,Newcastle United,31,1
GB1-1998,186,Netherlands,26,Jaap Stam,Manchester United,30,1
GB1-1998,187,England,31,Darren Peacock,Blackburn Rovers,30,1
GB1-1998,188,Northern Ireland,27,Michael Hughes,Wimbledon FC (- 2004),29,1
GB1-1998,189,Norway,26,Alf-Inge Haaland,Leeds United,29,1
GB1-1998,190,Ireland,20,Damien Duff,Blackburn Rovers,28,1
GB1-1998,191,France,32,Thierry Bonalair,Nottingham Forest,27,1
GB1-1998,192,Ireland,27,Jason McAteer,for 2 clubs,26,1
GB1-1998,193,Northern Ireland,24,Keith Gillespie,for 2 clubs,23,1
GB1-1998,194,England,19,Marlon Harewood,Nottingham Forest,23,1
GB1-1998,195,England,22,Kevin Davies,Blackburn Rovers,21,1
GB1-1998,196,England,20,Jody Morris,Chelsea FC,18,1
GB1-1998,197,England,33,Tony Dorigo,Derby County,18,1
GB1-1998,198,Wales,28,Ceri Hughes,Wimbledon FC (- 2004),15,1
GB1-1998,199,England,19,David Dunn,Blackburn Rovers,14,1
GB1-1998,200,France,20,Louis Saha,Newcastle United,11,1
GB1-1998,201,Italy,34,Gianluca Vialli,Chelsea FC,9,1
GB1-1998,202,England,28,Gareth Southgate,Aston Villa,38,1
GB1-1998,203,England,25,David Unsworth,Everton FC,34,1
GB1-1998,204,England,28,Spencer Prior,Derby County,34,1
GB1-1998,205,England,32,Colin Cooper,Middlesbrough FC,33,1
GB1-1998,206,Wales,35,Mark Hughes,Southampton FC,32,1
GB1-1998,207,Jamaica,27,Frank Sinclair,Leicester City,31,1
GB1-1998,208,Ireland,25,Lee Carsley,for 2 clubs,30,1
GB1-1998,209,England,31,Steve Vickers,Middlesbrough FC,30,1
GB1-1998,210,England,29,Carl Tiler,for 2 clubs,29,1
GB1-1998,211,England,24,Richard Rufus,Charlton Athletic,27,1
GB1-1998,212,Italy,25,Marco Materazzi,Everton FC,27,1
GB1-1998,213,Scotland,23,Kevin Harper,Derby County,27,1
GB1-1998,214,England,32,Tony Adams,Arsenal FC,26,1
GB1-1998,215,England,33,Keith Jones,Charlton Athletic,25,1
GB1-1998,216,Netherlands,34,Ken Monkou,Southampton FC,22,1
GB1-1998,217,Northern Ireland,20,Damien Johnson,Blackburn Rovers,21,1
GB1-1998,218,Scotland,30,John Collins,Everton FC,20,1
GB1-1998,219,Scotland,25,Dominic Matteo,Liverpool FC,20,1
GB1-1998,220,England,24,Neil Shipperley,Nottingham Forest,20,1
GB1-1998,221,England,21,Ritchie Humphreys,Sheffield Wednesday,18,1
GB1-1998,222,Norway,26,Jon Olav Hjelde,Nottingham Forest,17,1
GB1-1998,223,Sweden,22,Freddie Ljungberg,Arsenal FC,16,1
GB1-1998,224,England,23,Lee Briscoe,Sheffield Wednesday,16,1
GB1-1998,225,France,33,Patrick Colleter,Southampton FC,16,1
GB1-1998,226,England,30,Paul Mortimer,Charlton Athletic,16,1
GB1-1998,227,England,21,David Thompson,Liverpool FC,14,1
GB1-1998,228,Ireland,30,Curtis Fleming,Middlesbrough FC,14,1
GB1-1998,229,Wales,23,Christian Edwards,Nottingham Forest,13,1
GB1-1998,230,Portugal,23,Bruno Ribeiro,Leeds United,12,1
GB1-1998,231,Scotland,21,Paul Dalglish,Newcastle United,11,1
GB1-1998,232,England,28,Gary Charles,Aston Villa,11,1
GB1-1998,233,Finland,18,Mikael Forssell,Chelsea FC,10,1
GB1-1998,234,Italy,27,Dario Marcolin,Blackburn Rovers,10,1
GB1-1998,235,Italy,29,Pierluigi Casiraghi,Chelsea FC,10,1
GB1-1998,236,Norway,28,Øyvind Leonhardsen,Liverpool FC,9,1
GB1-1998,237,Portugal,25,Porfírio,Nottingham Forest,9,1
GB1-1998,238,England,31,David Howells,Southampton FC,9,1
GB1-1998,239,England,24,Alun Armstrong,Middlesbrough FC,6,1
GB1-1998,240,England,21,Richard Cresswell,Sheffield Wednesday,6,1
GB1-1998,241,England,27,Jonathan Hunt,Derby County,6,1
GB1-1998,242,France,24,Sébastien Pérez,Blackburn Rovers,5,1
GB1-1998,243,England,34,Geoff Thomas,Nottingham Forest,5,1
GB1-1998,244,England,36,Mark Bright,Charlton Athletic,5,1
GB1-1998,245,England,21,Steve Basham,Southampton FC,4,1
GB1-1998,246,France,28,Stéphane Guivarc'h,Newcastle United,4,1
GB1-1998,247,Scotland,24,Phil Scott,Sheffield Wednesday,3,1
GB1-1999,1,England,26,Kevin Phillips,Sunderland AFC,36,30
GB1-1999,2,England,29,Alan Shearer,Newcastle United,37,23
GB1-1999,3,Trinidad and Tobago,28,Dwight Yorke,Manchester United,32,20
GB1-1999,4,England,28,Andy Cole,Manchester United,28,19
GB1-1999,5,England,21,Michael Bridges,Leeds United,34,19
GB1-1999,6,France,22,Thierry Henry,Arsenal FC,31,17
GB1-1999,7,Italy,31,Paolo Di Canio,West Ham United,30,16
GB1-1999,8,Ireland,33,Niall Quinn,Sunderland AFC,37,14
GB1-1999,9,Norway,23,Steffen Iversen,Tottenham Hotspur,36,14
GB1-1999,10,England,28,Chris Armstrong,Tottenham Hotspur,31,14
GB1-1999,11,Latvia,23,Marians Pahars,Southampton FC,33,13
GB1-1999,12,England,34,Tony Cottee,Leicester City,33,13
GB1-1999,13,Norway,27,Ole Gunnar Solskjaer,Manchester United,28,12
GB1-1999,14,Nigeria,23,Nwankwo Kanu,Arsenal FC,31,12
GB1-1999,15,England,31,Dion Dublin,Aston Villa,26,12
GB1-1999,16,Costa Rica,23,Paulo Wanchope,West Ham United,35,12
GB1-1999,17,Ireland,19,Robbie Keane,Coventry City,31,12
GB1-1999,18,England,30,Kevin Campbell,Everton FC,26,12
GB1-1999,19,Colombia,26,Hámilton Ricard,Middlesbrough FC,34,12
GB1-1999,20,Scotland,35,Gary McAllister,Coventry City,38,11
GB1-1999,21,England,20,Michael Owen,Liverpool FC,27,11
GB1-1999,22,Belgium,28,Gilles De Bilde,Sheffield Wednesday,38,10
GB1-1999,23,England,22,Emile Heskey,for 2 clubs,35,10
GB1-1999,24,Australia,21,Harry Kewell,Leeds United,36,10
GB1-1999,25,England,26,Nick Barmby,Everton FC,37,10
GB1-1999,26,Norway,26,Tore André Flo,Chelsea FC,34,10
GB1-1999,27,Uruguay,32,Gustavo Poyet,Chelsea FC,33,10
GB1-1999,28,England,31,Dean Windass,Bradford City,38,10
GB1-1999,29,England,25,Paul Scholes,Manchester United,31,9
GB1-1999,30,Czech Republic,26,Patrik Berger,Liverpool FC,34,9
GB1-1999,31,Wales,30,Gary Speed,Newcastle United,36,9
GB1-1999,32,Guyana,22,Carl Cort,Wimbledon FC (- 2004),34,9
GB1-1999,33,Guinea,27,Titi Camara,Liverpool FC,33,9
GB1-1999,34,England,32,Brian Deane,Middlesbrough FC,29,9
GB1-1999,35,Wales,25,John Hartson,Wimbledon FC (- 2004),16,9
GB1-1999,36,Türkiye,25,Muzzy Izzet,Leicester City,32,8
GB1-1999,37,Ireland,23,Rory Delap,Derby County,34,8
GB1-1999,38,Croatia,32,Davor Suker,Arsenal FC,22,8
GB1-1999,39,England,31,Tim Sherwood,Tottenham Hotspur,27,8
GB1-1999,40,England,27,Trevor Sinclair,West Ham United,36,7
GB1-1999,41,Netherlands,27,Marc Overmars,Arsenal FC,31,7
GB1-1999,42,England,21,Frank Lampard,West Ham United,34,7
GB1-1999,43,England,34,Peter Beagrie,Bradford City,34,7
GB1-1999,44,Jamaica,29,Marcus Gayle,Wimbledon FC (- 2004),36,7
GB1-1999,45,England,25,David Beckham,Manchester United,31,6
GB1-1999,46,Wales,26,Ryan Giggs,Manchester United,30,6
GB1-1999,47,Netherlands,30,Dennis Bergkamp,Arsenal FC,28,6
GB1-1999,48,Ireland,22,Ian Harte,Leeds United,33,6
GB1-1999,49,England,25,Julian Joachim,Aston Villa,33,6
GB1-1999,50,England,26,David Unsworth,Everton FC,33,6
GB1-1999,51,Belgium,22,Cédric Roussel,Coventry City,22,6
GB1-1999,52,Scotland,31,Matt Elliott,Leicester City,37,6
GB1-1999,53,Morocco,28,Mustapha Hadji,Coventry City,33,6
GB1-1999,54,Scotland,29,Don Hutchison,Everton FC,30,6
GB1-1999,55,Sweden,23,Freddie Ljungberg,Arsenal FC,26,6
GB1-1999,56,Northern Ireland,29,Gerry Taggart,Leicester City,31,6
GB1-1999,57,Germany,28,Christian Ziege,Middlesbrough FC,29,6
GB1-1999,58,Scotland,28,Duncan Ferguson,Newcastle United,23,6
GB1-1999,59,England,26,Dean Sturridge,Derby County,25,6
GB1-1999,60,England,23,Kevin Davies,Southampton FC,23,6
GB1-1999,61,Iceland,22,Heidar Helguson,Watford FC,16,6
GB1-1999,62,United States,29,Joe-Max Moore,Everton FC,15,6
GB1-1999,63,England,32,Paul Merson,Aston Villa,32,5
GB1-1999,64,Italy,28,Benny Carbone,for 2 clubs,31,5
GB1-1999,65,England,34,Teddy Sheringham,Manchester United,27,5
GB1-1999,66,England,23,Lee Bowyer,Leeds United,33,5
GB1-1999,67,Morocco,27,Hassan Kachloul,Southampton FC,32,5
GB1-1999,68,Ireland,28,Roy Keane,Manchester United,29,5
GB1-1999,69,England,19,Francis Jeffers,Everton FC,21,5
GB1-1999,70,Scotland,28,Craig Burley,Derby County,18,5
GB1-1999,71,Sweden,28,Niclas Alexandersson,Sheffield Wednesday,37,5
GB1-1999,72,England,31,Ian Taylor,Aston Villa,29,5
GB1-1999,73,Netherlands,26,Gerald Sibon,Sheffield Wednesday,28,5
GB1-1999,74,DR Congo,32,Felix Michel Ngonge,Watford FC,23,5
GB1-1999,75,England,21,Malcolm Christie,Derby County,21,5
GB1-1999,76,England,29,Lee Mills,Bradford City,21,5
GB1-1999,77,Belgium,30,Branko Strupar,Derby County,15,5
GB1-1999,78,Scotland,25,Allan Smart,Watford FC,14,5
GB1-1999,79,Romania,32,Dan Petrescu,Chelsea FC,29,4
GB1-1999,80,France,33,David Ginola,Tottenham Hotspur,36,4
GB1-1999,81,England,22,Gavin McCann,Sunderland AFC,24,4
GB1-1999,82,Italy,33,Gianfranco Zola,Chelsea FC,33,4
GB1-1999,83,England,19,Alan Smith,Leeds United,26,4
GB1-1999,84,Jamaica,23,Deon Burton,Derby County,19,4
GB1-1999,85,England,33,Dennis Wise,Chelsea FC,30,4
GB1-1999,86,England,21,Andy Campbell,Middlesbrough FC,25,4
GB1-1999,87,Norway,29,Øyvind Leonhardsen,Tottenham Hotspur,22,4
GB1-1999,88,Jamaica,23,Jason Euell,Wimbledon FC (- 2004),37,4
GB1-1999,89,Greece,26,Nikolaos Dabizas,Newcastle United,29,4
GB1-1999,90,Brazil,27,Juninho Paulista,Middlesbrough FC,28,4
GB1-1999,91,Norway,28,Jo Tessem,Southampton FC,25,4
GB1-1999,92,England,29,Stan Collymore,Leicester City,6,4
GB1-1999,93,Peru,25,Nolberto Solano,Newcastle United,30,3
GB1-1999,94,England,21,Kieron Dyer,Newcastle United,30,3
GB1-1999,95,France,29,Emmanuel Petit,Arsenal FC,26,3
GB1-1999,96,Scotland,30,Alex Rae,Sunderland AFC,26,3
GB1-1999,97,England,25,Nicky Butt,Manchester United,32,3
GB1-1999,98,France,22,Didier Domi,Newcastle United,27,3
GB1-1999,99,England,22,David Thompson,Liverpool FC,27,3
GB1-1999,100,Ireland,23,Stephen Carr,Tottenham Hotspur,34,3
GB1-1999,101,England,32,Paul Ince,Middlesbrough FC,32,3
GB1-1999,102,Netherlands,33,Wim Jonk,Sheffield Wednesday,30,3
GB1-1999,103,England,23,Danny Murphy,Liverpool FC,23,3
GB1-1999,104,England,28,Darren Anderton,Tottenham Hotspur,22,3
GB1-1999,105,England,28,Jason Wilcox,Leeds United,20,3
GB1-1999,106,Ireland,20,Alan Quinn,Sheffield Wednesday,19,3
GB1-1999,107,Jamaica,25,Micah Hyde,Watford FC,34,3
GB1-1999,108,Wales,35,Dean Saunders,Bradford City,34,3
GB1-1999,109,England,22,Matt Oakley,Southampton FC,31,3
GB1-1999,110,England,36,Lee Dixon,Arsenal FC,28,3
GB1-1999,111,Ireland,34,Denis Irwin,Manchester United,25,3
GB1-1999,112,Australia,26,Richard Johnson,Watford FC,23,3
GB1-1999,113,Liberia,33,George Weah,Chelsea FC,11,3
GB1-1999,114,England,21,Jody Morris,Chelsea FC,30,3
GB1-1999,115,Jamaica,35,Robbie Earle,Wimbledon FC (- 2004),25,3
GB1-1999,116,Jamaica,30,Jamie Lawrence,Bradford City,23,3
GB1-1999,117,England,26,Jamie Redknapp,Liverpool FC,22,3
GB1-1999,118,England,31,Matt Le Tissier,Southampton FC,18,3
GB1-1999,119,England,25,Robbie Fowler,Liverpool FC,14,3
GB1-1999,120,Netherlands,26,Jordi Cruijff,Manchester United,8,3
GB1-1999,121,England,24,Darren Huckerby,for 2 clubs,35,2
GB1-1999,122,England,31,Steve Guppy,Leicester City,30,2
GB1-1999,123,France,23,Patrick Vieira,Arsenal FC,30,2
GB1-1999,124,Finland,26,Sami Hyypiä,Liverpool FC,38,2
GB1-1999,125,Morocco,27,Youssef Chippo,Coventry City,33,2
GB1-1999,126,Wales,29,Mark Pembridge,Everton FC,31,2
GB1-1999,127,Wales,36,Mark Hughes,for 2 clubs,29,2
GB1-1999,128,England,26,Alan Thompson,Aston Villa,21,2
GB1-1999,129,Northern Ireland,28,Michael Hughes,Wimbledon FC (- 2004),20,2
GB1-1999,130,Scotland,32,John Collins,Everton FC,35,2
GB1-1999,131,England,29,Gareth Southgate,Aston Villa,31,2
GB1-1999,132,Jamaica,28,Darryl Powell,Derby County,31,2
GB1-1999,133,Norway,22,Eirik Bakke,Leeds United,28,2
GB1-1999,134,France,29,Gilles Grimandi,Arsenal FC,28,2
GB1-1999,135,Northern Ireland,20,Aaron Hughes,Newcastle United,27,2
GB1-1999,136,Ireland,20,Stephen McPhail,Leeds United,24,2
GB1-1999,137,England,26,Andy Booth,Sheffield Wednesday,23,2
GB1-1999,138,Italy,29,Roberto Di Matteo,Chelsea FC,18,2
GB1-1999,139,England,27,Neal Ardley,Wimbledon FC (- 2004),17,2
GB1-1999,140,Norway,25,Andreas Lund,Wimbledon FC (- 2004),12,2
GB1-1999,141,Mali,22,Frédéric Kanouté,West Ham United,8,2
GB1-1999,142,France,31,Xavier Gravelaine,Watford FC,7,2
GB1-1999,143,South Africa,22,Quinton Fortune,Manchester United,6,2
GB1-1999,144,England,29,David Wetherall,Bradford City,38,2
GB1-1999,145,Scotland,30,David Weir,Everton FC,35,2
GB1-1999,146,England,25,Dean Richards,Southampton FC,35,2
GB1-1999,147,Netherlands,24,George Boateng,Aston Villa,33,2
GB1-1999,148,England,24,Robbie Blake,Bradford City,29,2
GB1-1999,149,England,28,Andy Impey,Leicester City,29,2
GB1-1999,150,Italy,31,Gianluca Festa,Middlesbrough FC,29,2
GB1-1999,151,Argentina,26,Horacio Carbonari,Derby County,29,2
GB1-1999,152,France,32,Frank Leboeuf,Chelsea FC,28,2
GB1-1999,153,England,19,Tommy Smith,Watford FC,23,2
GB1-1999,154,Norway,26,Petter Rudi,Sheffield Wednesday,20,2
GB1-1999,155,Scotland,33,Kevin Gallacher,Newcastle United,20,2
GB1-1999,156,England,20,Jon Harley,Chelsea FC,17,2
GB1-1999,157,France,28,Bernard Lambourde,Chelsea FC,15,2
GB1-1999,158,England,28,Tommy Mooney,Watford FC,12,2
GB1-1999,159,England,33,Les Ferdinand,Tottenham Hotspur,9,2
GB1-1999,160,Peru,23,Ysrael Zúñiga,Coventry City,7,2
GB1-1999,161,Australia,23,John Aloisi,Coventry City,7,2
GB1-1999,162,England,22,Richard Walker,Aston Villa,5,2
GB1-1999,163,England,26,Gareth Ainsworth,Wimbledon FC (- 2004),2,2
GB1-1999,164,England,28,Nicky Summerbee,Sunderland AFC,32,1
GB1-1999,165,Northern Ireland,26,Steve Lomas,West Ham United,25,1
GB1-1999,166,Georgia,26,Giorgi Kinkladze,Derby County,17,1
GB1-1999,167,England,28,Alan Wright,Aston Villa,32,1
GB1-1999,168,Brazil,26,Sylvinho,Arsenal FC,31,1
GB1-1999,169,Northern Ireland,28,Neil Lennon,Leicester City,31,1
GB1-1999,170,Cameroon,25,Marc-Vivien Foé,West Ham United,25,1
GB1-1999,171,England,28,Steve Stone,Aston Villa,24,1
GB1-1999,172,England,21,Seth Johnson,Derby County,36,1
GB1-1999,173,Scotland,35,Stuart McCall,Bradford City,34,1
GB1-1999,174,England,27,Ray Parlour,Arsenal FC,30,1
GB1-1999,175,England,19,Gareth Barry,Aston Villa,30,1
GB1-1999,176,England,22,Lee Hendrie,Aston Villa,29,1
GB1-1999,177,England,31,Andy Hinchcliffe,Sheffield Wednesday,29,1
GB1-1999,178,Wales,24,Mark Delaney,Aston Villa,28,1
GB1-1999,179,Sweden,30,Stefan Schwarz,Sunderland AFC,27,1
GB1-1999,180,Czech Republic,26,Vladimir Smicer,Liverpool FC,21,1
GB1-1999,181,Ireland,23,Kevin Kilbane,Sunderland AFC,20,1
GB1-1999,182,Scotland,29,David Hopkin,Leeds United,14,1
GB1-1999,183,England,23,Stephen Hughes,for 2 clubs,13,1
GB1-1999,184,Ireland,27,Paul Butler,Sunderland AFC,32,1
GB1-1999,185,England,19,Steven Gerrard,Liverpool FC,29,1
GB1-1999,186,Scotland,38,Richard Gough,Everton FC,29,1
GB1-1999,187,England,21,Stefan Oakes,Leicester City,22,1
GB1-1999,188,England,22,Danny Mills,Leeds United,17,1
GB1-1999,189,England,26,Gareth Whalley,Bradford City,16,1
GB1-1999,190,Italy,24,Alessandro Pistone,Newcastle United,15,1
GB1-1999,191,England,18,Michael Carrick,West Ham United,8,1
GB1-1999,192,Germany,27,Stefan Malz,Arsenal FC,5,1
GB1-1999,193,Switzerland,28,Ramon Vega,Tottenham Hotspur,5,1
GB1-1999,194,England,27,Chris Perry,Tottenham Hotspur,37,1
GB1-1999,195,Ireland,20,Andrew O'Brien,Bradford City,36,1
GB1-1999,196,Wales,25,Rob Page,Watford FC,36,1
GB1-1999,197,Wales,25,Robbie Savage,Leicester City,35,1
GB1-1999,198,Denmark,28,Jacob Laursen,Derby County,35,1
GB1-1999,199,England,30,Peter Atherton,Sheffield Wednesday,35,1
GB1-1999,200,England,20,Jonathan Woodgate,Leeds United,34,1
GB1-1999,201,England,27,Chris Makin,Sunderland AFC,34,1
GB1-1999,202,England,27,Ugo Ehiogu,Aston Villa,31,1
GB1-1999,203,Germany,26,Dietmar Hamann,Liverpool FC,28,1
GB1-1999,204,England,29,Paul Williams,Coventry City,28,1
GB1-1999,205,England,27,Chris Sutton,Chelsea FC,28,1
GB1-1999,206,England,33,Martin Keown,Arsenal FC,27,1
GB1-1999,207,England,26,Phil Gilchrist,Leicester City,27,1
GB1-1999,208,England,25,Noel Whelan,Coventry City,26,1
GB1-1999,209,England,27,Steve Froggatt,Coventry City,26,1
GB1-1999,210,England,20,Michael Ball,Everton FC,25,1
GB1-1999,211,Iceland,25,Hermann Hreidarsson,Wimbledon FC (- 2004),24,1
GB1-1999,212,Croatia,32,Igor Stimac,West Ham United,24,1
GB1-1999,213,Norway,33,Trond Soltvedt,for 2 clubs,24,1
GB1-1999,214,France,31,Marcel Desailly,Chelsea FC,23,1
GB1-1999,215,England,32,Stuart Ripley,Southampton FC,23,1
GB1-1999,216,England,33,John Moncur,West Ham United,22,1
GB1-1999,217,Norway,30,Henning Berg,Manchester United,22,1
GB1-1999,218,England,18,Joe Cole,West Ham United,22,1
GB1-1999,219,Northern Ireland,29,Mark Williams,Watford FC,22,1
GB1-1999,220,Norway,24,Vegard Heggem,Liverpool FC,21,1
GB1-1999,221,Israel,26,Walid Badir,Wimbledon FC (- 2004),21,1
GB1-1999,222,England,34,Gary Pallister,Middlesbrough FC,21,1
GB1-1999,223,England,22,Stephen Clemence,Tottenham Hotspur,20,1
GB1-1999,224,Netherlands,22,Nordin Wooter,Watford FC,20,1
GB1-1999,225,England,22,Richard Cresswell,Sheffield Wednesday,20,1
GB1-1999,226,England,19,Wayne Bridge,Southampton FC,18,1
GB1-1999,227,Northern Ireland,26,Peter Kennedy,Watford FC,18,1
GB1-1999,228,Chile,31,Javier Margas,West Ham United,18,1
GB1-1999,229,England,20,Danny Cadamarteri,Everton FC,17,1
GB1-1999,230,Greece,28,Theodoros Zagorakis,Leicester City,17,1
GB1-1999,231,England,34,Neil Redfearn,Bradford City,17,1
GB1-1999,232,Portugal,22,Luís Boa Morte,for 2 clubs,16,1
GB1-1999,233,England,20,John Eustace,Coventry City,16,1
GB1-1999,234,England,34,Carlton Palmer,Coventry City,15,1
GB1-1999,235,Scotland,29,Scot Gemmill,Everton FC,14,1
GB1-1999,236,Norway,23,Martin Andresen,Wimbledon FC (- 2004),14,1
GB1-1999,237,England,36,John Dreyer,Bradford City,14,1
GB1-1999,238,England,24,Michael Duberry,Leeds United,13,1
GB1-1999,239,England,20,David Perpetuini,Watford FC,13,1
GB1-1999,240,Scotland,25,Simon Donnelly,Sheffield Wednesday,12,1
GB1-1999,241,England,25,Alun Armstrong,Middlesbrough FC,12,1
GB1-1999,242,Morocco,31,Tahar El Khalej,Southampton FC,11,1
GB1-1999,243,Scotland,20,Robbie Stockdale,Middlesbrough FC,11,1
GB1-1999,244,Denmark,26,Mikkel Beck,Derby County,11,1
GB1-1999,245,Ireland,23,Dominic Foley,Watford FC,11,1
GB1-1999,246,England,21,Darren Ward,Watford FC,9,1
GB1-1999,247,England,32,Paul Gascoigne,Middlesbrough FC,8,1
GB1-1999,248,Argentina,26,Esteban Fuertes,Derby County,8,1
GB1-1999,249,Portugal,29,Hélder Cristóvão,Newcastle United,8,1
GB1-1999,250,Ireland,19,Michael Reddy,Sunderland AFC,8,1
GB1-1999,251,Scotland,23,Stephen Glass,Newcastle United,7,1
GB1-1999,252,Paraguay,20,Diego Gavilán,Newcastle United,6,1
GB1-1999,253,Israel,27,Avi Nimni,Derby County,4,1
GB1-1999,254,England,21,Andy Griffin,Newcastle United,3,1
GB1-1999,255,Norway,27,Egil Østenstad,Southampton FC,3,1
GB1-2000,1,Netherlands,29,Jimmy Floyd Hasselbaink,Chelsea FC,35,23
GB1-2000,2,England,28,Marcus Stewart,Ipswich Town,34,19
GB1-2000,3,France,23,Thierry Henry,Arsenal FC,35,17
GB1-2000,4,Australia,25,Mark Viduka,Leeds United,34,17
GB1-2000,5,England,21,Michael Owen,Liverpool FC,28,16
GB1-2000,6,England,35,Teddy Sheringham,Manchester United,29,15
GB1-2000,7,England,27,Kevin Phillips,Sunderland AFC,34,14
GB1-2000,8,England,23,Emile Heskey,Liverpool FC,36,14
GB1-2000,9,Croatia,31,Alen Bokšić,Middlesbrough FC,28,12
GB1-2000,10,Uruguay,33,Gustavo Poyet,Chelsea FC,29,11
GB1-2000,11,Mali,23,Frédéric Kanouté,West Ham United,32,11
GB1-2000,12,England,23,James Beattie,Southampton FC,36,11
GB1-2000,13,England,20,Alan Smith,Leeds United,33,11
GB1-2000,14,Finland,25,Jonatan Johansson,Charlton Athletic,31,11
GB1-2000,15,Norway,28,Ole Gunnar Solskjaer,Manchester United,31,10
GB1-2000,16,Iceland,22,Eidur Gudjohnsen,Chelsea FC,29,10
GB1-2000,17,England,34,Les Ferdinand,Tottenham Hotspur,28,10
GB1-2000,18,England,26,David Beckham,Manchester United,31,9
GB1-2000,19,Italy,32,Paolo Di Canio,West Ham United,31,9
GB1-2000,20,Costa Rica,24,Paulo Wanchope,Manchester City,27,9
GB1-2000,21,Trinidad and Tobago,29,Dwight Yorke,Manchester United,22,9
GB1-2000,22,England,24,Lee Bowyer,Leeds United,38,9
GB1-2000,23,Italy,34,Gianfranco Zola,Chelsea FC,36,9
GB1-2000,24,Ukraine,26,Sergiy Rebrov,Tottenham Hotspur,29,9
GB1-2000,25,England,29,Andy Cole,Manchester United,19,9
GB1-2000,26,England,31,Kevin Campbell,Everton FC,29,9
GB1-2000,27,Ireland,20,Robbie Keane,Leeds United,18,9
GB1-2000,28,Nigeria,26,Ade Akinbiyi,Leicester City,37,9
GB1-2000,29,Latvia,24,Marians Pahars,Southampton FC,31,9
GB1-2000,30,France,26,Sylvain Wiltord,Arsenal FC,27,8
GB1-2000,31,Scotland,30,Don Hutchison,Sunderland AFC,31,8
GB1-2000,32,England,26,Robbie Fowler,Liverpool FC,27,8
GB1-2000,33,England,22,Malcolm Christie,Derby County,34,8
GB1-2000,34,England,32,Dion Dublin,Aston Villa,33,8
GB1-2000,35,Ireland,23,Ian Harte,Leeds United,29,7
GB1-2000,36,England,22,Frank Lampard,West Ham United,30,7
GB1-2000,37,Ireland,34,Niall Quinn,Sunderland AFC,34,7
GB1-2000,38,England,20,Steven Gerrard,Liverpool FC,33,7
GB1-2000,39,England,26,Alun Armstrong,Ipswich Town,21,7
GB1-2000,40,South Africa,28,Shaun Bartlett,Charlton Athletic,18,7
GB1-2000,41,Türkiye,26,Muzzy Izzet,Leicester City,27,7
GB1-2000,42,England,26,Julian Joachim,Aston Villa,20,7
GB1-2000,43,Peru,26,Nolberto Solano,Newcastle United,33,6
GB1-2000,44,England,26,Paul Scholes,Manchester United,32,6
GB1-2000,45,Sweden,24,Freddie Ljungberg,Arsenal FC,30,6
GB1-2000,46,England,33,Paul Merson,Aston Villa,38,6
GB1-2000,47,Guyana,23,Carl Cort,Newcastle United,13,6
GB1-2000,48,England,29,Steve Howey,Manchester City,36,6
GB1-2000,49,England,24,Lee Hendrie,Aston Villa,32,6
GB1-2000,50,Morocco,29,Mustapha Hadji,Coventry City,29,6
GB1-2000,51,Bermuda,31,Shaun Goater,Manchester City,26,6
GB1-2000,52,Scotland,29,Duncan Ferguson,Everton FC,12,6
GB1-2000,53,Wales,21,Craig Bellamy,Coventry City,34,6
GB1-2000,54,Netherlands,26,Martijn Reuser,Ipswich Town,26,6
GB1-2000,55,Sweden,26,Mathias Svensson,Charlton Athletic,22,6
GB1-2000,56,Wales,26,John Hartson,Coventry City,12,6
GB1-2000,57,England,20,Francis Jeffers,Everton FC,12,6
GB1-2000,58,Belgium,31,Branko Strupar,Derby County,9,6
GB1-2000,59,Wales,27,Ryan Giggs,Manchester United,31,5
GB1-2000,60,Scotland,36,Gary McAllister,Liverpool FC,30,5
GB1-2000,61,England,19,Joe Cole,West Ham United,30,5
GB1-2000,62,England,22,Kieron Dyer,Newcastle United,26,5
GB1-2000,63,England,30,Graham Stuart,Charlton Athletic,35,5
GB1-2000,64,France,24,Patrick Vieira,Arsenal FC,30,5
GB1-2000,65,Wales,31,Gary Speed,Newcastle United,35,5
GB1-2000,66,England,30,Alan Shearer,Newcastle United,19,5
GB1-2000,67,Denmark,24,Claus Jensen,Charlton Athletic,38,5
GB1-2000,68,England,32,Dean Windass,for 2 clubs,32,5
GB1-2000,69,Jamaica,24,Deon Burton,Derby County,32,5
GB1-2000,70,Italy,29,Benny Carbone,Bradford City,31,5
GB1-2000,71,England,27,David Unsworth,Everton FC,29,5
GB1-2000,72,France,27,Robert Pirès,Arsenal FC,33,4
GB1-2000,73,England,24,Danny Murphy,Liverpool FC,27,4
GB1-2000,74,England,30,Ashley Ward,Bradford City,33,4
GB1-2000,75,England,25,James Scowcroft,Ipswich Town,33,4
GB1-2000,76,France,30,Christian Karembeu,Middlesbrough FC,33,4
GB1-2000,77,Morocco,28,Hassan Kachloul,Southampton FC,32,4
GB1-2000,78,Ireland,24,Kevin Kilbane,Sunderland AFC,30,4
GB1-2000,79,Scotland,28,Paul Dickov,Manchester City,21,4
GB1-2000,80,England,28,Ray Parlour,Arsenal FC,33,4
GB1-2000,81,Colombia,27,Hámilton Ricard,Middlesbrough FC,27,4
GB1-2000,82,England,21,Danny Cadamarteri,Everton FC,16,4
GB1-2000,83,Wales,26,Robbie Savage,Leicester City,33,4
GB1-2000,84,Norway,29,Jo Tessem,Southampton FC,33,4
GB1-2000,85,England,32,Ian Taylor,Aston Villa,29,4
GB1-2000,86,England,27,Dean Sturridge,for 2 clubs,26,4
GB1-2000,87,England,20,Darius Vassell,Aston Villa,23,4
GB1-2000,88,England,25,Robbie Blake,Bradford City,21,4
GB1-2000,89,England,30,Andy Hunt,Charlton Athletic,8,4
GB1-2000,90,Germany,28,Markus Babbel,Liverpool FC,38,3
GB1-2000,91,Nigeria,24,Nwankwo Kanu,Arsenal FC,27,3
GB1-2000,92,England,34,Dennis Wise,Chelsea FC,36,3
GB1-2000,93,France,34,David Ginola,Aston Villa,27,3
GB1-2000,94,Ireland,27,Matt Holland,Ipswich Town,38,3
GB1-2000,95,Netherlands,32,Dennis Bergkamp,Arsenal FC,25,3
GB1-2000,96,Norway,27,Tore André Flo,Chelsea FC,14,3
GB1-2000,97,Finland,27,Sami Hyypiä,Liverpool FC,35,3
GB1-2000,98,Norway,28,Alf-Inge Haaland,Manchester City,35,3
GB1-2000,99,France,26,Olivier Dacourt,Leeds United,33,3
GB1-2000,100,England,28,Ugo Ehiogu,for 2 clubs,23,3
GB1-2000,101,England,23,Gavin McCann,Sunderland AFC,22,3
GB1-2000,102,England,26,Nicky Butt,Manchester United,28,3
GB1-2000,103,Norway,30,Øyvind Leonhardsen,Tottenham Hotspur,25,3
GB1-2000,104,England,23,David Thompson,Coventry City,25,3
GB1-2000,105,Ireland,21,Gary Doherty,Tottenham Hotspur,22,3
GB1-2000,106,England,20,Ashley Cole,Arsenal FC,17,3
GB1-2000,107,Iceland,28,Arnar Gunnlaugsson,Leicester City,17,3
GB1-2000,108,Ireland,24,Rory Delap,Derby County,33,3
GB1-2000,109,England,20,Chris Riggott,Derby County,31,3
GB1-2000,110,England,21,Michael Ball,Everton FC,29,3
GB1-2000,111,Ireland,24,Stephen Carr,Tottenham Hotspur,28,3
GB1-2000,112,Chile,26,Clarence Acuña,Newcastle United,26,3
GB1-2000,113,Romania,33,Dan Petrescu,for 2 clubs,26,3
GB1-2000,114,England,34,Mark Venus,Ipswich Town,25,3
GB1-2000,115,England,27,Trevor Sinclair,West Ham United,19,3
GB1-2000,116,Australia,25,John Aloisi,Coventry City,18,3
GB1-2000,117,Scotland,30,Eoin Jess,Bradford City,17,3
GB1-2000,118,Scotland,24,Stephen Glass,Newcastle United,14,3
GB1-2000,119,Netherlands,26,Willem Korsten,Tottenham Hotspur,13,3
GB1-2000,120,Cameroon,23,Joseph-Désiré Job,Middlesbrough FC,12,3
GB1-2000,121,England,29,Stan Collymore,for 2 clubs,12,3
GB1-2000,122,Czech Republic,27,Vladimir Smicer,Liverpool FC,27,2
GB1-2000,123,Ireland,29,Roy Keane,Manchester United,28,2
GB1-2000,124,Australia,22,Harry Kewell,Leeds United,17,2
GB1-2000,125,Czech Republic,27,Patrik Berger,Liverpool FC,14,2
GB1-2000,126,Australia,27,Danny Tiatto,Manchester City,33,2
GB1-2000,127,Germany,27,Dietmar Hamann,Liverpool FC,30,2
GB1-2000,128,Italy,20,Samuele Dalla Bona,Chelsea FC,29,2
GB1-2000,129,Argentina,20,Julio Arca,Sunderland AFC,27,2
GB1-2000,130,England,27,Nick Barmby,Liverpool FC,26,2
GB1-2000,131,England,28,Darren Anderton,Tottenham Hotspur,23,2
GB1-2000,132,Ireland,28,Mark Kinsella,Charlton Athletic,32,2
GB1-2000,133,England,21,John Eustace,Coventry City,32,2
GB1-2000,134,Wales,29,John Robinson,Charlton Athletic,29,2
GB1-2000,135,Brazil,27,Sylvinho,Arsenal FC,24,2
GB1-2000,136,Nigeria,19,Shola Ameobi,Newcastle United,20,2
GB1-2000,137,Scotland,31,Alex Rae,Sunderland AFC,18,2
GB1-2000,138,Northern Ireland,28,Kevin Horlock,Manchester City,14,2
GB1-2000,139,Wales,21,Simon Davies,Tottenham Hotspur,12,2
GB1-2000,140,England,25,Jermaine Wright,Ipswich Town,37,2
GB1-2000,141,England,25,Jamie Clapham,Ipswich Town,35,2
GB1-2000,142,France,32,Marcel Desailly,Chelsea FC,34,2
GB1-2000,143,England,39,Stuart Pearce,West Ham United,34,2
GB1-2000,144,Scotland,32,Matt Elliott,Leicester City,34,2
GB1-2000,145,England,32,Tim Sherwood,Tottenham Hotspur,33,2
GB1-2000,146,England,33,Paul Ince,Middlesbrough FC,30,2
GB1-2000,147,Norway,23,Eirik Bakke,Leeds United,29,2
GB1-2000,148,Netherlands,30,Fabian Wilnis,Ipswich Town,29,2
GB1-2000,149,Scotland,30,Scot Gemmill,Everton FC,28,2
GB1-2000,150,Italy,34,Stefano Eranio,Derby County,28,2
GB1-2000,151,England,33,Brian Deane,Middlesbrough FC,24,2
GB1-2000,152,Argentina,27,Carlos Daniel Cordone,Newcastle United,21,2
GB1-2000,153,Scotland,22,Gary Naysmith,Everton FC,20,2
GB1-2000,154,England,27,Gary Rowett,Leicester City,38,2
GB1-2000,155,England,22,Rio Ferdinand,for 2 clubs,35,2
GB1-2000,156,Netherlands,28,Gerard Wiekens,Manchester City,34,2
GB1-2000,157,England,29,Steve Stone,Aston Villa,34,2
GB1-2000,158,Denmark,25,Thomas Gravesen,Everton FC,32,2
GB1-2000,159,England,26,Richard Rufus,Charlton Athletic,32,2
GB1-2000,160,England,30,Gareth Southgate,Aston Villa,31,2
GB1-2000,161,England,34,Colin Cooper,Middlesbrough FC,27,2
GB1-2000,162,Italy,32,Gianluca Festa,Middlesbrough FC,25,2
GB1-2000,163,England,25,Darren Eadie,Leicester City,24,2
GB1-2000,164,Northern Ireland,30,Gerry Taggart,Leicester City,24,2
GB1-2000,165,Scotland,29,Craig Burley,Derby County,24,2
GB1-2000,166,Israel,25,Idan Tal,Everton FC,22,2
GB1-2000,167,England,26,Sol Campbell,Tottenham Hotspur,21,2
GB1-2000,168,Ireland,27,Lee Carsley,Coventry City,21,2
GB1-2000,169,England,32,Wayne Jacobs,Bradford City,21,2
GB1-2000,170,Sweden,29,Niclas Alexandersson,Everton FC,20,2
GB1-2000,171,England,28,Dean Gordon,Middlesbrough FC,19,2
GB1-2000,172,Scotland,34,Kevin Gallacher,Newcastle United,19,2
GB1-2000,173,Cameroon,24,Laurén,Arsenal FC,18,2
GB1-2000,174,Belgium,23,Cédric Roussel,Coventry City,16,2
GB1-2000,175,Norway,24,Steffen Iversen,Tottenham Hotspur,14,2
GB1-2000,176,England,20,Luke Chadwick,Manchester United,14,2
GB1-2000,177,Croatia,33,Davor Suker,West Ham United,12,2
GB1-2000,178,Croatia,29,Mario Stanic,Chelsea FC,12,2
GB1-2000,179,England,29,Chris Armstrong,Tottenham Hotspur,9,2
GB1-2000,180,South Africa,23,Quinton Fortune,Manchester United,7,2
GB1-2000,181,England,19,Michael Carrick,West Ham United,33,1
GB1-2000,182,Northern Ireland,22,Jeff Whitley,Manchester City,31,1
GB1-2000,183,England,23,Stephen Clemence,Tottenham Hotspur,29,1
GB1-2000,184,England,22,Seth Johnson,Derby County,30,1
GB1-2000,185,England,37,Lee Dixon,Arsenal FC,29,1
GB1-2000,186,Georgia,27,Giorgi Kinkladze,Derby County,24,1
GB1-2000,187,England,20,Wayne Bridge,Southampton FC,38,1
GB1-2000,188,England,26,Michael Gray,Sunderland AFC,36,1
GB1-2000,189,Ireland,27,Gary Breen,Coventry City,31,1
GB1-2000,190,France,23,Mikaël Silvestre,Manchester United,30,1
GB1-2000,191,France,30,Gilles Grimandi,Arsenal FC,30,1
GB1-2000,192,England,32,Steve Guppy,Leicester City,28,1
GB1-2000,193,England,34,Tony Adams,Arsenal FC,26,1
GB1-2000,194,Germany,29,Christian Ziege,Liverpool FC,16,1
GB1-2000,195,Liberia,34,George Weah,Manchester City,7,1
GB1-2000,196,Scotland,31,David Weir,Everton FC,37,1
GB1-2000,197,England,29,Alan Wright,Aston Villa,36,1
GB1-2000,198,Northern Ireland,32,Jim Magilton,Ipswich Town,33,1
GB1-2000,199,Morocco,32,Tahar El Khalej,Southampton FC,32,1
GB1-2000,200,England,26,Gary Neville,Manchester United,32,1
GB1-2000,201,England,24,Phil Neville,Manchester United,29,1
GB1-2000,202,England,25,Darren Huckerby,for 2 clubs,20,1
GB1-2000,203,France,28,Alain Goma,Newcastle United,19,1
GB1-2000,204,England,25,Phil Stamp,Middlesbrough FC,19,1
GB1-2000,205,England,35,Peter Beagrie,Bradford City,18,1
GB1-2000,206,England,26,Danny Dichio,Sunderland AFC,15,1
GB1-2000,207,Denmark,23,Jesper Grønkjær,Chelsea FC,14,1
GB1-2000,208,England,24,Richard Naylor,Ipswich Town,13,1
GB1-2000,209,Finland,27,Simo Valakari,Derby County,11,1
GB1-2000,210,Bulgaria,22,Svetoslav Todorov,West Ham United,8,1
GB1-2000,211,Scotland,36,Stuart McCall,Bradford City,37,1
GB1-2000,212,Iceland,26,Hermann Hreidarsson,Ipswich Town,36,1
GB1-2000,213,England,23,Matt Oakley,Southampton FC,35,1
GB1-2000,214,Netherlands,25,George Boateng,Aston Villa,33,1
GB1-2000,215,England,37,Nigel Winterburn,West Ham United,33,1
GB1-2000,216,Brazil,29,Émerson Thome,for 2 clubs,32,1
GB1-2000,217,England,28,Chris Perry,Tottenham Hotspur,32,1
GB1-2000,218,England,30,Jason Dodd,Southampton FC,31,1
GB1-2000,219,England,26,Dean Richards,Southampton FC,28,1
GB1-2000,220,Jamaica,29,Darryl Powell,Derby County,28,1
GB1-2000,221,Scotland,24,Callum Davidson,Leicester City,28,1
GB1-2000,222,England,28,John McGreal,Ipswich Town,28,1
GB1-2000,223,Ireland,21,Andrew O'Brien,for 2 clubs,27,1
GB1-2000,224,England,24,Kevin Davies,Southampton FC,27,1
GB1-2000,225,Argentina,27,Horacio Carbonari,Derby County,27,1
GB1-2000,226,England,19,Titus Bramble,Ipswich Town,26,1
GB1-2000,227,South Africa,27,Mark Fish,Charlton Athletic,24,1
GB1-2000,228,England,28,Marc Edworthy,Coventry City,24,1
GB1-2000,229,England,26,Andy Todd,Charlton Athletic,23,1
GB1-2000,230,England,20,John Terry,Chelsea FC,22,1
GB1-2000,231,Argentina,28,Christian Bassedas,Newcastle United,22,1
GB1-2000,232,England,30,Mark Draper,Southampton FC,22,1
GB1-2000,233,Ghana,27,Alex Nyarko,Everton FC,22,1
GB1-2000,234,Netherlands,32,Robert Molenaar,for 2 clubs,21,1
GB1-2000,235,Jamaica,22,Trevor Benjamin,Leicester City,21,1
GB1-2000,236,England,30,Spencer Prior,Manchester City,21,1
GB1-2000,237,England,20,Scott Parker,Charlton Athletic,20,1
GB1-2000,238,Northern Ireland,26,Steve Lomas,West Ham United,20,1
GB1-2000,239,Sweden,32,Stefan Schwarz,Sunderland AFC,20,1
GB1-2000,240,England,27,Andy Myers,Bradford City,20,1
GB1-2000,241,England,20,Ledley King,Tottenham Hotspur,18,1
GB1-2000,242,England,30,David Wetherall,Bradford City,18,1
GB1-2000,243,Jamaica,31,Jamie Lawrence,Bradford City,16,1
GB1-2000,244,England,26,Ian Pearce,West Ham United,15,1
GB1-2000,245,Peru,24,Ysrael Zúñiga,Coventry City,15,1
GB1-2000,246,England,21,Jonathan Woodgate,Leeds United,14,1
GB1-2000,247,Slovakia,28,Stanislav Varga,Sunderland AFC,12,1
GB1-2000,248,Norway,31,Ronny Johnsen,Manchester United,11,1
GB1-2000,249,Iceland,27,Thórdur Gudjónsson,Derby County,10,1
GB1-2000,250,Colombia,25,Juan Pablo Ángel,Aston Villa,9,1
GB1-2000,251,England,22,Paul Boertien,Derby County,8,1
GB1-2000,252,France,30,Patrice Carteron,Sunderland AFC,8,1
GB1-2000,253,England,32,Matt Le Tissier,Southampton FC,8,1
GB1-2000,254,Sweden,30,Martin Pringle,Charlton Athletic,7,1
GB1-2000,255,Scotland,20,Mark Burchill,Ipswich Town,7,1
GB1-2000,256,England,24,Mark Summerbell,Middlesbrough FC,7,1
GB1-2000,257,Norway,33,Trond Soltvedt,Southampton FC,6,1
GB1-2000,258,Finland,30,Jari Litmanen,Liverpool FC,5,1
GB1-2000,259,Belgium,33,Luc Nilis,Aston Villa,3,1
GB1-2000,260,England,21,Paolo Vernazza,Arsenal FC,2,1
GB1-2001,1,France,24,Thierry Henry,Arsenal FC,33,24
GB1-2001,2,Netherlands,30,Jimmy Floyd Hasselbaink,Chelsea FC,35,23
GB1-2001,3,England,31,Alan Shearer,Newcastle United,37,23
GB1-2001,4,Netherlands,25,Ruud van Nistelrooy,Manchester United,32,23
GB1-2001,5,England,22,Michael Owen,Liverpool FC,29,19
GB1-2001,6,Norway,29,Ole Gunnar Solskjaer,Manchester United,30,17
GB1-2001,7,England,27,Robbie Fowler,for 2 clubs,32,15
GB1-2001,8,Iceland,23,Eidur Gudjohnsen,Chelsea FC,32,14
GB1-2001,9,Latvia,25,Marians Pahars,Southampton FC,36,14
GB1-2001,10,England,30,Andy Cole,for 2 clubs,26,13
GB1-2001,11,England,23,Michael Ricketts,Bolton Wanderers,37,13
GB1-2001,12,Sweden,25,Freddie Ljungberg,Arsenal FC,25,12
GB1-2001,13,England,21,Darius Vassell,Aston Villa,36,12
GB1-2001,14,Colombia,26,Juan Pablo Ángel,Aston Villa,29,12
GB1-2001,15,England,24,James Beattie,Southampton FC,28,12
GB1-2001,16,England,26,David Beckham,Manchester United,28,11
GB1-2001,17,England,28,Kevin Phillips,Sunderland AFC,37,11
GB1-2001,18,Australia,26,Mark Viduka,Leeds United,33,11
GB1-2001,19,Jamaica,25,Jason Euell,Charlton Athletic,36,11
GB1-2001,20,Mali,24,Frédéric Kanouté,West Ham United,27,11
GB1-2001,21,France,28,Sylvain Wiltord,Arsenal FC,32,10
GB1-2001,22,Uruguay,34,Gustavo Poyet,Tottenham Hotspur,34,10
GB1-2001,23,Wales,22,Craig Bellamy,Newcastle United,27,10
GB1-2001,24,England,36,Teddy Sheringham,Tottenham Hotspur,34,10
GB1-2001,25,England,24,Matt Jansen,Blackburn Rovers,35,10
GB1-2001,26,England,19,Jermain Defoe,West Ham United,35,10
GB1-2001,27,France,28,Robert Pirès,Arsenal FC,28,9
GB1-2001,28,Netherlands,33,Dennis Bergkamp,Arsenal FC,33,9
GB1-2001,29,England,24,Emile Heskey,Liverpool FC,35,9
GB1-2001,30,Italy,33,Fabrizio Ravanelli,Derby County,31,9
GB1-2001,31,England,35,Les Ferdinand,Tottenham Hotspur,25,9
GB1-2001,32,England,23,Marcus Bent,for 2 clubs,33,9
GB1-2001,33,England,23,Malcolm Christie,Derby County,35,9
GB1-2001,34,Italy,33,Paolo Di Canio,West Ham United,26,9
GB1-2001,35,France,26,Laurent Robert,Newcastle United,36,8
GB1-2001,36,England,27,Paul Scholes,Manchester United,35,8
GB1-2001,37,Australia,23,Harry Kewell,Leeds United,27,8
GB1-2001,38,France,22,Steed Malbranque,Fulham FC,37,8
GB1-2001,39,England,19,Kevin Nolan,Bolton Wanderers,35,8
GB1-2001,40,Jamaica,29,Barry Hayles,Fulham FC,35,8
GB1-2001,41,France,23,Louis Saha,Fulham FC,36,8
GB1-2001,42,Croatia,32,Alen Bokšić,Middlesbrough FC,22,8
GB1-2001,43,Wales,28,Ryan Giggs,Manchester United,25,7
GB1-2001,44,Peru,27,Nolberto Solano,Newcastle United,37,7
GB1-2001,45,Norway,21,John Arne Riise,Liverpool FC,38,7
GB1-2001,46,Ireland,23,Damien Duff,Blackburn Rovers,32,7
GB1-2001,47,England,22,David Dunn,Blackburn Rovers,29,7
GB1-2001,48,England,34,Brian Deane,for 2 clubs,22,7
GB1-2001,49,England,25,Danny Murphy,Liverpool FC,36,6
GB1-2001,50,Ireland,35,Niall Quinn,Sunderland AFC,38,6
GB1-2001,51,Nigeria,31,Finidi George,Ipswich Town,25,6
GB1-2001,52,England,29,Marcus Stewart,Ipswich Town,28,6
GB1-2001,53,Canada,28,Tomasz Radzinski,Everton FC,27,6
GB1-2001,54,France,28,Steve Marlet,Fulham FC,26,6
GB1-2001,55,Scotland,30,Duncan Ferguson,Everton FC,22,6
GB1-2001,56,Germany,30,Christian Ziege,Tottenham Hotspur,27,5
GB1-2001,57,England,29,Trevor Sinclair,West Ham United,34,5
GB1-2001,58,England,23,Frank Lampard,Chelsea FC,37,5
GB1-2001,59,Finland,26,Jonatan Johansson,Charlton Athletic,29,5
GB1-2001,60,England,25,Lee Bowyer,Leeds United,25,5
GB1-2001,61,Argentina,27,Juan Sebastián Verón,Manchester United,26,5
GB1-2001,62,Ireland,24,Ian Harte,Leeds United,36,5
GB1-2001,63,England,26,James Scowcroft,Leicester City,24,5
GB1-2001,64,Jamaica,23,Kevin Lisbie,Charlton Athletic,22,5
GB1-2001,65,Czech Republic,28,Vladimir Smicer,Liverpool FC,22,4
GB1-2001,66,England,30,Darren Anderton,Tottenham Hotspur,35,4
GB1-2001,67,Sweden,25,Anders Svensson,Southampton FC,34,4
GB1-2001,68,Wales,22,Simon Davies,Tottenham Hotspur,31,4
GB1-2001,69,Norway,25,Steffen Iversen,Tottenham Hotspur,18,4
GB1-2001,70,Wales,32,Gary Speed,Newcastle United,29,4
GB1-2001,71,France,23,Nicolas Anelka,Liverpool FC,20,4
GB1-2001,72,England,32,Craig Hignett,Blackburn Rovers,20,4
GB1-2001,73,England,32,Kevin Campbell,Everton FC,23,4
GB1-2001,74,England,21,Alan Smith,Leeds United,23,4
GB1-2001,75,Finland,21,Mikael Forssell,Chelsea FC,22,4
GB1-2001,76,England,33,Dion Dublin,Aston Villa,21,4
GB1-2001,77,Finland,31,Jari Litmanen,Liverpool FC,21,4
GB1-2001,78,England,21,Lee Morris,Derby County,15,4
GB1-2001,79,Scotland,32,David Weir,Everton FC,36,4
GB1-2001,80,Türkiye,27,Muzzy Izzet,Leicester City,31,4
GB1-2001,81,England,27,Alun Armstrong,Ipswich Town,31,4
GB1-2001,82,England,28,Steve Watson,Everton FC,25,4
GB1-2001,83,Italy,21,Samuele Dalla Bona,Chelsea FC,24,4
GB1-2001,84,England,27,Noel Whelan,Middlesbrough FC,19,4
GB1-2001,85,Germany,30,Fredi Bobic,Bolton Wanderers,16,4
GB1-2001,86,Northern Ireland,28,Steve Lomas,West Ham United,15,4
GB1-2001,87,France,34,Youri Djorkaeff,Bolton Wanderers,12,4
GB1-2001,88,Scotland,29,Paul Dickov,Leicester City,12,4
GB1-2001,89,Belgium,32,Branko Strupar,Derby County,12,4
GB1-2001,90,England,21,Steven Gerrard,Liverpool FC,28,3
GB1-2001,91,Italy,35,Gianfranco Zola,Chelsea FC,35,3
GB1-2001,92,Ireland,30,Roy Keane,Manchester United,28,3
GB1-2001,93,England,23,Kieron Dyer,Newcastle United,18,3
GB1-2001,94,DR Congo,21,Lomana LuaLua,Newcastle United,20,3
GB1-2001,95,Denmark,32,Per Frandsen,Bolton Wanderers,29,3
GB1-2001,96,Ireland,28,Matt Holland,Ipswich Town,38,3
GB1-2001,97,Finland,28,Sami Hyypiä,Liverpool FC,37,3
GB1-2001,98,Jamaica,23,Ricardo Gardner,Bolton Wanderers,31,3
GB1-2001,99,England,33,Chris Marsden,Southampton FC,28,3
GB1-2001,100,Ireland,21,Robbie Keane,Leeds United,25,3
GB1-2001,101,Nigeria,25,Nwankwo Kanu,Arsenal FC,23,3
GB1-2001,102,Netherlands,25,Boudewijn Zenden,Chelsea FC,22,3
GB1-2001,103,Slovakia,24,Szilárd Németh,Middlesbrough FC,20,3
GB1-2001,104,England,32,Rod Wallace,Bolton Wanderers,19,3
GB1-2001,105,Greece,28,Nikolaos Dabizas,Newcastle United,35,3
GB1-2001,106,England,28,David Unsworth,Everton FC,33,3
GB1-2001,107,Türkiye,31,Tugay Kerimoğlu,Blackburn Rovers,33,3
GB1-2001,108,France,28,Sylvain Legwinski,Fulham FC,33,3
GB1-2001,109,Northern Ireland,27,Keith Gillespie,Blackburn Rovers,32,3
GB1-2001,110,England,31,Graham Stuart,Charlton Athletic,31,3
GB1-2001,111,Argentina,23,Sixto Peralta,Ipswich Town,22,3
GB1-2001,112,United States,28,Claudio Reyna,Sunderland AFC,17,3
GB1-2001,113,Chile,27,Clarence Acuña,Newcastle United,16,3
GB1-2001,114,France,22,Olivier Bernard,Newcastle United,16,3
GB1-2001,115,England,33,Ian Taylor,Aston Villa,16,3
GB1-2001,116,England,19,Nick Chadwick,Everton FC,9,3
GB1-2001,117,England,28,Dean Sturridge,Leicester City,9,3
GB1-2001,118,England,31,Paul Kitson,West Ham United,7,3
GB1-2001,119,England,21,Ashley Cole,Arsenal FC,29,2
GB1-2001,120,France,25,Patrick Vieira,Arsenal FC,36,2
GB1-2001,121,Ireland,30,Jason McAteer,for 2 clubs,30,2
GB1-2001,122,Morocco,30,Mustapha Hadji,Aston Villa,23,2
GB1-2001,123,Netherlands,25,Mario Melchiot,Chelsea FC,37,2
GB1-2001,124,England,27,Sol Campbell,Arsenal FC,31,2
GB1-2001,125,England,34,Paul Ince,Middlesbrough FC,31,2
GB1-2001,126,England,27,Dean Richards,for 2 clubs,28,2
GB1-2001,127,Ireland,25,Kevin Kilbane,Sunderland AFC,28,2
GB1-2001,128,Norway,24,Eirik Bakke,Leeds United,27,2
GB1-2001,129,Italy,30,Benny Carbone,for 2 clubs,26,2
GB1-2001,130,Denmark,26,Thomas Gravesen,Everton FC,25,2
GB1-2001,131,Nigeria,27,Ade Akinbiyi,Leicester City,21,2
GB1-2001,132,Argentina,20,Carlos Marinelli,Middlesbrough FC,20,2
GB1-2001,133,England,33,Robbie Mustoe,Middlesbrough FC,36,2
GB1-2001,134,Ireland,22,Andrew O'Brien,Newcastle United,34,2
GB1-2001,135,England,26,Jamie Clapham,Ipswich Town,32,2
GB1-2001,136,Sweden,30,Niclas Alexandersson,Everton FC,31,2
GB1-2001,137,England,30,Alan Stubbs,Everton FC,31,2
GB1-2001,138,England,33,Dean Holdsworth,Bolton Wanderers,31,2
GB1-2001,139,England,20,Michael Carrick,West Ham United,30,2
GB1-2001,140,England,24,Lee Hendrie,Aston Villa,29,2
GB1-2001,141,England,25,Phil Neville,Manchester United,28,2
GB1-2001,142,France,23,Franck Queudrue,Middlesbrough FC,28,2
GB1-2001,143,Ireland,25,Rory Delap,Southampton FC,28,2
GB1-2001,144,Cameroon,25,Laurén,Arsenal FC,27,2
GB1-2001,145,England,25,Kevin Davies,Southampton FC,23,2
GB1-2001,146,Morocco,29,Hassan Kachloul,Aston Villa,22,2
GB1-2001,147,Norway,30,Jo Tessem,Southampton FC,22,2
GB1-2001,148,England,33,Paul Merson,Aston Villa,21,2
GB1-2001,149,England,35,Colin Cooper,Middlesbrough FC,18,2
GB1-2001,150,United States,31,Joe-Max Moore,Everton FC,16,2
GB1-2001,151,England,29,Steve Brown,Charlton Athletic,13,2
GB1-2001,152,England,28,Ian Pearce,West Ham United,9,2
GB1-2001,153,Spain,27,Yordi,Blackburn Rovers,8,2
GB1-2001,154,England,21,Peter Crouch,Aston Villa,7,2
GB1-2001,155,England,21,Francis Jeffers,Arsenal FC,6,2
GB1-2001,156,England,33,Graeme Le Saux,Chelsea FC,27,1
GB1-2001,157,Germany,28,Dietmar Hamann,Liverpool FC,31,1
GB1-2001,158,England,20,Paul Konchesky,Charlton Athletic,34,1
GB1-2001,159,England,35,Mark Venus,Ipswich Town,29,1
GB1-2001,160,England,28,Robbie Elliott,Newcastle United,27,1
GB1-2001,161,Argentina,21,Julio Arca,Sunderland AFC,22,1
GB1-2001,162,Ukraine,27,Sergiy Rebrov,Tottenham Hotspur,30,1
GB1-2001,163,Czech Republic,28,Patrik Berger,Liverpool FC,21,1
GB1-2001,164,Sweden,33,Stefan Schwarz,Sunderland AFC,20,1
GB1-2001,165,France,26,Sébastien Schemmel,West Ham United,35,1
GB1-2001,166,Scotland,31,Scot Gemmill,Everton FC,32,1
GB1-2001,167,England,36,Rob Lee,for 2 clubs,29,1
GB1-2001,168,Croatia,30,Mario Stanic,Chelsea FC,27,1
GB1-2001,169,England,23,Stefan Oakes,Leicester City,21,1
GB1-2001,170,Jamaica,25,Deon Burton,Derby County,17,1
GB1-2001,171,Italy,26,Corrado Grabbi,Blackburn Rovers,14,1
GB1-2001,172,England,21,Scott Parker,Charlton Athletic,38,1
GB1-2001,173,Norway,32,Henning Berg,Blackburn Rovers,34,1
GB1-2001,174,England,21,John Terry,Chelsea FC,33,1
GB1-2001,175,Iceland,36,Gudni Bergsson,Bolton Wanderers,30,1
GB1-2001,176,France,36,Laurent Blanc,Manchester United,29,1
GB1-2001,177,England,29,Garry Flitcroft,Blackburn Rovers,29,1
GB1-2001,178,France,31,Emmanuel Petit,Chelsea FC,27,1
GB1-2001,179,England,27,Nicky Butt,Manchester United,25,1
GB1-2001,180,France,33,Marcel Desailly,Chelsea FC,24,1
GB1-2001,181,Portugal,24,Luís Boa Morte,Fulham FC,23,1
GB1-2001,182,Portugal,29,Abel Xavier,for 2 clubs,22,1
GB1-2001,183,Denmark,25,Claus Jensen,Charlton Athletic,18,1
GB1-2001,184,England,34,Paul Gascoigne,Everton FC,18,1
GB1-2001,185,Brazil,23,Edú Gaspar,Arsenal FC,14,1
GB1-2001,186,Wales,31,Mark Pembridge,Everton FC,14,1
GB1-2001,187,England,24,Richard Naylor,Ipswich Town,14,1
GB1-2001,188,Denmark,33,Bjarne Goldbaek,Fulham FC,13,1
GB1-2001,189,Trinidad and Tobago,30,Dwight Yorke,Manchester United,10,1
GB1-2001,190,Guyana,24,Carl Cort,Newcastle United,8,1
GB1-2001,191,Iceland,27,Hermann Hreidarsson,Ipswich Town,38,1
GB1-2001,192,Netherlands,26,George Boateng,Aston Villa,37,1
GB1-2001,193,Gibraltar,23,Danny Higginbotham,Derby County,37,1
GB1-2001,194,England,31,Gareth Southgate,Middlesbrough FC,37,1
GB1-2001,195,England,23,Jonathan Greening,Middlesbrough FC,36,1
GB1-2001,196,England,32,Chris Powell,Charlton Athletic,36,1
GB1-2001,197,Australia,24,Lucas Neill,Blackburn Rovers,31,1
GB1-2001,198,France,24,William Gallas,Chelsea FC,30,1
GB1-2001,199,England,26,Jody Craddock,Sunderland AFC,30,1
GB1-2001,200,England,29,Ugo Ehiogu,Middlesbrough FC,29,1
GB1-2001,201,Denmark,38,Peter Schmeichel,Aston Villa,29,1
GB1-2001,202,England,26,Jermaine Wright,Ipswich Town,29,1
GB1-2001,203,Scotland,30,Paul Telfer,Southampton FC,28,1
GB1-2001,204,Scotland,22,Robbie Stockdale,Middlesbrough FC,28,1
GB1-2001,205,England,24,Danny Mills,Leeds United,28,1
GB1-2001,206,Wales,30,John Robinson,Charlton Athletic,28,1
GB1-2001,207,England,33,Dean Windass,Middlesbrough FC,27,1
GB1-2001,208,England,24,Matt Oakley,Southampton FC,27,1
GB1-2001,209,England,29,John McGreal,Ipswich Town,27,1
GB1-2001,210,Scotland,30,Don Hutchison,for 2 clubs,26,1
GB1-2001,211,France,30,Bruno N'Gotty,Bolton Wanderers,26,1
GB1-2001,212,Italy,26,Alessandro Pistone,Everton FC,25,1
GB1-2001,213,Georgia,28,Giorgi Kinkladze,Derby County,24,1
GB1-2001,214,Netherlands,27,Martijn Reuser,Ipswich Town,24,1
GB1-2001,215,Jamaica,30,Darryl Powell,Derby County,23,1
GB1-2001,216,England,30,Steve Stone,Aston Villa,22,1
GB1-2001,217,Netherlands,27,Giovanni van Bronckhorst,Arsenal FC,21,1
GB1-2001,218,Wales,38,Mark Hughes,Blackburn Rovers,21,1
GB1-2001,219,England,25,Brett Ormerod,Southampton FC,18,1
GB1-2001,220,England,30,Nicky Southall,Bolton Wanderers,18,1
GB1-2001,221,Scotland,28,Allan Johnston,Middlesbrough FC,17,1
GB1-2001,222,England,35,Dennis Wise,Leicester City,17,1
GB1-2001,223,France,22,Youl Mawéné,Derby County,17,1
GB1-2001,224,Denmark,29,Bo Hansen,Bolton Wanderers,17,1
GB1-2001,225,England,27,Chris Bart-Williams,Charlton Athletic,16,1
GB1-2001,226,England,20,Matt Piper,Leicester City,16,1
GB1-2001,227,Sweden,28,Jesper Blomqvist,Everton FC,15,1
GB1-2001,228,South Africa,29,Shaun Bartlett,Charlton Athletic,14,1
GB1-2001,229,Morocco,33,Tahar El Khalej,Southampton FC,14,1
GB1-2001,230,South Africa,24,Quinton Fortune,Manchester United,14,1
GB1-2001,231,Ireland,23,Alan Mahon,Blackburn Rovers,13,1
GB1-2001,232,Germany,20,Thomas Hitzlsperger,Aston Villa,12,1
GB1-2001,233,Brazil,29,Émerson Thome,Sunderland AFC,12,1
GB1-2001,234,France,22,Fabrice Fernandes,Southampton FC,11,1
GB1-2001,235,Norway,32,Ronny Johnsen,Manchester United,10,1
GB1-2001,236,England,27,Richard Rufus,Charlton Athletic,10,1
GB1-2001,237,Wales,21,Matt Jones,Leicester City,10,1
GB1-2001,238,Cameroon,31,Patrick Mboma,Sunderland AFC,9,1
GB1-2001,239,Ireland,28,Lee Carsley,Everton FC,8,1
GB1-2001,240,Italy,33,Gianluca Festa,Middlesbrough FC,8,1
GB1-2001,241,Northern Ireland,22,Damien Johnson,Blackburn Rovers,7,1
GB1-2001,242,England,19,Jon Stevenson,Leicester City,6,1
GB1-2001,243,England,18,Darren Bent,Ipswich Town,6,1
GB1-2001,244,England,28,Jamie Redknapp,Liverpool FC,4,1
GB1-2001,245,Denmark,22,Thomas Gaardsøe,Ipswich Town,4,1
GB1-2001,246,England,18,Carlton Cole,Chelsea FC,3,1
GB1-2001,247,Wales,29,Nathan Blake,Blackburn Rovers,3,1
GB1-2001,248,England,22,Marvin Robinson,Derby County,2,1
GB1-2001,249,England,20,Charlie MacDonald,Charlton Athletic,2,1
GB1-2002,1,Netherlands,26,Ruud van Nistelrooy,Manchester United,34,25
GB1-2002,2,France,25,Thierry Henry,Arsenal FC,37,24
GB1-2002,3,England,25,James Beattie,Southampton FC,38,23
GB1-2002,4,Australia,27,Mark Viduka,Leeds United,33,20
GB1-2002,5,England,23,Michael Owen,Liverpool FC,35,19
GB1-2002,6,England,32,Alan Shearer,Newcastle United,35,17
GB1-2002,7,Italy,36,Gianfranco Zola,Chelsea FC,38,14
GB1-2002,8,Australia,24,Harry Kewell,Leeds United,31,14
GB1-2002,9,France,29,Robert Pirès,Arsenal FC,26,14
GB1-2002,10,England,28,Paul Scholes,Manchester United,33,14
GB1-2002,11,Ireland,22,Robbie Keane,for 2 clubs,32,14
GB1-2002,12,France,24,Nicolas Anelka,Manchester City,38,14
GB1-2002,13,England,37,Teddy Sheringham,Tottenham Hotspur,36,12
GB1-2002,14,Netherlands,31,Jimmy Floyd Hasselbaink,Chelsea FC,36,11
GB1-2002,15,Canada,29,Tomasz Radzinski,Everton FC,30,11
GB1-2002,16,France,28,Sylvain Wiltord,Arsenal FC,34,10
GB1-2002,17,England,34,Dion Dublin,Aston Villa,28,10
GB1-2002,18,Jamaica,26,Jason Euell,Charlton Athletic,36,10
GB1-2002,19,England,33,Kevin Campbell,Everton FC,36,10
GB1-2002,20,Iceland,24,Eidur Gudjohnsen,Chelsea FC,35,10
GB1-2002,21,Norway,30,Ole Gunnar Solskjaer,Manchester United,37,9
GB1-2002,22,Italy,23,Massimo Maccarone,Middlesbrough FC,34,9
GB1-2002,23,Czech Republic,21,Milan Baros,Liverpool FC,27,9
GB1-2002,24,Italy,34,Paolo Di Canio,West Ham United,18,9
GB1-2002,25,Ireland,24,Damien Duff,Blackburn Rovers,26,9
GB1-2002,26,Cameroon,28,Marc-Vivien Foé,Manchester City,35,9
GB1-2002,27,Wales,29,Ryan Giggs,Manchester United,36,8
GB1-2002,28,England,20,Jermain Defoe,West Ham United,38,8
GB1-2002,29,England,22,Darius Vassell,Aston Villa,33,8
GB1-2002,30,England,23,David Dunn,Blackburn Rovers,28,8
GB1-2002,31,England,30,Trevor Sinclair,West Ham United,38,8
GB1-2002,32,Trinidad and Tobago,31,Dwight Yorke,Blackburn Rovers,33,8
GB1-2002,33,Wales,23,Craig Bellamy,Newcastle United,29,7
GB1-2002,34,England,26,Danny Murphy,Liverpool FC,36,7
GB1-2002,35,Peru,28,Nolberto Solano,Newcastle United,31,7
GB1-2002,36,England,31,Andy Cole,Blackburn Rovers,34,7
GB1-2002,37,France,35,Youri Djorkaeff,Bolton Wanderers,36,7
GB1-2002,38,Slovakia,25,Szilárd Németh,Middlesbrough FC,28,7
GB1-2002,39,Bermuda,33,Shaun Goater,Manchester City,26,7
GB1-2002,40,Cameroon,24,Njitap Geremi,Middlesbrough FC,33,7
GB1-2002,41,Denmark,27,Henrik Pedersen,Bolton Wanderers,33,7
GB1-2002,42,Nigeria,29,Jay-Jay Okocha,Bolton Wanderers,31,7
GB1-2002,43,England,24,Michael Ricketts,for 2 clubs,31,7
GB1-2002,44,England,28,David Beckham,Manchester United,31,6
GB1-2002,45,England,24,Frank Lampard,Chelsea FC,38,6
GB1-2002,46,Norway,22,John Arne Riise,Liverpool FC,37,6
GB1-2002,47,Denmark,26,Claus Jensen,Charlton Athletic,35,6
GB1-2002,48,England,29,Kevin Phillips,Sunderland AFC,32,6
GB1-2002,49,England,25,Emile Heskey,Liverpool FC,32,6
GB1-2002,50,England,20,Jermaine Jenas,Newcastle United,32,6
GB1-2002,51,Ireland,23,Clinton Morrison,Birmingham City,28,6
GB1-2002,52,Uruguay,23,Diego Forlán,Manchester United,25,6
GB1-2002,53,Sweden,26,Freddie Ljungberg,Arsenal FC,20,6
GB1-2002,54,England,17,Wayne Rooney,Everton FC,33,6
GB1-2002,55,France,23,Steed Malbranque,Fulham FC,37,6
GB1-2002,56,England,22,Steven Gerrard,Liverpool FC,34,5
GB1-2002,57,France,27,Laurent Robert,Newcastle United,27,5
GB1-2002,58,Nigeria,26,Nwankwo Kanu,Arsenal FC,16,5
GB1-2002,59,Wales,23,Simon Davies,Tottenham Hotspur,36,5
GB1-2002,60,Nigeria,21,Shola Ameobi,Newcastle United,28,5
GB1-2002,61,Uruguay,35,Gustavo Poyet,Tottenham Hotspur,28,5
GB1-2002,62,Sweden,29,Marcus Allbäck,Aston Villa,20,5
GB1-2002,63,England,29,David Unsworth,Everton FC,33,5
GB1-2002,64,England,26,Brett Ormerod,Southampton FC,31,5
GB1-2002,65,Mali,25,Frédéric Kanouté,West Ham United,17,5
GB1-2002,66,Scotland,24,Scott Dobie,West Bromwich Albion,31,5
GB1-2002,67,England,29,Geoff Horsfield,Birmingham City,31,5
GB1-2002,68,Trinidad and Tobago,26,Stern John,Birmingham City,30,5
GB1-2002,69,England,28,Danny Dichio,West Bromwich Albion,28,5
GB1-2002,70,Argentina,29,Facundo Sava,Fulham FC,20,5
GB1-2002,71,England,29,Steve Watson,Everton FC,18,5
GB1-2002,72,France,24,Louis Saha,Fulham FC,17,5
GB1-2002,73,France,31,Christophe Dugarry,Birmingham City,16,5
GB1-2002,74,Netherlands,34,Dennis Bergkamp,Arsenal FC,29,4
GB1-2002,75,Wales,23,Jason Koumas,West Bromwich Albion,32,4
GB1-2002,76,Denmark,25,Jesper Grønkjær,Chelsea FC,30,4
GB1-2002,77,Wales,28,Robbie Savage,Birmingham City,33,4
GB1-2002,78,England,22,Scott Parker,Charlton Athletic,28,4
GB1-2002,79,Jamaica,24,Kevin Lisbie,Charlton Athletic,32,4
GB1-2002,80,England,25,Lee Hendrie,Aston Villa,27,4
GB1-2002,81,England,29,Nick Barmby,Leeds United,19,4
GB1-2002,82,Croatia,31,Mario Stanic,Chelsea FC,18,4
GB1-2002,83,France,25,William Gallas,Chelsea FC,38,4
GB1-2002,84,England,21,Joe Cole,West Ham United,36,4
GB1-2002,85,Norway,29,Tore André Flo,Sunderland AFC,29,4
GB1-2002,86,Cameroon,25,Joseph-Désiré Job,Middlesbrough FC,28,4
GB1-2002,87,England,36,Les Ferdinand,for 2 clubs,25,4
GB1-2002,88,England,25,David Thompson,Blackburn Rovers,23,4
GB1-2002,89,England,28,Robbie Fowler,for 2 clubs,21,4
GB1-2002,90,England,24,Malcolm Christie,Middlesbrough FC,12,4
GB1-2002,91,France,29,Sylvain Legwinski,Fulham FC,35,4
GB1-2002,92,South Africa,30,Shaun Bartlett,Charlton Athletic,31,4
GB1-2002,93,France,29,Steve Marlet,Fulham FC,28,4
GB1-2002,94,United States,30,Brian McBride,Everton FC,8,4
GB1-2002,95,England,22,Alan Smith,Leeds United,33,3
GB1-2002,96,Senegal,22,El-Hadji Diouf,Liverpool FC,29,3
GB1-2002,97,England,22,Gareth Barry,Aston Villa,35,3
GB1-2002,98,Algeria,34,Ali Benarbia,Manchester City,33,3
GB1-2002,99,Finland,29,Sami Hyypiä,Liverpool FC,36,3
GB1-2002,100,France,26,Patrick Vieira,Arsenal FC,24,3
GB1-2002,101,England,22,John Terry,Chelsea FC,20,3
GB1-2002,102,Ireland,25,Ian Harte,Leeds United,27,3
GB1-2002,103,England,26,Lee Bowyer,for 2 clubs,25,3
GB1-2002,104,Norway,32,Øyvind Leonhardsen,Aston Villa,19,3
GB1-2002,105,England,19,Carlton Cole,Chelsea FC,13,3
GB1-2002,106,France,23,Fabrice Fernandes,Southampton FC,36,3
GB1-2002,107,Grenada,25,Jason Roberts,West Bromwich Albion,32,3
GB1-2002,108,England,23,Sean Davis,Fulham FC,28,3
GB1-2002,109,Ireland,29,Lee Carsley,Everton FC,24,3
GB1-2002,110,England,29,Jamie Redknapp,Tottenham Hotspur,17,3
GB1-2002,111,Brazil,30,Juninho Paulista,Middlesbrough FC,10,3
GB1-2002,112,England,20,Jermaine Pennant,Arsenal FC,5,3
GB1-2002,113,England,24,Neil Clement,West Bromwich Albion,36,3
GB1-2002,114,England,30,Ugo Ehiogu,Middlesbrough FC,32,3
GB1-2002,115,Scotland,31,Paul Devlin,Birmingham City,32,3
GB1-2002,116,Finland,27,Jonatan Johansson,Charlton Athletic,31,3
GB1-2002,117,England,21,Paul Konchesky,Charlton Athletic,30,3
GB1-2002,118,England,24,Kieron Dyer,Newcastle United,35,2
GB1-2002,119,England,34,Graeme Le Saux,Chelsea FC,28,2
GB1-2002,120,Portugal,20,Hugo Viana,Newcastle United,23,2
GB1-2002,121,Germany,31,Christian Ziege,Tottenham Hotspur,12,2
GB1-2002,122,Australia,30,Stan Lazaridis,Birmingham City,30,2
GB1-2002,123,Germany,21,Thomas Hitzlsperger,Aston Villa,26,2
GB1-2002,124,Argentina,28,Juan Sebastián Verón,Manchester United,25,2
GB1-2002,125,Wales,33,Gary Speed,Newcastle United,24,2
GB1-2002,126,Denmark,33,Per Frandsen,Bolton Wanderers,34,2
GB1-2002,127,Germany,29,Dietmar Hamann,Liverpool FC,30,2
GB1-2002,128,Portugal,25,Luís Boa Morte,Fulham FC,29,2
GB1-2002,129,Scotland,31,Derek McInnes,West Bromwich Albion,29,2
GB1-2002,130,Japan,23,Junichi Inamoto,Fulham FC,19,2
GB1-2002,131,England,22,Francis Jeffers,Arsenal FC,16,2
GB1-2002,132,Iceland,22,Joey Gudjónsson,Aston Villa,11,2
GB1-2002,133,England,32,Gareth Southgate,Middlesbrough FC,36,2
GB1-2002,134,Jamaica,24,Ricardo Gardner,Bolton Wanderers,32,2
GB1-2002,135,China,25,Jihai Sun,Manchester City,28,2
GB1-2002,136,Cameroon,26,Laurén,Arsenal FC,27,2
GB1-2002,137,Cote d'Ivoire,22,Kolo Touré,Arsenal FC,26,2
GB1-2002,138,Croatia,32,Alen Bokšić,Middlesbrough FC,18,2
GB1-2002,139,England,30,Lee Clark,Fulham FC,11,2
GB1-2002,140,Türkiye,31,Hakan Şükür,Blackburn Rovers,9,2
GB1-2002,141,England,24,Jonathan Greening,Middlesbrough FC,38,2
GB1-2002,142,Bulgaria,28,Radostin Kishishev,Charlton Athletic,34,2
GB1-2002,143,Sweden,27,Michael Svensson,Southampton FC,34,2
GB1-2002,144,England,28,Sol Campbell,Arsenal FC,33,2
GB1-2002,145,England,30,Garry Flitcroft,Blackburn Rovers,33,2
GB1-2002,146,England,23,Martin Taylor,Blackburn Rovers,33,2
GB1-2002,147,Sweden,26,Anders Svensson,Southampton FC,32,2
GB1-2002,148,France,34,Marcel Desailly,Chelsea FC,31,2
GB1-2002,149,Spain,29,Iván Campo,Bolton Wanderers,31,2
GB1-2002,150,France,23,Olivier Bernard,Newcastle United,30,2
GB1-2002,151,England,28,Ian Pearce,West Ham United,30,2
GB1-2002,152,England,28,Richard Rufus,Charlton Athletic,30,2
GB1-2002,153,Jamaica,28,Darren Moore,West Bromwich Albion,29,2
GB1-2002,154,Slovakia,33,Igor Balis,West Bromwich Albion,28,2
GB1-2002,155,Norway,31,Jo Tessem,Southampton FC,27,2
GB1-2002,156,England,28,Dean Richards,Tottenham Hotspur,26,2
GB1-2002,157,England,31,Steve Howey,Manchester City,24,2
GB1-2002,158,England,26,Bryan Hughes,Birmingham City,22,2
GB1-2002,159,England,22,Michael Proctor,Sunderland AFC,21,2
GB1-2002,160,Brazil,24,Edú Gaspar,Arsenal FC,18,2
GB1-2002,161,England,17,James Milner,Leeds United,18,2
GB1-2002,162,United States,27,Jovan Kirovski,Birmingham City,17,2
GB1-2002,163,England,25,Stephen Clemence,for 2 clubs,15,2
GB1-2002,164,DR Congo,22,Lomana LuaLua,Newcastle United,11,2
GB1-2002,165,Grenada,22,Delroy Facey,Bolton Wanderers,9,2
GB1-2002,166,England,22,Chris Riggott,Middlesbrough FC,5,2
GB1-2002,167,France,25,Mikaël Silvestre,Manchester United,34,1
GB1-2002,168,England,22,Ashley Cole,Arsenal FC,31,1
GB1-2002,169,Netherlands,26,Boudewijn Zenden,Chelsea FC,21,1
GB1-2002,170,France,32,Emmanuel Petit,Chelsea FC,24,1
GB1-2002,171,Denmark,27,Thomas Gravesen,Everton FC,33,1
GB1-2002,172,England,28,Michael Gray,Sunderland AFC,32,1
GB1-2002,173,England,21,Shaun Wright-Phillips,Manchester City,31,1
GB1-2002,174,Ireland,26,Kevin Kilbane,Sunderland AFC,30,1
GB1-2002,175,England,21,Matthew Etherington,Tottenham Hotspur,23,1
GB1-2002,176,Norway,26,Steffen Iversen,Tottenham Hotspur,19,1
GB1-2002,177,Colombia,27,Juan Pablo Ángel,Aston Villa,15,1
GB1-2002,178,Jamaica,30,Barry Hayles,Fulham FC,14,1
GB1-2002,179,Sweden,25,Olof Mellberg,Aston Villa,38,1
GB1-2002,180,Ireland,32,Jeff Kenna,Birmingham City,37,1
GB1-2002,181,France,24,Franck Queudrue,Middlesbrough FC,31,1
GB1-2002,182,England,25,Gavin McCann,Sunderland AFC,30,1
GB1-2002,183,Scotland,24,Gary Naysmith,Everton FC,28,1
GB1-2002,184,Israel,31,Eyal Berkovic,Manchester City,27,1
GB1-2002,185,England,31,Jason Wilcox,Leeds United,25,1
GB1-2002,186,Netherlands,28,Giovanni van Bronckhorst,Arsenal FC,20,1
GB1-2002,187,Ecuador,29,Ulises de la Cruz,Aston Villa,20,1
GB1-2002,188,Norway,31,Egil Østenstad,Blackburn Rovers,17,1
GB1-2002,189,Northern Ireland,23,Aaron Hughes,Newcastle United,35,1
GB1-2002,190,England,22,Wayne Bridge,Southampton FC,34,1
GB1-2002,191,Scotland,32,David Weir,Everton FC,31,1
GB1-2002,192,England,21,Michael Carrick,West Ham United,30,1
GB1-2002,193,England,34,Chris Marsden,Southampton FC,30,1
GB1-2002,194,England,23,Jonathan Woodgate,for 2 clubs,28,1
GB1-2002,195,England,24,Andy Griffin,Newcastle United,27,1
GB1-2002,196,Senegal,26,Salif Diao,Liverpool FC,26,1
GB1-2002,197,England,26,Phil Neville,Manchester United,25,1
GB1-2002,198,France,28,Martin Djetou,Fulham FC,25,1
GB1-2002,199,South Africa,29,Mark Fish,Charlton Athletic,23,1
GB1-2002,200,Ireland,19,Sean Thornton,Sunderland AFC,11,1
GB1-2002,201,Ireland,31,Jason McAteer,Sunderland AFC,9,1
GB1-2002,202,Türkiye,32,Tugay Kerimoğlu,Blackburn Rovers,37,1
GB1-2002,203,England,29,Sean Gregan,West Bromwich Albion,36,1
GB1-2002,204,Norway,25,Eirik Bakke,Leeds United,34,1
GB1-2002,205,England,25,Danny Mills,Leeds United,33,1
GB1-2002,206,Denmark,28,Niclas Jensen,Manchester City,33,1
GB1-2002,207,England,20,Kevin Nolan,Bolton Wanderers,33,1
GB1-2002,208,Wales,29,Andy Johnson,West Bromwich Albion,32,1
GB1-2002,209,Northern Ireland,24,Damien Johnson,Birmingham City,30,1
GB1-2002,210,England,34,Craig Short,Blackburn Rovers,27,1
GB1-2002,211,England,22,Jonathan Fortune,Charlton Athletic,26,1
GB1-2002,212,England,27,Jody Craddock,Sunderland AFC,25,1
GB1-2002,213,France,31,Bruno N'Gotty,Bolton Wanderers,23,1
GB1-2002,214,Wales,32,Mark Pembridge,Everton FC,21,1
GB1-2002,215,Argentina,30,Mauricio Taricco,Tottenham Hotspur,21,1
GB1-2002,216,England,26,Darren Purse,Birmingham City,20,1
GB1-2002,217,Nigeria,24,Celestine Babayaro,Chelsea FC,19,1
GB1-2002,218,England,30,Marcus Stewart,Sunderland AFC,19,1
GB1-2002,219,France,28,Pascal Cygan,Arsenal FC,18,1
GB1-2002,220,England,30,Chris Perry,Tottenham Hotspur,18,1
GB1-2002,221,Sweden,29,Teddy Lucic,Leeds United,17,1
GB1-2002,222,England,26,Darren Huckerby,Manchester City,16,1
GB1-2002,223,Norway,33,Henning Berg,Blackburn Rovers,16,1
GB1-2002,224,England,28,Noel Whelan,Middlesbrough FC,15,1
GB1-2002,225,Ireland,23,Gary Doherty,Tottenham Hotspur,15,1
GB1-2002,226,Cameroon,24,Pierre Womé,Fulham FC,14,1
GB1-2002,227,Scotland,22,Steven Caldwell,Newcastle United,14,1
GB1-2002,228,Guadeloupe,28,David Sommeil,Manchester City,14,1
GB1-2002,229,England,28,Chris Bart-Williams,Charlton Athletic,13,1
GB1-2002,230,England,19,Stefan Moore,Aston Villa,13,1
GB1-2002,231,England,28,Andy Todd,Blackburn Rovers,12,1
GB1-2002,232,England,22,Anthony Gardner,Tottenham Hotspur,12,1
GB1-2002,233,England,28,Gary Rowett,Charlton Athletic,12,1
GB1-2002,234,France,20,David Bellion,Sunderland AFC,11,1
GB1-2002,235,Italy,27,Corrado Grabbi,Blackburn Rovers,11,1
GB1-2002,236,England,23,Jon Harley,Fulham FC,11,1
GB1-2002,237,England,23,Seth Johnson,Leeds United,9,1
GB1-2002,238,England,23,Lee Marshall,West Bromwich Albion,9,1
GB1-2002,239,Latvia,26,Marians Pahars,Southampton FC,9,1
GB1-2002,240,England,26,Kevin Davies,Southampton FC,8,1
GB1-2002,241,Ireland,27,Gareth Farrelly,Bolton Wanderers,8,1
GB1-2002,242,England,20,Joey Barton,Manchester City,7,1
GB1-2002,243,Ecuador,28,Agustín Delgado,Southampton FC,6,1
GB1-2002,244,England,33,Craig Hignett,Blackburn Rovers,3,1
GB1-2002,245,France,19,Jérémie Aliadière,Arsenal FC,2,1
GB1-2003,1,France,26,Thierry Henry,Arsenal FC,37,30
GB1-2003,2,England,33,Alan Shearer,Newcastle United,37,22
GB1-2003,3,France,25,Louis Saha,for 2 clubs,32,20
GB1-2003,4,Netherlands,27,Ruud van Nistelrooy,Manchester United,32,20
GB1-2003,5,Finland,23,Mikael Forssell,for 2 clubs,32,17
GB1-2003,6,France,25,Nicolas Anelka,Manchester City,32,16
GB1-2003,7,England,24,Michael Owen,Liverpool FC,29,16
GB1-2003,8,Nigeria,21,Yakubu,Portsmouth FC,37,16
GB1-2003,9,Colombia,28,Juan Pablo Ángel,Aston Villa,33,16
GB1-2003,10,France,30,Robert Pirès,Arsenal FC,36,14
GB1-2003,11,England,26,James Beattie,Southampton FC,37,14
GB1-2003,12,Ireland,23,Robbie Keane,Tottenham Hotspur,34,14
GB1-2003,13,Netherlands,32,Jimmy Floyd Hasselbaink,Chelsea FC,30,12
GB1-2003,14,England,30,Kevin Phillips,Southampton FC,34,12
GB1-2003,15,England,37,Les Ferdinand,Leicester City,29,12
GB1-2003,16,England,32,Andy Cole,Blackburn Rovers,34,11
GB1-2003,17,Scotland,31,Paul Dickov,Leicester City,35,11
GB1-2003,18,Australia,28,Mark Viduka,Leeds United,30,11
GB1-2003,19,England,25,Frank Lampard,Chelsea FC,38,10
GB1-2003,20,Jamaica,27,Jason Euell,Charlton Athletic,31,10
GB1-2003,21,Argentina,28,Hernán Crespo,Chelsea FC,19,10
GB1-2003,22,England,27,Kevin Davies,Bolton Wanderers,38,9
GB1-2003,23,Portugal,26,Luís Boa Morte,Fulham FC,33,9
GB1-2003,24,England,23,Alan Smith,Leeds United,35,9
GB1-2003,25,England,18,Wayne Rooney,Everton FC,34,9
GB1-2003,26,England,25,Marcus Bent,Leicester City,33,9
GB1-2003,27,England,38,Teddy Sheringham,Portsmouth FC,32,9
GB1-2003,28,England,29,Paul Scholes,Manchester United,28,9
GB1-2003,29,France,36,Youri Djorkaeff,Bolton Wanderers,27,9
GB1-2003,30,England,23,Darius Vassell,Aston Villa,32,9
GB1-2003,31,Slovakia,26,Szilárd Németh,Middlesbrough FC,32,9
GB1-2003,32,England,21,Kevin Nolan,Bolton Wanderers,37,9
GB1-2003,33,Canada,30,Tomasz Radzinski,Everton FC,34,8
GB1-2003,34,Brazil,31,Juninho Paulista,Middlesbrough FC,31,8
GB1-2003,35,Wales,30,Ryan Giggs,Manchester United,33,7
GB1-2003,36,England,26,Emile Heskey,Liverpool FC,35,7
GB1-2003,37,Senegal,27,Henri Camara,Wolverhampton Wanderers,30,7
GB1-2003,38,Australia,25,Harry Kewell,Liverpool FC,36,7
GB1-2003,39,Nigeria,22,Shola Ameobi,Newcastle United,26,7
GB1-2003,40,England,22,Shaun Wright-Phillips,Manchester City,34,7
GB1-2003,41,Denmark,28,Henrik Pedersen,Bolton Wanderers,33,7
GB1-2003,42,Mali,26,Frédéric Kanouté,Tottenham Hotspur,27,7
GB1-2003,43,England,29,Robbie Fowler,Manchester City,31,7
GB1-2003,44,England,21,Jermain Defoe,Tottenham Hotspur,15,7
GB1-2003,45,France,24,Steed Malbranque,Fulham FC,38,6
GB1-2003,46,Romania,25,Adrian Mutu,Chelsea FC,25,6
GB1-2003,47,France,28,Laurent Robert,Newcastle United,35,6
GB1-2003,48,Costa Rica,27,Paulo Wanchope,Manchester City,22,6
GB1-2003,49,Iceland,25,Eidur Gudjohnsen,Chelsea FC,26,6
GB1-2003,50,Italy,24,Massimo Maccarone,Middlesbrough FC,23,6
GB1-2003,51,Ireland,30,Matt Holland,Charlton Athletic,38,6
GB1-2003,52,England,21,Jon Stead,Blackburn Rovers,13,6
GB1-2003,53,Ireland,25,Damien Duff,Chelsea FC,23,5
GB1-2003,54,Czech Republic,30,Patrik Berger,Portsmouth FC,20,5
GB1-2003,55,France,29,Antoine Sibierski,Manchester City,33,5
GB1-2003,56,England,27,Danny Murphy,Liverpool FC,31,5
GB1-2003,57,Cameroon,26,Joseph-Désiré Job,Middlesbrough FC,24,5
GB1-2003,58,England,28,James Scowcroft,Leicester City,35,5
GB1-2003,59,Scotland,34,Alex Rae,Wolverhampton Wanderers,33,5
GB1-2003,60,England,30,Steve Watson,Everton FC,24,5
GB1-2003,61,England,24,Sean Davis,Fulham FC,24,5
GB1-2003,62,Scotland,32,Duncan Ferguson,Everton FC,20,5
GB1-2003,63,Guyana,26,Carl Cort,Wolverhampton Wanderers,16,5
GB1-2003,64,England,27,Brett Ormerod,Southampton FC,22,5
GB1-2003,65,South Africa,31,Shaun Bartlett,Charlton Athletic,19,5
GB1-2003,66,Italy,35,Paolo Di Canio,Charlton Athletic,31,4
GB1-2003,67,England,23,Steven Gerrard,Liverpool FC,34,4
GB1-2003,68,Netherlands,35,Dennis Bergkamp,Arsenal FC,28,4
GB1-2003,69,Ireland,25,Clinton Morrison,Birmingham City,32,4
GB1-2003,70,Denmark,27,Claus Jensen,Charlton Athletic,31,4
GB1-2003,71,Netherlands,27,Boudewijn Zenden,Middlesbrough FC,31,4
GB1-2003,72,Sweden,27,Freddie Ljungberg,Arsenal FC,30,4
GB1-2003,73,Brazil,27,Gilberto Silva,Arsenal FC,32,4
GB1-2003,74,Portugal,19,Cristiano Ronaldo,Manchester United,29,4
GB1-2003,75,Uruguay,24,Diego Forlán,Manchester United,24,4
GB1-2003,76,Spain,30,Iván Campo,Bolton Wanderers,38,4
GB1-2003,77,England,23,Peter Crouch,Aston Villa,16,4
GB1-2003,78,Finland,28,Jonatan Johansson,Charlton Athletic,26,4
GB1-2003,79,Jamaica,31,Barry Hayles,Fulham FC,26,4
GB1-2003,80,Trinidad and Tobago,32,Dwight Yorke,Blackburn Rovers,23,4
GB1-2003,81,DR Congo,23,Lomana LuaLua,for 2 clubs,22,4
GB1-2003,82,United States,31,Brian McBride,Fulham FC,16,4
GB1-2003,83,Netherlands,18,Collins John,Fulham FC,8,4
GB1-2003,84,Finland,30,Sami Hyypiä,Liverpool FC,38,4
GB1-2003,85,Scotland,31,Colin Cameron,Wolverhampton Wanderers,30,4
GB1-2003,86,Trinidad and Tobago,27,Stern John,Birmingham City,29,4
GB1-2003,87,England,20,Carlton Cole,Charlton Athletic,21,4
GB1-2003,88,Wales,24,Craig Bellamy,Newcastle United,16,4
GB1-2003,89,Norway,27,Steffen Iversen,Wolverhampton Wanderers,16,4
GB1-2003,90,Jamaica,25,Kevin Lisbie,Charlton Athletic,9,4
GB1-2003,91,England,23,Gareth Barry,Aston Villa,36,3
GB1-2003,92,Germany,22,Thomas Hitzlsperger,Aston Villa,32,3
GB1-2003,93,Germany,34,Michael Tarnat,Manchester City,32,3
GB1-2003,94,France,27,Patrick Vieira,Arsenal FC,29,3
GB1-2003,95,Scotland,19,Paul Gallagher,Blackburn Rovers,26,3
GB1-2003,96,Wales,29,Robbie Savage,Birmingham City,31,3
GB1-2003,97,Wales,34,Gary Speed,Newcastle United,38,3
GB1-2003,98,Ireland,32,Roy Keane,Manchester United,28,3
GB1-2003,99,Germany,31,Markus Babbel,Blackburn Rovers,25,3
GB1-2003,100,England,23,Scott Parker,for 2 clubs,31,3
GB1-2003,101,Czech Republic,30,Vladimir Smicer,Liverpool FC,20,3
GB1-2003,102,France,32,Bruno N'Gotty,Bolton Wanderers,33,3
GB1-2003,103,England,31,Garry Flitcroft,Blackburn Rovers,31,3
GB1-2003,104,England,18,James Milner,Leeds United,30,3
GB1-2003,105,Ireland,27,Kevin Kilbane,Everton FC,30,3
GB1-2003,106,England,33,Graham Stuart,Charlton Athletic,28,3
GB1-2003,107,England,27,Bryan Hughes,Birmingham City,26,3
GB1-2003,108,France,25,Stéphane Dalmat,Tottenham Hotspur,22,3
GB1-2003,109,Uruguay,36,Gustavo Poyet,Tottenham Hotspur,20,3
GB1-2003,110,England,28,Michael Duberry,Leeds United,19,3
GB1-2003,111,England,19,Glen Johnson,Chelsea FC,19,3
GB1-2003,112,Serbia,29,Dejan Stefanovic,Portsmouth FC,32,3
GB1-2003,113,England,30,David Unsworth,Everton FC,26,3
GB1-2003,114,England,35,Dion Dublin,Aston Villa,23,3
GB1-2003,115,Romania,30,Ionel Ganea,Wolverhampton Wanderers,16,3
GB1-2003,116,France,29,Sylvain Wiltord,Arsenal FC,12,3
GB1-2003,117,Italy,32,Lorenzo Amoruso,Blackburn Rovers,12,3
GB1-2003,118,Türkiye,29,Muzzy Izzet,Leicester City,30,2
GB1-2003,119,Australia,25,Brett Emerton,Blackburn Rovers,37,2
GB1-2003,120,England,21,Jermaine Pennant,Leeds United,36,2
GB1-2003,121,Ireland,28,Mark Kennedy,Wolverhampton Wanderers,31,2
GB1-2003,122,Spain,30,Gaizka Mendieta,Middlesbrough FC,31,2
GB1-2003,123,Scotland,25,Gary Naysmith,Everton FC,29,2
GB1-2003,124,England,32,Steve Stone,Portsmouth FC,32,2
GB1-2003,125,Australia,31,Stan Lazaridis,Birmingham City,30,2
GB1-2003,126,Trinidad and Tobago,23,Jlloyd Samuel,Aston Villa,38,2
GB1-2003,127,England,26,Lee Hendrie,Aston Villa,32,2
GB1-2003,128,England,25,Seth Johnson,Leeds United,25,2
GB1-2003,129,Iceland,29,Hermann Hreidarsson,Charlton Athletic,33,2
GB1-2003,130,Denmark,26,Jesper Grønkjær,Chelsea FC,31,2
GB1-2003,131,Greece,29,Stelios Giannakopoulos,Bolton Wanderers,31,2
GB1-2003,132,Denmark,28,Thomas Gravesen,Everton FC,30,2
GB1-2003,133,Brazil,26,Edú Gaspar,Arsenal FC,30,2
GB1-2003,134,England,29,Gary Neville,Manchester United,30,2
GB1-2003,135,England,31,Lee Clark,Fulham FC,25,2
GB1-2003,136,England,20,Darren Ambrose,Newcastle United,24,2
GB1-2003,137,Brazil,24,Kléberson,Manchester United,12,2
GB1-2003,138,England,23,John Terry,Chelsea FC,33,2
GB1-2003,139,England,36,Paul Ince,Wolverhampton Wanderers,32,2
GB1-2003,140,England,21,Jermaine Jenas,Newcastle United,31,2
GB1-2003,141,Germany,30,Dietmar Hamann,Liverpool FC,25,2
GB1-2003,142,England,26,Matt Jansen,Blackburn Rovers,19,2
GB1-2003,143,England,26,Stephen Clemence,Birmingham City,35,2
GB1-2003,144,Sweden,28,Michael Svensson,Southampton FC,26,2
GB1-2003,145,Scotland,24,Kenny Miller,Wolverhampton Wanderers,25,2
GB1-2003,146,England,27,Lee Bowyer,Newcastle United,24,2
GB1-2003,147,England,25,Michael Ricketts,Middlesbrough FC,23,2
GB1-2003,148,Japan,24,Junichi Inamoto,Fulham FC,22,2
GB1-2003,149,England,24,David Dunn,Birmingham City,21,2
GB1-2003,150,Wales,24,Simon Davies,Tottenham Hotspur,17,2
GB1-2003,151,France,19,Florent Sinama-Pongolle,Liverpool FC,15,2
GB1-2003,152,France,21,David Bellion,Manchester United,14,2
GB1-2003,153,Latvia,27,Marians Pahars,Southampton FC,14,2
GB1-2003,154,Spain,20,José Antonio Reyes,Arsenal FC,13,2
GB1-2003,155,France,26,Sylvain Distin,Manchester City,38,2
GB1-2003,156,Ireland,23,John O'Shea,Manchester United,33,2
GB1-2003,157,Scotland,30,Dominic Matteo,Leeds United,33,2
GB1-2003,158,Australia,26,Lucas Neill,Blackburn Rovers,32,2
GB1-2003,159,Nigeria,23,Joseph Yobo,Everton FC,28,2
GB1-2003,160,England,23,Jonathan Fortune,Charlton Athletic,28,2
GB1-2003,161,Netherlands,27,Mario Melchiot,Chelsea FC,23,2
GB1-2003,162,Ireland,33,Jeff Kenna,Birmingham City,17,2
GB1-2003,163,France,26,Bruno Cheyrou,Liverpool FC,12,2
GB1-2003,164,England,20,Matthew Kilgallon,Leeds United,8,2
GB1-2003,165,France,19,Léandre Griffit,Southampton FC,5,2
GB1-2003,166,England,20,Gary O'Neil,Portsmouth FC,3,2
GB1-2003,167,Türkiye,33,Tugay Kerimoğlu,Blackburn Rovers,36,1
GB1-2003,168,England,22,Joe Cole,Chelsea FC,35,1
GB1-2003,169,China,26,Jihai Sun,Manchester City,33,1
GB1-2003,170,France,24,Olivier Bernard,Newcastle United,35,1
GB1-2003,171,England,25,Kieron Dyer,Newcastle United,25,1
GB1-2003,172,Northern Ireland,25,Damien Johnson,Birmingham City,35,1
GB1-2003,173,England,23,Wayne Bridge,Chelsea FC,33,1
GB1-2003,174,England,23,Ledley King,Tottenham Hotspur,29,1
GB1-2003,175,Cameroon,25,Njitap Geremi,Chelsea FC,25,1
GB1-2003,176,Ireland,26,Ian Harte,Leeds United,23,1
GB1-2003,177,England,32,Darren Anderton,Tottenham Hotspur,20,1
GB1-2003,178,Nigeria,27,Nwankwo Kanu,Arsenal FC,10,1
GB1-2003,179,Netherlands,34,Arjan de Zeeuw,Portsmouth FC,36,1
GB1-2003,180,England,22,David Prutton,Southampton FC,27,1
GB1-2003,181,Czech Republic,22,Milan Baros,Liverpool FC,13,1
GB1-2003,182,Ireland,27,Stephen Carr,Tottenham Hotspur,32,1
GB1-2003,183,Norway,31,Claus Lundekvam,Southampton FC,31,1
GB1-2003,184,England,31,Trevor Sinclair,Manchester City,29,1
GB1-2003,185,England,28,Riccardo Scimeca,Leicester City,29,1
GB1-2003,186,England,21,Joey Barton,Manchester City,28,1
GB1-2003,187,England,33,Gareth Southgate,Middlesbrough FC,27,1
GB1-2003,188,Ireland,27,Rory Delap,Southampton FC,27,1
GB1-2003,189,France,24,Fabrice Fernandes,Southampton FC,27,1
GB1-2003,190,England,22,Jordan Stewart,Leicester City,25,1
GB1-2003,191,Wales,33,Mark Pembridge,for 2 clubs,16,1
GB1-2003,192,Ireland,26,Jon Macken,Manchester City,15,1
GB1-2003,193,Wales,31,Nathan Blake,Wolverhampton Wanderers,13,1
GB1-2003,194,England,26,David Thompson,Blackburn Rovers,11,1
GB1-2003,195,England,21,Johnnie Jackson,Tottenham Hotspur,11,1
GB1-2003,196,Nigeria,25,Celestine Babayaro,Chelsea FC,6,1
GB1-2003,197,Cote d'Ivoire,23,Kolo Touré,Arsenal FC,37,1
GB1-2003,198,England,29,Sol Campbell,Arsenal FC,35,1
GB1-2003,199,Argentina,31,Mauricio Taricco,Tottenham Hotspur,32,1
GB1-2003,200,England,28,Jody Craddock,Wolverhampton Wanderers,32,1
GB1-2003,201,England,20,Nicky Hunt,Bolton Wanderers,31,1
GB1-2003,202,Wales,28,Ben Thatcher,Leicester City,29,1
GB1-2003,203,England,21,Rohan Ricketts,Tottenham Hotspur,24,1
GB1-2003,204,United States,30,Claudio Reyna,Manchester City,23,1
GB1-2003,205,Scotland,23,Steven Caldwell,for 2 clubs,18,1
GB1-2003,206,Guadeloupe,29,David Sommeil,Manchester City,18,1
GB1-2003,207,England,34,Kevin Campbell,Everton FC,17,1
GB1-2003,208,Senegal,26,Lamine Sakho,Leeds United,17,1
GB1-2003,209,England,27,Michael Brown,Tottenham Hotspur,17,1
GB1-2003,210,Israel,32,Eyal Berkovic,for 2 clubs,15,1
GB1-2003,211,Scotland,25,Barry Ferguson,Blackburn Rovers,15,1
GB1-2003,212,France,31,Christophe Dugarry,Birmingham City,14,1
GB1-2003,213,Jamaica,32,Frank Sinclair,Leicester City,14,1
GB1-2003,214,Ireland,24,Stephen McPhail,Leeds United,12,1
GB1-2003,215,England,24,Malcolm Christie,Middlesbrough FC,10,1
GB1-2003,216,Argentina,29,Juan Sebastián Verón,Chelsea FC,7,1
GB1-2003,217,England,31,Martin Grainger,Birmingham City,4,1
GB1-2003,218,Ireland,31,Paul Butler,Wolverhampton Wanderers,37,1
GB1-2003,219,United States,32,Brad Friedel,Blackburn Rovers,36,1
GB1-2003,220,Sweden,26,Olof Mellberg,Aston Villa,33,1
GB1-2003,221,Denmark,34,Per Frandsen,Bolton Wanderers,33,1
GB1-2003,222,England,31,Chris Perry,Charlton Athletic,29,1
GB1-2003,223,Ireland,24,Andrew O'Brien,Newcastle United,28,1
GB1-2003,224,England,25,Jonathan Greening,Middlesbrough FC,25,1
GB1-2003,225,Slovakia,26,Vratislav Gresko,Blackburn Rovers,24,1
GB1-2003,226,Norway,34,Ronny Johnsen,Aston Villa,23,1
GB1-2003,227,England,24,Martin Taylor,for 2 clubs,23,1
GB1-2003,228,England,29,Nicky Butt,Manchester United,21,1
GB1-2003,229,Ireland,30,Lee Carsley,Everton FC,21,1
GB1-2003,230,Scotland,25,Nigel Quashie,Portsmouth FC,21,1
GB1-2003,231,France,32,Lilian Nalis,Leicester City,20,1
GB1-2003,232,England,35,Craig Short,Blackburn Rovers,19,1
GB1-2003,233,Portugal,21,Hélder Postiga,Tottenham Hotspur,19,1
GB1-2003,234,England,30,Jamie Redknapp,Tottenham Hotspur,17,1
GB1-2003,235,England,32,Steve Howey,for 2 clubs,16,1
GB1-2003,236,Sweden,30,Marcus Allbäck,Aston Villa,15,1
GB1-2003,237,Ireland,22,Jonathan Douglas,Blackburn Rovers,14,1
GB1-2003,238,England,34,Craig Hignett,Leicester City,13,1
GB1-2003,239,France,24,Zoumana Camara,Leeds United,13,1
GB1-2003,240,England,20,Stefan Moore,Aston Villa,11,1
GB1-2003,241,Norway,26,Eirik Bakke,Leeds United,10,1
GB1-2003,242,Australia,26,Hayden Foxe,Portsmouth FC,10,1
GB1-2003,243,Grenada,25,Jason Roberts,Portsmouth FC,10,1
GB1-2003,244,Italy,32,Dino Baggio,Blackburn Rovers,9,1
GB1-2003,245,Croatia,30,Ivica Mornar,Portsmouth FC,8,1
GB1-2003,246,Argentina,30,Facundo Sava,Fulham FC,7,1
GB1-2003,247,Türkiye,30,Alpay Özalan,Aston Villa,6,1
GB1-2003,248,South Africa,23,Mbulelo Mabizela,Tottenham Hotspur,6,1
GB1-2003,249,England,22,Leon Osman,Everton FC,4,1
GB1-2003,250,France,29,Steve Marlet,Fulham FC,1,1
GB1-2003,251,Argentina,21,Carlos Marinelli,Middlesbrough FC,1,1
GB1-2004,1,France,27,Thierry Henry,Arsenal FC,32,25
GB1-2004,2,England,24,Andy Johnson,Crystal Palace,37,21
GB1-2004,3,France,31,Robert Pirès,Arsenal FC,33,14
GB1-2004,4,England,26,Frank Lampard,Chelsea FC,38,13
GB1-2004,5,Netherlands,33,Jimmy Floyd Hasselbaink,Middlesbrough FC,36,13
GB1-2004,6,England,22,Jermain Defoe,Tottenham Hotspur,35,13
GB1-2004,7,Iceland,26,Eidur Gudjohnsen,Chelsea FC,38,12
GB1-2004,8,England,24,Peter Crouch,Southampton FC,27,12
GB1-2004,9,England,33,Andy Cole,Fulham FC,31,12
GB1-2004,10,Nigeria,22,Yakubu,Portsmouth FC,30,12
GB1-2004,11,Ireland,24,Robbie Keane,Tottenham Hotspur,35,11
GB1-2004,12,England,30,Robbie Fowler,Manchester City,32,11
GB1-2004,13,England,19,Wayne Rooney,Manchester United,29,11
GB1-2004,14,Australia,25,Tim Cahill,Everton FC,33,11
GB1-2004,15,Wales,24,Robert Earnshaw,West Bromwich Albion,31,11
GB1-2004,16,Sweden,28,Freddie Ljungberg,Arsenal FC,26,10
GB1-2004,17,England,23,Shaun Wright-Phillips,Manchester City,35,10
GB1-2004,18,England,27,Emile Heskey,Birmingham City,34,10
GB1-2004,19,Cote d'Ivoire,27,Didier Drogba,Chelsea FC,26,10
GB1-2004,20,England,31,Kevin Phillips,Southampton FC,30,10
GB1-2004,21,Spain,21,José Antonio Reyes,Arsenal FC,30,9
GB1-2004,22,England,30,Paul Scholes,Manchester United,33,9
GB1-2004,23,Senegal,24,El-Hadji Diouf,Bolton Wanderers,27,9
GB1-2004,24,Scotland,32,Paul Dickov,Blackburn Rovers,29,9
GB1-2004,25,Czech Republic,23,Milan Baros,Liverpool FC,26,9
GB1-2004,26,Netherlands,36,Dennis Bergkamp,Arsenal FC,29,8
GB1-2004,27,Portugal,27,Luís Boa Morte,Fulham FC,31,8
GB1-2004,28,Peru,30,Nolberto Solano,Aston Villa,36,8
GB1-2004,29,Spain,26,Luis García,Liverpool FC,29,8
GB1-2004,30,England,28,Kevin Davies,Bolton Wanderers,35,8
GB1-2004,31,England,23,Joe Cole,Chelsea FC,28,8
GB1-2004,32,Netherlands,21,Arjen Robben,Chelsea FC,18,7
GB1-2004,33,Mali,27,Frédéric Kanouté,Tottenham Hotspur,32,7
GB1-2004,34,Colombia,29,Juan Pablo Ángel,Aston Villa,35,7
GB1-2004,35,Greece,30,Stelios Giannakopoulos,Bolton Wanderers,34,7
GB1-2004,36,England,24,Steven Gerrard,Liverpool FC,30,7
GB1-2004,37,Wales,25,Craig Bellamy,Newcastle United,21,7
GB1-2004,38,England,21,Dean Ashton,Norwich City,16,7
GB1-2004,39,England,34,Alan Shearer,Newcastle United,28,7
GB1-2004,40,France,25,Nicolas Anelka,Manchester City,19,7
GB1-2004,41,England,24,Gareth Barry,Aston Villa,34,7
GB1-2004,42,Jamaica,26,Damien Francis,Norwich City,32,7
GB1-2004,43,England,29,Darren Huckerby,Norwich City,37,6
GB1-2004,44,Norway,24,John Arne Riise,Liverpool FC,37,6
GB1-2004,45,France,28,Patrick Vieira,Arsenal FC,32,6
GB1-2004,46,Ireland,26,Damien Duff,Chelsea FC,30,6
GB1-2004,47,France,25,Steed Malbranque,Fulham FC,26,6
GB1-2004,48,Nigeria,31,Jay-Jay Okocha,Bolton Wanderers,31,6
GB1-2004,49,England,26,Marcus Bent,Everton FC,37,6
GB1-2004,50,Canada,31,Tomasz Radzinski,Fulham FC,35,6
GB1-2004,51,United States,32,Brian McBride,Fulham FC,31,6
GB1-2004,52,England,24,Alan Smith,Manchester United,31,6
GB1-2004,53,Hungary,26,Zoltán Gera,West Bromwich Albion,38,6
GB1-2004,54,South Africa,32,Shaun Bartlett,Charlton Athletic,25,6
GB1-2004,55,DR Congo,24,Lomana LuaLua,Portsmouth FC,25,6
GB1-2004,56,England,26,Leon McKenzie,Norwich City,37,6
GB1-2004,57,England,23,Leon Osman,Everton FC,29,6
GB1-2004,58,Denmark,29,Henrik Pedersen,Bolton Wanderers,27,6
GB1-2004,59,Netherlands,28,Patrick Kluivert,Newcastle United,25,6
GB1-2004,60,Netherlands,28,Ruud van Nistelrooy,Manchester United,17,6
GB1-2004,61,Senegal,27,Papa Bouba Diop,Fulham FC,29,6
GB1-2004,62,England,20,Stewart Downing,Middlesbrough FC,35,5
GB1-2004,63,Wales,31,Ryan Giggs,Manchester United,32,5
GB1-2004,64,Scotland,33,Duncan Ferguson,Everton FC,35,5
GB1-2004,65,Portugal,20,Cristiano Ronaldo,Manchester United,33,5
GB1-2004,66,France,26,Franck Queudrue,Middlesbrough FC,31,5
GB1-2004,67,Netherlands,28,Boudewijn Zenden,Middlesbrough FC,36,5
GB1-2004,68,England,27,Lee Hendrie,Aston Villa,29,5
GB1-2004,69,Tunisia,29,Radhi Jaïdi,Bolton Wanderers,28,5
GB1-2004,70,Netherlands,21,Robin van Persie,Arsenal FC,26,5
GB1-2004,71,Morocco,28,Talal El Karkouri,Charlton Athletic,32,5
GB1-2004,72,Australia,29,Mark Viduka,Middlesbrough FC,16,5
GB1-2004,73,Denmark,28,Thomas Gravesen,Everton FC,21,4
GB1-2004,74,Australia,26,Brett Emerton,Blackburn Rovers,37,4
GB1-2004,75,Portugal,24,Tiago Mendes,Chelsea FC,34,4
GB1-2004,76,Slovakia,27,Szilárd Németh,Middlesbrough FC,31,4
GB1-2004,77,Wales,30,Robbie Savage,for 2 clubs,27,4
GB1-2004,78,Ireland,26,Clinton Morrison,Birmingham City,26,4
GB1-2004,79,Sweden,30,Mathias Svensson,Norwich City,22,4
GB1-2004,80,Norway,23,Morten Gamst Pedersen,Blackburn Rovers,19,4
GB1-2004,81,Uruguay,29,Walter Pandiani,Birmingham City,14,4
GB1-2004,82,Ireland,31,Lee Carsley,Everton FC,36,4
GB1-2004,83,England,22,Kevin Nolan,Bolton Wanderers,36,4
GB1-2004,84,Finland,28,Aki Riihilahti,Crystal Palace,32,4
GB1-2004,85,Finland,29,Jonatan Johansson,Charlton Athletic,26,4
GB1-2004,86,France,30,Antoine Sibierski,Manchester City,35,4
GB1-2004,87,Sweden,28,Anders Svensson,Southampton FC,29,4
GB1-2004,88,Cameroon,27,Joseph-Désiré Job,Middlesbrough FC,23,4
GB1-2004,89,France,23,Djibril Cissé,Liverpool FC,16,4
GB1-2004,90,Senegal,28,Henri Camara,Southampton FC,13,4
GB1-2004,91,Netherlands,19,Collins John,Fulham FC,27,4
GB1-2004,92,Serbia,26,Mateja Kežman,Chelsea FC,25,4
GB1-2004,93,Senegal,24,Diomansy Kamara,Portsmouth FC,25,4
GB1-2004,94,England,26,Kieron Dyer,Newcastle United,23,4
GB1-2004,95,England,27,James Beattie,for 2 clubs,22,4
GB1-2004,96,England,28,Danny Murphy,Charlton Athletic,38,3
GB1-2004,97,France,29,Laurent Robert,Newcastle United,31,3
GB1-2004,98,Czech Republic,31,Patrik Berger,Portsmouth FC,32,3
GB1-2004,99,England,31,Geoff Horsfield,West Bromwich Albion,29,3
GB1-2004,100,England,21,Carlton Cole,Aston Villa,27,3
GB1-2004,101,England,33,Steve Stone,Portsmouth FC,23,3
GB1-2004,102,England,28,Lee Bowyer,Newcastle United,27,3
GB1-2004,103,England,24,Francis Jeffers,Charlton Athletic,20,3
GB1-2004,104,Netherlands,29,George Boateng,Middlesbrough FC,25,3
GB1-2004,105,England,22,Jerome Thomas,Charlton Athletic,24,3
GB1-2004,106,England,35,Kevin Campbell,for 2 clubs,22,3
GB1-2004,107,Scotland,21,Darren Fletcher,Manchester United,18,3
GB1-2004,108,Netherlands,27,Kiki Musampa,Manchester City,14,3
GB1-2004,109,England,24,John Terry,Chelsea FC,36,3
GB1-2004,110,Ireland,31,Matt Holland,Charlton Athletic,32,3
GB1-2004,111,Sweden,27,Olof Mellberg,Aston Villa,30,3
GB1-2004,112,Finland,30,Joonas Kolkka,Crystal Palace,23,3
GB1-2004,113,England,33,Darren Anderton,Birmingham City,20,3
GB1-2004,114,England,20,Kieran Richardson,for 2 clubs,13,3
GB1-2004,115,England,26,Neil Clement,West Bromwich Albion,35,3
GB1-2004,116,England,30,Danny Granville,Crystal Palace,35,3
GB1-2004,117,Netherlands,35,Arjan de Zeeuw,Portsmouth FC,32,3
GB1-2004,118,Spain,29,Fernando Morientes,Liverpool FC,13,3
GB1-2004,119,England,21,Darren Ambrose,Newcastle United,12,3
GB1-2004,120,Spain,18,Cesc Fàbregas,Arsenal FC,33,2
GB1-2004,121,Ireland,24,Steven Reid,Blackburn Rovers,28,2
GB1-2004,122,England,20,David Bentley,Norwich City,26,2
GB1-2004,123,Spain,23,Xabi Alonso,Liverpool FC,24,2
GB1-2004,124,England,24,David Dunn,Birmingham City,11,2
GB1-2004,125,Ireland,28,Rory Delap,Southampton FC,37,2
GB1-2004,126,Ireland,25,Richard Dunne,Manchester City,35,2
GB1-2004,127,Ireland,24,John O'Shea,Manchester United,23,2
GB1-2004,128,England,25,Luke Young,Charlton Athletic,36,2
GB1-2004,129,Northern Ireland,33,Michael Hughes,Crystal Palace,36,2
GB1-2004,130,Nigeria,23,Shola Ameobi,Newcastle United,31,2
GB1-2004,131,Germany,23,Thomas Hitzlsperger,Aston Villa,28,2
GB1-2004,132,Jamaica,28,Jason Euell,Charlton Athletic,26,2
GB1-2004,133,England,24,Darius Vassell,Aston Villa,21,2
GB1-2004,134,England,31,David Unsworth,Portsmouth FC,15,2
GB1-2004,135,England,26,Matthew Upson,Birmingham City,36,2
GB1-2004,136,England,24,Ashley Cole,Arsenal FC,35,2
GB1-2004,137,France,27,Mikaël Silvestre,Manchester United,35,2
GB1-2004,138,England,26,Adam Drury,Norwich City,33,2
GB1-2004,139,England,24,Jonathan Fortune,Charlton Athletic,31,2
GB1-2004,140,Nigeria,28,Nwankwo Kanu,West Bromwich Albion,28,2
GB1-2004,141,France,27,William Gallas,Chelsea FC,28,2
GB1-2004,142,England,22,Jon Stead,Blackburn Rovers,28,2
GB1-2004,143,England,21,Gary O'Neil,Portsmouth FC,24,2
GB1-2004,144,Ireland,25,Gary Doherty,for 2 clubs,21,2
GB1-2004,145,United States,31,Claudio Reyna,Manchester City,17,2
GB1-2004,146,France,20,Florent Sinama-Pongolle,Liverpool FC,16,2
GB1-2004,147,Scotland,20,Paul Gallagher,Blackburn Rovers,16,2
GB1-2004,148,England,21,Darren Carter,Birmingham City,15,2
GB1-2004,149,Brazil,27,Edú Gaspar,Arsenal FC,12,2
GB1-2004,150,England,21,Dean Marney,Tottenham Hotspur,5,2
GB1-2004,151,England,24,Ledley King,Tottenham Hotspur,38,2
GB1-2004,152,England,24,Fitz Hall,Crystal Palace,36,2
GB1-2004,153,Finland,31,Sami Hyypiä,Liverpool FC,32,2
GB1-2004,154,England,25,Julian Gray,Birmingham City,32,2
GB1-2004,155,Netherlands,35,Paul Bosvelt,Manchester City,28,2
GB1-2004,156,Sweden,32,Andreas Jakobsson,Southampton FC,27,2
GB1-2004,157,Denmark,26,Dennis Rommedahl,Charlton Athletic,26,2
GB1-2004,158,Ireland,25,Andrew O'Brien,Newcastle United,23,2
GB1-2004,159,England,24,Chris Riggott,Middlesbrough FC,21,2
GB1-2004,160,Scotland,26,Barry Ferguson,Blackburn Rovers,21,2
GB1-2004,161,Croatia,27,Igor Biscan,Liverpool FC,19,2
GB1-2004,162,Trinidad and Tobago,33,Dwight Yorke,for 2 clubs,17,2
GB1-2004,163,Ireland,21,Stephen Kelly,Tottenham Hotspur,17,2
GB1-2004,164,England,29,Robbie Blake,Birmingham City,11,2
GB1-2004,165,France,22,David Bellion,Manchester United,10,2
GB1-2004,166,England,22,Neil Mellor,Liverpool FC,9,2
GB1-2004,167,Egypt,22,Mido,Tottenham Hotspur,9,2
GB1-2004,168,England,27,Matt Jansen,Blackburn Rovers,7,2
GB1-2004,169,England,20,Wayne Routledge,Crystal Palace,38,1
GB1-2004,170,England,22,Joey Barton,Manchester City,31,1
GB1-2004,171,Wales,35,Gary Speed,Bolton Wanderers,38,1
GB1-2004,172,England,36,Graeme Le Saux,Southampton FC,25,1
GB1-2004,173,Cameroon,28,Laurén,Arsenal FC,33,1
GB1-2004,174,Jamaica,25,Ricardo Fuller,Portsmouth FC,31,1
GB1-2004,175,Ireland,28,Kevin Kilbane,Everton FC,38,1
GB1-2004,176,France,32,Claude Makélélé,Chelsea FC,36,1
GB1-2004,177,Iceland,30,Hermann Hreidarsson,Charlton Athletic,34,1
GB1-2004,178,Ireland,33,Roy Keane,Manchester United,31,1
GB1-2004,179,England,22,Jermaine Jenas,Newcastle United,31,1
GB1-2004,180,England,28,Michael Brown,Tottenham Hotspur,24,1
GB1-2004,181,England,23,David Prutton,Southampton FC,23,1
GB1-2004,182,Ireland,27,Jon Macken,Manchester City,23,1
GB1-2004,183,Spain,23,Mikel Arteta,Everton FC,12,1
GB1-2004,184,Netherlands,28,Mario Melchiot,Birmingham City,34,1
GB1-2004,185,Scotland,26,Nigel Quashie,for 2 clubs,32,1
GB1-2004,186,England,24,Paul Konchesky,Charlton Athletic,28,1
GB1-2004,187,Ireland,28,Stephen Carr,Newcastle United,26,1
GB1-2004,188,Switzerland,19,Reto Ziegler,Tottenham Hotspur,22,1
GB1-2004,189,Australia,26,Harry Kewell,Liverpool FC,18,1
GB1-2004,190,England,32,Lee Clark,Fulham FC,17,1
GB1-2004,191,Jamaica,26,Kevin Lisbie,Charlton Athletic,17,1
GB1-2004,192,Israel,32,Eyal Berkovic,Portsmouth FC,11,1
GB1-2004,193,England,33,Craig Fleming,Norwich City,38,1
GB1-2004,194,Australia,27,Lucas Neill,Blackburn Rovers,36,1
GB1-2004,195,England,25,Zat Knight,Fulham FC,35,1
GB1-2004,196,Scotland,35,David Weir,Everton FC,34,1
GB1-2004,197,Ireland,29,Steve Finnan,Liverpool FC,33,1
GB1-2004,198,England,23,Matthew Taylor,Portsmouth FC,32,1
GB1-2004,199,England,26,Paul Robinson,West Bromwich Albion,30,1
GB1-2004,200,Sweden,26,Erik Edman,Tottenham Hotspur,28,1
GB1-2004,201,Spain,37,Fernando Hierro,Bolton Wanderers,28,1
GB1-2004,202,Argentina,27,Gabriel Heinze,Manchester United,26,1
GB1-2004,203,England,19,James Milner,Newcastle United,25,1
GB1-2004,204,England,19,Luke Moore,Aston Villa,25,1
GB1-2004,205,Portugal,25,Pedro Mendes,Tottenham Hotspur,24,1
GB1-2004,206,Northern Ireland,25,Aaron Hughes,Newcastle United,22,1
GB1-2004,207,France,21,Mathieu Flamini,Arsenal FC,21,1
GB1-2004,208,England,27,Gavin McCann,Aston Villa,20,1
GB1-2004,209,England,23,Titus Bramble,Newcastle United,19,1
GB1-2004,210,England,30,Nicky Butt,Newcastle United,18,1
GB1-2004,211,Netherlands,32,Michael Reiziger,Middlesbrough FC,18,1
GB1-2004,212,France,26,Louis Saha,Manchester United,14,1
GB1-2004,213,Ireland,22,Andy Reid,Tottenham Hotspur,13,1
GB1-2004,214,England,38,Les Ferdinand,Bolton Wanderers,10,1
GB1-2004,215,England,27,Matt Oakley,Southampton FC,7,1
GB1-2004,216,Italy,26,Nicola Ventola,Crystal Palace,3,1
GB1-2004,217,France,27,Sylvain Distin,Manchester City,38,1
GB1-2004,218,England,31,Linvoy Primus,Portsmouth FC,35,1
GB1-2004,219,England,33,Alan Stubbs,Everton FC,31,1
GB1-2004,220,United States,25,Carlos Bocanegra,Fulham FC,28,1
GB1-2004,221,Northern Ireland,20,Steven Davis,Aston Villa,28,1
GB1-2004,222,Morocco,35,Noureddine Naybet,Tottenham Hotspur,27,1
GB1-2004,223,England,30,Andy Todd,Blackburn Rovers,26,1
GB1-2004,224,Portugal,26,Ricardo Carvalho,Chelsea FC,25,1
GB1-2004,225,England,33,Simon Charlton,Norwich City,24,1
GB1-2004,226,France,25,Noé Pamarot,Tottenham Hotspur,23,1
GB1-2004,227,Scotland,22,James McFadden,Everton FC,23,1
GB1-2004,228,England,25,Wes Brown,Manchester United,21,1
GB1-2004,229,Gibraltar,26,Danny Higginbotham,Southampton FC,21,1
GB1-2004,230,Israel,23,Tal Ben Haim,Bolton Wanderers,21,1
GB1-2004,231,England,27,Ronnie Wallwork,West Bromwich Albion,20,1
GB1-2004,232,Scotland,30,Dougie Freedman,Crystal Palace,20,1
GB1-2004,233,Antigua and Barbuda,22,Mikele Leigertwood,Crystal Palace,20,1
GB1-2004,234,England,32,Chris Perry,Charlton Athletic,19,1
GB1-2004,235,Cameroon,23,Thimothée Atouba,Tottenham Hotspur,18,1
GB1-2004,236,Morocco,28,Youssef Safri,Norwich City,18,1
GB1-2004,237,England,31,Robbie Elliott,Newcastle United,17,1
GB1-2004,238,England,28,Bryan Hughes,Charlton Athletic,17,1
GB1-2004,239,Northern Ireland,27,Paul McVeigh,Norwich City,17,1
GB1-2004,240,England,30,Sol Campbell,Arsenal FC,16,1
GB1-2004,241,France,31,Sylvain Legwinski,Fulham FC,15,1
GB1-2004,242,England,36,Craig Short,Blackburn Rovers,14,1
GB1-2004,243,England,20,Peter Whittingham,Aston Villa,13,1
GB1-2004,244,England,20,Bradley Wright-Phillips,Manchester City,13,1
GB1-2004,245,Denmark,27,Martin Laursen,Aston Villa,12,1
GB1-2004,246,England,22,Jay Bothroyd,Blackburn Rovers,11,1
GB1-2004,247,England,19,Danny Graham,Middlesbrough FC,11,1
GB1-2004,248,Türkiye,30,Muzzy Izzet,Birmingham City,10,1
GB1-2004,249,Antigua and Barbuda,18,Dexter Blackstock,Southampton FC,9,1
GB1-2004,250,Ireland,19,Willo Flood,Manchester City,9,1
GB1-2004,251,England,23,Mark Hudson,Crystal Palace,7,1
GB1-2004,252,England,29,Darren Powell,Crystal Palace,6,1
GB1-2004,253,Scotland,26,Scott Dobie,West Bromwich Albion,5,1
GB1-2004,254,England,31,Trevor Sinclair,Manchester City,4,1
GB1-2004,255,England,18,Ryan Jarvis,Norwich City,4,1
GB1-2004,256,England,25,Malcolm Christie,Middlesbrough FC,2,1
GB1-2004,257,England,16,James Vaughan,Everton FC,2,1
GB1-2005,1,France,28,Thierry Henry,Arsenal FC,32,27
GB1-2005,2,Netherlands,29,Ruud van Nistelrooy,Manchester United,35,21
GB1-2005,3,England,22,Darren Bent,Charlton Athletic,36,18
GB1-2005,4,England,20,Wayne Rooney,Manchester United,36,16
GB1-2005,5,England,27,Frank Lampard,Chelsea FC,35,16
GB1-2005,6,Ireland,25,Robbie Keane,Tottenham Hotspur,36,16
GB1-2005,7,England,26,Marlon Harewood,West Ham United,36,14
GB1-2005,8,Nigeria,23,Yakubu,Middlesbrough FC,34,13
GB1-2005,9,Wales,26,Craig Bellamy,Blackburn Rovers,27,13
GB1-2005,10,Cote d'Ivoire,28,Didier Drogba,Chelsea FC,29,12
GB1-2005,11,Senegal,28,Henri Camara,Wigan Athletic,29,12
GB1-2005,12,Egypt,23,Mido,Tottenham Hotspur,27,11
GB1-2005,13,Netherlands,20,Collins John,Fulham FC,35,11
GB1-2005,14,England,25,Steven Gerrard,Liverpool FC,32,10
GB1-2005,15,England,35,Alan Shearer,Newcastle United,32,10
GB1-2005,16,Argentina,30,Hernán Crespo,Chelsea FC,30,10
GB1-2005,17,England,28,James Beattie,Everton FC,32,10
GB1-2005,18,Portugal,21,Cristiano Ronaldo,Manchester United,33,9
GB1-2005,19,England,34,Andy Cole,Manchester City,22,9
GB1-2005,20,England,23,Jermain Defoe,Tottenham Hotspur,36,9
GB1-2005,21,England,23,Kevin Nolan,Bolton Wanderers,36,9
GB1-2005,22,Norway,24,Morten Gamst Pedersen,Blackburn Rovers,34,9
GB1-2005,23,Greece,31,Stelios Giannakopoulos,Bolton Wanderers,34,9
GB1-2005,24,Nigeria,24,Shola Ameobi,Newcastle United,30,9
GB1-2005,25,United States,33,Brian McBride,Fulham FC,38,9
GB1-2005,26,France,24,Djibril Cissé,Liverpool FC,33,9
GB1-2005,27,Netherlands,34,Jimmy Floyd Hasselbaink,Middlesbrough FC,22,9
GB1-2005,28,England,25,Darius Vassell,Manchester City,36,8
GB1-2005,29,England,25,Peter Crouch,Liverpool FC,32,8
GB1-2005,30,Grenada,28,Jason Roberts,Wigan Athletic,34,8
GB1-2005,31,England,20,Luke Moore,Aston Villa,27,8
GB1-2005,32,Czech Republic,24,Milan Baros,for 2 clubs,27,8
GB1-2005,33,Iceland,28,Heidar Helguson,Fulham FC,27,8
GB1-2005,34,England,24,Joe Cole,Chelsea FC,34,7
GB1-2005,35,England,29,Kevin Davies,Bolton Wanderers,37,7
GB1-2005,36,France,32,Robert Pirès,Arsenal FC,33,7
GB1-2005,37,Finland,29,Shefki Kuqi,Blackburn Rovers,33,7
GB1-2005,38,Spain,27,Luis García,Liverpool FC,31,7
GB1-2005,39,Australia,30,Mark Viduka,Middlesbrough FC,27,7
GB1-2005,40,DR Congo,25,Lomana LuaLua,Portsmouth FC,25,7
GB1-2005,41,France,27,Louis Saha,Manchester United,19,7
GB1-2005,42,England,26,Michael Owen,Newcastle United,11,7
GB1-2005,43,Portugal,28,Luís Boa Morte,Fulham FC,35,6
GB1-2005,44,France,26,Steed Malbranque,Fulham FC,34,6
GB1-2005,45,England,25,Bobby Zamora,West Ham United,34,6
GB1-2005,46,Netherlands,22,Arjen Robben,Chelsea FC,28,6
GB1-2005,47,England,24,Matthew Taylor,Portsmouth FC,34,6
GB1-2005,48,Australia,26,Tim Cahill,Everton FC,32,6
GB1-2005,49,England,23,Joey Barton,Manchester City,31,6
GB1-2005,50,Peru,31,Nolberto Solano,for 2 clubs,32,6
GB1-2005,51,England,40,Teddy Sheringham,West Ham United,25,6
GB1-2005,52,England,22,Gary O'Neil,Portsmouth FC,36,6
GB1-2005,53,England,23,Jermaine Jenas,for 2 clubs,34,6
GB1-2005,54,England,31,Robbie Fowler,for 2 clubs,18,6
GB1-2005,55,Scotland,23,James McFadden,Everton FC,32,6
GB1-2005,56,Spain,22,José Antonio Reyes,Arsenal FC,26,5
GB1-2005,57,France,19,Charles N'Zogbia,Newcastle United,32,5
GB1-2005,58,Spain,30,Fernando Morientes,Liverpool FC,28,5
GB1-2005,59,Israel,26,Yossi Benayoun,West Ham United,34,5
GB1-2005,60,Nigeria,29,Nwankwo Kanu,West Bromwich Albion,25,5
GB1-2005,61,France,28,William Gallas,Chelsea FC,34,5
GB1-2005,62,England,21,Nigel Reo-Coker,West Ham United,31,5
GB1-2005,63,Scotland,27,Lee McCulloch,Wigan Athletic,30,5
GB1-2005,64,Netherlands,22,Robin van Persie,Arsenal FC,24,5
GB1-2005,65,England,21,Liam Ridgewell,Aston Villa,32,5
GB1-2005,66,England,24,Nathan Ellington,West Bromwich Albion,31,5
GB1-2005,67,Czech Republic,28,Jiri Jarosik,Birmingham City,24,5
GB1-2005,68,Scotland,33,Paul Dickov,Blackburn Rovers,21,5
GB1-2005,69,England,29,Danny Murphy,for 2 clubs,28,4
GB1-2005,70,Togo,22,Emmanuel Adebayor,Arsenal FC,13,4
GB1-2005,71,England,24,Leon Osman,Everton FC,35,4
GB1-2005,72,Wales,36,Gary Speed,Bolton Wanderers,31,4
GB1-2005,73,England,27,Jimmy Bullard,Wigan Athletic,36,4
GB1-2005,74,Ireland,25,Steven Reid,Blackburn Rovers,34,4
GB1-2005,75,England,32,Kevin Phillips,Aston Villa,23,4
GB1-2005,76,England,25,John Terry,Chelsea FC,36,4
GB1-2005,77,England,28,Emile Heskey,Birmingham City,34,4
GB1-2005,78,Northern Ireland,21,Steven Davis,Aston Villa,35,4
GB1-2005,79,France,21,Anthony Le Tallec,Sunderland AFC,27,4
GB1-2005,80,Bulgaria,27,Svetoslav Todorov,Portsmouth FC,24,4
GB1-2005,81,England,32,Geoff Horsfield,West Bromwich Albion,18,4
GB1-2005,82,Sweden,27,Andreas Johansson,Wigan Athletic,16,4
GB1-2005,83,Greece,21,Georgios Samaras,Manchester City,14,4
GB1-2005,84,Spain,24,Xabi Alonso,Liverpool FC,35,3
GB1-2005,85,Spain,19,Cesc Fàbregas,Arsenal FC,35,3
GB1-2005,86,England,24,Dean Whitehead,Sunderland AFC,37,3
GB1-2005,87,England,33,Trevor Sinclair,Manchester City,31,3
GB1-2005,88,Ireland,27,Damien Duff,Chelsea FC,28,3
GB1-2005,89,England,22,Darren Ambrose,Charlton Athletic,28,3
GB1-2005,90,Australia,27,Harry Kewell,Liverpool FC,27,3
GB1-2005,91,Portugal,19,Ricardo Vaz Tê,Bolton Wanderers,22,3
GB1-2005,92,England,29,Bryan Hughes,Charlton Athletic,33,3
GB1-2005,93,England,27,Tommy Miller,Sunderland AFC,29,3
GB1-2005,94,England,25,Gareth Barry,Aston Villa,36,3
GB1-2005,95,Colombia,30,Juan Pablo Ángel,Aston Villa,31,3
GB1-2005,96,France,27,Franck Queudrue,Middlesbrough FC,29,3
GB1-2005,97,England,25,Ledley King,Tottenham Hotspur,26,3
GB1-2005,98,Senegal,25,El-Hadji Diouf,Bolton Wanderers,20,3
GB1-2005,99,Tunisia,30,Radhi Jaïdi,Bolton Wanderers,16,3
GB1-2005,100,England,27,Rio Ferdinand,Manchester United,37,3
GB1-2005,101,Ireland,26,Richard Dunne,Manchester City,32,3
GB1-2005,102,England,27,Marcus Bent,for 2 clubs,31,3
GB1-2005,103,England,21,David Bentley,Blackburn Rovers,29,3
GB1-2005,104,England,36,Kevin Campbell,West Bromwich Albion,29,3
GB1-2005,105,Ireland,24,Liam Lawrence,Sunderland AFC,29,3
GB1-2005,106,Finland,25,Mikael Forssell,Birmingham City,27,3
GB1-2005,107,Belarus,25,Aleksandr Hleb,Arsenal FC,25,3
GB1-2005,108,England,31,Nicky Butt,Birmingham City,24,3
GB1-2005,109,Portugal,27,Pedro Mendes,for 2 clubs,20,3
GB1-2005,110,Austria,26,Paul Scharner,Wigan Athletic,16,3
GB1-2005,111,England,22,Dean Ashton,West Ham United,11,3
GB1-2005,112,Wales,32,Ryan Giggs,Manchester United,27,2
GB1-2005,113,Iceland,27,Eidur Gudjohnsen,Chelsea FC,26,2
GB1-2005,114,England,23,Jermaine Pennant,Birmingham City,38,2
GB1-2005,115,England,27,Jonathan Greening,West Bromwich Albion,38,2
GB1-2005,116,England,24,Michael Carrick,Tottenham Hotspur,35,2
GB1-2005,117,England,24,Matthew Etherington,West Ham United,33,2
GB1-2005,118,Brazil,24,Fábio Rochemback,Middlesbrough FC,22,2
GB1-2005,119,Guadeloupe,27,Pascal Chimbonda,Wigan Athletic,37,2
GB1-2005,120,Denmark,27,Dennis Rommedahl,Charlton Athletic,21,2
GB1-2005,121,England,31,Sol Campbell,Arsenal FC,20,2
GB1-2005,122,England,31,Paul Scholes,Manchester United,20,2
GB1-2005,123,Türkiye,25,Emre Belözoğlu,Newcastle United,20,2
GB1-2005,124,Spain,31,Gaizka Mendieta,Middlesbrough FC,17,2
GB1-2005,125,Hungary,27,Zoltán Gera,West Bromwich Albion,15,2
GB1-2005,126,Brazil,29,Gilberto Silva,Arsenal FC,33,2
GB1-2005,127,Canada,32,Tomasz Radzinski,Fulham FC,33,2
GB1-2005,128,England,21,Anton Ferdinand,West Ham United,33,2
GB1-2005,129,Ghana,23,Michael Essien,Chelsea FC,31,2
GB1-2005,130,England,19,Aaron Lennon,Tottenham Hotspur,27,2
GB1-2005,131,Netherlands,30,George Boateng,Middlesbrough FC,26,2
GB1-2005,132,England,24,Titus Bramble,Newcastle United,24,2
GB1-2005,133,Netherlands,36,Dennis Bergkamp,Arsenal FC,24,2
GB1-2005,134,France,31,Antoine Sibierski,Manchester City,24,2
GB1-2005,135,England,23,Stuart Parnaby,Middlesbrough FC,20,2
GB1-2005,136,England,28,David Thompson,for 2 clubs,16,2
GB1-2005,137,England,26,David Dunn,Birmingham City,15,2
GB1-2005,138,Denmark,28,Claus Jensen,Fulham FC,11,2
GB1-2005,139,Sierra Leone,21,Curtis Davies,West Bromwich Albion,33,2
GB1-2005,140,England,31,Andy Todd,Blackburn Rovers,22,2
GB1-2005,141,Senegal,28,Papa Bouba Diop,Fulham FC,22,2
GB1-2005,142,Switzerland,21,Philippe Senderos,Arsenal FC,20,2
GB1-2005,143,Mexico,32,Jared Borgetti,Bolton Wanderers,19,2
GB1-2005,144,England,24,Jay Bothroyd,Charlton Athletic,18,2
GB1-2005,145,Italy,26,Massimo Maccarone,Middlesbrough FC,17,2
GB1-2005,146,Uruguay,29,Walter Pandiani,Birmingham City,17,2
GB1-2005,147,Guadeloupe,31,David Sommeil,Manchester City,16,2
GB1-2005,148,Spain,32,Iván Campo,Bolton Wanderers,15,2
GB1-2005,149,Cameroon,27,Njitap Geremi,Chelsea FC,15,2
GB1-2005,150,Ireland,22,Stephen Elliott,Sunderland AFC,15,2
GB1-2005,151,Wales,22,James Collins,West Ham United,14,2
GB1-2005,152,Uruguay,33,Darío Silva,Portsmouth FC,13,2
GB1-2005,153,France,31,Pascal Cygan,Arsenal FC,12,2
GB1-2005,154,Netherlands,29,Boudewijn Zenden,Liverpool FC,7,2
GB1-2005,155,"Korea, South",25,Ji-sung Park,Manchester United,34,1
GB1-2005,156,Sweden,29,Freddie Ljungberg,Arsenal FC,25,1
GB1-2005,157,Spain,25,Asier del Horno,Chelsea FC,25,1
GB1-2005,158,England,29,Lee Bowyer,Newcastle United,28,1
GB1-2005,159,Scotland,22,Darren Fletcher,Manchester United,27,1
GB1-2005,160,England,23,Jerome Thomas,Charlton Athletic,25,1
GB1-2005,161,Finland,26,Teemu Tainio,Tottenham Hotspur,24,1
GB1-2005,162,Scotland,19,James Morrison,Middlesbrough FC,24,1
GB1-2005,163,England,21,Stewart Downing,Middlesbrough FC,12,1
GB1-2005,164,England,24,Paul Konchesky,West Ham United,36,1
GB1-2005,165,Ireland,25,John O'Shea,Manchester United,34,1
GB1-2005,166,France,28,Mikaël Silvestre,Manchester United,33,1
GB1-2005,167,Australia,27,Brett Emerton,Blackburn Rovers,30,1
GB1-2005,168,Spain,24,Mikel Arteta,Everton FC,29,1
GB1-2005,169,Senegal,25,Diomansy Kamara,West Bromwich Albion,26,1
GB1-2005,170,Austria,23,Emanuel Pogatetz,Middlesbrough FC,24,1
GB1-2005,171,England,25,Alan Smith,Manchester United,21,1
GB1-2005,172,Jamaica,27,Damien Francis,Wigan Athletic,20,1
GB1-2005,173,France,30,Laurent Robert,Portsmouth FC,17,1
GB1-2005,174,Argentina,25,Andrés D'Alessandro,Portsmouth FC,13,1
GB1-2005,175,England,22,Michael Chopra,Newcastle United,13,1
GB1-2005,176,Serbia,26,Zvonimir Vukic,Portsmouth FC,9,1
GB1-2005,177,Finland,32,Sami Hyypiä,Liverpool FC,36,1
GB1-2005,178,Australia,28,Lucas Neill,Blackburn Rovers,35,1
GB1-2005,179,Ireland,32,Gary Breen,Sunderland AFC,35,1
GB1-2005,180,Wales,31,Robbie Savage,Blackburn Rovers,34,1
GB1-2005,181,Norway,25,John Arne Riise,Liverpool FC,32,1
GB1-2005,182,England,26,Luke Young,Charlton Athletic,32,1
GB1-2005,183,Netherlands,33,Edgar Davids,Tottenham Hotspur,31,1
GB1-2005,184,England,20,James Milner,for 2 clubs,30,1
GB1-2005,185,Nigeria,32,Jay-Jay Okocha,Bolton Wanderers,27,1
GB1-2005,186,Senegal,28,Abdoulaye Faye,Bolton Wanderers,27,1
GB1-2005,187,England,25,Scott Parker,Newcastle United,26,1
GB1-2005,188,Georgia,24,Zurab Khizanishvili,Blackburn Rovers,26,1
GB1-2005,189,Portugal,27,Ricardo Carvalho,Chelsea FC,24,1
GB1-2005,190,England,33,Lee Clark,Newcastle United,22,1
GB1-2005,191,England,21,Kieran Richardson,Manchester United,22,1
GB1-2005,192,Japan,29,Hidetoshi Nakata,Bolton Wanderers,21,1
GB1-2005,193,Scotland,28,Andy Gray,Sunderland AFC,21,1
GB1-2005,194,England,20,Lee Croft,Manchester City,21,1
GB1-2005,195,England,30,Jamie Clapham,Birmingham City,16,1
GB1-2005,196,England,28,Lee Hendrie,Aston Villa,16,1
GB1-2005,197,Wales,29,Mark Delaney,Aston Villa,12,1
GB1-2005,198,France,19,Abou Diaby,Arsenal FC,12,1
GB1-2005,199,England,23,Neil Mellor,Wigan Athletic,3,1
GB1-2005,200,Canada,28,Paul Stalteri,Tottenham Hotspur,33,1
GB1-2005,201,Scotland,35,David Weir,Everton FC,33,1
GB1-2005,202,England,28,Gavin McCann,Aston Villa,32,1
GB1-2005,203,England,27,Neil Clement,West Bromwich Albion,31,1
GB1-2005,204,Denmark,26,Martin Albrechtsen,West Bromwich Albion,31,1
GB1-2005,205,England,32,Steve Watson,West Bromwich Albion,30,1
GB1-2005,206,Wales,26,Simon Davies,Everton FC,30,1
GB1-2005,207,England,23,Jon Stead,Sunderland AFC,30,1
GB1-2005,208,Nigeria,25,Joseph Yobo,Everton FC,29,1
GB1-2005,209,England,33,Chris Perry,Charlton Athletic,28,1
GB1-2005,210,Scotland,34,Duncan Ferguson,Everton FC,27,1
GB1-2005,211,Türkiye,35,Tugay Kerimoğlu,Blackburn Rovers,27,1
GB1-2005,212,Trinidad and Tobago,21,Justin Hoyte,Sunderland AFC,27,1
GB1-2005,213,England,30,Shaun Newton,West Ham United,26,1
GB1-2005,214,England,26,Matthew Upson,Birmingham City,24,1
GB1-2005,215,Argentina,25,Julio Arca,Sunderland AFC,24,1
GB1-2005,216,England,34,Alan Stubbs,for 2 clubs,24,1
GB1-2005,217,Ireland,32,Matt Holland,Charlton Athletic,23,1
GB1-2005,218,Netherlands,29,Mario Melchiot,Birmingham City,23,1
GB1-2005,219,United States,32,Claudio Reyna,Manchester City,22,1
GB1-2005,220,Wales,25,Danny Collins,Sunderland AFC,22,1
GB1-2005,221,Denmark,30,Henrik Pedersen,Bolton Wanderers,21,1
GB1-2005,222,England,26,Julian Gray,Birmingham City,21,1
GB1-2005,223,United States,26,Carlos Bocanegra,Fulham FC,21,1
GB1-2005,224,England,24,Stephen Warnock,Liverpool FC,20,1
GB1-2005,225,England,22,Darren Carter,West Bromwich Albion,20,1
GB1-2005,226,England,21,Bradley Wright-Phillips,Manchester City,18,1
GB1-2005,227,Ireland,23,Daryl Murphy,Sunderland AFC,18,1
GB1-2005,228,England,28,Danny Mills,Manchester City,17,1
GB1-2005,229,England,26,Sean Davis,Portsmouth FC,17,1
GB1-2005,230,France,21,Florent Sinama-Pongolle,for 2 clubs,17,1
GB1-2005,231,Ireland,28,David Connolly,Wigan Athletic,17,1
GB1-2005,232,Norway,24,Azar Karadas,Portsmouth FC,17,1
GB1-2005,233,South Africa,33,Shaun Bartlett,Charlton Athletic,16,1
GB1-2005,234,Zimbabwe,27,Benjani,Portsmouth FC,16,1
GB1-2005,235,Spain,24,Albert Riera,Manchester City,15,1
GB1-2005,236,Spain,28,Albert Luque,Newcastle United,14,1
GB1-2005,237,Colombia,27,Jhon Viáfara,Portsmouth FC,14,1
GB1-2005,238,England,18,Lee Cattermole,Middlesbrough FC,14,1
GB1-2005,239,Scotland,24,Kevin Kyle,Sunderland AFC,13,1
GB1-2005,240,England,21,Chris Brown,Sunderland AFC,13,1
GB1-2005,241,England,18,Adam Johnson,Middlesbrough FC,13,1
GB1-2005,242,Wales,24,Robert Earnshaw,West Bromwich Albion,12,1
GB1-2005,243,Wales,26,Carl Fletcher,West Ham United,12,1
GB1-2005,244,Jamaica,29,Jason Euell,Charlton Athletic,10,1
GB1-2005,245,England,33,Chris Sutton,Birmingham City,10,1
GB1-2005,246,Scotland,27,Nigel Quashie,West Bromwich Albion,9,1
GB1-2005,247,England,19,Gabriel Agbonlahor,Aston Villa,9,1
GB1-2005,248,Senegal,31,Khalilou Fadiga,Bolton Wanderers,8,1
GB1-2005,249,England,20,Gary Cahill,Aston Villa,7,1
GB1-2005,250,Ireland,27,Alan Mahon,Wigan Athletic,6,1
GB1-2005,251,Ireland,29,Rory Delap,Sunderland AFC,6,1
GB1-2005,252,Italy,19,Giuseppe Rossi,Manchester United,5,1
GB1-2005,253,Serbia,27,Ognjen Koroman,Portsmouth FC,3,1
GB1-2005,254,Uruguay,23,Williams Martínez,West Bromwich Albion,2,1
GB1-2005,255,Nigeria,18,Victor Anichebe,Everton FC,2,1
GB1-2006,1,Cote d'Ivoire,29,Didier Drogba,Chelsea FC,36,20
GB1-2006,2,South Africa,29,Benni McCarthy,Blackburn Rovers,36,18
GB1-2006,3,Portugal,22,Cristiano Ronaldo,Manchester United,34,17
GB1-2006,4,England,21,Wayne Rooney,Manchester United,35,14
GB1-2006,5,Australia,31,Mark Viduka,Middlesbrough FC,29,14
GB1-2006,6,England,23,Darren Bent,Charlton Athletic,32,13
GB1-2006,7,Ireland,23,Kevin Doyle,Reading FC,32,13
GB1-2006,8,Bulgaria,26,Dimitar Berbatov,Tottenham Hotspur,33,12
GB1-2006,9,Nigeria,24,Yakubu,Middlesbrough FC,37,12
GB1-2006,10,Netherlands,26,Dirk Kuyt,Liverpool FC,34,12
GB1-2006,11,England,28,Frank Lampard,Chelsea FC,37,11
GB1-2006,12,France,28,Nicolas Anelka,Bolton Wanderers,35,11
GB1-2006,13,Nigeria,22,Obafemi Martins,Newcastle United,33,11
GB1-2006,14,England,26,Andy Johnson,Everton FC,32,11
GB1-2006,15,Netherlands,23,Robin van Persie,Arsenal FC,22,11
GB1-2006,16,England,26,Bobby Zamora,West Ham United,32,11
GB1-2006,17,Ireland,26,Robbie Keane,Tottenham Hotspur,27,11
GB1-2006,18,France,29,Thierry Henry,Arsenal FC,17,10
GB1-2006,19,Nigeria,30,Nwankwo Kanu,Portsmouth FC,36,10
GB1-2006,20,Brazil,30,Gilberto Silva,Arsenal FC,34,10
GB1-2006,21,England,24,Jermain Defoe,Tottenham Hotspur,34,10
GB1-2006,22,Spain,25,Mikel Arteta,Everton FC,35,9
GB1-2006,23,England,26,Peter Crouch,Liverpool FC,32,9
GB1-2006,24,England,20,Gabriel Agbonlahor,Aston Villa,38,9
GB1-2006,25,United States,34,Brian McBride,Fulham FC,38,9
GB1-2006,26,France,28,Louis Saha,Manchester United,24,8
GB1-2006,27,England,30,Kevin Davies,Bolton Wanderers,30,8
GB1-2006,28,England,26,Gareth Barry,Aston Villa,35,8
GB1-2006,29,England,25,Matthew Taylor,Portsmouth FC,35,8
GB1-2006,30,Wales,37,Gary Speed,Bolton Wanderers,38,8
GB1-2006,31,Togo,23,Emmanuel Adebayor,Arsenal FC,29,8
GB1-2006,32,England,29,Emile Heskey,Wigan Athletic,34,8
GB1-2006,33,England,27,Rob Hulse,Sheffield United,29,8
GB1-2006,34,England,26,Steven Gerrard,Liverpool FC,36,7
GB1-2006,35,England,22,Leroy Lita,Reading FC,33,7
GB1-2006,36,Wales,27,Craig Bellamy,Liverpool FC,27,7
GB1-2006,37,Argentina,23,Carlos Tévez,West Ham United,26,7
GB1-2006,38,Cote d'Ivoire,21,Salomon Kalou,Chelsea FC,33,7
GB1-2006,39,DR Congo,30,Shabani Nonda,Blackburn Rovers,26,7
GB1-2006,40,Norway,34,Ole Gunnar Solskjaer,Manchester United,19,7
GB1-2006,41,Norway,25,Morten Gamst Pedersen,Blackburn Rovers,36,6
GB1-2006,42,England,24,Joey Barton,Manchester City,33,6
GB1-2006,43,Zimbabwe,28,Benjani,Portsmouth FC,31,6
GB1-2006,44,England,24,Jermaine Jenas,Tottenham Hotspur,25,6
GB1-2006,45,England,32,Paul Scholes,Manchester United,30,6
GB1-2006,46,Senegal,30,Henri Camara,Wigan Athletic,23,6
GB1-2006,47,England,21,Ashley Young,for 2 clubs,33,5
GB1-2006,48,Senegal,26,El-Hadji Diouf,Bolton Wanderers,33,5
GB1-2006,49,Algeria,22,Hamer Bouazza,Watford FC,32,5
GB1-2006,50,Germany,30,Michael Ballack,Chelsea FC,26,5
GB1-2006,51,England,28,Kieron Dyer,Newcastle United,22,5
GB1-2006,52,"Korea, South",26,Ji-sung Park,Manchester United,14,5
GB1-2006,53,England,21,Matt Derbyshire,Blackburn Rovers,22,5
GB1-2006,54,United States,27,Carlos Bocanegra,Fulham FC,30,5
GB1-2006,55,Australia,27,Tim Cahill,Everton FC,18,5
GB1-2006,56,England,24,Jon Stead,Sheffield United,14,5
GB1-2006,57,England,22,David Bentley,Blackburn Rovers,36,4
GB1-2006,58,Wales,33,Ryan Giggs,Manchester United,30,4
GB1-2006,59,Ukraine,30,Andriy Shevchenko,Chelsea FC,30,4
GB1-2006,60,Greece,22,Georgios Samaras,Manchester City,36,4
GB1-2006,61,England,24,Steve Sidwell,Reading FC,35,4
GB1-2006,62,Ireland,25,Stephen Hunt,Reading FC,35,4
GB1-2006,63,Scotland,28,Lee McCulloch,Wigan Athletic,29,4
GB1-2006,64,Spain,33,Iván Campo,Bolton Wanderers,34,4
GB1-2006,65,"Korea, South",28,Ki-hyeon Seol,Reading FC,27,4
GB1-2006,66,Iceland,29,Heidar Helguson,Fulham FC,30,4
GB1-2006,67,England,24,Phil Jagielka,Sheffield United,38,4
GB1-2006,68,Ireland,26,John O'Shea,Manchester United,32,4
GB1-2006,69,Spain,25,Xabi Alonso,Liverpool FC,32,4
GB1-2006,70,Colombia,31,Juan Pablo Ángel,Aston Villa,23,4
GB1-2006,71,Grenada,29,Jason Roberts,Blackburn Rovers,18,4
GB1-2006,72,England,18,James Vaughan,Everton FC,14,4
GB1-2006,73,Jamaica,27,Marlon King,Watford FC,13,4
GB1-2006,74,Jamaica,28,Damien Francis,Watford FC,32,4
GB1-2006,75,England,21,Luke Moore,Aston Villa,13,4
GB1-2006,76,England,20,Aaron Lennon,Tottenham Hotspur,26,3
GB1-2006,77,England,21,James Milner,Newcastle United,35,3
GB1-2006,78,Spain,28,Luis García,Liverpool FC,17,3
GB1-2006,79,England,25,Michael Carrick,Manchester United,33,3
GB1-2006,80,Israel,27,Yossi Benayoun,West Ham United,29,3
GB1-2006,81,Italy,31,Bernardo Corradi,Manchester City,25,3
GB1-2006,82,England,26,James Harper,Reading FC,38,3
GB1-2006,83,Cote d'Ivoire,26,Kolo Touré,Arsenal FC,35,3
GB1-2006,84,England,26,Darius Vassell,Manchester City,32,3
GB1-2006,85,Czech Republic,26,Tomas Rosicky,Arsenal FC,26,3
GB1-2006,86,France,32,Antoine Sibierski,Newcastle United,26,3
GB1-2006,87,Brazil,25,Júlio Baptista,Arsenal FC,24,3
GB1-2006,88,England,24,Jerome Thomas,Charlton Athletic,20,3
GB1-2006,89,France,23,Mathieu Flamini,Arsenal FC,20,3
GB1-2006,90,Nigeria,19,Victor Anichebe,Everton FC,19,3
GB1-2006,91,England,32,Robbie Fowler,Liverpool FC,16,3
GB1-2006,92,Norway,27,John Carew,Aston Villa,11,3
GB1-2006,93,Morocco,30,Talal El Karkouri,Charlton Athletic,36,3
GB1-2006,94,England,22,Leighton Baines,Wigan Athletic,35,3
GB1-2006,95,England,25,Leon Osman,Everton FC,34,3
GB1-2006,96,England,27,Marlon Harewood,West Ham United,32,3
GB1-2006,97,Portugal,28,Ricardo Carvalho,Chelsea FC,31,3
GB1-2006,98,England,26,Scott Parker,Newcastle United,29,3
GB1-2006,99,England,23,Darren Ambrose,Charlton Athletic,26,3
GB1-2006,100,Austria,27,Paul Scharner,Wigan Athletic,25,3
GB1-2006,101,France,22,Christian Nadé,Sheffield United,25,3
GB1-2006,102,Scotland,23,Darren Fletcher,Manchester United,24,3
GB1-2006,103,England,35,Andy Cole,Portsmouth FC,19,3
GB1-2006,104,United States,24,DaMarcus Beasley,Manchester City,18,3
GB1-2006,105,Nigeria,25,Shola Ameobi,Newcastle United,12,3
GB1-2006,106,Belgium,28,Emile Mpenza,Manchester City,10,3
GB1-2006,107,England,25,Darius Henderson,Watford FC,35,3
GB1-2006,108,England,24,Kevin Nolan,Bolton Wanderers,31,3
GB1-2006,109,Serbia,25,Nemanja Vidic‎,Manchester United,25,3
GB1-2006,110,Iceland,31,Brynjar Gunnarsson,Reading FC,23,3
GB1-2006,111,England,25,Danny Webber,Sheffield United,22,3
GB1-2006,112,France,29,William Gallas,Arsenal FC,21,3
GB1-2006,113,Spain,20,Cesc Fàbregas,Arsenal FC,38,2
GB1-2006,114,England,22,Stewart Downing,Middlesbrough FC,34,2
GB1-2006,115,Belarus,26,Aleksandr Hleb,Arsenal FC,33,2
GB1-2006,116,Austria,24,Emanuel Pogatetz,Middlesbrough FC,35,2
GB1-2006,117,Peru,32,Nolberto Solano,Newcastle United,28,2
GB1-2006,118,England,25,Shaun Wright-Phillips,Chelsea FC,27,2
GB1-2006,119,France,27,Steed Malbranque,Tottenham Hotspur,25,2
GB1-2006,120,Netherlands,23,Arjen Robben,Chelsea FC,21,2
GB1-2006,121,Canada,33,Tomasz Radzinski,Fulham FC,35,2
GB1-2006,122,England,29,James Beattie,Everton FC,33,2
GB1-2006,123,Ghana,24,Michael Essien,Chelsea FC,33,2
GB1-2006,124,Wales,27,Simon Davies,for 2 clubs,29,2
GB1-2006,125,Portugal,28,Pedro Mendes,Portsmouth FC,26,2
GB1-2006,126,Netherlands,35,Jimmy Floyd Hasselbaink,Charlton Athletic,25,2
GB1-2006,127,Brazil,25,Fábio Rochemback,Middlesbrough FC,20,2
GB1-2006,128,Ireland,21,Stephen Quinn,Sheffield United,15,2
GB1-2006,129,Denmark,30,Claus Jensen,Fulham FC,12,2
GB1-2006,130,Iceland,29,Ívar Ingimarsson,Reading FC,38,2
GB1-2006,131,Northern Ireland,32,Keith Gillespie,Sheffield United,31,2
GB1-2006,132,Scotland,20,James Morrison,Middlesbrough FC,28,2
GB1-2006,133,Denmark,22,Daniel Agger,Liverpool FC,27,2
GB1-2006,134,Türkiye,26,Emre Belözoğlu,Newcastle United,24,2
GB1-2006,135,Croatia,22,Niko Kranjcar,Portsmouth FC,24,2
GB1-2006,136,Hungary,20,Tamás Priskin,Watford FC,16,2
GB1-2006,137,Czech Republic,33,Patrik Berger,Aston Villa,13,2
GB1-2006,138,England,27,Dave Kitson,Reading FC,13,2
GB1-2006,139,England,24,Joleon Lescott,Everton FC,38,2
GB1-2006,140,Netherlands,31,Denny Landzaat,Wigan Athletic,33,2
GB1-2006,141,Senegal,29,Abdoulaye Faye,for 2 clubs,32,2
GB1-2006,142,Bulgaria,27,Stiliyan Petrov,Aston Villa,30,2
GB1-2006,143,Germany,24,Moritz Volz,Fulham FC,29,2
GB1-2006,144,England,24,Michael Tonge,Sheffield United,27,2
GB1-2006,145,England,21,Steven Taylor,Newcastle United,27,2
GB1-2006,146,Finland,33,Sami Hyypiä,Liverpool FC,23,2
GB1-2006,147,Argentina,26,Julio Arca,Middlesbrough FC,21,2
GB1-2006,148,Portugal,21,Manuel Fernandes,for 2 clubs,20,2
GB1-2006,149,Scotland,24,James McFadden,Everton FC,19,2
GB1-2006,150,England,23,Carlton Cole,West Ham United,17,2
GB1-2006,151,Congo,23,Christopher Samba,Blackburn Rovers,14,2
GB1-2006,152,England,27,Jimmy Bullard,Fulham FC,4,2
GB1-2006,153,Nigeria,26,Joseph Yobo,Everton FC,38,2
GB1-2006,154,France,29,Sylvain Distin,Manchester City,37,2
GB1-2006,155,England,33,Linvoy Primus,Portsmouth FC,36,2
GB1-2006,156,United States,27,Jay DeMerit,Watford FC,32,2
GB1-2006,157,England,28,Hayden Mullins,West Ham United,30,2
GB1-2006,158,Chile,22,Mark González,Liverpool FC,25,2
GB1-2006,159,England,35,Alan Stubbs,Everton FC,23,2
GB1-2006,160,England,27,Zat Knight,Fulham FC,23,2
GB1-2006,161,France,28,Noé Pamarot,Portsmouth FC,23,2
GB1-2006,162,DR Congo,26,Lomana LuaLua,Portsmouth FC,22,2
GB1-2006,163,Finland,27,Teemu Tainio,Tottenham Hotspur,21,2
GB1-2006,164,Ireland,20,Shane Long,Reading FC,21,2
GB1-2006,165,England,40,Teddy Sheringham,West Ham United,17,2
GB1-2006,166,Iran,24,Andranik Teymourian,Bolton Wanderers,17,2
GB1-2006,167,Ireland,24,Andy Reid,Charlton Athletic,16,2
GB1-2006,168,England,20,Craig Gardner,Aston Villa,13,2
GB1-2006,169,Ireland,24,Caleb Folan,Wigan Athletic,13,2
GB1-2006,170,Italy,32,Vincenzo Montella,Fulham FC,10,2
GB1-2006,171,England,20,Mark Noble,West Ham United,10,2
GB1-2006,172,Bulgaria,28,Svetoslav Todorov,for 2 clubs,9,2
GB1-2006,173,England,26,Nicky Shorey,Reading FC,37,1
GB1-2006,174,England,30,Phil Neville,Everton FC,35,1
GB1-2006,175,England,23,Gary O'Neil,Portsmouth FC,35,1
GB1-2006,176,Ireland,30,Kevin Kilbane,for 2 clubs,33,1
GB1-2006,177,England,24,Jermaine Pennant,Liverpool FC,34,1
GB1-2006,178,England,26,Tommy Smith,Watford FC,32,1
GB1-2006,179,France,28,Franck Queudrue,Fulham FC,29,1
GB1-2006,180,Guadeloupe,28,Pascal Chimbonda,for 2 clubs,34,1
GB1-2006,181,England,28,Marcus Bent,Charlton Athletic,30,1
GB1-2006,182,Portugal,29,Luís Boa Morte,for 2 clubs,29,1
GB1-2006,183,England,26,John Terry,Chelsea FC,28,1
GB1-2006,184,Türkiye,20,Colin Kazım-Richards,Sheffield United,27,1
GB1-2006,185,Egypt,25,Hossam Ghaly,Tottenham Hotspur,21,1
GB1-2006,186,Ireland,33,Lee Carsley,Everton FC,38,1
GB1-2006,187,Ireland,33,Matt Holland,Charlton Athletic,33,1
GB1-2006,188,England,32,Sol Campbell,Portsmouth FC,32,1
GB1-2006,189,England,32,Nicky Butt,Newcastle United,31,1
GB1-2006,190,Iceland,32,Hermann Hreidarsson,Charlton Athletic,31,1
GB1-2006,191,Türkiye,36,Tugay Kerimoğlu,Blackburn Rovers,30,1
GB1-2006,192,Wales,28,John Oster,Reading FC,25,1
GB1-2006,193,France,25,Patrice Evra,Manchester United,24,1
GB1-2006,194,Ireland,28,Damien Duff,Newcastle United,22,1
GB1-2006,195,England,20,Tom Huddlestone,Tottenham Hotspur,21,1
GB1-2006,196,Denmark,31,Henrik Pedersen,Bolton Wanderers,18,1
GB1-2006,197,England,25,Stephen Warnock,for 2 clubs,14,1
GB1-2006,198,England,33,Chris Sutton,Aston Villa,8,1
GB1-2006,199,England,27,Paul Robinson,Tottenham Hotspur,38,1
GB1-2006,200,England,23,Michael Dawson,Tottenham Hotspur,37,1
GB1-2006,201,Netherlands,31,George Boateng,Middlesbrough FC,35,1
GB1-2006,202,England,22,Nigel Reo-Coker,West Ham United,35,1
GB1-2006,203,Norway,26,John Arne Riise,Liverpool FC,33,1
GB1-2006,204,England,19,Lee Cattermole,Middlesbrough FC,31,1
GB1-2006,205,England,29,Gavin McCann,Aston Villa,30,1
GB1-2006,206,England,30,Bryan Hughes,Charlton Athletic,24,1
GB1-2006,207,England,29,Chris Morgan,Sheffield United,24,1
GB1-2006,208,Ireland,20,Stephen Ireland,Manchester City,24,1
GB1-2006,209,Ecuador,21,Antonio Valencia,Wigan Athletic,22,1
GB1-2006,210,England,22,Liam Ridgewell,Aston Villa,21,1
GB1-2006,211,Tunisia,30,Hatem Trabelsi,Manchester City,20,1
GB1-2006,212,Cameroon,28,Njitap Geremi,Chelsea FC,19,1
GB1-2006,213,Czech Republic,25,Milan Baros,Aston Villa,17,1
GB1-2006,214,England,24,Calum Davenport,for 2 clubs,16,1
GB1-2006,215,England,22,Ryan Taylor,Wigan Athletic,16,1
GB1-2006,216,England,33,David Unsworth,for 2 clubs,15,1
GB1-2006,217,England,22,Kieran Richardson,Manchester United,15,1
GB1-2006,218,France,29,Mikaël Silvestre,Manchester United,14,1
GB1-2006,219,England,29,Danny Murphy,Tottenham Hotspur,12,1
GB1-2006,220,China,26,Zhi Zheng,Charlton Athletic,12,1
GB1-2006,221,Ecuador,33,Ulises de la Cruz,Reading FC,9,1
GB1-2006,222,Spain,24,Álvaro Arbeloa,Liverpool FC,9,1
GB1-2006,223,Brazil,27,Douglas Rinaldi,Watford FC,6,1
GB1-2006,224,Sweden,29,Olof Mellberg,Aston Villa,38,1
GB1-2006,225,Ireland,27,Richard Dunne,Manchester City,38,1
GB1-2006,226,England,29,Jamie Carragher,Liverpool FC,35,1
GB1-2006,227,England,30,Gavin Mahon,Watford FC,34,1
GB1-2006,228,England,28,Rio Ferdinand,Manchester United,33,1
GB1-2006,229,Nigeria,26,Danny Shittu,Watford FC,30,1
GB1-2006,230,England,27,Luke Young,Charlton Athletic,29,1
GB1-2006,231,France,34,Claude Makélélé,Chelsea FC,29,1
GB1-2006,232,Senegal,30,Amdy Faye,Charlton Athletic,28,1
GB1-2006,233,England,18,Micah Richards,Manchester City,28,1
GB1-2006,234,Netherlands,21,Collins John,Fulham FC,23,1
GB1-2006,235,Senegal,25,Ibrahima Sonko,Reading FC,23,1
GB1-2006,236,England,32,Ian Pearce,Fulham FC,22,1
GB1-2006,237,Trinidad and Tobago,22,Justin Hoyte,Arsenal FC,22,1
GB1-2006,238,France,28,Philippe Christanval,Fulham FC,20,1
GB1-2006,239,England,35,Matt Jackson,Wigan Athletic,20,1
GB1-2006,240,Scotland,22,Paul Gallagher,Blackburn Rovers,16,1
GB1-2006,241,Wales,19,David Cotterill,Wigan Athletic,16,1
GB1-2006,242,Scotland,28,Gary Naysmith,Everton FC,15,1
GB1-2006,243,Portugal,34,Abel Xavier,Middlesbrough FC,14,1
GB1-2006,244,England,28,Malcolm Christie,Middlesbrough FC,13,1
GB1-2006,245,Germany,22,Robert Huth,Middlesbrough FC,12,1
GB1-2006,246,Egypt,24,Mido,Tottenham Hotspur,12,1
GB1-2006,247,France,21,Abou Diaby,Arsenal FC,12,1
GB1-2006,248,England,19,Paul Huntington,Newcastle United,11,1
GB1-2006,249,United States,24,Clint Dempsey,Fulham FC,10,1
GB1-2006,250,Scotland,24,Shaun Maloney,Aston Villa,8,1
GB1-2006,251,Spain,23,Kepa Blanco,West Ham United,8,1
GB1-2006,252,Sweden,35,Henrik Larsson,Manchester United,7,1
GB1-2006,253,Italy,27,Massimo Maccarone,Middlesbrough FC,7,1
GB1-2006,254,DR Congo,22,Arnold Mvuemba,Portsmouth FC,7,1
GB1-2006,255,Canada,29,Paul Stalteri,Tottenham Hotspur,6,1
GB1-2006,256,Slovakia,23,Lubomir Michalik,Bolton Wanderers,4,1
GB1-2006,257,Canada,19,David Edgar,Newcastle United,3,1
GB1-2006,258,Australia,28,Harry Kewell,Liverpool FC,2,1
GB1-2006,259,England,21,Chris Eagles,Manchester United,2,1
GB1-2006,260,England,20,David Wheater,Middlesbrough FC,2,1
GB1-2007,1,Portugal,23,Cristiano Ronaldo,Manchester United,34,31
GB1-2007,2,Togo,24,Emmanuel Adebayor,Arsenal FC,36,24
GB1-2007,3,Spain,24,Fernando Torres,Liverpool FC,33,24
GB1-2007,4,Paraguay,26,Roque Santa Cruz,Blackburn Rovers,37,19
GB1-2007,5,Bulgaria,27,Dimitar Berbatov,Tottenham Hotspur,36,15
GB1-2007,6,Ireland,27,Robbie Keane,Tottenham Hotspur,36,15
GB1-2007,7,Nigeria,25,Yakubu,for 2 clubs,31,15
GB1-2007,8,Zimbabwe,29,Benjani,for 2 clubs,36,15
GB1-2007,9,Argentina,24,Carlos Tévez,Manchester United,34,14
GB1-2007,10,Norway,28,John Carew,Aston Villa,32,13
GB1-2007,11,England,22,Wayne Rooney,Manchester United,27,12
GB1-2007,12,England,25,Jermain Defoe,for 2 clubs,31,12
GB1-2007,13,England,27,Steven Gerrard,Liverpool FC,34,11
GB1-2007,14,France,29,Nicolas Anelka,for 2 clubs,32,11
GB1-2007,15,England,21,Gabriel Agbonlahor,Aston Villa,37,11
GB1-2007,16,England,28,Michael Owen,Newcastle United,29,11
GB1-2007,17,England,29,Frank Lampard,Chelsea FC,24,10
GB1-2007,18,England,28,Dave Kitson,Reading FC,34,10
GB1-2007,19,England,24,Dean Ashton,West Ham United,31,10
GB1-2007,20,England,27,Gareth Barry,Aston Villa,37,9
GB1-2007,21,England,23,Stewart Downing,Middlesbrough FC,38,9
GB1-2007,22,Nigeria,23,Obafemi Martins,Newcastle United,31,9
GB1-2007,23,Finland,27,Mikael Forssell,Birmingham City,30,9
GB1-2007,24,England,22,Ashley Young,Aston Villa,37,8
GB1-2007,25,Brazil,26,Elano,Manchester City,34,8
GB1-2007,26,Cote d'Ivoire,30,Didier Drogba,Chelsea FC,19,8
GB1-2007,27,Türkiye,26,Tuncay Şanlı,Middlesbrough FC,34,8
GB1-2007,28,England,25,Joleon Lescott,Everton FC,38,8
GB1-2007,29,South Africa,30,Benni McCarthy,Blackburn Rovers,31,8
GB1-2007,30,Spain,20,Cesc Fàbregas,Arsenal FC,32,7
GB1-2007,31,Trinidad and Tobago,23,Kenwyne Jones,Sunderland AFC,33,7
GB1-2007,32,Cote d'Ivoire,22,Salomon Kalou,Chelsea FC,30,7
GB1-2007,33,England,26,Joe Cole,Chelsea FC,33,7
GB1-2007,34,Australia,28,Tim Cahill,Everton FC,18,7
GB1-2007,35,Netherlands,24,Robin van Persie,Arsenal FC,15,7
GB1-2007,36,England,29,Marcus Bent,Wigan Athletic,31,7
GB1-2007,37,England,21,Cameron Jerome,Birmingham City,33,7
GB1-2007,38,Australia,32,Mark Viduka,Newcastle United,26,7
GB1-2007,39,Germany,31,Michael Ballack,Chelsea FC,18,7
GB1-2007,40,England,23,David Bentley,Blackburn Rovers,37,6
GB1-2007,41,England,24,Darren Bent,Tottenham Hotspur,27,6
GB1-2007,42,Scotland,25,James McFadden,for 2 clubs,24,6
GB1-2007,43,Ireland,24,Kevin Doyle,Reading FC,36,6
GB1-2007,44,England,27,Andy Johnson,Everton FC,29,6
GB1-2007,45,Sweden,22,Sebastian Larsson,Birmingham City,35,6
GB1-2007,46,England,27,Darius Vassell,Manchester City,27,6
GB1-2007,47,Ghana,25,Michael Essien,Chelsea FC,27,6
GB1-2007,48,United States,25,Clint Dempsey,Fulham FC,36,6
GB1-2007,49,Denmark,30,Martin Laursen,Aston Villa,38,6
GB1-2007,50,England,27,James Harper,Reading FC,38,6
GB1-2007,51,England,24,Michael Chopra,Sunderland AFC,33,6
GB1-2007,52,Brazil,27,Afonso Alves,Middlesbrough FC,11,6
GB1-2007,53,Czech Republic,27,Tomas Rosicky,Arsenal FC,18,6
GB1-2007,54,Bulgaria,29,Martin Petrov,Manchester City,34,5
GB1-2007,55,Wales,28,Simon Davies,Fulham FC,37,5
GB1-2007,56,France,25,Jérémie Aliadière,Middlesbrough FC,29,5
GB1-2007,57,Ireland,26,Stephen Hunt,Reading FC,37,5
GB1-2007,58,Nigeria,26,John Utaka,Portsmouth FC,30,5
GB1-2007,59,England,25,Kevin Nolan,Bolton Wanderers,33,5
GB1-2007,60,Denmark,20,Nicklas Bendtner,Arsenal FC,27,5
GB1-2007,61,England,27,Peter Crouch,Liverpool FC,21,5
GB1-2007,62,England,31,Danny Murphy,Fulham FC,33,5
GB1-2007,63,Senegal,27,Diomansy Kamara,Fulham FC,28,5
GB1-2007,64,Ukraine,28,Andriy Voronin,Liverpool FC,19,5
GB1-2007,65,Ukraine,31,Andriy Shevchenko,Chelsea FC,17,5
GB1-2007,66,France,27,Olivier Kapo,Birmingham City,26,5
GB1-2007,67,England,28,Marlon Harewood,Aston Villa,23,5
GB1-2007,68,France,29,Louis Saha,Manchester United,17,5
GB1-2007,69,England,24,Carlton Cole,West Ham United,31,4
GB1-2007,70,Senegal,27,El-Hadji Diouf,Bolton Wanderers,34,4
GB1-2007,71,England,25,Jermaine Jenas,Tottenham Hotspur,29,4
GB1-2007,72,France,28,Steed Malbranque,Tottenham Hotspur,37,4
GB1-2007,73,Croatia,23,Niko Kranjcar,Portsmouth FC,34,4
GB1-2007,74,Croatia,24,Eduardo,Arsenal FC,17,4
GB1-2007,75,Norway,26,Morten Gamst Pedersen,Blackburn Rovers,36,4
GB1-2007,76,Scotland,28,Kenny Miller,Derby County,30,4
GB1-2007,77,Ghana,23,Sulley Muntari,Portsmouth FC,29,4
GB1-2007,78,Ireland,21,Stephen Ireland,Manchester City,33,4
GB1-2007,79,Netherlands,21,Ryan Babel,Liverpool FC,30,4
GB1-2007,80,England,26,Matthew Taylor,for 2 clubs,29,4
GB1-2007,81,England,30,Emile Heskey,Wigan Athletic,28,4
GB1-2007,82,Nigeria,31,Nwankwo Kanu,Portsmouth FC,24,4
GB1-2007,83,Israel,28,Yossi Benayoun,Liverpool FC,30,4
GB1-2007,84,England,26,Leon Osman,Everton FC,28,4
GB1-2007,85,England,19,Theo Walcott,Arsenal FC,25,4
GB1-2007,86,Peru,33,Nolberto Solano,for 2 clubs,24,4
GB1-2007,87,England,31,Lee Bowyer,West Ham United,15,4
GB1-2007,88,Austria,28,Paul Scharner,Wigan Athletic,37,4
GB1-2007,89,Scotland,25,Shaun Maloney,Aston Villa,22,4
GB1-2007,90,Italy,24,Rolando Bianchi,Manchester City,19,4
GB1-2007,91,Argentina,21,Mauro Zárate,Birmingham City,14,4
GB1-2007,92,France,30,William Gallas,Arsenal FC,31,4
GB1-2007,93,France,33,Antoine Sibierski,Wigan Athletic,30,4
GB1-2007,94,Northern Ireland,28,David Healy,Fulham FC,30,4
GB1-2007,95,United States,35,Brian McBride,Fulham FC,17,4
GB1-2007,96,England,27,Nicky Shorey,Reading FC,36,3
GB1-2007,97,Portugal,21,Nani,Manchester United,26,3
GB1-2007,98,Netherlands,27,Dirk Kuyt,Liverpool FC,32,3
GB1-2007,99,England,21,Tom Huddlestone,Tottenham Hotspur,28,3
GB1-2007,100,Grenada,30,Jason Roberts,Blackburn Rovers,26,3
GB1-2007,101,France,21,Charles N'Zogbia,Newcastle United,32,3
GB1-2007,102,England,25,Gary McSheffrey,Birmingham City,32,3
GB1-2007,103,Wales,34,Ryan Giggs,Manchester United,31,3
GB1-2007,104,England,31,Kevin Davies,Bolton Wanderers,32,3
GB1-2007,105,England,21,Mark Noble,West Ham United,31,3
GB1-2007,106,Ireland,21,Shane Long,Reading FC,29,3
GB1-2007,107,Ireland,25,Daryl Murphy,Sunderland AFC,28,3
GB1-2007,108,England,23,Ryan Taylor,Wigan Athletic,17,3
GB1-2007,109,England,22,Matt Derbyshire,Blackburn Rovers,23,3
GB1-2007,110,England,23,Kieran Richardson,Sunderland AFC,17,3
GB1-2007,111,England,33,Nicky Butt,Newcastle United,35,3
GB1-2007,112,Iceland,33,Hermann Hreidarsson,Portsmouth FC,32,3
GB1-2007,113,France,24,Mathieu Flamini,Arsenal FC,30,3
GB1-2007,114,France,22,Younès Kaboul,Tottenham Hotspur,21,3
GB1-2007,115,Brazil,28,Geovanni,Manchester City,19,3
GB1-2007,116,England,26,Matthew Etherington,West Ham United,18,3
GB1-2007,117,England,21,David Wheater,Middlesbrough FC,34,3
GB1-2007,118,Cameroon,23,André Bikey,Reading FC,22,3
GB1-2007,119,England,21,Craig Gardner,Aston Villa,22,3
GB1-2007,120,Gibraltar,29,Danny Higginbotham,Sunderland AFC,21,3
GB1-2007,121,England,30,Matt Oakley,Derby County,19,3
GB1-2007,122,Netherlands,31,Denny Landzaat,Wigan Athletic,19,3
GB1-2007,123,Argentina,26,Emanuel Villa,Derby County,16,3
GB1-2007,124,Belarus,26,Aleksandr Hleb,Arsenal FC,31,2
GB1-2007,125,England,21,Aaron Lennon,Tottenham Hotspur,29,2
GB1-2007,126,South Africa,26,Steven Pienaar,Everton FC,28,2
GB1-2007,127,Guadeloupe,29,Pascal Chimbonda,Tottenham Hotspur,32,2
GB1-2007,128,England,22,Grant Leadbitter,Sunderland AFC,31,2
GB1-2007,129,Cameroon,29,Njitap Geremi,Newcastle United,27,2
GB1-2007,130,Argentina,27,Julio Arca,Middlesbrough FC,24,2
GB1-2007,131,Ecuador,22,Antonio Valencia,Wigan Athletic,31,2
GB1-2007,132,Sweden,31,Freddie Ljungberg,West Ham United,25,2
GB1-2007,133,England,26,Shaun Wright-Phillips,Chelsea FC,27,2
GB1-2007,134,England,20,Michael Johnson,Manchester City,23,2
GB1-2007,135,England,25,Jermaine Pennant,Liverpool FC,18,2
GB1-2007,136,England,29,Jimmy Bullard,Fulham FC,17,2
GB1-2007,137,England,31,Phil Neville,Everton FC,37,2
GB1-2007,138,England,20,Fabrice Muamba,Birmingham City,37,2
GB1-2007,139,Sweden,30,Olof Mellberg,Aston Villa,34,2
GB1-2007,140,England,26,Michael Carrick,Manchester United,31,2
GB1-2007,141,Cote d'Ivoire,27,Kolo Touré,Arsenal FC,30,2
GB1-2007,142,England,22,James Milner,Newcastle United,29,2
GB1-2007,143,Brazil,25,Alex,Chelsea FC,28,2
GB1-2007,144,Scotland,22,Ross Wallace,Sunderland AFC,21,2
GB1-2007,145,Iceland,30,Ívar Ingimarsson,Reading FC,35,2
GB1-2007,146,England,26,Titus Bramble,Wigan Athletic,26,2
GB1-2007,147,England,27,Owen Hargreaves,Manchester United,23,2
GB1-2007,148,Brazil,31,Juliano Belletti,Chelsea FC,23,2
GB1-2007,149,Peru,29,Claudio Pizarro,Chelsea FC,21,2
GB1-2007,150,France,27,Florent Malouda,Chelsea FC,21,2
GB1-2007,151,Spain,26,Xabi Alonso,Liverpool FC,19,2
GB1-2007,152,Belgium,29,Emile Mpenza,Manchester City,15,2
GB1-2007,153,Russia,32,Aleksey Smertin,Fulham FC,15,2
GB1-2007,154,Wales,28,Craig Bellamy,West Ham United,8,2
GB1-2007,155,Wales,18,Gareth Bale,Tottenham Hotspur,8,2
GB1-2007,156,England,29,Rio Ferdinand,Manchester United,35,2
GB1-2007,157,Congo,24,Christopher Samba,Blackburn Rovers,33,2
GB1-2007,158,Scotland,23,Jay McEveley,Derby County,29,2
GB1-2007,159,Switzerland,21,Gelson Fernandes,Manchester City,26,2
GB1-2007,160,England,23,Anton Ferdinand,West Ham United,25,2
GB1-2007,161,Scotland,24,Garry O'Connor,Birmingham City,23,2
GB1-2007,162,Türkiye,37,Tugay Kerimoğlu,Blackburn Rovers,20,2
GB1-2007,163,Switzerland,23,Philippe Senderos,Arsenal FC,17,2
GB1-2007,164,Greece,33,Stelios Giannakopoulos,Bolton Wanderers,15,2
GB1-2007,165,Egypt,25,Mido,Middlesbrough FC,12,2
GB1-2007,166,Norway,30,Erik Nevland,Fulham FC,8,2
GB1-2007,167,Iceland,30,Heidar Helguson,Bolton Wanderers,6,2
GB1-2007,168,Spain,26,Mikel Arteta,Everton FC,28,1
GB1-2007,169,England,28,David Dunn,Blackburn Rovers,31,1
GB1-2007,170,Northern Ireland,27,George McCartney,West Ham United,38,1
GB1-2007,171,England,23,Liam Ridgewell,Birmingham City,35,1
GB1-2007,172,Wales,28,Jason Koumas,Wigan Athletic,30,1
GB1-2007,173,France,25,Bacary Sagna,Arsenal FC,29,1
GB1-2007,174,Türkiye,27,Emre Belözoğlu,Newcastle United,14,1
GB1-2007,175,Ireland,34,Lee Carsley,Everton FC,34,1
GB1-2007,176,England,25,Phil Jagielka,Everton FC,34,1
GB1-2007,177,England,23,Glen Johnson,for 2 clubs,31,1
GB1-2007,178,Brazil,26,Fábio Rochemback,Middlesbrough FC,26,1
GB1-2007,179,England,33,Paul Scholes,Manchester United,24,1
GB1-2007,180,England,25,Joey Barton,Newcastle United,23,1
GB1-2007,181,Scotland,31,Steve Howard,Derby County,20,1
GB1-2007,182,England,26,Stephen Warnock,Blackburn Rovers,37,1
GB1-2007,183,England,28,Wes Brown,Manchester United,36,1
GB1-2007,184,Australia,29,Brett Emerton,Blackburn Rovers,33,1
GB1-2007,185,Netherlands,32,George Boateng,Middlesbrough FC,32,1
GB1-2007,186,England,28,Zat Knight,for 2 clubs,31,1
GB1-2007,187,Nigeria,27,Joseph Yobo,Everton FC,30,1
GB1-2007,188,Senegal,30,Habib Beye,Newcastle United,29,1
GB1-2007,189,England,26,Dean Whitehead,Sunderland AFC,27,1
GB1-2007,190,Ireland,27,Liam Miller,Sunderland AFC,24,1
GB1-2007,191,Brazil,31,Gilberto Silva,Arsenal FC,23,1
GB1-2007,192,Algeria,23,Hamer Bouazza,Fulham FC,20,1
GB1-2007,193,England,24,David Murphy,Birmingham City,14,1
GB1-2007,194,England,27,Bobby Zamora,West Ham United,13,1
GB1-2007,195,Ireland,25,Andy Reid,Sunderland AFC,13,1
GB1-2007,196,Netherlands,29,Wilfred Bouma,Aston Villa,38,1
GB1-2007,197,Wales,27,Danny Collins,Sunderland AFC,36,1
GB1-2007,198,England,28,Luke Young,Middlesbrough FC,35,1
GB1-2007,199,Ireland,31,Kevin Kilbane,Wigan Athletic,35,1
GB1-2007,200,Serbia,26,Nemanja Vidic‎,Manchester United,32,1
GB1-2007,201,England,22,Steven Taylor,Newcastle United,31,1
GB1-2007,202,England,28,Matthew Upson,West Ham United,29,1
GB1-2007,203,England,27,Ashley Cole,Chelsea FC,27,1
GB1-2007,204,Spain,34,Iván Campo,Bolton Wanderers,27,1
GB1-2007,205,Finland,34,Sami Hyypiä,Liverpool FC,27,1
GB1-2007,206,England,24,Michael Dawson,Tottenham Hotspur,27,1
GB1-2007,207,England,25,Tyrone Mears,Derby County,25,1
GB1-2007,208,Argentina,23,Javier Mascherano,Liverpool FC,25,1
GB1-2007,209,England,27,John Terry,Chelsea FC,23,1
GB1-2007,210,Honduras,23,Wilson Palacios,for 2 clubs,23,1
GB1-2007,211,England,28,Sean Davis,Portsmouth FC,22,1
GB1-2007,212,Mali,24,Kalifa Cissé,Reading FC,22,1
GB1-2007,213,Jamaica,19,Giles Barnes,Derby County,21,1
GB1-2007,214,Nigeria,25,Dickson Etuhu,Sunderland AFC,20,1
GB1-2007,215,England,33,Andy Todd,Derby County,19,1
GB1-2007,216,Brazil,28,Fábio Aurélio,Liverpool FC,16,1
GB1-2007,217,England,21,Nedum Onuoha,Manchester City,16,1
GB1-2007,218,France,21,Abou Diaby,Arsenal FC,15,1
GB1-2007,219,England,23,Leroy Lita,Reading FC,14,1
GB1-2007,220,"Korea, South",27,Ji-sung Park,Manchester United,12,1
GB1-2007,221,Nigeria,19,Kelvin Etuhu,Manchester City,6,1
GB1-2007,222,England,33,Sol Campbell,Portsmouth FC,31,1
GB1-2007,223,England,30,Gavin McCann,Bolton Wanderers,31,1
GB1-2007,224,England,28,Jonathan Woodgate,for 2 clubs,28,1
GB1-2007,225,Bulgaria,28,Stiliyan Petrov,Aston Villa,28,1
GB1-2007,226,Nigeria,20,Victor Anichebe,Everton FC,27,1
GB1-2007,227,England,20,Lee Cattermole,Middlesbrough FC,24,1
GB1-2007,228,Senegal,30,Abdoulaye Faye,for 2 clubs,23,1
GB1-2007,229,Wales,27,Robert Earnshaw,Derby County,22,1
GB1-2007,230,United States,28,Carlos Bocanegra,Fulham FC,22,1
GB1-2007,231,Portugal,29,Ricardo Carvalho,Chelsea FC,21,1
GB1-2007,232,Trinidad and Tobago,36,Dwight Yorke,Sunderland AFC,20,1
GB1-2007,233,Ireland,19,Anthony Stokes,Sunderland AFC,20,1
GB1-2007,234,Brazil,31,Cláudio Caçapa,Newcastle United,19,1
GB1-2007,235,France,23,Lassana Diarra,for 2 clubs,19,1
GB1-2007,236,England,20,Adam Johnson,Middlesbrough FC,19,1
GB1-2007,237,England,27,Scott Parker,West Ham United,18,1
GB1-2007,238,France,29,Noé Pamarot,Portsmouth FC,18,1
GB1-2007,239,England,21,Jamie O'Hara,Tottenham Hotspur,17,1
GB1-2007,240,England,36,Alan Stubbs,for 2 clubs,16,1
GB1-2007,241,England,21,Luke Moore,Aston Villa,15,1
GB1-2007,242,Jamaica,28,Marlon King,Wigan Athletic,15,1
GB1-2007,243,Wales,38,Gary Speed,Bolton Wanderers,14,1
GB1-2007,244,England,23,David Jones,Derby County,14,1
GB1-2007,245,Czech Republic,26,Marek Matejovsky,Reading FC,14,1
GB1-2007,246,Germany,23,Robert Huth,Middlesbrough FC,13,1
GB1-2007,247,Sierra Leone,22,Curtis Davies,Aston Villa,13,1
GB1-2007,248,England,27,Chris Riggott,Middlesbrough FC,10,1
GB1-2007,249,Israel,24,Tamir Cohen,Bolton Wanderers,10,1
GB1-2007,250,Mali,22,Mohamed Sissoko,Liverpool FC,9,1
GB1-2007,251,England,19,James Vaughan,Everton FC,8,1
GB1-2007,252,England,20,Ben Hutchinson,Middlesbrough FC,8,1
GB1-2007,253,England,18,Freddie Sears,West Ham United,7,1
GB1-2007,254,Sweden,27,Rade Prica,Sunderland AFC,6,1
GB1-2007,255,Brazil,32,Gilberto,Tottenham Hotspur,6,1
GB1-2007,256,Norway,25,Daniel Braaten,Bolton Wanderers,6,1
GB1-2007,257,England,27,Anthony Gardner,Tottenham Hotspur,4,1
GB1-2007,258,England,18,Daniel Sturridge,Manchester City,3,1
GB1-2007,259,Wales,19,Lewin Nyatanga,Derby County,2,1
GB1-2007,260,Trinidad and Tobago,30,Stern John,Sunderland AFC,1,1
GB1-2008,1,France,30,Nicolas Anelka,Chelsea FC,37,19
GB1-2008,2,Portugal,24,Cristiano Ronaldo,Manchester United,33,18
GB1-2008,3,England,28,Steven Gerrard,Liverpool FC,31,16
GB1-2008,4,Brazil,25,Robinho,Manchester City,31,14
GB1-2008,5,Spain,25,Fernando Torres,Liverpool FC,24,14
GB1-2008,6,England,30,Frank Lampard,Chelsea FC,37,12
GB1-2008,7,Netherlands,28,Dirk Kuyt,Liverpool FC,38,12
GB1-2008,8,England,23,Wayne Rooney,Manchester United,30,12
GB1-2008,9,England,25,Darren Bent,Tottenham Hotspur,33,12
GB1-2008,10,Netherlands,25,Robin van Persie,Arsenal FC,28,11
GB1-2008,11,England,22,Gabriel Agbonlahor,Aston Villa,36,11
GB1-2008,12,England,26,Jermain Defoe,for 2 clubs,27,11
GB1-2008,13,England,32,Kevin Davies,Bolton Wanderers,38,11
GB1-2008,14,Norway,29,John Carew,Aston Villa,27,11
GB1-2008,15,Jamaica,29,Ricardo Fuller,Stoke City,34,11
GB1-2008,16,Ireland,28,Robbie Keane,for 2 clubs,33,10
GB1-2008,17,England,27,Matthew Taylor,Bolton Wanderers,34,10
GB1-2008,18,England,25,Carlton Cole,West Ham United,27,10
GB1-2008,19,England,28,Peter Crouch,Portsmouth FC,38,10
GB1-2008,20,Togo,25,Emmanuel Adebayor,Arsenal FC,26,10
GB1-2008,21,South Africa,31,Benni McCarthy,Blackburn Rovers,28,10
GB1-2008,22,France,27,Djibril Cissé,Sunderland AFC,35,10
GB1-2008,23,Trinidad and Tobago,24,Kenwyne Jones,Sunderland AFC,29,10
GB1-2008,24,Egypt,26,Amr Zaki,Wigan Athletic,29,10
GB1-2008,25,Bulgaria,28,Dimitar Berbatov,for 2 clubs,32,9
GB1-2008,26,Ireland,22,Stephen Ireland,Manchester City,35,9
GB1-2008,27,Northern Ireland,24,Chris Brunt,West Bromwich Albion,34,9
GB1-2008,28,Denmark,21,Nicklas Bendtner,Arsenal FC,31,9
GB1-2008,29,Australia,29,Tim Cahill,Everton FC,30,8
GB1-2008,30,Israel,29,Yossi Benayoun,Liverpool FC,32,8
GB1-2008,31,Belgium,21,Marouane Fellaini,Everton FC,30,8
GB1-2008,32,Nigeria,24,Obafemi Martins,Newcastle United,24,8
GB1-2008,33,Brazil,29,Geovanni,Hull City,34,8
GB1-2008,34,England,29,Michael Owen,Newcastle United,28,8
GB1-2008,35,England,23,Ashley Young,Aston Villa,36,7
GB1-2008,36,Türkiye,27,Tuncay Şanlı,Middlesbrough FC,33,7
GB1-2008,37,England,28,Andy Johnson,Fulham FC,31,7
GB1-2008,38,Grenada,31,Jason Roberts,Blackburn Rovers,26,7
GB1-2008,39,Jamaica,29,Marlon King,for 2 clubs,33,7
GB1-2008,40,England,31,James Beattie,Stoke City,16,7
GB1-2008,41,United States,26,Clint Dempsey,Fulham FC,35,7
GB1-2008,42,Wales,29,Craig Bellamy,for 2 clubs,24,7
GB1-2008,43,Spain,26,Mikel Arteta,Everton FC,26,6
GB1-2008,44,Russia,27,Andrey Arshavin,Arsenal FC,12,6
GB1-2008,45,France,28,Florent Malouda,Chelsea FC,31,6
GB1-2008,46,England,28,Leon Osman,Everton FC,34,6
GB1-2008,47,Cote d'Ivoire,23,Salomon Kalou,Chelsea FC,27,6
GB1-2008,48,Brazil,22,Jô,for 2 clubs,21,6
GB1-2008,49,Brazil,27,Elano,Manchester City,28,6
GB1-2008,50,France,21,Samir Nasri,Arsenal FC,29,6
GB1-2008,51,Czech Republic,26,Roman Bednar,West Bromwich Albion,26,6
GB1-2008,52,France,30,Louis Saha,Everton FC,24,6
GB1-2008,53,Egypt,26,Mido,for 2 clubs,25,6
GB1-2008,54,England,28,Gareth Barry,Aston Villa,38,5
GB1-2008,55,England,32,Danny Murphy,Fulham FC,38,5
GB1-2008,56,England,22,Aaron Lennon,Tottenham Hotspur,35,5
GB1-2008,57,England,27,Shaun Wright-Phillips,for 2 clubs,28,5
GB1-2008,58,Cote d'Ivoire,31,Didier Drogba,Chelsea FC,24,5
GB1-2008,59,England,31,Emile Heskey,for 2 clubs,34,5
GB1-2008,60,Argentina,25,Carlos Tévez,Manchester United,29,5
GB1-2008,61,Sweden,27,Johan Elmander,Bolton Wanderers,30,5
GB1-2008,62,Russia,27,Roman Pavlyuchenko,Tottenham Hotspur,28,5
GB1-2008,63,England,27,Michael Carrick,Manchester United,28,4
GB1-2008,64,Italy,33,David Di Michele,West Ham United,30,4
GB1-2008,65,French Guiana,27,Marc-Antoine Fortuné,West Bromwich Albion,17,4
GB1-2008,66,England,26,Jermaine Jenas,Tottenham Hotspur,32,4
GB1-2008,67,Brazil,28,Afonso Alves,Middlesbrough FC,31,4
GB1-2008,68,Nigeria,27,Shola Ameobi,Newcastle United,22,4
GB1-2008,69,England,26,Joleon Lescott,Everton FC,36,4
GB1-2008,70,England,24,Kieran Richardson,Sunderland AFC,32,4
GB1-2008,71,Jamaica,30,Ricardo Gardner,Bolton Wanderers,29,4
GB1-2008,72,England,23,Steven Taylor,Newcastle United,27,4
GB1-2008,73,Norway,31,Erik Nevland,Fulham FC,21,4
GB1-2008,74,Paraguay,27,Roque Santa Cruz,Blackburn Rovers,20,4
GB1-2008,75,England,19,Daniel Sturridge,Manchester City,16,4
GB1-2008,76,Serbia,27,Nemanja Vidic‎,Manchester United,34,4
GB1-2008,77,England,26,Gary O'Neil,Middlesbrough FC,29,4
GB1-2008,78,Gabon,32,Daniel Cousin,Hull City,28,4
GB1-2008,79,Nigeria,26,Yakubu,Everton FC,14,4
GB1-2008,80,Senegal,28,Diomansy Kamara,Fulham FC,12,4
GB1-2008,81,England,25,Michael Turner,Hull City,38,4
GB1-2008,82,Ireland,28,Keith Andrews,Blackburn Rovers,33,4
GB1-2008,83,Ecuador,20,Felipe Caicedo,Manchester City,17,4
GB1-2008,84,Spain,22,Cesc Fàbregas,Arsenal FC,22,3
GB1-2008,85,England,23,James Milner,for 2 clubs,38,3
GB1-2008,86,Croatia,23,Luka Modrić,Tottenham Hotspur,34,3
GB1-2008,87,Brazil,21,Denílson,Arsenal FC,37,3
GB1-2008,88,South Africa,27,Steven Pienaar,Everton FC,28,3
GB1-2008,89,Iceland,27,Grétar Steinsson,Bolton Wanderers,37,3
GB1-2008,90,Spain,27,Xabi Alonso,Liverpool FC,33,3
GB1-2008,91,Ecuador,23,Antonio Valencia,Wigan Athletic,31,3
GB1-2008,92,England,22,Mark Noble,West Ham United,29,3
GB1-2008,93,England,23,Gary Cahill,Bolton Wanderers,33,3
GB1-2008,94,Scotland,22,James Morrison,West Bromwich Albion,30,3
GB1-2008,95,England,24,Glen Johnson,Portsmouth FC,29,3
GB1-2008,96,Spain,27,Albert Riera,Liverpool FC,28,3
GB1-2008,97,England,27,Stephen Warnock,Blackburn Rovers,37,3
GB1-2008,98,Cote d'Ivoire,25,Emmanuel Eboué,Arsenal FC,28,3
GB1-2008,99,England,26,Craig Fagan,Hull City,21,3
GB1-2008,100,Croatia,24,Niko Kranjcar,Portsmouth FC,21,3
GB1-2008,101,Ireland,27,Liam Lawrence,Stoke City,20,3
GB1-2008,102,Ireland,30,Damien Duff,Newcastle United,30,3
GB1-2008,103,Portugal,31,Deco,Chelsea FC,24,3
GB1-2008,104,France,23,Abou Diaby,Arsenal FC,24,3
GB1-2008,105,Wales,20,Jack Collison,West Ham United,20,3
GB1-2008,106,England,21,Ishmael Miller,West Bromwich Albion,15,3
GB1-2008,107,England,21,Ryan Shawcross,Stoke City,29,3
GB1-2008,108,Netherlands,22,Ryan Babel,Liverpool FC,27,3
GB1-2008,109,Mali,29,Mamady Sidibé,Stoke City,22,3
GB1-2008,110,England,24,David Nugent,Portsmouth FC,16,3
GB1-2008,111,Spain,33,Diego Tristán,West Ham United,14,3
GB1-2008,112,England,20,Andy Carroll,Newcastle United,14,3
GB1-2008,113,Senegal,31,Abdoulaye Faye,Stoke City,36,3
GB1-2008,114,Scotland,25,Darren Fletcher,Manchester United,26,3
GB1-2008,115,Brazil,32,Juliano Belletti,Chelsea FC,20,3
GB1-2008,116,England,26,Steve Sidwell,Aston Villa,16,3
GB1-2008,117,Colombia,23,Hugo Rodallega,Wigan Athletic,14,3
GB1-2008,118,Denmark,29,Peter Løvenkrands,Newcastle United,12,3
GB1-2008,119,Ireland,32,Rory Delap,Stoke City,34,2
GB1-2008,120,Wales,35,Ryan Giggs,Manchester United,28,2
GB1-2008,121,England,27,Joe Cole,Chelsea FC,14,2
GB1-2008,122,England,28,Bobby Zamora,Fulham FC,35,2
GB1-2008,123,Slovenia,28,Robert Koren,West Bromwich Albion,35,2
GB1-2008,124,Congo,25,Christopher Samba,Blackburn Rovers,35,2
GB1-2008,125,Wales,29,Simon Davies,Fulham FC,33,2
GB1-2008,126,France,27,Bernard Mendy,Hull City,28,2
GB1-2008,127,England,27,Matthew Etherington,for 2 clubs,27,2
GB1-2008,128,Brazil,29,Fábio Aurélio,Liverpool FC,24,2
GB1-2008,129,Portugal,26,Bosingwa,Chelsea FC,34,2
GB1-2008,130,France,22,Charles N'Zogbia,for 2 clubs,31,2
GB1-2008,131,Algeria,26,Nadir Belhadj,Portsmouth FC,29,2
GB1-2008,132,"Korea, South",28,Ji-sung Park,Manchester United,25,2
GB1-2008,133,England,22,Danny Guthrie,Newcastle United,24,2
GB1-2008,134,England,24,Ryan Taylor,for 2 clubs,22,2
GB1-2008,135,England,30,Jimmy Bullard,for 2 clubs,19,2
GB1-2008,136,Netherlands,34,André Ooijer,Blackburn Rovers,32,2
GB1-2008,137,France,26,Jérémie Aliadière,Middlesbrough FC,29,2
GB1-2008,138,England,20,Theo Walcott,Arsenal FC,22,2
GB1-2008,139,England,34,Paul Scholes,Manchester United,21,2
GB1-2008,140,Senegal,31,Henri Camara,for 2 clubs,21,2
GB1-2008,141,France,20,David N'Gog,Liverpool FC,14,2
GB1-2008,142,England,19,Dan Gosling,Everton FC,11,2
GB1-2008,143,England,30,Jonathan Greening,West Bromwich Albion,34,2
GB1-2008,144,Brazil,26,Alex,Chelsea FC,24,2
GB1-2008,145,Iceland,34,Hermann Hreidarsson,Portsmouth FC,23,2
GB1-2008,146,England,23,Grant Leadbitter,Sunderland AFC,22,2
GB1-2008,147,France,31,Mikaël Silvestre,Arsenal FC,14,2
GB1-2008,148,Angola,26,Manucho,for 2 clubs,14,2
GB1-2008,149,Italy,17,Federico Macheda,Manchester United,4,2
GB1-2008,150,Hungary,30,Zoltán Gera,Fulham FC,32,2
GB1-2008,151,Sweden,26,Jonas Olsson,West Bromwich Albion,28,2
GB1-2008,152,France,31,William Gallas,Arsenal FC,23,2
GB1-2008,153,Nigeria,28,Seyi Olofinjana,Stoke City,18,2
GB1-2008,154,England,22,Matt Derbyshire,Blackburn Rovers,17,2
GB1-2008,155,England,23,Ben Watson,Wigan Athletic,10,2
GB1-2008,156,England,19,Junior Stanislas,West Ham United,9,2
GB1-2008,157,England,25,Michael Chopra,Sunderland AFC,6,2
GB1-2008,158,England,24,Dean Ashton,West Ham United,4,2
GB1-2008,159,France,29,Steed Malbranque,Sunderland AFC,36,1
GB1-2008,160,Norway,27,Morten Gamst Pedersen,Blackburn Rovers,33,1
GB1-2008,161,England,24,Leighton Baines,Everton FC,31,1
GB1-2008,162,Germany,32,Michael Ballack,Chelsea FC,29,1
GB1-2008,163,Bulgaria,29,Stiliyan Petrov,Aston Villa,36,1
GB1-2008,164,Ireland,26,Andy Reid,Sunderland AFC,32,1
GB1-2008,165,England,28,Scott Parker,West Ham United,28,1
GB1-2008,166,Croatia,23,Vedran Corluka,for 2 clubs,37,1
GB1-2008,167,England,29,Sean Davis,Portsmouth FC,32,1
GB1-2008,168,Gibraltar,30,Danny Higginbotham,for 2 clubs,29,1
GB1-2008,169,England,30,Andy Dawson,Hull City,25,1
GB1-2008,170,England,26,Calum Davenport,for 2 clubs,15,1
GB1-2008,171,Portugal,22,Nani,Manchester United,13,1
GB1-2008,172,Honduras,26,Maynor Figueroa,Wigan Athletic,38,1
GB1-2008,173,Norway,27,Brede Hangeland,Fulham FC,37,1
GB1-2008,174,Wales,28,Danny Collins,Sunderland AFC,35,1
GB1-2008,175,England,22,David Wheater,Middlesbrough FC,32,1
GB1-2008,176,Argentina,24,Pablo Zabaleta,Manchester City,29,1
GB1-2008,177,Spain,26,Álvaro Arbeloa,Liverpool FC,29,1
GB1-2008,178,Senegal,28,El-Hadji Diouf,for 2 clubs,28,1
GB1-2008,179,England,24,David Bentley,Tottenham Hotspur,25,1
GB1-2008,180,Ireland,25,Glenn Whelan,Stoke City,25,1
GB1-2008,181,Brazil,22,Lucas Leiva,Liverpool FC,25,1
GB1-2008,182,Switzerland,23,Valon Behrami,West Ham United,24,1
GB1-2008,183,Australia,27,Richard García,Hull City,23,1
GB1-2008,184,Australia,29,Brett Emerton,Blackburn Rovers,20,1
GB1-2008,185,Denmark,31,Martin Laursen,Aston Villa,19,1
GB1-2008,186,Denmark,24,Daniel Agger,Liverpool FC,18,1
GB1-2008,187,Spain,24,Javier Garrido,Manchester City,13,1
GB1-2008,188,Ireland,23,Joey O'Brien,Bolton Wanderers,9,1
GB1-2008,189,England,28,Paul Konchesky,Fulham FC,36,1
GB1-2008,190,England,27,Titus Bramble,Wigan Athletic,35,1
GB1-2008,191,Sierra Leone,24,Curtis Davies,Aston Villa,35,1
GB1-2008,192,New Zealand,31,Ryan Nelsen,Blackburn Rovers,35,1
GB1-2008,193,England,28,Ashley Cole,Chelsea FC,34,1
GB1-2008,194,Belgium,23,Vincent Kompany,Manchester City,34,1
GB1-2008,195,England,20,Micah Richards,Manchester City,34,1
GB1-2008,196,England,21,Lee Cattermole,Wigan Athletic,33,1
GB1-2008,197,Guinea,24,Kamil Zayatte,Hull City,32,1
GB1-2008,198,Cameroon,21,Alex Song,Arsenal FC,31,1
GB1-2008,199,England,32,Ian Ashbee,Hull City,31,1
GB1-2008,200,Cote d'Ivoire,28,Kolo Touré,Arsenal FC,29,1
GB1-2008,201,England,22,Nedum Onuoha,Manchester City,23,1
GB1-2008,202,England,35,Nick Barmby,Hull City,21,1
GB1-2008,203,France,23,Younès Kaboul,Portsmouth FC,20,1
GB1-2008,204,Senegal,19,Armand Traoré,Portsmouth FC,19,1
GB1-2008,205,Nigeria,27,John Utaka,Portsmouth FC,18,1
GB1-2008,206,Nigeria,32,Nwankwo Kanu,Portsmouth FC,17,1
GB1-2008,207,Nigeria,20,Victor Anichebe,Everton FC,17,1
GB1-2008,208,England,25,Michael Dawson,Tottenham Hotspur,16,1
GB1-2008,209,Wales,20,Ched Evans,Manchester City,16,1
GB1-2008,210,Mexico,20,Carlos Vela,Arsenal FC,14,1
GB1-2008,211,Portugal,30,Ricardo Carvalho,Chelsea FC,12,1
GB1-2008,212,England,21,Fraizer Campbell,for 2 clubs,11,1
GB1-2008,213,Canada,22,David Edgar,Newcastle United,11,1
GB1-2008,214,Northern Ireland,29,David Healy,Sunderland AFC,10,1
GB1-2008,215,England,26,Joey Barton,Newcastle United,9,1
GB1-2008,216,Bulgaria,23,Valeri Bozhinov,Manchester City,8,1
GB1-2008,217,Zimbabwe,30,Benjani,Manchester City,8,1
GB1-2008,218,England,28,John Terry,Chelsea FC,35,1
GB1-2008,219,England,29,Jonathan Woodgate,Tottenham Hotspur,34,1
GB1-2008,220,England,29,Luke Young,Aston Villa,34,1
GB1-2008,221,Australia,31,Lucas Neill,West Ham United,34,1
GB1-2008,222,England,30,Hayden Mullins,for 2 clubs,34,1
GB1-2008,223,Ireland,29,Richard Dunne,Manchester City,31,1
GB1-2008,224,France,23,Gaël Clichy,Arsenal FC,31,1
GB1-2008,225,Türkiye,38,Tugay Kerimoğlu,Blackburn Rovers,29,1
GB1-2008,226,Austria,26,Emanuel Pogatetz,Middlesbrough FC,27,1
GB1-2008,227,Nigeria,28,Joseph Yobo,Everton FC,27,1
GB1-2008,228,Barbados,29,Emmerson Boyce,Wigan Athletic,27,1
GB1-2008,229,England,25,Nigel Reo-Coker,Aston Villa,26,1
GB1-2008,230,England,28,Ledley King,Tottenham Hotspur,24,1
GB1-2008,231,England,23,Luke Moore,West Bromwich Albion,21,1
GB1-2008,232,Nigeria,26,Dickson Etuhu,Fulham FC,21,1
GB1-2008,233,Ireland,23,Paul McShane,for 2 clubs,20,1
GB1-2008,234,France,28,Olivier Kapo,Wigan Athletic,19,1
GB1-2008,235,Switzerland,22,Gelson Fernandes,Manchester City,17,1
GB1-2008,236,England,22,Matthew Bates,Middlesbrough FC,17,1
GB1-2008,237,Finland,35,Sami Hyypiä,Liverpool FC,16,1
GB1-2008,238,Italy,27,Andrea Dossena,Liverpool FC,16,1
GB1-2008,239,Brazil,18,Rafael,Manchester United,16,1
GB1-2008,240,England,29,David Dunn,Blackburn Rovers,15,1
GB1-2008,241,England,22,Jamie O'Hara,Tottenham Hotspur,15,1
GB1-2008,242,Ireland,26,Caleb Folan,Hull City,15,1
GB1-2008,243,England,29,Zat Knight,Aston Villa,13,1
GB1-2008,244,England,20,Jay Simpson,for 2 clubs,13,1
GB1-2008,245,England,20,James Tomkins,West Ham United,12,1
GB1-2008,246,Ghana,26,Michael Essien,Chelsea FC,11,1
GB1-2008,247,England,20,Chris Basham,Bolton Wanderers,11,1
GB1-2008,248,Czech Republic,29,Radoslav Kovac,West Ham United,9,1
GB1-2008,249,England,29,Wes Brown,Manchester United,8,1
GB1-2008,250,France,27,Sébastien Puygrenier,Bolton Wanderers,7,1
GB1-2008,251,Argentina,25,Juan Carlos Menseguez,West Bromwich Albion,7,1
GB1-2008,252,Scotland,25,Craig Beattie,West Bromwich Albion,7,1
GB1-2008,253,England,39,Dean Windass,Hull City,5,1
GB1-2008,254,Spain,22,Xisco,Newcastle United,5,1
GB1-2008,255,"Korea, South",29,Ki-hyeon Seol,Fulham FC,4,1
GB1-2008,256,Israel,25,Tamir Cohen,Bolton Wanderers,4,1
GB1-2008,257,Ireland,21,Darron Gibson,Manchester United,3,1
GB1-2008,258,England,18,Danny Welbeck,Manchester United,3,1
GB1-2009,1,Cote d'Ivoire,32,Didier Drogba,Chelsea FC,32,29
GB1-2009,2,England,24,Wayne Rooney,Manchester United,32,26
GB1-2009,3,England,26,Darren Bent,Sunderland AFC,38,24
GB1-2009,4,Argentina,26,Carlos Tévez,Manchester City,35,23
GB1-2009,5,England,31,Frank Lampard,Chelsea FC,36,22
GB1-2009,6,England,27,Jermain Defoe,Tottenham Hotspur,34,18
GB1-2009,7,Spain,26,Fernando Torres,Liverpool FC,22,18
GB1-2009,8,Spain,22,Cesc Fàbregas,Arsenal FC,27,15
GB1-2009,9,Togo,26,Emmanuel Adebayor,Manchester City,26,14
GB1-2009,10,England,23,Gabriel Agbonlahor,Aston Villa,36,13
GB1-2009,11,France,31,Louis Saha,Everton FC,33,13
GB1-2009,12,France,29,Florent Malouda,Chelsea FC,33,12
GB1-2009,13,Bulgaria,29,Dimitar Berbatov,Manchester United,33,12
GB1-2009,14,France,31,Nicolas Anelka,Chelsea FC,33,11
GB1-2009,15,Wales,30,Craig Bellamy,Manchester City,32,10
GB1-2009,16,Colombia,24,Hugo Rodallega,Wigan Athletic,38,10
GB1-2009,17,Norway,30,John Carew,Aston Villa,33,10
GB1-2009,18,England,23,Cameron Jerome,Birmingham City,32,10
GB1-2009,19,England,26,Carlton Cole,West Ham United,30,10
GB1-2009,20,Russia,28,Andrey Arshavin,Arsenal FC,30,10
GB1-2009,21,England,29,Steven Gerrard,Liverpool FC,33,9
GB1-2009,22,Netherlands,26,Robin van Persie,Arsenal FC,16,9
GB1-2009,23,Netherlands,29,Dirk Kuyt,Liverpool FC,37,9
GB1-2009,24,Trinidad and Tobago,25,Kenwyne Jones,Sunderland AFC,32,9
GB1-2009,25,Ireland,26,Kevin Doyle,Wolverhampton Wanderers,34,9
GB1-2009,26,England,30,David Dunn,Blackburn Rovers,23,9
GB1-2009,27,England,29,Peter Crouch,Tottenham Hotspur,38,8
GB1-2009,28,Australia,30,Tim Cahill,Everton FC,33,8
GB1-2009,29,England,29,Bobby Zamora,Fulham FC,27,8
GB1-2009,30,Scotland,23,Steven Fletcher,Burnley FC,35,8
GB1-2009,31,England,28,Matthew Taylor,Bolton Wanderers,37,8
GB1-2009,32,Cote d'Ivoire,29,Aruna Dindane,Portsmouth FC,19,8
GB1-2009,33,Croatia,30,Ivan Klasnic,Bolton Wanderers,27,8
GB1-2009,34,England,24,James Milner,Aston Villa,36,7
GB1-2009,35,England,33,Kevin Davies,Bolton Wanderers,37,7
GB1-2009,36,Italy,27,Alessandro Diamanti,West Ham United,27,7
GB1-2009,37,United States,27,Clint Dempsey,Fulham FC,29,7
GB1-2009,38,Scotland,38,Graham Alexander,Burnley FC,33,7
GB1-2009,39,Belgium,24,Thomas Vermaelen,Arsenal FC,33,7
GB1-2009,40,Ireland,31,Damien Duff,Fulham FC,32,6
GB1-2009,41,Croatia,25,Niko Kranjcar,for 2 clubs,28,6
GB1-2009,42,Ireland,28,Stephen Hunt,Hull City,27,6
GB1-2009,43,Denmark,22,Nicklas Bendtner,Arsenal FC,23,6
GB1-2009,44,Israel,29,Yossi Benayoun,Liverpool FC,30,6
GB1-2009,45,England,25,David Nugent,for 2 clubs,33,6
GB1-2009,46,France,23,Abou Diaby,Arsenal FC,29,6
GB1-2009,47,Russia,25,Diniyar Bilyaletdinov,Everton FC,23,6
GB1-2009,48,Ireland,29,Robbie Keane,Tottenham Hotspur,20,6
GB1-2009,49,Spain,28,Mikel Arteta,Everton FC,13,6
GB1-2009,50,England,28,Matthew Etherington,Stoke City,34,5
GB1-2009,51,Ecuador,24,Antonio Valencia,Manchester United,34,5
GB1-2009,52,Wales,36,Ryan Giggs,Manchester United,25,5
GB1-2009,53,England,24,Ashley Young,Aston Villa,37,5
GB1-2009,54,France,23,Charles N'Zogbia,Wigan Athletic,36,5
GB1-2009,55,Nigeria,27,Yakubu,Everton FC,25,5
GB1-2009,56,Scotland,27,James McFadden,Birmingham City,36,5
GB1-2009,57,England,33,Lee Bowyer,Birmingham City,35,5
GB1-2009,58,Martinique,31,Frédéric Piquionne,Portsmouth FC,34,5
GB1-2009,59,France,21,David N'Gog,Liverpool FC,24,5
GB1-2009,60,Mexico,33,Guillermo Franco,West Ham United,23,5
GB1-2009,61,Russia,28,Roman Pavlyuchenko,Tottenham Hotspur,16,5
GB1-2009,62,England,34,Jody Craddock,Wolverhampton Wanderers,33,5
GB1-2009,63,Grenada,32,Jason Roberts,Blackburn Rovers,29,5
GB1-2009,64,England,24,Gary Cahill,Bolton Wanderers,29,5
GB1-2009,65,Cote d'Ivoire,24,Salomon Kalou,Chelsea FC,23,5
GB1-2009,66,England,33,Danny Murphy,Fulham FC,25,5
GB1-2009,67,England,28,Shaun Wright-Phillips,Manchester City,30,4
GB1-2009,68,Portugal,23,Nani,Manchester United,23,4
GB1-2009,69,Scotland,26,Darren Fletcher,Manchester United,30,4
GB1-2009,70,England,31,Wade Elliott,Burnley FC,38,4
GB1-2009,71,"Korea, South",21,Chung-yong Lee,Bolton Wanderers,34,4
GB1-2009,72,Germany,33,Michael Ballack,Chelsea FC,32,4
GB1-2009,73,England,22,Fraizer Campbell,Sunderland AFC,31,4
GB1-2009,74,Austria,30,Paul Scharner,Wigan Athletic,38,4
GB1-2009,75,Sweden,24,Sebastian Larsson,Birmingham City,33,4
GB1-2009,76,South Africa,28,Steven Pienaar,Everton FC,30,4
GB1-2009,77,England,29,Ashley Cole,Chelsea FC,27,4
GB1-2009,78,Bulgaria,31,Martin Petrov,Manchester City,16,4
GB1-2009,79,Türkiye,28,Tuncay Şanlı,Stoke City,30,4
GB1-2009,80,New Zealand,32,Ryan Nelsen,Blackburn Rovers,28,4
GB1-2009,81,Northern Ireland,22,Martin Paterson,Burnley FC,23,4
GB1-2009,82,England,31,Jimmy Bullard,Hull City,14,4
GB1-2009,83,Netherlands,23,Ryan Babel,Liverpool FC,25,4
GB1-2009,84,Congo,26,Christopher Samba,Blackburn Rovers,30,4
GB1-2009,85,Scotland,31,Steven Thompson,Burnley FC,20,4
GB1-2009,86,England,36,Kevin Phillips,Birmingham City,19,4
GB1-2009,87,Brazil,29,Ilan,West Ham United,11,4
GB1-2009,88,England,23,Aaron Lennon,Tottenham Hotspur,22,3
GB1-2009,89,England,23,Matt Jarvis,Wolverhampton Wanderers,34,3
GB1-2009,90,Norway,28,Morten Gamst Pedersen,Blackburn Rovers,33,3
GB1-2009,91,Wales,20,Gareth Bale,Tottenham Hotspur,23,3
GB1-2009,92,Jamaica,30,Ricardo Fuller,Stoke City,35,3
GB1-2009,93,Netherlands,31,Jan Vennegoor of Hesselink,Hull City,31,3
GB1-2009,94,Ecuador,24,Christian Benítez,Birmingham City,30,3
GB1-2009,95,England,35,Paul Scholes,Manchester United,28,3
GB1-2009,96,Israel,26,Tamir Cohen,Bolton Wanderers,27,3
GB1-2009,97,Czech Republic,29,Tomas Rosicky,Arsenal FC,25,3
GB1-2009,98,Croatia,24,Luka Modrić,Tottenham Hotspur,25,3
GB1-2009,99,Norway,32,Erik Nevland,Fulham FC,23,3
GB1-2009,100,England,25,Glen Johnson,Liverpool FC,25,3
GB1-2009,101,England,21,Theo Walcott,Arsenal FC,23,3
GB1-2009,102,Wales,19,Aaron Ramsey,Arsenal FC,18,3
GB1-2009,103,Germany,25,Robert Huth,Stoke City,32,3
GB1-2009,104,England,32,Emile Heskey,Aston Villa,31,3
GB1-2009,105,England,28,Michael Carrick,Manchester United,30,3
GB1-2009,106,Senegal,29,El-Hadji Diouf,Blackburn Rovers,26,3
GB1-2009,107,Ghana,23,Kevin-Prince Boateng,Portsmouth FC,22,3
GB1-2009,108,Brazil,22,Denílson,Arsenal FC,20,3
GB1-2009,109,Algeria,27,Nadir Belhadj,Portsmouth FC,19,3
GB1-2009,110,England,25,Liam Ridgewell,Birmingham City,31,3
GB1-2009,111,Sweden,28,Johan Elmander,Bolton Wanderers,25,3
GB1-2009,112,Barbados,30,Emmerson Boyce,Wigan Athletic,24,3
GB1-2009,113,England,30,Michael Owen,Manchester United,19,3
GB1-2009,114,England,30,Dave Kitson,Stoke City,18,3
GB1-2009,115,"Korea, South",29,Ji-sung Park,Manchester United,17,3
GB1-2009,116,Ireland,30,Richard Dunne,for 2 clubs,37,3
GB1-2009,117,England,31,Matthew Upson,West Ham United,33,3
GB1-2009,118,France,24,Younès Kaboul,for 2 clubs,29,3
GB1-2009,119,France,32,William Gallas,Arsenal FC,26,3
GB1-2009,120,Brazil,30,Geovanni,Hull City,26,3
GB1-2009,121,Paraguay,28,Roque Santa Cruz,Manchester City,19,3
GB1-2009,122,Ghana,27,Michael Essien,Chelsea FC,14,3
GB1-2009,123,Croatia,27,Eduardo,Arsenal FC,24,2
GB1-2009,124,England,29,Gareth Barry,Manchester City,34,2
GB1-2009,125,England,28,Joe Cole,Chelsea FC,26,2
GB1-2009,126,England,23,Jamie O'Hara,for 2 clubs,28,2
GB1-2009,127,England,22,Mark Noble,West Ham United,27,2
GB1-2009,128,France,22,Samir Nasri,Arsenal FC,26,2
GB1-2009,129,Ireland,27,Andy Reid,Sunderland AFC,21,2
GB1-2009,130,England,34,Robbie Blake,Burnley FC,31,2
GB1-2009,131,Spain,28,Carlos Cuéllar,Aston Villa,36,2
GB1-2009,132,England,24,Chris Eagles,Burnley FC,34,2
GB1-2009,133,Ireland,26,Glenn Whelan,Stoke City,33,2
GB1-2009,134,England,23,Tom Huddlestone,Tottenham Hotspur,33,2
GB1-2009,135,England,29,Scott Parker,West Ham United,31,2
GB1-2009,136,England,22,Ryan Shawcross,Stoke City,28,2
GB1-2009,137,Hungary,31,Zoltán Gera,Fulham FC,27,2
GB1-2009,138,England,33,Michael Brown,for 2 clubs,26,2
GB1-2009,139,England,20,Junior Stanislas,West Ham United,26,2
GB1-2009,140,England,27,Craig Fagan,Hull City,25,2
GB1-2009,141,Belgium,22,Marouane Fellaini,Everton FC,23,2
GB1-2009,142,Wales,21,Jack Collison,West Ham United,22,2
GB1-2009,143,Serbia,27,Nenad Milijas,Wolverhampton Wanderers,19,2
GB1-2009,144,United States,28,Landon Donovan,Everton FC,10,2
GB1-2009,145,England,29,John Terry,Chelsea FC,37,2
GB1-2009,146,France,28,Gaël Givet,Blackburn Rovers,34,2
GB1-2009,147,Czech Republic,30,Radoslav Kovac,West Ham United,31,2
GB1-2009,148,England,19,Jack Rodwell,Everton FC,26,2
GB1-2009,149,Belgium,24,Vincent Kompany,Manchester City,25,2
GB1-2009,150,Nigeria,33,Nwankwo Kanu,Portsmouth FC,23,2
GB1-2009,151,Ireland,23,Stephen Ireland,Manchester City,22,2
GB1-2009,152,Portugal,32,Deco,Chelsea FC,19,2
GB1-2009,153,Ireland,22,Darron Gibson,Manchester United,15,2
GB1-2009,154,England,28,Leon Osman,Everton FC,26,2
GB1-2009,155,Croatia,22,Nikola Kalinić,Blackburn Rovers,26,2
GB1-2009,156,England,25,Stewart Downing,Aston Villa,25,2
GB1-2009,157,Mali,30,Mamady Sidibé,Stoke City,24,2
GB1-2009,158,England,21,Micah Richards,Manchester City,23,2
GB1-2009,159,Guinea,25,Kamil Zayatte,Hull City,23,2
GB1-2009,160,England,28,Titus Bramble,Wigan Athletic,35,2
GB1-2009,161,France,21,Steven Nzonzi,Blackburn Rovers,33,2
GB1-2009,162,Senegal,32,Abdoulaye Faye,Stoke City,31,2
GB1-2009,163,England,26,Michael Dawson,Tottenham Hotspur,29,2
GB1-2009,164,England,24,Sylvan Ebanks-Blake,Wolverhampton Wanderers,23,2
GB1-2009,165,England,32,James Beattie,Stoke City,22,2
GB1-2009,166,Netherlands,33,Boudewijn Zenden,Sunderland AFC,20,2
GB1-2009,167,England,29,Ledley King,Tottenham Hotspur,20,2
GB1-2009,168,Algeria,25,Hassan Yebda,Portsmouth FC,18,2
GB1-2009,169,Scotland,28,Gary Caldwell,Wigan Athletic,16,2
GB1-2009,170,Morocco,24,Manuel da Costa,West Ham United,15,2
GB1-2009,171,Italy,20,Stefano Okaka,Fulham FC,11,2
GB1-2009,172,England,20,Dan Gosling,Everton FC,11,2
GB1-2009,173,Ireland,27,Caleb Folan,Hull City,8,2
GB1-2009,174,England,25,Leighton Baines,Everton FC,37,1
GB1-2009,175,United States,20,Jozy Altidore,Hull City,28,1
GB1-2009,176,England,22,Adam Johnson,Manchester City,16,1
GB1-2009,177,Serbia,26,Branislav Ivanovic,Chelsea FC,28,1
GB1-2009,178,Italy,25,Alberto Aquilani,Liverpool FC,18,1
GB1-2009,179,England,19,Jordan Henderson,Sunderland AFC,33,1
GB1-2009,180,Cote d'Ivoire,26,Emmanuel Eboué,Arsenal FC,25,1
GB1-2009,181,Martinique,26,Julien Faubert,West Ham United,33,1
GB1-2009,182,Guadeloupe,24,Ronald Zubar,Wolverhampton Wanderers,23,1
GB1-2009,183,South Africa,32,Benni McCarthy,for 2 clubs,19,1
GB1-2009,184,Argentina,29,Maxi Rodríguez,Liverpool FC,17,1
GB1-2009,185,Nigeria,19,Victor Moses,Wigan Athletic,14,1
GB1-2009,186,Chile,25,Luis Jiménez,West Ham United,11,1
GB1-2009,187,England,20,Jack Cork,Burnley FC,11,1
GB1-2009,188,Trinidad and Tobago,31,Jason Scotland,Wigan Athletic,32,1
GB1-2009,189,Cameroon,26,Benoît Assou-Ekotto,Tottenham Hotspur,30,1
GB1-2009,190,Croatia,24,Vedran Corluka,Tottenham Hotspur,29,1
GB1-2009,191,Ireland,28,Liam Lawrence,Stoke City,25,1
GB1-2009,192,Gibraltar,31,Danny Higginbotham,Stoke City,24,1
GB1-2009,193,Guadeloupe,31,Pascal Chimbonda,for 2 clubs,24,1
GB1-2009,194,England,25,David Jones,Wolverhampton Wanderers,20,1
GB1-2009,195,England,27,Jermaine Jenas,Tottenham Hotspur,19,1
GB1-2009,196,Nigeria,28,John Utaka,Portsmouth FC,18,1
GB1-2009,197,England,26,Dean Marney,Hull City,16,1
GB1-2009,198,England,25,David Bentley,Tottenham Hotspur,15,1
GB1-2009,199,Brazil,21,Anderson,Manchester United,14,1
GB1-2009,200,England,23,Craig Gardner,for 2 clubs,14,1
GB1-2009,201,France,33,Patrick Vieira,Manchester City,13,1
GB1-2009,202,Honduras,27,Maynor Figueroa,Wigan Athletic,35,1
GB1-2009,203,Senegal,22,Mohamed Diamé,Wigan Athletic,34,1
GB1-2009,204,England,26,Michael Turner,for 2 clubs,33,1
GB1-2009,205,Honduras,25,Wilson Palacios,Tottenham Hotspur,33,1
GB1-2009,206,Ireland,29,Keith Andrews,Blackburn Rovers,32,1
GB1-2009,207,Netherlands,34,George Boateng,Hull City,29,1
GB1-2009,208,England,25,Kieran Richardson,Sunderland AFC,29,1
GB1-2009,209,Cameroon,25,André Bikey,Burnley FC,28,1
GB1-2009,210,England,28,Paul Konchesky,Fulham FC,27,1
GB1-2009,211,Switzerland,25,Valon Behrami,West Ham United,27,1
GB1-2009,212,Cameroon,22,Alex Song,Arsenal FC,26,1
GB1-2009,213,Scotland,21,Kevin McDonald,Burnley FC,26,1
GB1-2009,214,England,31,Jonathan Greening,Fulham FC,23,1
GB1-2009,215,Spain,24,Jordi Gómez,Wigan Athletic,23,1
GB1-2009,216,Argentina,21,Franco Di Santo,Blackburn Rovers,22,1
GB1-2009,217,Ireland,33,Kevin Kilbane,Hull City,21,1
GB1-2009,218,Jamaica,31,Ricardo Gardner,Bolton Wanderers,21,1
GB1-2009,219,Ireland,19,James McCarthy,Wigan Athletic,20,1
GB1-2009,220,England,27,Joleon Lescott,for 2 clubs,19,1
GB1-2009,221,England,28,Danny Webber,Portsmouth FC,17,1
GB1-2009,222,England,29,Tommy Smith,Portsmouth FC,16,1
GB1-2009,223,Ireland,29,John O'Shea,Manchester United,15,1
GB1-2009,224,England,18,Jack Wilshere,for 2 clubs,15,1
GB1-2009,225,Greece,30,Sotiris Kyrgiakos,Liverpool FC,14,1
GB1-2009,226,Scotland,23,Danny Fox,Burnley FC,14,1
GB1-2009,227,Algeria,24,Adlène Guédioura,Wolverhampton Wanderers,14,1
GB1-2009,228,Ireland,23,Andy Keogh,Wolverhampton Wanderers,13,1
GB1-2009,229,Algeria,25,Kamel Ghilas,Hull City,13,1
GB1-2009,230,Nigeria,22,Victor Anichebe,Everton FC,11,1
GB1-2009,231,England,23,Nedum Onuoha,Manchester City,10,1
GB1-2009,232,Sweden,27,David Elm,Fulham FC,10,1
GB1-2009,233,Wales,30,Jason Koumas,Wigan Athletic,8,1
GB1-2009,234,Brazil,19,Rafael,Manchester United,8,1
GB1-2009,235,England,24,Ben Watson,Wigan Athletic,5,1
GB1-2009,236,Italy,18,Federico Macheda,Manchester United,5,1
GB1-2009,237,England,22,Fabrice Muamba,Bolton Wanderers,36,1
GB1-2009,238,England,30,Zat Knight,Bolton Wanderers,35,1
GB1-2009,239,England,31,Andy Dawson,Hull City,35,1
GB1-2009,240,Norway,28,Brede Hangeland,Fulham FC,32,1
GB1-2009,241,Cote d'Ivoire,29,Kolo Touré,Manchester City,31,1
GB1-2009,242,Wales,26,James Collins,for 2 clubs,30,1
GB1-2009,243,Cameroon,23,Sébastien Bassong,Tottenham Hotspur,28,1
GB1-2009,244,Serbia,28,Nemanja Vidic‎,Manchester United,24,1
GB1-2009,245,France,23,Steven Mouyokolo,Hull City,21,1
GB1-2009,246,Wales,24,David Edwards,Wolverhampton Wanderers,20,1
GB1-2009,247,Nigeria,29,Seyi Olofinjana,Hull City,19,1
GB1-2009,248,Slovakia,25,Martin Skrtel,Liverpool FC,19,1
GB1-2009,249,England,21,Scott Sinclair,Wigan Athletic,18,1
GB1-2009,250,Nigeria,29,Joseph Yobo,Everton FC,17,1
GB1-2009,251,Iceland,35,Hermann Hreidarsson,Portsmouth FC,17,1
GB1-2009,252,Senegal,33,Salif Diao,Stoke City,16,1
GB1-2009,253,Ghana,27,John Mensah,Sunderland AFC,16,1
GB1-2009,254,Brazil,27,Alex,Chelsea FC,16,1
GB1-2009,255,England,22,Richard Stearman,Wolverhampton Wanderers,16,1
GB1-2009,256,Scotland,29,Steven Caldwell,Burnley FC,13,1
GB1-2009,257,England,20,Daniel Sturridge,Chelsea FC,13,1
GB1-2009,258,Jamaica,20,Zavon Hines,West Ham United,13,1
GB1-2009,259,France,32,Mikaël Silvestre,Arsenal FC,12,1
GB1-2009,260,Iceland,31,Eidur Gudjohnsen,Tottenham Hotspur,11,1
GB1-2009,261,Mexico,21,Carlos Vela,Arsenal FC,11,1
GB1-2009,262,Scotland,19,Tom Cairney,Hull City,11,1
GB1-2009,263,Scotland,26,Garry O'Connor,Birmingham City,10,1
GB1-2009,264,Senegal,29,Diomansy Kamara,Fulham FC,9,1
GB1-2009,265,Spain,25,Javier Garrido,Manchester City,9,1
GB1-2009,266,England,19,Nathan Delfouneso,Aston Villa,9,1
GB1-2009,267,England,21,James Vaughan,Everton FC,8,1
GB1-2009,268,Austria,27,Stefan Maierhofer,Wolverhampton Wanderers,8,1
GB1-2009,269,England,27,Danny Pugh,Stoke City,7,1
GB1-2009,270,Cote d'Ivoire,29,Steve Gohouri,Wigan Athletic,5,1
GB1-2009,271,Senegal,22,Mame Diouf,Manchester United,5,1
GB1-2009,272,Spain,20,Fran Mérida,Arsenal FC,4,1
GB1-2009,273,England,18,Mark Cullen,Hull City,3,1
GB1-2009,274,Sierra Leone,25,Curtis Davies,Aston Villa,2,1
GB1-2009,275,England,21,Will Atkinson,Hull City,2,1
GB1-2009,276,Portugal,32,Luís Boa Morte,West Ham United,1,1
GB1-2009,277,England,19,Danny Rose,Tottenham Hotspur,1,1
GB1-2010,1,Argentina,27,Carlos Tévez,Manchester City,31,20
GB1-2010,2,Bulgaria,30,Dimitar Berbatov,Manchester United,32,20
GB1-2010,3,Netherlands,27,Robin van Persie,Arsenal FC,25,18
GB1-2010,4,England,27,Darren Bent,for 2 clubs,36,17
GB1-2010,5,Nigeria,29,Peter Odemwingie,West Bromwich Albion,32,15
GB1-2010,6,Netherlands,28,Rafael van der Vaart,Tottenham Hotspur,28,13
GB1-2010,7,Netherlands,30,Dirk Kuyt,Liverpool FC,33,13
GB1-2010,8,England,22,Andy Carroll,for 2 clubs,26,13
GB1-2010,9,France,30,Florent Malouda,Chelsea FC,38,13
GB1-2010,10,England,29,DJ Campbell,Blackpool FC,31,13
GB1-2010,11,Mexico,22,Chicharito,Manchester United,27,13
GB1-2010,12,Scotland,25,Charlie Adam,Blackpool FC,35,12
GB1-2010,13,United States,28,Clint Dempsey,Fulham FC,37,12
GB1-2010,14,England,28,Kevin Nolan,Newcastle United,30,12
GB1-2010,15,Cote d'Ivoire,33,Didier Drogba,Chelsea FC,36,11
GB1-2010,16,England,25,Wayne Rooney,Manchester United,28,11
GB1-2010,17,Sweden,29,Johan Elmander,Bolton Wanderers,37,10
GB1-2010,18,Spain,27,Fernando Torres,for 2 clubs,37,10
GB1-2010,19,Ghana,25,Asamoah Gyan,Sunderland AFC,31,10
GB1-2010,20,Russia,29,Roman Pavlyuchenko,Tottenham Hotspur,29,10
GB1-2010,21,England,32,Frank Lampard,Chelsea FC,24,10
GB1-2010,22,Cote d'Ivoire,25,Salomon Kalou,Chelsea FC,31,10
GB1-2010,23,Scotland,24,Steven Fletcher,Wolverhampton Wanderers,28,10
GB1-2010,24,France,23,Samir Nasri,Arsenal FC,30,10
GB1-2010,25,Argentina,30,Maxi Rodríguez,Liverpool FC,28,10
GB1-2010,26,Portugal,24,Nani,Manchester United,33,9
GB1-2010,27,France,24,Charles N'Zogbia,Wigan Athletic,34,9
GB1-2010,28,England,22,Theo Walcott,Arsenal FC,28,9
GB1-2010,29,Australia,31,Tim Cahill,Everton FC,27,9
GB1-2010,30,Colombia,25,Hugo Rodallega,Wigan Athletic,36,9
GB1-2010,31,Trinidad and Tobago,26,Kenwyne Jones,Stoke City,34,9
GB1-2010,32,England,34,Kevin Davies,Bolton Wanderers,38,8
GB1-2010,33,Cote d'Ivoire,28,Yaya Touré,Manchester City,35,8
GB1-2010,34,Jamaica,27,Jermaine Beckford,Everton FC,32,8
GB1-2010,35,England,24,Craig Gardner,Birmingham City,29,8
GB1-2010,36,England,21,Daniel Sturridge,for 2 clubs,25,8
GB1-2010,37,England,25,Ashley Young,Aston Villa,34,7
GB1-2010,38,England,26,Stewart Downing,Aston Villa,38,7
GB1-2010,39,Morocco,27,Marouane Chamakh,Arsenal FC,29,7
GB1-2010,40,England,25,Sylvan Ebanks-Blake,Wolverhampton Wanderers,30,7
GB1-2010,41,Wales,21,Gareth Bale,Tottenham Hotspur,30,7
GB1-2010,42,Senegal,25,Demba Ba,West Ham United,12,7
GB1-2010,43,Russia,29,Andrey Arshavin,Arsenal FC,37,6
GB1-2010,44,Nigeria,29,Shola Ameobi,Newcastle United,28,6
GB1-2010,45,Martinique,32,Frédéric Piquionne,West Ham United,34,6
GB1-2010,46,France,32,Nicolas Anelka,Chelsea FC,32,6
GB1-2010,47,Denmark,31,Peter Løvenkrands,Newcastle United,25,6
GB1-2010,48,Germany,26,Robert Huth,Stoke City,35,6
GB1-2010,49,Ireland,27,Jonathan Walters,Stoke City,36,6
GB1-2010,50,Norway,29,Brede Hangeland,Fulham FC,37,6
GB1-2010,51,England,20,Danny Welbeck,Sunderland AFC,26,6
GB1-2010,52,Cameroon,28,Somen Tchoyi,West Bromwich Albion,23,6
GB1-2010,53,France,32,Louis Saha,Everton FC,22,6
GB1-2010,54,Italy,20,Mario Balotelli,Manchester City,17,6
GB1-2010,55,Ireland,24,Leon Best,Newcastle United,11,6
GB1-2010,56,DR Congo,24,Youssouf Mulumbu,West Bromwich Albion,34,6
GB1-2010,57,England,26,Leighton Baines,Everton FC,38,5
GB1-2010,58,England,29,Matthew Etherington,Stoke City,32,5
GB1-2010,59,England,21,Marc Albrighton,Aston Villa,29,5
GB1-2010,60,England,30,Bobby Zamora,Fulham FC,14,5
GB1-2010,61,Portugal,28,Raúl Meireles,Liverpool FC,33,5
GB1-2010,62,England,29,Gary Taylor-Fletcher,Blackpool FC,31,5
GB1-2010,63,Ireland,27,Kevin Doyle,Wolverhampton Wanderers,26,5
GB1-2010,64,Grenada,33,Jason Roberts,Blackburn Rovers,25,5
GB1-2010,65,Serbia,30,Nikola Zigic,Birmingham City,25,5
GB1-2010,66,"Korea, South",30,Ji-sung Park,Manchester United,15,5
GB1-2010,67,England,27,Carlton Cole,West Ham United,35,5
GB1-2010,68,England,30,Scott Parker,West Ham United,32,5
GB1-2010,69,England,28,Luke Varney,Blackpool FC,30,5
GB1-2010,70,Serbia,29,Nemanja Vidic‎,Manchester United,35,5
GB1-2010,71,Canada,20,Junior Hoilett,Blackburn Rovers,24,5
GB1-2010,72,Croatia,23,Nikola Kalinić,Blackburn Rovers,18,5
GB1-2010,73,England,31,Marlon Harewood,Blackpool FC,16,5
GB1-2010,74,England,30,Peter Crouch,Tottenham Hotspur,34,4
GB1-2010,75,Northern Ireland,26,Chris Brunt,West Bromwich Albion,34,4
GB1-2010,76,England,28,Joey Barton,Newcastle United,32,4
GB1-2010,77,Spain,25,David Silva,Manchester City,35,4
GB1-2010,78,England,25,Matt Jarvis,Wolverhampton Wanderers,37,4
GB1-2010,79,Sweden,25,Sebastian Larsson,Birmingham City,35,4
GB1-2010,80,England,30,Steven Gerrard,Liverpool FC,21,4
GB1-2010,81,Norway,29,Morten Gamst Pedersen,Blackburn Rovers,35,4
GB1-2010,82,Serbia,27,Branislav Ivanovic,Chelsea FC,34,4
GB1-2010,83,England,23,Adam Johnson,Manchester City,31,4
GB1-2010,84,England,30,Leon Osman,Everton FC,26,4
GB1-2010,85,Wales,31,Simon Davies,Fulham FC,30,4
GB1-2010,86,Australia,32,Brett Emerton,Blackburn Rovers,30,4
GB1-2010,87,Scotland,24,James Morrison,West Bromwich Albion,31,4
GB1-2010,88,Jamaica,31,Ricardo Fuller,Stoke City,28,4
GB1-2010,89,England,26,Kieran Richardson,Sunderland AFC,26,4
GB1-2010,90,England,23,Mark Noble,West Ham United,26,4
GB1-2010,91,Uruguay,24,Luis Suárez,Liverpool FC,13,4
GB1-2010,92,Ireland,22,Séamus Coleman,Everton FC,34,4
GB1-2010,93,Cameroon,23,Alex Song,Arsenal FC,31,4
GB1-2010,94,England,21,Tom Cleverley,Wigan Athletic,25,4
GB1-2010,95,Ireland,32,Damien Duff,Fulham FC,24,4
GB1-2010,96,England,28,Jermain Defoe,Tottenham Hotspur,22,4
GB1-2010,97,Austria,31,Paul Scharner,West Bromwich Albion,33,4
GB1-2010,98,England,34,Lee Bowyer,Birmingham City,29,4
GB1-2010,99,Croatia,31,Ivan Klasnic,Bolton Wanderers,22,4
GB1-2010,100,England,26,Liam Ridgewell,Birmingham City,36,4
GB1-2010,101,Congo,27,Christopher Samba,Blackburn Rovers,33,4
GB1-2010,102,Spain,23,Cesc Fàbregas,Arsenal FC,25,3
GB1-2010,103,England,24,Cameron Jerome,Birmingham City,34,3
GB1-2010,104,England,28,Jerome Thomas,West Bromwich Albion,33,3
GB1-2010,105,"Korea, South",22,Chung-yong Lee,Bolton Wanderers,31,3
GB1-2010,106,England,28,Jermaine Pennant,Stoke City,29,3
GB1-2010,107,Argentina,27,Jonás Gutiérrez,Newcastle United,37,3
GB1-2010,108,Bulgaria,32,Martin Petrov,Bolton Wanderers,28,3
GB1-2010,109,Spain,29,Mikel Arteta,Everton FC,29,3
GB1-2010,110,Nigeria,24,Victor Obinna,West Ham United,25,3
GB1-2010,111,England,20,Jordan Henderson,Sunderland AFC,37,3
GB1-2010,112,England,24,Aaron Lennon,Tottenham Hotspur,34,3
GB1-2010,113,Ghana,28,Michael Essien,Chelsea FC,33,3
GB1-2010,114,New Zealand,33,Ryan Nelsen,Blackburn Rovers,28,3
GB1-2010,115,England,30,Andy Johnson,Fulham FC,27,3
GB1-2010,116,Belgium,23,Mousa Dembélé,Fulham FC,24,3
GB1-2010,117,Scotland,25,Phil Bardsley,Sunderland AFC,34,3
GB1-2010,118,Senegal,23,Mame Diouf,Blackburn Rovers,26,3
GB1-2010,119,England,28,Joleon Lescott,Manchester City,22,3
GB1-2010,120,Ireland,29,Stephen Hunt,Wolverhampton Wanderers,20,3
GB1-2010,121,Benin,26,Stéphane Sessègnon,Sunderland AFC,14,3
GB1-2010,122,England,30,John Terry,Chelsea FC,33,3
GB1-2010,123,Croatia,25,Luka Modrić,Tottenham Hotspur,32,3
GB1-2010,124,England,25,Ben Watson,Wigan Athletic,29,3
GB1-2010,125,England,24,Gabriel Agbonlahor,Aston Villa,26,3
GB1-2010,126,Ireland,20,James McCarthy,Wigan Athletic,24,3
GB1-2010,127,England,33,Emile Heskey,Aston Villa,19,3
GB1-2010,128,England,25,Steven Taylor,Newcastle United,14,3
GB1-2010,129,England,24,Jamie O'Hara,Wolverhampton Wanderers,14,3
GB1-2010,130,Mexico,22,Carlos Vela,for 2 clubs,12,3
GB1-2010,131,England,25,Gary Cahill,Bolton Wanderers,36,3
GB1-2010,132,Wales,27,James Collins,Aston Villa,32,3
GB1-2010,133,Ireland,21,Ciaran Clark,Aston Villa,19,3
GB1-2010,134,Zimbabwe,32,Benjani,Blackburn Rovers,18,3
GB1-2010,135,England,24,Jason Puncheon,Blackpool FC,11,3
GB1-2010,136,Wales,37,Ryan Giggs,Manchester United,25,2
GB1-2010,137,Scotland,27,Darren Fletcher,Manchester United,26,2
GB1-2010,138,England,29,Matthew Taylor,Bolton Wanderers,35,2
GB1-2010,139,Serbia,28,Nenad Milijas,Wolverhampton Wanderers,23,2
GB1-2010,140,Germany,29,Thomas Hitzlsperger,West Ham United,11,2
GB1-2010,141,England,30,Gareth Barry,Manchester City,33,2
GB1-2010,142,Netherlands,34,Boudewijn Zenden,Sunderland AFC,27,2
GB1-2010,143,Scotland,20,Matt Phillips,Blackpool FC,27,2
GB1-2010,144,France,25,Abou Diaby,Arsenal FC,16,2
GB1-2010,145,England,28,Roger Johnson,Birmingham City,38,2
GB1-2010,146,Wales,28,David Vaughan,Blackpool FC,35,2
GB1-2010,147,Ireland,26,Kevin Foley,Wolverhampton Wanderers,33,2
GB1-2010,148,England,26,Glen Johnson,Liverpool FC,28,2
GB1-2010,149,Nigeria,28,Dickson Etuhu,Fulham FC,28,2
GB1-2010,150,South Africa,29,Steven Pienaar,for 2 clubs,26,2
GB1-2010,151,Russia,26,Diniyar Bilyaletdinov,Everton FC,26,2
GB1-2010,152,Argentina,26,Pablo Zabaleta,Manchester City,26,2
GB1-2010,153,United States,25,Stuart Holden,Bolton Wanderers,26,2
GB1-2010,154,England,24,Tom Huddlestone,Tottenham Hotspur,14,2
GB1-2010,155,Slovakia,26,Martin Skrtel,Liverpool FC,38,2
GB1-2010,156,Ireland,34,Rory Delap,Stoke City,37,2
GB1-2010,157,Northern Ireland,29,Chris Baird,Fulham FC,29,2
GB1-2010,158,Sweden,23,Martin Olsson,Blackburn Rovers,29,2
GB1-2010,159,Cameroon,25,George Elokobi,Wolverhampton Wanderers,28,2
GB1-2010,160,England,31,David Dunn,Blackburn Rovers,27,2
GB1-2010,161,French Guiana,29,Marc-Antoine Fortuné,West Bromwich Albion,25,2
GB1-2010,162,France,22,David N'Gog,Liverpool FC,25,2
GB1-2010,163,Scotland,26,Alan Hutton,Tottenham Hotspur,21,2
GB1-2010,164,England,29,Joe Cole,Liverpool FC,20,2
GB1-2010,165,England,23,Scott Dann,Birmingham City,20,2
GB1-2010,166,Denmark,23,Nicklas Bendtner,Arsenal FC,17,2
GB1-2010,167,Ireland,30,Robbie Keane,for 2 clubs,16,2
GB1-2010,168,Greece,31,Sotiris Kyrgiakos,Liverpool FC,16,2
GB1-2010,169,England,28,Steve Sidwell,for 2 clubs,16,2
GB1-2010,170,France,34,Patrick Vieira,Manchester City,15,2
GB1-2010,171,Bosnia-Herzegovina,25,Edin Dzeko,Manchester City,15,2
GB1-2010,172,France,33,Sylvain Distin,Everton FC,38,2
GB1-2010,173,England,29,Dean Whitehead,Stoke City,37,2
GB1-2010,174,Argentina,29,Fabricio Coloccini,Newcastle United,35,2
GB1-2010,175,France,25,Laurent Koscielny,Arsenal FC,30,2
GB1-2010,176,Brazil,24,Ramires,Chelsea FC,29,2
GB1-2010,177,England,25,Alex Baptiste,Blackpool FC,21,2
GB1-2010,178,Chile,26,Jean Beausejour,Birmingham City,17,2
GB1-2010,179,Brazil,28,Alex,Chelsea FC,15,2
GB1-2010,180,Croatia,26,Niko Kranjcar,Tottenham Hotspur,13,2
GB1-2010,181,Brazil,24,David Luiz,Chelsea FC,12,2
GB1-2010,182,England,31,Michael Owen,Manchester United,11,2
GB1-2010,183,Gibraltar,32,Danny Higginbotham,Stoke City,10,2
GB1-2010,184,Senegal,30,Diomansy Kamara,Fulham FC,10,2
GB1-2010,185,Switzerland,25,Valon Behrami,West Ham United,7,2
GB1-2010,186,Ireland,30,Steven Reid,West Bromwich Albion,23,1
GB1-2010,187,England,25,James Milner,for 2 clubs,33,1
GB1-2010,188,England,36,Paul Scholes,Manchester United,22,1
GB1-2010,189,England,29,Ian Evatt,Blackpool FC,38,1
GB1-2010,190,England,19,Jack Wilshere,Arsenal FC,35,1
GB1-2010,191,France,28,Bacary Sagna,Arsenal FC,33,1
GB1-2010,192,Argentina,22,Franco Di Santo,Wigan Athletic,25,1
GB1-2010,193,Sweden,28,Jonas Olsson,West Bromwich Albion,24,1
GB1-2010,194,England,23,Mark Davies,Bolton Wanderers,24,1
GB1-2010,195,France,23,Elliot Grandin,Blackpool FC,23,1
GB1-2010,196,Nigeria,20,Victor Moses,Wigan Athletic,21,1
GB1-2010,197,England,20,Kyle Walker,for 2 clubs,16,1
GB1-2010,198,France,30,Patrice Evra,Manchester United,35,1
GB1-2010,199,Ireland,25,Stephen Ward,Wolverhampton Wanderers,34,1
GB1-2010,200,Bulgaria,31,Stiliyan Petrov,Aston Villa,27,1
GB1-2010,201,Belgium,23,Marouane Fellaini,Everton FC,20,1
GB1-2010,202,Belarus,30,Aleksandr Hleb,Birmingham City,19,1
GB1-2010,203,Brazil,23,Anderson,Manchester United,18,1
GB1-2010,204,Türkiye,29,Tuncay Şanlı,Stoke City,14,1
GB1-2010,205,Ecuador,25,Antonio Valencia,Manchester United,10,1
GB1-2010,206,Northern Ireland,31,Aaron Hughes,Fulham FC,38,1
GB1-2010,207,England,23,Fabrice Muamba,Bolton Wanderers,36,1
GB1-2010,208,Senegal,23,Mohamed Diamé,Wigan Athletic,36,1
GB1-2010,209,Honduras,28,Maynor Figueroa,Wigan Athletic,33,1
GB1-2010,210,Netherlands,26,Nigel de Jong,Manchester City,32,1
GB1-2010,211,England,34,Phil Neville,Everton FC,31,1
GB1-2010,212,England,24,Nedum Onuoha,Sunderland AFC,31,1
GB1-2010,213,Chile,25,Gonzalo Jara,West Bromwich Albion,29,1
GB1-2010,214,Ireland,23,Marc Wilson,Stoke City,28,1
GB1-2010,215,Hungary,32,Zoltán Gera,Fulham FC,27,1
GB1-2010,216,Cote d'Ivoire,30,Steve Gohouri,Wigan Athletic,27,1
GB1-2010,217,Cote d'Ivoire,24,Cheik Tioté,Newcastle United,26,1
GB1-2010,218,Ireland,28,Keith Fahey,Birmingham City,24,1
GB1-2010,219,England,31,Luke Young,Aston Villa,23,1
GB1-2010,220,France,25,Younès Kaboul,Tottenham Hotspur,21,1
GB1-2010,221,Scotland,23,Graham Dorrans,West Bromwich Albion,21,1
GB1-2010,222,Norway,31,John Carew,for 2 clubs,20,1
GB1-2010,223,England,34,Brett Ormerod,Blackpool FC,19,1
GB1-2010,224,Ireland,24,Simon Cox,West Bromwich Albion,19,1
GB1-2010,225,England,22,James Tomkins,West Ham United,19,1
GB1-2010,226,England,22,Micah Richards,Manchester City,18,1
GB1-2010,227,Spain,20,Rodrigo,Bolton Wanderers,17,1
GB1-2010,228,England,37,Kevin Phillips,Birmingham City,14,1
GB1-2010,229,Nigeria,28,Yakubu,Everton FC,14,1
GB1-2010,230,United States,25,Jonathan Spector,West Ham United,14,1
GB1-2010,231,Algeria,25,Adlène Guédioura,Wolverhampton Wanderers,10,1
GB1-2010,232,Belgium,27,Jelle Van Damme,Wolverhampton Wanderers,6,1
GB1-2010,233,England,21,Junior Stanislas,West Ham United,6,1
GB1-2010,234,England,23,Ryan Shawcross,Stoke City,36,1
GB1-2010,235,England,31,Zat Knight,Bolton Wanderers,34,1
GB1-2010,236,Paraguay,28,Antolín Alcaraz,Wigan Athletic,34,1
GB1-2010,237,England,28,Phil Jagielka,Everton FC,33,1
GB1-2010,238,Wales,22,Neal Eardley,Blackpool FC,31,1
GB1-2010,239,Northern Ireland,22,Craig Cathcart,Blackpool FC,30,1
GB1-2010,240,France,29,Gaël Givet,Blackburn Rovers,29,1
GB1-2010,241,Netherlands,27,John Heitinga,Everton FC,27,1
GB1-2010,242,Netherlands,26,Ronnie Stam,Wigan Athletic,25,1
GB1-2010,243,England,27,Michael Dawson,Tottenham Hotspur,24,1
GB1-2010,244,Serbia,25,Aleksandar Kolarov,Manchester City,24,1
GB1-2010,245,Iceland,29,Grétar Steinsson,Bolton Wanderers,23,1
GB1-2010,246,Cote d'Ivoire,29,Kolo Touré,Manchester City,22,1
GB1-2010,247,France,30,Sébastien Squillaci,Arsenal FC,22,1
GB1-2010,248,Switzerland,24,Johan Djourou,Arsenal FC,22,1
GB1-2010,249,France,22,Steven Nzonzi,Blackburn Rovers,21,1
GB1-2010,250,Brazil,22,Sandro,Tottenham Hotspur,19,1
GB1-2010,251,Morocco,25,Manuel da Costa,West Ham United,16,1
GB1-2010,252,England,35,Jody Craddock,Wolverhampton Wanderers,15,1
GB1-2010,253,Guadeloupe,25,Ronald Zubar,Wolverhampton Wanderers,15,1
GB1-2010,254,Wales,25,David Edwards,Wolverhampton Wanderers,15,1
GB1-2010,255,Senegal,33,Abdoulaye Faye,Stoke City,14,1
GB1-2010,256,Cote d'Ivoire,27,Emmanuel Eboué,Arsenal FC,13,1
GB1-2010,257,Spain,25,Jordi Gómez,Wigan Athletic,13,1
GB1-2010,258,England,26,David Jones,Wolverhampton Wanderers,12,1
GB1-2010,259,Cameroon,24,Sébastien Bassong,Tottenham Hotspur,12,1
GB1-2010,260,Paraguay,28,Cristian Riveros,Sunderland AFC,12,1
GB1-2010,261,DR Congo,19,Gaël Kakuta,for 2 clubs,12,1
GB1-2010,262,Brazil,20,Fábio,Manchester United,11,1
GB1-2010,263,England,20,Nathan Delfouneso,Aston Villa,11,1
GB1-2010,264,England,21,Freddie Sears,West Ham United,11,1
GB1-2010,265,Spain,29,Pablo Ibáñez,West Bromwich Albion,10,1
GB1-2010,266,Netherlands,24,Ryan Babel,Liverpool FC,9,1
GB1-2010,267,Togo,26,Emmanuel Adebayor,Manchester City,8,1
GB1-2010,268,Israel,27,Tamir Cohen,Bolton Wanderers,8,1
GB1-2010,269,England,35,Robbie Blake,Bolton Wanderers,7,1
GB1-2010,270,Israel,31,Yossi Benayoun,Chelsea FC,7,1
GB1-2010,271,Wales,20,Aaron Ramsey,Arsenal FC,7,1
GB1-2010,272,Italy,19,Federico Macheda,Manchester United,7,1
GB1-2010,273,Ireland,24,Conor Sammon,Wigan Athletic,7,1
GB1-2010,274,Scotland,19,Grant Hanley,Blackburn Rovers,7,1
GB1-2010,275,France,23,Hatem Ben Arfa,Newcastle United,4,1
GB1-2011,1,Netherlands,28,Robin van Persie,Arsenal FC,38,30
GB1-2011,2,England,26,Wayne Rooney,Manchester United,34,27
GB1-2011,3,Argentina,23,Sergio Agüero,Manchester City,34,23
GB1-2011,4,Togo,28,Emmanuel Adebayor,Tottenham Hotspur,33,17
GB1-2011,5,United States,29,Clint Dempsey,Fulham FC,37,17
GB1-2011,6,Nigeria,29,Yakubu,Blackburn Rovers,30,17
GB1-2011,7,Senegal,26,Demba Ba,Newcastle United,34,16
GB1-2011,8,England,31,Grant Holt,Norwich City,36,15
GB1-2011,9,Bosnia-Herzegovina,26,Edin Dzeko,Manchester City,30,14
GB1-2011,10,Senegal,26,Papiss Demba Cissé,Newcastle United,14,13
GB1-2011,11,Italy,21,Mario Balotelli,Manchester City,23,13
GB1-2011,12,England,26,Danny Graham,Swansea City,36,12
GB1-2011,13,Scotland,25,Steven Fletcher,Wolverhampton Wanderers,32,12
GB1-2011,14,Netherlands,29,Rafael van der Vaart,Tottenham Hotspur,33,11
GB1-2011,15,England,33,Frank Lampard,Chelsea FC,30,11
GB1-2011,16,Uruguay,25,Luis Suárez,Liverpool FC,31,11
GB1-2011,17,England,22,Daniel Sturridge,Chelsea FC,30,11
GB1-2011,18,England,29,Jermain Defoe,Tottenham Hotspur,25,11
GB1-2011,19,England,31,Peter Crouch,for 2 clubs,33,10
GB1-2011,20,Nigeria,30,Peter Odemwingie,West Bromwich Albion,30,10
GB1-2011,21,Mexico,23,Chicharito,Manchester United,28,10
GB1-2011,22,Wales,22,Gareth Bale,Tottenham Hotspur,36,9
GB1-2011,23,Wales,28,Steve Morison,Norwich City,34,9
GB1-2011,24,England,21,Danny Welbeck,Manchester United,30,9
GB1-2011,25,England,28,Darren Bent,Aston Villa,22,9
GB1-2011,26,Croatia,26,Nikica Jelavic,Everton FC,13,9
GB1-2011,27,Portugal,25,Nani,Manchester United,29,8
GB1-2011,28,England,23,Theo Walcott,Arsenal FC,35,8
GB1-2011,29,Croatia,32,Ivan Klasnic,Bolton Wanderers,29,8
GB1-2011,30,Denmark,24,Nicklas Bendtner,for 2 clubs,29,8
GB1-2011,31,England,23,Scott Sinclair,Swansea City,38,8
GB1-2011,32,England,25,Matt Jarvis,Wolverhampton Wanderers,37,8
GB1-2011,33,Iceland,34,Heidar Helguson,Queens Park Rangers,16,8
GB1-2011,34,Ireland,25,Shane Long,West Bromwich Albion,32,8
GB1-2011,35,Ireland,23,Anthony Pilkington,Norwich City,30,8
GB1-2011,36,Benin,27,Stéphane Sessègnon,Sunderland AFC,36,7
GB1-2011,37,Ireland,28,Jonathan Walters,Stoke City,38,7
GB1-2011,38,Canada,21,Junior Hoilett,Blackburn Rovers,34,7
GB1-2011,39,England,31,Bobby Zamora,for 2 clubs,29,7
GB1-2011,40,Iceland,22,Gylfi Sigurdsson,Swansea City,18,7
GB1-2011,41,Sweden,26,Sebastian Larsson,Sunderland AFC,32,7
GB1-2011,42,Spain,30,Mikel Arteta,for 2 clubs,31,7
GB1-2011,43,Scotland,26,Jamie Mackie,Queens Park Rangers,31,7
GB1-2011,44,Argentina,23,Franco Di Santo,Wigan Athletic,32,7
GB1-2011,45,Bulgaria,31,Dimitar Berbatov,Manchester United,12,7
GB1-2011,46,Spain,26,David Silva,Manchester City,36,6
GB1-2011,47,Spain,24,Juan Mata,Chelsea FC,34,6
GB1-2011,48,England,26,Ashley Young,Manchester United,25,6
GB1-2011,49,Cote d'Ivoire,29,Yaya Touré,Manchester City,32,6
GB1-2011,50,Spain,28,Fernando Torres,Chelsea FC,32,6
GB1-2011,51,England,24,Adam Johnson,Manchester City,26,6
GB1-2011,52,Wales,32,Craig Bellamy,Liverpool FC,27,6
GB1-2011,53,Nigeria,21,Victor Moses,Wigan Athletic,38,6
GB1-2011,54,England,35,Kevin Davies,Bolton Wanderers,31,6
GB1-2011,55,England,31,John Terry,Chelsea FC,31,6
GB1-2011,56,Belgium,26,Thomas Vermaelen,Arsenal FC,29,6
GB1-2011,57,Russia,28,Pavel Pogrebnyak,Fulham FC,12,6
GB1-2011,58,France,30,Djibril Cissé,Queens Park Rangers,8,6
GB1-2011,59,France,24,Samir Nasri,for 2 clubs,31,5
GB1-2011,60,France,25,Hatem Ben Arfa,Newcastle United,26,5
GB1-2011,61,England,25,Gabriel Agbonlahor,Aston Villa,33,5
GB1-2011,62,Scotland,25,James Morrison,West Bromwich Albion,30,5
GB1-2011,63,England,24,Nathan Dyer,Swansea City,34,5
GB1-2011,64,Brazil,25,Ramires,Chelsea FC,30,5
GB1-2011,65,Ireland,23,James McClean,Sunderland AFC,23,5
GB1-2011,66,England,31,Steven Gerrard,Liverpool FC,18,5
GB1-2011,67,Spain,26,Jordi Gómez,Wigan Athletic,28,5
GB1-2011,68,Cote d'Ivoire,34,Didier Drogba,Chelsea FC,24,5
GB1-2011,69,Nigeria,24,Victor Anichebe,Everton FC,12,5
GB1-2011,70,Ecuador,26,Antonio Valencia,Manchester United,27,4
GB1-2011,71,Ireland,28,Kevin Doyle,Wolverhampton Wanderers,33,4
GB1-2011,72,Ireland,29,Wes Hoolahan,Norwich City,33,4
GB1-2011,73,Bulgaria,33,Martin Petrov,Bolton Wanderers,32,4
GB1-2011,74,South Africa,30,Steven Pienaar,for 2 clubs,16,4
GB1-2011,75,France,26,Yohan Cabaye,Newcastle United,34,4
GB1-2011,76,Cote d'Ivoire,24,Gervinho,Arsenal FC,28,4
GB1-2011,77,England,26,Chris Eagles,Bolton Wanderers,34,4
GB1-2011,78,Croatia,26,Luka Modrić,Tottenham Hotspur,36,4
GB1-2011,79,England,23,Andy Carroll,Liverpool FC,35,4
GB1-2011,80,Argentina,28,Carlos Tévez,Manchester City,13,4
GB1-2011,81,Wales,22,Joe Allen,Swansea City,36,4
GB1-2011,82,England,27,Leighton Baines,Everton FC,33,4
GB1-2011,83,England,30,Leon Osman,Everton FC,30,4
GB1-2011,84,Bulgaria,32,Stiliyan Petrov,Aston Villa,27,4
GB1-2011,85,Ireland,25,Leon Best,Newcastle United,18,4
GB1-2011,86,Argentina,24,Mauro Formica,Blackburn Rovers,34,4
GB1-2011,87,France,33,Louis Saha,for 2 clubs,28,4
GB1-2011,88,England,25,Cameron Jerome,Stoke City,23,4
GB1-2011,89,Israel,32,Yossi Benayoun,for 2 clubs,20,4
GB1-2011,90,Argentina,31,Maxi Rodríguez,Liverpool FC,12,4
GB1-2011,91,England,24,Mark Davies,Bolton Wanderers,35,4
GB1-2011,92,England,25,Andrew Surman,Norwich City,25,4
GB1-2011,93,England,37,Paul Scholes,Manchester United,17,4
GB1-2011,94,England,30,Matthew Etherington,Stoke City,30,3
GB1-2011,95,Belgium,24,Marouane Fellaini,Everton FC,34,3
GB1-2011,96,Norway,30,Morten Gamst Pedersen,Blackburn Rovers,33,3
GB1-2011,97,France,23,David N'Gog,for 2 clubs,33,3
GB1-2011,98,England,26,James Milner,Manchester City,26,3
GB1-2011,99,England,25,Aaron Lennon,Tottenham Hotspur,23,3
GB1-2011,100,Netherlands,25,Royston Drenthe,Everton FC,21,3
GB1-2011,101,England,29,Joey Barton,for 2 clubs,33,3
GB1-2011,102,Scotland,25,Graham Dorrans,West Bromwich Albion,31,3
GB1-2011,103,Scotland,24,James McArthur,Wigan Athletic,31,3
GB1-2011,104,Austria,32,Paul Scharner,West Bromwich Albion,29,3
GB1-2011,105,Canada,25,Simeon Jackson,Norwich City,22,3
GB1-2011,106,England,31,Andy Johnson,Fulham FC,20,3
GB1-2011,107,Scotland,29,Shaun Maloney,Wigan Athletic,13,3
GB1-2011,108,Germany,27,Robert Huth,Stoke City,34,3
GB1-2011,109,Belgium,26,Vincent Kompany,Manchester City,31,3
GB1-2011,110,Serbia,28,Branislav Ivanovic,Chelsea FC,29,3
GB1-2011,111,Barbados,32,Emmerson Boyce,Wigan Athletic,26,3
GB1-2011,112,Wales,26,David Edwards,Wolverhampton Wanderers,26,3
GB1-2011,113,Ireland,30,Stephen Hunt,Wolverhampton Wanderers,24,3
GB1-2011,114,England,26,Ben Watson,Wigan Athletic,21,3
GB1-2011,115,England,26,Michael Kightly,Wolverhampton Wanderers,18,3
GB1-2011,116,Ireland,26,Stephen Ward,Wolverhampton Wanderers,38,3
GB1-2011,117,England,27,Nigel Reo-Coker,Bolton Wanderers,37,3
GB1-2011,118,Scotland,30,Gary Caldwell,Wigan Athletic,36,3
GB1-2011,119,England,25,Craig Gardner,Sunderland AFC,30,3
GB1-2011,120,England,26,Gary Cahill,for 2 clubs,29,3
GB1-2011,121,Senegal,24,Mohamed Diamé,Wigan Athletic,26,3
GB1-2011,122,Greece,20,Apostolos Vellios,Everton FC,13,3
GB1-2011,123,Ireland,31,Robbie Keane,Aston Villa,6,3
GB1-2011,124,Wales,38,Ryan Giggs,Manchester United,25,2
GB1-2011,125,Northern Ireland,27,Chris Brunt,West Bromwich Albion,29,2
GB1-2011,126,Scotland,26,Charlie Adam,Liverpool FC,28,2
GB1-2011,127,England,35,Danny Murphy,Fulham FC,36,2
GB1-2011,128,France,23,Steven Nzonzi,Blackburn Rovers,32,2
GB1-2011,129,England,27,Ryan Taylor,Newcastle United,31,2
GB1-2011,130,Nigeria,30,Shola Ameobi,Newcastle United,28,2
GB1-2011,131,England,25,Bradley Johnson,Norwich City,28,2
GB1-2011,132,Morocco,22,Adel Taarabt,Queens Park Rangers,27,2
GB1-2011,133,Cameroon,28,Benoît Assou-Ekotto,Tottenham Hotspur,34,2
GB1-2011,134,Wales,21,Aaron Ramsey,Arsenal FC,34,2
GB1-2011,135,Portugal,29,Raúl Meireles,for 2 clubs,30,2
GB1-2011,136,France,25,Charles N'Zogbia,Aston Villa,30,2
GB1-2011,137,Colombia,26,Hugo Rodallega,Wigan Athletic,23,2
GB1-2011,138,Serbia,26,Aleksandar Kolarov,Manchester City,12,2
GB1-2011,139,Argentina,28,Jonás Gutiérrez,Newcastle United,37,2
GB1-2011,140,England,30,Michael Carrick,Manchester United,30,2
GB1-2011,141,Ireland,33,Damien Duff,Fulham FC,28,2
GB1-2011,142,Costa Rica,26,Bryan Ruiz,Fulham FC,27,2
GB1-2011,143,France,31,Florent Malouda,Chelsea FC,26,2
GB1-2011,144,Belgium,24,Mousa Dembélé,Fulham FC,36,2
GB1-2011,145,England,30,Stephen Warnock,Aston Villa,35,2
GB1-2011,146,Australia,32,Tim Cahill,Everton FC,35,2
GB1-2011,147,England,27,Kieran Richardson,Sunderland AFC,29,2
GB1-2011,148,England,22,Marc Albrighton,Aston Villa,26,2
GB1-2011,149,England,25,David Wheater,Bolton Wanderers,24,2
GB1-2011,150,"Korea, South",20,Dong-won Ji,Sunderland AFC,19,2
GB1-2011,151,Hungary,30,Ákos Buzsáky,Queens Park Rangers,18,2
GB1-2011,152,Congo,27,Christopher Samba,Blackburn Rovers,16,2
GB1-2011,153,England,21,Jordan Henderson,Liverpool FC,37,2
GB1-2011,154,England,21,Kyle Walker,Tottenham Hotspur,37,2
GB1-2011,155,England,24,Ryan Shawcross,Stoke City,36,2
GB1-2011,156,Netherlands,31,Dirk Kuyt,Liverpool FC,34,2
GB1-2011,157,Slovakia,27,Martin Skrtel,Liverpool FC,34,2
GB1-2011,158,Sweden,29,Jonas Olsson,West Bromwich Albion,33,2
GB1-2011,159,Scotland,26,Russell Martin,Norwich City,33,2
GB1-2011,160,France,26,Laurent Koscielny,Arsenal FC,33,2
GB1-2011,161,England,29,Joleon Lescott,Manchester City,31,2
GB1-2011,162,England,29,Phil Jagielka,Everton FC,30,2
GB1-2011,163,England,32,David Dunn,Blackburn Rovers,26,2
GB1-2011,164,England,32,Luke Young,for 2 clubs,25,2
GB1-2011,165,Wales,29,David Vaughan,Sunderland AFC,22,2
GB1-2011,166,England,30,Jay Bothroyd,Queens Park Rangers,21,2
GB1-2011,167,Brazil,24,David Luiz,Chelsea FC,20,2
GB1-2011,168,England,25,Jamie O'Hara,Wolverhampton Wanderers,19,2
GB1-2011,169,"Korea, South",31,Ji-sung Park,Manchester United,17,2
GB1-2011,170,French Guiana,30,Marc-Antoine Fortuné,West Bromwich Albion,17,2
GB1-2011,171,England,27,Leroy Lita,Swansea City,16,2
GB1-2011,172,England,18,Alex Oxlade-Chamberlain,Arsenal FC,16,2
GB1-2011,173,Ireland,31,Keith Andrews,West Bromwich Albion,14,2
GB1-2011,174,England,21,Jack Rodwell,Everton FC,14,2
GB1-2011,175,Brazil,23,Anderson,Manchester United,10,2
GB1-2011,176,Northern Ireland,32,Gareth McAuley,West Bromwich Albion,32,2
GB1-2011,177,Ireland,35,Rory Delap,Stoke City,26,2
GB1-2011,178,Paraguay,29,Antolín Alcaraz,Wigan Athletic,25,2
GB1-2011,179,England,26,Luke Moore,Swansea City,20,2
GB1-2011,180,Scotland,23,David Goodwillie,Blackburn Rovers,20,2
GB1-2011,181,Spain,21,Rubén Rochina,Blackburn Rovers,18,2
GB1-2011,182,England,31,Tommy Smith,Queens Park Rangers,17,2
GB1-2011,183,Brazil,29,André Santos,Arsenal FC,15,2
GB1-2011,184,Austria,20,Andreas Weimann,Aston Villa,14,2
GB1-2011,185,Cameroon,24,Alex Song,Arsenal FC,34,1
GB1-2011,186,DR Congo,25,Youssouf Mulumbu,West Bromwich Albion,35,1
GB1-2011,187,England,23,Micah Richards,Manchester City,29,1
GB1-2011,188,Jamaica,23,Elliott Bennett,Norwich City,33,1
GB1-2011,189,Czech Republic,31,Tomas Rosicky,Arsenal FC,28,1
GB1-2011,190,England,27,Wayne Routledge,Swansea City,28,1
GB1-2011,191,England,31,Gareth Barry,Manchester City,34,1
GB1-2011,192,Northern Ireland,24,Jonny Evans,Manchester United,29,1
GB1-2011,193,Denmark,27,Daniel Agger,Liverpool FC,27,1
GB1-2011,194,Ireland,25,Stephen Ireland,Aston Villa,24,1
GB1-2011,195,England,26,Sylvan Ebanks-Blake,Wolverhampton Wanderers,23,1
GB1-2011,196,France,23,Gabriel Obertan,Newcastle United,23,1
GB1-2011,197,Russia,30,Andrey Arshavin,Arsenal FC,19,1
GB1-2011,198,England,20,Phil Jones,Manchester United,29,1
GB1-2011,199,Portugal,29,Bosingwa,Chelsea FC,27,1
GB1-2011,200,Scotland,22,Barry Bannan,Aston Villa,27,1
GB1-2011,201,Ireland,30,Steven Reid,West Bromwich Albion,22,1
GB1-2011,202,France,29,Bacary Sagna,Arsenal FC,21,1
GB1-2011,203,Senegal,21,Magaye Gueye,Everton FC,17,1
GB1-2011,204,Nigeria,27,Taye Taiwo,Queens Park Rangers,15,1
GB1-2011,205,Ireland,22,Ciaran Clark,Aston Villa,15,1
GB1-2011,206,Ireland,24,Darron Gibson,for 2 clubs,12,1
GB1-2011,207,Mali,30,Mahamadou Diarra,Fulham FC,11,1
GB1-2011,208,England,32,Aaron Wilbraham,Norwich City,11,1
GB1-2011,209,England,22,Jack Colback,Sunderland AFC,34,1
GB1-2011,210,Ireland,28,Glenn Whelan,Stoke City,30,1
GB1-2011,211,England,29,Jerome Thomas,West Bromwich Albion,29,1
GB1-2011,212,England,25,Scott Dann,Blackburn Rovers,27,1
GB1-2011,213,England,23,Ryan Shotton,Stoke City,23,1
GB1-2011,214,Switzerland,27,Philippe Senderos,Fulham FC,21,1
GB1-2011,215,Argentina,24,Denis Stracqualursi,Everton FC,21,1
GB1-2011,216,Wales,30,Sam Ricketts,Bolton Wanderers,20,1
GB1-2011,217,England,23,Fabrice Muamba,Bolton Wanderers,20,1
GB1-2011,218,Egypt,24,Ahmed El Mohamady,Sunderland AFC,18,1
GB1-2011,219,England,26,Leon Barnett,Norwich City,17,1
GB1-2011,220,England,29,Steve Sidwell,Fulham FC,14,1
GB1-2011,221,England,27,Liam Ridgewell,West Bromwich Albion,13,1
GB1-2011,222,Cote d'Ivoire,26,Salomon Kalou,Chelsea FC,12,1
GB1-2011,223,Croatia,27,Niko Kranjcar,Tottenham Hotspur,12,1
GB1-2011,224,England,24,Fraizer Campbell,Sunderland AFC,12,1
GB1-2011,225,England,23,Jonathan Howson,Norwich City,11,1
GB1-2011,226,United States,23,Eric Lichaj,Aston Villa,10,1
GB1-2011,227,France,32,Nicolas Anelka,Chelsea FC,9,1
GB1-2011,228,Scotland,27,Darren Fletcher,Manchester United,8,1
GB1-2011,229,Montenegro,26,Simon Vukcevic,Blackburn Rovers,7,1
GB1-2011,230,Italy,27,Andrea Orlandi,Swansea City,3,1
GB1-2011,231,United States,33,Tim Howard,Everton FC,38,1
GB1-2011,232,Wales,27,Ashley Williams,Swansea City,37,1
GB1-2011,233,France,26,Younès Kaboul,Tottenham Hotspur,33,1
GB1-2011,234,Wales,28,James Collins,Aston Villa,32,1
GB1-2011,235,Scotland,26,Phil Bardsley,Sunderland AFC,31,1
GB1-2011,236,Netherlands,28,John Heitinga,Everton FC,30,1
GB1-2011,237,England,34,Shaun Derry,Queens Park Rangers,29,1
GB1-2011,238,England,34,Emile Heskey,Aston Villa,28,1
GB1-2011,239,Ireland,32,Richard Dunne,Aston Villa,28,1
GB1-2011,240,England,26,Darren Pratley,Bolton Wanderers,24,1
GB1-2011,241,England,27,Glen Johnson,Liverpool FC,23,1
GB1-2011,242,Iceland,30,Grétar Steinsson,Bolton Wanderers,23,1
GB1-2011,243,Scotland,20,Grant Hanley,Blackburn Rovers,23,1
GB1-2011,244,Argentina,27,Pablo Zabaleta,Manchester City,21,1
GB1-2011,245,Trinidad and Tobago,27,Kenwyne Jones,Stoke City,21,1
GB1-2011,246,England,32,Wes Brown,Sunderland AFC,20,1
GB1-2011,247,Argentina,25,Alejandro Faurlín,Queens Park Rangers,20,1
GB1-2011,248,Australia,23,Chris Herd,Aston Villa,19,1
GB1-2011,249,England,22,Chris Smalling,Manchester United,19,1
GB1-2011,250,Cameroon,29,Somen Tchoyi,West Bromwich Albion,18,1
GB1-2011,251,England,24,Danny Guthrie,Newcastle United,16,1
GB1-2011,252,England,22,Kieran Gibbs,Arsenal FC,16,1
GB1-2011,253,England,19,Connor Wickham,Sunderland AFC,16,1
GB1-2011,254,Guadeloupe,26,Ronald Zubar,Wolverhampton Wanderers,15,1
GB1-2011,255,Spain,30,Albert Crusat,Wigan Athletic,15,1
GB1-2011,256,England,33,Matthew Upson,Stoke City,14,1
GB1-2011,257,Belgium,21,Dedryck Boyata,Bolton Wanderers,14,1
GB1-2011,258,England,20,Jonjo Shelvey,Liverpool FC,13,1
GB1-2011,259,England,22,Dan Gosling,Newcastle United,12,1
GB1-2011,260,Morocco,28,Marouane Chamakh,Arsenal FC,11,1
GB1-2011,261,England,30,DJ Campbell,Queens Park Rangers,11,1
GB1-2011,262,Montenegro,21,Stefan Savic,Manchester City,11,1
GB1-2011,263,Mali,23,Samba Diakité,Queens Park Rangers,9,1
GB1-2011,264,England,30,Titus Bramble,Sunderland AFC,8,1
GB1-2011,265,Portugal,23,Orlando Sá,Fulham FC,7,1
GB1-2011,266,Uruguay,21,Sebastián Coates,Liverpool FC,7,1
GB1-2011,267,Belgium,23,Ritchie De Laet,Norwich City,6,1
GB1-2011,268,Russia,30,Roman Pavlyuchenko,Tottenham Hotspur,5,1
GB1-2011,269,Spain,21,Marcos Alonso,Bolton Wanderers,5,1
GB1-2011,270,France,34,Thierry Henry,Arsenal FC,4,1
GB1-2012,1,Netherlands,29,Robin van Persie,Manchester United,38,26
GB1-2012,2,Uruguay,26,Luis Suárez,Liverpool FC,33,23
GB1-2012,3,Wales,23,Gareth Bale,Tottenham Hotspur,33,21
GB1-2012,4,Belgium,22,Christian Benteke,Aston Villa,34,19
GB1-2012,5,Spain,27,Michu,Swansea City,35,18
GB1-2012,6,Belgium,20,Romelu Lukaku,West Bromwich Albion,35,17
GB1-2012,7,England,31,Rickie Lambert,Southampton FC,38,15
GB1-2012,8,Bulgaria,32,Dimitar Berbatov,for 2 clubs,33,15
GB1-2012,9,Senegal,27,Demba Ba,for 2 clubs,34,15
GB1-2012,10,England,34,Frank Lampard,Chelsea FC,29,15
GB1-2012,11,England,24,Theo Walcott,Arsenal FC,32,14
GB1-2012,12,Bosnia-Herzegovina,27,Edin Dzeko,Manchester City,32,14
GB1-2012,13,Spain,25,Juan Mata,Chelsea FC,35,12
GB1-2012,14,Spain,28,Santi Cazorla,Arsenal FC,38,12
GB1-2012,15,England,27,Wayne Rooney,Manchester United,27,12
GB1-2012,16,Argentina,24,Sergio Agüero,Manchester City,30,12
GB1-2012,17,England,26,Adam Le Fondre,Reading FC,34,12
GB1-2012,18,Argentina,29,Carlos Tévez,Manchester City,34,11
GB1-2012,19,Germany,27,Lukas Podolski,Arsenal FC,33,11
GB1-2012,20,Cote d'Ivoire,29,Arouna Koné,Wigan Athletic,34,11
GB1-2012,21,Belgium,25,Marouane Fellaini,Everton FC,31,11
GB1-2012,22,England,30,Jermain Defoe,Tottenham Hotspur,34,11
GB1-2012,23,France,26,Olivier Giroud,Arsenal FC,34,11
GB1-2012,24,England,23,Daniel Sturridge,for 2 clubs,21,11
GB1-2012,25,Scotland,25,Steven Fletcher,Sunderland AFC,28,11
GB1-2012,26,England,32,Steven Gerrard,Liverpool FC,36,10
GB1-2012,27,Mexico,24,Chicharito,Manchester United,22,10
GB1-2012,28,England,30,Kevin Nolan,West Ham United,35,10
GB1-2012,29,Belgium,22,Eden Hazard,Chelsea FC,34,9
GB1-2012,30,England,26,Gabriel Agbonlahor,Aston Villa,28,9
GB1-2012,31,Spain,29,Fernando Torres,Chelsea FC,36,8
GB1-2012,32,Ireland,26,Shane Long,West Bromwich Albion,34,8
GB1-2012,33,England,32,Grant Holt,Norwich City,34,8
GB1-2012,34,Ireland,29,Jonathan Walters,Stoke City,38,8
GB1-2012,35,Senegal,27,Papiss Demba Cissé,Newcastle United,36,8
GB1-2012,36,Cote d'Ivoire,30,Yaya Touré,Manchester City,32,7
GB1-2012,37,Benin,28,Stéphane Sessègnon,Sunderland AFC,35,7
GB1-2012,38,England,32,Peter Crouch,Stoke City,34,7
GB1-2012,39,United States,30,Clint Dempsey,Tottenham Hotspur,29,7
GB1-2012,40,England,24,Andy Carroll,for 2 clubs,26,7
GB1-2012,41,Austria,21,Andreas Weimann,Aston Villa,30,7
GB1-2012,42,Croatia,27,Nikica Jelavic,Everton FC,37,7
GB1-2012,43,Wales,23,Hal Robson-Kanu,Reading FC,25,7
GB1-2012,44,Scotland,30,Shaun Maloney,Wigan Athletic,36,6
GB1-2012,45,Scotland,25,Robert Snodgrass,Norwich City,37,6
GB1-2012,46,South Africa,31,Steven Pienaar,Everton FC,35,6
GB1-2012,47,England,23,Jay Rodríguez,Southampton FC,35,6
GB1-2012,48,Belgium,25,Kevin Mirallas,Everton FC,27,6
GB1-2012,49,Nigeria,25,Victor Anichebe,Everton FC,26,6
GB1-2012,50,Spain,31,Mikel Arteta,Arsenal FC,34,6
GB1-2012,51,Japan,24,Shinji Kagawa,Manchester United,20,6
GB1-2012,52,England,26,Craig Gardner,Sunderland AFC,33,6
GB1-2012,53,France,27,Yohan Cabaye,Newcastle United,26,6
GB1-2012,54,England,26,Jason Puncheon,Southampton FC,32,6
GB1-2012,55,France,26,Loïc Rémy,Queens Park Rangers,14,6
GB1-2012,56,England,25,Adam Johnson,Sunderland AFC,35,5
GB1-2012,57,Costa Rica,27,Bryan Ruiz,Fulham FC,29,5
GB1-2012,58,Netherlands,25,Jonathan de Guzmán,Swansea City,37,5
GB1-2012,59,England,28,Wayne Routledge,Swansea City,36,5
GB1-2012,60,England,28,Leighton Baines,Everton FC,38,5
GB1-2012,61,Scotland,26,James Morrison,West Bromwich Albion,35,5
GB1-2012,62,Morocco,23,Adel Taarabt,Queens Park Rangers,31,5
GB1-2012,63,England,22,Jordan Henderson,Liverpool FC,30,5
GB1-2012,64,Argentina,24,Franco Di Santo,Wigan Athletic,35,5
GB1-2012,65,Belgium,26,Jan Vertonghen,Tottenham Hotspur,34,5
GB1-2012,66,Ireland,24,Anthony Pilkington,Norwich City,30,5
GB1-2012,67,Uruguay,22,Gastón Ramírez,Southampton FC,26,5
GB1-2012,68,Nigeria,31,Peter Odemwingie,West Bromwich Albion,25,5
GB1-2012,69,Cote d'Ivoire,25,Gervinho,Arsenal FC,18,5
GB1-2012,70,England,31,Leon Osman,Everton FC,36,5
GB1-2012,71,Brazil,26,Ramires,Chelsea FC,35,5
GB1-2012,72,Serbia,29,Branislav Ivanovic,Chelsea FC,34,5
GB1-2012,73,Togo,29,Emmanuel Adebayor,Tottenham Hotspur,25,5
GB1-2012,74,Croatia,32,Mladen Petric,Fulham FC,23,5
GB1-2012,75,Mali,29,Jimmy Kébé,Reading FC,18,5
GB1-2012,76,France,23,Morgan Schneiderlin,Southampton FC,36,5
GB1-2012,77,Russia,29,Pavel Pogrebnyak,Reading FC,29,5
GB1-2012,78,Spain,27,David Silva,Manchester City,32,4
GB1-2012,79,England,26,Aaron Lennon,Tottenham Hotspur,34,4
GB1-2012,80,France,32,Patrice Evra,Manchester United,34,4
GB1-2012,81,Brazil,21,Oscar,Chelsea FC,34,4
GB1-2012,82,England,26,Mark Noble,West Ham United,28,4
GB1-2012,83,England,27,James Milner,Manchester City,26,4
GB1-2012,84,Sweden,21,Alexander Kacaniklic,Fulham FC,20,4
GB1-2012,85,England,30,Steve Sidwell,Fulham FC,28,4
GB1-2012,86,France,26,Hatem Ben Arfa,Newcastle United,19,4
GB1-2012,87,Scotland,26,Steven Naismith,Everton FC,31,4
GB1-2012,88,England,32,Bobby Zamora,Queens Park Rangers,21,4
GB1-2012,89,Hungary,33,Zoltán Gera,West Bromwich Albion,16,4
GB1-2012,90,Barbados,33,Emmerson Boyce,Wigan Athletic,36,4
GB1-2012,91,England,32,John Terry,Chelsea FC,14,4
GB1-2012,92,Ireland,34,Damien Duff,Fulham FC,31,3
GB1-2012,93,Spain,28,Pablo Hernández,Swansea City,30,3
GB1-2012,94,England,25,Adam Lallana,Southampton FC,30,3
GB1-2012,95,England,28,Stewart Downing,Liverpool FC,29,3
GB1-2012,96,Brazil,20,Philippe Coutinho,Liverpool FC,13,3
GB1-2012,97,Iceland,23,Gylfi Sigurdsson,Tottenham Hotspur,33,3
GB1-2012,98,Portugal,26,Ricardo Vaz Tê,West Ham United,24,3
GB1-2012,99,England,25,Nathan Dyer,Swansea City,37,3
GB1-2012,100,Northern Ireland,33,Gareth McAuley,West Bromwich Albion,36,3
GB1-2012,101,Ireland,30,Wes Hoolahan,Norwich City,33,3
GB1-2012,102,Brazil,22,Rafael,Manchester United,28,3
GB1-2012,103,Scotland,27,Charlie Adam,for 2 clubs,27,3
GB1-2012,104,England,26,Cameron Jerome,Stoke City,26,3
GB1-2012,105,Ireland,22,James McCarthy,Wigan Athletic,38,3
GB1-2012,106,Cameroon,26,Sébastien Bassong,Norwich City,34,3
GB1-2012,107,Scotland,25,James McArthur,Wigan Athletic,34,3
GB1-2012,108,England,27,Danny Graham,for 2 clubs,31,3
GB1-2012,109,Jamaica,26,Garath McCleary,Reading FC,31,3
GB1-2012,110,Colombia,27,Hugo Rodallega,Fulham FC,29,3
GB1-2012,111,Trinidad and Tobago,28,Kenwyne Jones,Stoke City,26,3
GB1-2012,112,England,27,Luke Moore,Swansea City,16,3
GB1-2012,113,France,26,Yoan Gouffran,Newcastle United,15,3
GB1-2012,114,France,23,Moussa Sissoko,Newcastle United,12,3
GB1-2012,115,Spain,30,Ángel Rangel,Swansea City,33,3
GB1-2012,116,Spain,27,Jordi Gómez,Wigan Athletic,32,3
GB1-2012,117,Northern Ireland,25,Jonny Evans,Manchester United,23,3
GB1-2012,118,England,27,Michael Kightly,Stoke City,22,3
GB1-2012,119,England,29,Darren Bent,Aston Villa,16,3
GB1-2012,120,Denmark,28,Daniel Agger,Liverpool FC,35,3
GB1-2012,121,Germany,28,Per Mertesacker,Arsenal FC,34,3
GB1-2012,122,Senegal,25,Mohamed Diamé,West Ham United,33,3
GB1-2012,123,Scotland,27,Russell Martin,Norwich City,31,3
GB1-2012,124,England,29,Michael Turner,Norwich City,26,3
GB1-2012,125,France,31,Djibril Cissé,Queens Park Rangers,18,3
GB1-2012,126,England,31,Joe Cole,for 2 clubs,17,3
GB1-2012,127,France,25,Samir Nasri,Manchester City,28,2
GB1-2012,128,Ireland,27,Joey O'Brien,West Ham United,33,2
GB1-2012,129,Spain,27,José Enrique,Liverpool FC,29,2
GB1-2012,130,France,26,Charles N'Zogbia,Aston Villa,21,2
GB1-2012,131,England,23,Matthew Lowton,Aston Villa,37,2
GB1-2012,132,Ireland,24,James McClean,Sunderland AFC,36,2
GB1-2012,133,Northern Ireland,28,Chris Brunt,West Bromwich Albion,31,2
GB1-2012,134,Wales,39,Ryan Giggs,Manchester United,22,2
GB1-2012,135,Argentina,28,Pablo Zabaleta,Manchester City,30,2
GB1-2012,136,Brazil,26,David Luiz,Chelsea FC,30,2
GB1-2012,137,DR Congo,26,Youssouf Mulumbu,West Bromwich Albion,28,2
GB1-2012,138,England,27,Gary Cahill,Chelsea FC,26,2
GB1-2012,139,England,18,Raheem Sterling,Liverpool FC,24,2
GB1-2012,140,England,23,Tom Cleverley,Manchester United,22,2
GB1-2012,141,French Guiana,31,Marc-Antoine Fortuné,West Bromwich Albion,21,2
GB1-2012,142,Mali,25,Modibo Maïga,West Ham United,17,2
GB1-2012,143,England,21,Andros Townsend,for 2 clubs,17,2
GB1-2012,144,England,30,Phil Jagielka,Everton FC,36,2
GB1-2012,145,Ireland,32,John O'Shea,Sunderland AFC,34,2
GB1-2012,146,Northern Ireland,28,Steven Davis,Southampton FC,32,2
GB1-2012,147,England,24,Jonathan Howson,Norwich City,30,2
GB1-2012,148,England,29,Carlton Cole,West Ham United,27,2
GB1-2012,149,Portugal,29,José Fonte,Southampton FC,27,2
GB1-2012,150,France,27,Laurent Koscielny,Arsenal FC,25,2
GB1-2012,151,Sierra Leone,21,Steven Caulker,Tottenham Hotspur,18,2
GB1-2012,152,Czech Republic,32,Tomas Rosicky,Arsenal FC,10,2
GB1-2012,153,Netherlands,24,Alexander Büttner,Manchester United,5,2
GB1-2012,154,England,26,Matt Jarvis,West Ham United,32,2
GB1-2012,155,Scotland,27,Jamie Mackie,Queens Park Rangers,29,2
GB1-2012,156,Netherlands,28,Ron Vlaar,Aston Villa,27,2
GB1-2012,157,Slovakia,28,Martin Skrtel,Liverpool FC,25,2
GB1-2012,158,Ireland,30,Noel Hunt,Reading FC,24,2
GB1-2012,159,Spain,26,Javi García,Manchester City,24,2
GB1-2012,160,England,22,Callum McManaman,Wigan Athletic,20,2
GB1-2012,161,Northern Ireland,30,Chris Baird,Fulham FC,19,2
GB1-2012,162,Wales,24,Jack Collison,West Ham United,17,2
GB1-2012,163,Spain,28,Iván Ramis,Wigan Athletic,16,2
GB1-2012,164,England,22,Sean Morrison,Reading FC,16,2
GB1-2012,165,England,30,Jermaine Jenas,for 2 clubs,13,2
GB1-2012,166,England,22,Jack Rodwell,Manchester City,11,2
GB1-2012,167,Chile,28,Jean Beausejour,Wigan Athletic,34,1
GB1-2012,168,Germany,30,Sascha Riether,Fulham FC,35,1
GB1-2012,169,Ecuador,27,Antonio Valencia,Manchester United,30,1
GB1-2012,170,Sweden,27,Sebastian Larsson,Sunderland AFC,38,1
GB1-2012,171,England,31,Michael Carrick,Manchester United,36,1
GB1-2012,172,England,28,Glen Johnson,Liverpool FC,36,1
GB1-2012,173,England,22,Danny Welbeck,Manchester United,27,1
GB1-2012,174,France,27,Sylvain Marveaux,Newcastle United,22,1
GB1-2012,175,England,22,Nathaniel Clyne,Southampton FC,34,1
GB1-2012,176,Belgium,25,Mousa Dembélé,for 2 clubs,32,1
GB1-2012,177,Italy,22,Davide Santon,Newcastle United,31,1
GB1-2012,178,Australia,29,Brett Holman,Aston Villa,27,1
GB1-2012,179,Scotland,26,Graham Dorrans,West Bromwich Albion,26,1
GB1-2012,180,England,19,Alex Oxlade-Chamberlain,Arsenal FC,25,1
GB1-2012,181,England,30,Gary O'Neil,West Ham United,24,1
GB1-2012,182,Jamaica,24,Elliott Bennett,Norwich City,24,1
GB1-2012,183,Portugal,26,Nani,Manchester United,11,1
GB1-2012,184,England,25,Ryan Shawcross,Stoke City,37,1
GB1-2012,185,England,26,Bradley Johnson,Norwich City,37,1
GB1-2012,186,Wales,20,Ben Davies,Swansea City,37,1
GB1-2012,187,Wales,22,Aaron Ramsey,Arsenal FC,36,1
GB1-2012,188,Argentina,29,Jonás Gutiérrez,Newcastle United,34,1
GB1-2012,189,England,32,Ashley Cole,Chelsea FC,31,1
GB1-2012,190,England,32,Gareth Barry,Manchester City,31,1
GB1-2012,191,England,31,Matthew Taylor,West Ham United,28,1
GB1-2012,192,England,26,Billy Jones,West Bromwich Albion,27,1
GB1-2012,193,Spain,31,Carlos Cuéllar,Sunderland AFC,26,1
GB1-2012,194,Canada,22,Junior Hoilett,Queens Park Rangers,26,1
GB1-2012,195,Nigeria,31,Shola Ameobi,Newcastle United,23,1
GB1-2012,196,Ireland,25,Darron Gibson,Everton FC,23,1
GB1-2012,197,Brazil,23,Sandro,Tottenham Hotspur,22,1
GB1-2012,198,Serbia,27,Aleksandar Kolarov,Manchester City,20,1
GB1-2012,199,Honduras,26,Róger Espinoza,Wigan Athletic,12,1
GB1-2012,200,Türkiye,24,Nuri Şahin,Liverpool FC,7,1
GB1-2012,201,France,24,Steven Nzonzi,Stoke City,35,1
GB1-2012,202,Honduras,29,Maynor Figueroa,Wigan Athletic,33,1
GB1-2012,203,England,34,Rio Ferdinand,Manchester United,28,1
GB1-2012,204,England,22,Danny Rose,Sunderland AFC,27,1
GB1-2012,205,England,24,James Tomkins,West Ham United,26,1
GB1-2012,206,Scotland,31,Gary Caldwell,Wigan Athletic,25,1
GB1-2012,207,Spain,25,Esteban Granero,Queens Park Rangers,24,1
GB1-2012,208,Nigeria,22,Victor Moses,for 2 clubs,24,1
GB1-2012,209,England,26,Danny Guthrie,Reading FC,21,1
GB1-2012,210,Türkiye,24,Jem Karacan,Reading FC,21,1
GB1-2012,211,England,31,Shaun Wright-Phillips,Queens Park Rangers,20,1
GB1-2012,212,Scotland,26,Danny Fox,Southampton FC,20,1
GB1-2012,213,Brazil,25,Anderson,Manchester United,17,1
GB1-2012,214,England,38,Paul Scholes,Manchester United,16,1
GB1-2012,215,Sierra Leone,28,Kei Kamara,Norwich City,11,1
GB1-2012,216,Spain,27,Nacho Monreal,Arsenal FC,10,1
GB1-2012,217,Germany,24,Marko Marin,Chelsea FC,6,1
GB1-2012,218,New Zealand,24,Winston Reid,West Ham United,36,1
GB1-2012,219,Germany,28,Robert Huth,Stoke City,35,1
GB1-2012,220,Antigua and Barbuda,30,Mikele Leigertwood,Reading FC,30,1
GB1-2012,221,Jamaica,26,Adrian Mariappa,Reading FC,29,1
GB1-2012,222,Ireland,23,Ciaran Clark,Aston Villa,29,1
GB1-2012,223,England,29,Michael Dawson,Tottenham Hotspur,27,1
GB1-2012,224,England,27,James Perch,Newcastle United,27,1
GB1-2012,225,England,30,Joleon Lescott,Manchester City,26,1
GB1-2012,226,Belgium,27,Vincent Kompany,Manchester City,26,1
GB1-2012,227,England,31,Dean Whitehead,Stoke City,26,1
GB1-2012,228,Greece,36,Georgios Karagounis,Fulham FC,25,1
GB1-2012,229,Wales,30,David Vaughan,Sunderland AFC,24,1
GB1-2012,230,New Zealand,35,Ryan Nelsen,Queens Park Rangers,21,1
GB1-2012,231,Morocco,28,Karim El Ahmadi,Aston Villa,20,1
GB1-2012,232,France,35,William Gallas,Tottenham Hotspur,19,1
GB1-2012,233,Serbia,31,Nemanja Vidic‎,Manchester United,19,1
GB1-2012,234,England,21,Jonjo Shelvey,Liverpool FC,19,1
GB1-2012,235,Wales,29,Steve Morison,Norwich City,19,1
GB1-2012,236,Scotland,27,Phil Bardsley,Sunderland AFC,18,1
GB1-2012,237,Israel,26,Itay Shechter,Swansea City,18,1
GB1-2012,238,England,28,Kieran Richardson,for 2 clubs,15,1
GB1-2012,239,Cameroon,29,Benoît Assou-Ekotto,Tottenham Hotspur,15,1
GB1-2012,240,England,23,Ryan Bennett,Norwich City,15,1
GB1-2012,241,Netherlands,27,Dwight Tiendalli,Swansea City,14,1
GB1-2012,242,Latvia,31,Kaspars Gorkss,Reading FC,14,1
GB1-2012,243,Italy,22,Mario Balotelli,Manchester City,14,1
GB1-2012,244,Scotland,28,Steven Whittaker,Norwich City,13,1
GB1-2012,245,Netherlands,26,Urby Emanuelson,Fulham FC,13,1
GB1-2012,246,Canada,26,Simeon Jackson,Norwich City,13,1
GB1-2012,247,Italy,22,Fabio Borini,Liverpool FC,13,1
GB1-2012,248,Burundi,19,Gaël Bigirimana,Newcastle United,13,1
GB1-2012,249,England,27,Ben Watson,Wigan Athletic,12,1
GB1-2012,250,England,24,Scott Sinclair,for 2 clubs,12,1
GB1-2012,251,England,25,Fraizer Campbell,Sunderland AFC,12,1
GB1-2012,252,England,33,Michael Owen,Stoke City,8,1
GB1-2012,253,England,31,Jay Bothroyd,Queens Park Rangers,4,1
GB1-2012,254,Chile,19,Ángelo Henríquez,Wigan Athletic,4,1
GB1-2012,255,Scotland,28,Darren Fletcher,Manchester United,3,1
GB1-2012,256,England,19,Nick Powell,Manchester United,2,1
GB1-2012,257,England,33,Matthew Upson,Stoke City,1,1
GB1-2013,1,Uruguay,27,Luis Suárez,Liverpool FC,33,31
GB1-2013,2,England,24,Daniel Sturridge,Liverpool FC,29,22
GB1-2013,3,Cote d'Ivoire,30,Yaya Touré,Manchester City,35,20
GB1-2013,4,England,28,Wayne Rooney,Manchester United,29,17
GB1-2013,5,Argentina,25,Sergio Agüero,Manchester City,23,17
GB1-2013,6,Cote d'Ivoire,25,Wilfried Bony,Swansea City,34,17
GB1-2013,7,France,27,Olivier Giroud,Arsenal FC,36,16
GB1-2013,8,Bosnia-Herzegovina,28,Edin Dzeko,Manchester City,31,16
GB1-2013,9,Belgium,20,Romelu Lukaku,for 2 clubs,33,15
GB1-2013,10,England,24,Jay Rodríguez,Southampton FC,33,15
GB1-2013,11,Belgium,23,Eden Hazard,Chelsea FC,35,14
GB1-2013,12,France,27,Loïc Rémy,Newcastle United,26,14
GB1-2013,13,England,33,Steven Gerrard,Liverpool FC,34,13
GB1-2013,14,England,32,Rickie Lambert,Southampton FC,37,13
GB1-2013,15,Netherlands,30,Robin van Persie,Manchester United,21,12
GB1-2013,16,Togo,30,Emmanuel Adebayor,Tottenham Hotspur,21,11
GB1-2013,17,Wales,23,Aaron Ramsey,Arsenal FC,23,10
GB1-2013,18,Belgium,23,Christian Benteke,Aston Villa,26,10
GB1-2013,19,England,26,Adam Lallana,Southampton FC,38,9
GB1-2013,20,England,19,Raheem Sterling,Liverpool FC,33,9
GB1-2013,21,Spain,28,Álvaro Negredo,Manchester City,32,9
GB1-2013,22,Cameroon,33,Samuel Eto'o,Chelsea FC,21,9
GB1-2013,23,England,23,Danny Welbeck,Manchester United,25,9
GB1-2013,24,Belgium,26,Kevin Mirallas,Everton FC,32,8
GB1-2013,25,England,26,Adam Johnson,Sunderland AFC,36,8
GB1-2013,26,Scotland,28,Charlie Adam,Stoke City,31,8
GB1-2013,27,Brazil,22,Oscar,Chelsea FC,33,8
GB1-2013,28,Germany,23,André Schürrle,Chelsea FC,30,8
GB1-2013,29,Germany,28,Lukas Podolski,Arsenal FC,20,8
GB1-2013,30,Spain,28,David Silva,Manchester City,27,7
GB1-2013,31,Denmark,22,Christian Eriksen,Tottenham Hotspur,25,7
GB1-2013,32,France,26,Samir Nasri,Manchester City,34,7
GB1-2013,33,England,22,Jordon Mutch,Cardiff City,35,7
GB1-2013,34,England,33,Peter Crouch,Stoke City,34,7
GB1-2013,35,England,31,Kevin Nolan,West Ham United,33,7
GB1-2013,36,England,27,Jason Puncheon,Crystal Palace,34,7
GB1-2013,37,France,28,Yohan Cabaye,Newcastle United,19,7
GB1-2013,38,England,31,Steve Sidwell,Fulham FC,38,7
GB1-2013,39,Italy,23,Fabio Borini,for 2 clubs,32,7
GB1-2013,40,Ireland,27,Shane Long,for 2 clubs,30,7
GB1-2013,41,Slovakia,29,Martin Skrtel,Liverpool FC,36,7
GB1-2013,42,Nigeria,32,Peter Odemwingie,for 2 clubs,30,7
GB1-2013,43,England,24,Dwight Gayle,Crystal Palace,23,7
GB1-2013,44,England,22,Jonjo Shelvey,Swansea City,32,6
GB1-2013,45,Spain,26,Juan Mata,for 2 clubs,28,6
GB1-2013,46,Spain,28,Roberto Soldado,Tottenham Hotspur,28,6
GB1-2013,47,France,27,Yoan Gouffran,Newcastle United,35,6
GB1-2013,48,England,26,Fraizer Campbell,Cardiff City,37,6
GB1-2013,49,England,35,Frank Lampard,Chelsea FC,26,6
GB1-2013,50,Ireland,25,Séamus Coleman,Everton FC,36,6
GB1-2013,51,England,26,Gary Hooper,Norwich City,32,6
GB1-2013,52,Scotland,26,Robert Snodgrass,Norwich City,30,6
GB1-2013,53,Brazil,25,Paulinho,Tottenham Hotspur,30,6
GB1-2013,54,England,26,Nathan Dyer,Swansea City,27,6
GB1-2013,55,England,20,Ross Barkley,Everton FC,34,6
GB1-2013,56,Germany,25,Mesut Özil,Arsenal FC,26,5
GB1-2013,57,Brazil,21,Philippe Coutinho,Liverpool FC,33,5
GB1-2013,58,Spain,30,Fernando Torres,Chelsea FC,28,5
GB1-2013,59,Austria,22,Andreas Weimann,Aston Villa,37,5
GB1-2013,60,England,29,Leighton Baines,Everton FC,32,5
GB1-2013,61,England,24,Theo Walcott,Arsenal FC,13,5
GB1-2013,62,Brazil,29,Fernandinho,Manchester City,33,5
GB1-2013,63,Ireland,30,Jonathan Walters,Stoke City,32,5
GB1-2013,64,Morocco,30,Marouane Chamakh,Crystal Palace,32,5
GB1-2013,65,Scotland,27,Steven Naismith,Everton FC,31,5
GB1-2013,66,Croatia,28,Nikica Jelavic,for 2 clubs,25,5
GB1-2013,67,Iran,27,Ashkan Dejagah,Fulham FC,22,5
GB1-2013,68,Curacao,22,Leandro Bacuna,Aston Villa,35,5
GB1-2013,69,Burundi,20,Saido Berahino,West Bromwich Albion,32,5
GB1-2013,70,Benin,29,Stéphane Sessègnon,for 2 clubs,28,5
GB1-2013,71,England,30,Carlton Cole,West Ham United,26,5
GB1-2013,72,Senegal,28,Demba Ba,Chelsea FC,19,5
GB1-2013,73,England,21,Connor Wickham,Sunderland AFC,15,5
GB1-2013,74,Sierra Leone,22,Steven Caulker,Cardiff City,38,5
GB1-2013,75,Iceland,24,Gylfi Sigurdsson,Tottenham Hotspur,25,5
GB1-2013,76,Spain,29,Santi Cazorla,Arsenal FC,31,4
GB1-2013,77,England,23,Jordan Henderson,Liverpool FC,35,4
GB1-2013,78,Spain,28,Jesús Navas,Manchester City,30,4
GB1-2013,79,Austria,25,Marko Arnautovic,Stoke City,30,4
GB1-2013,80,England,27,Gabriel Agbonlahor,Aston Villa,30,4
GB1-2013,81,Netherlands,26,Jonathan de Guzmán,Swansea City,34,4
GB1-2013,82,Italy,29,Emanuele Giaccherini,Sunderland AFC,24,4
GB1-2013,83,England,29,Kieran Richardson,Fulham FC,31,4
GB1-2013,84,France,29,Morgan Amalfitano,West Bromwich Albion,28,4
GB1-2013,85,Belgium,19,Adnan Januzaj,Manchester United,27,4
GB1-2013,86,Mexico,25,Chicharito,Manchester United,24,4
GB1-2013,87,Senegal,26,Mohamed Diamé,West Ham United,35,4
GB1-2013,88,Brazil,25,Willian,Chelsea FC,25,4
GB1-2013,89,Belgium,28,Vincent Kompany,Manchester City,28,4
GB1-2013,90,Bulgaria,32,Dimitar Berbatov,Fulham FC,18,4
GB1-2013,91,Morocco,25,Oussama Assaidi,Stoke City,19,4
GB1-2013,92,Czech Republic,24,Libor Kozák,Aston Villa,14,4
GB1-2013,93,France,24,Moussa Sissoko,Newcastle United,35,3
GB1-2013,94,England,27,Mark Noble,West Ham United,38,3
GB1-2013,95,England,29,Peter Whittingham,Cardiff City,32,3
GB1-2013,96,Northern Ireland,29,Chris Brunt,West Bromwich Albion,28,3
GB1-2013,97,England,32,Leon Osman,Everton FC,38,3
GB1-2013,98,England,24,Jake Livermore,Hull City,36,3
GB1-2013,99,England,33,Gareth Barry,Everton FC,32,3
GB1-2013,100,France,27,Hatem Ben Arfa,Newcastle United,27,3
GB1-2013,101,England,22,Jack Wilshere,Arsenal FC,24,3
GB1-2013,102,Nigeria,26,Victor Anichebe,for 2 clubs,25,3
GB1-2013,103,Spain,20,Gerard Deulofeu,Everton FC,25,3
GB1-2013,104,Czech Republic,22,Matej Vydra,West Bromwich Albion,23,3
GB1-2013,105,England,24,Ashley Westwood,Aston Villa,35,3
GB1-2013,106,England,24,Fabian Delph,Aston Villa,34,3
GB1-2013,107,England,24,Jack Colback,Sunderland AFC,33,3
GB1-2013,108,Netherlands,24,Leroy Fer,Norwich City,29,3
GB1-2013,109,England,30,Darren Bent,Fulham FC,24,3
GB1-2013,110,Jamaica,20,Ravel Morrison,West Ham United,16,3
GB1-2013,111,Serbia,30,Branislav Ivanovic,Chelsea FC,36,3
GB1-2013,112,England,27,Bradley Johnson,Norwich City,32,3
GB1-2013,113,"Korea, South",25,Sung-yueng Ki,for 2 clubs,28,3
GB1-2013,114,Ireland,22,Robbie Brady,Hull City,16,3
GB1-2013,115,Montenegro,24,Stevan Jovetić,Manchester City,13,3
GB1-2013,116,Portugal,30,José Fonte,Southampton FC,36,3
GB1-2013,117,Spain,27,Chico Flores,Swansea City,31,3
GB1-2013,118,Switzerland,21,Pajtim Kasami,Fulham FC,29,3
GB1-2013,119,England,32,Joe Cole,West Ham United,20,3
GB1-2013,120,Scotland,26,Steven Fletcher,Sunderland AFC,20,3
GB1-2013,121,Italy,27,Daniel Osvaldo,Southampton FC,13,3
GB1-2013,122,England,20,Harry Kane,Tottenham Hotspur,10,3
GB1-2013,123,Northern Ireland,29,Steven Davis,Southampton FC,34,2
GB1-2013,124,Spain,29,Pablo Hernández,Swansea City,27,2
GB1-2013,125,England,29,Wayne Routledge,Swansea City,35,2
GB1-2013,126,England,25,Andy Carroll,West Ham United,15,2
GB1-2013,127,England,27,Tom Huddlestone,Hull City,36,2
GB1-2013,128,England,27,Matt Jarvis,West Ham United,32,2
GB1-2013,129,Ecuador,28,Antonio Valencia,Manchester United,29,2
GB1-2013,130,Germany,23,Lewis Holtby,for 2 clubs,26,2
GB1-2013,131,Senegal,28,Papiss Demba Cissé,Newcastle United,24,2
GB1-2013,132,Egypt,26,Ahmed El Mohamady,Hull City,38,2
GB1-2013,133,United States,28,Geoff Cameron,Stoke City,37,2
GB1-2013,134,DR Congo,27,Youssouf Mulumbu,West Bromwich Albion,37,2
GB1-2013,135,Scotland,28,George Boyd,Hull City,29,2
GB1-2013,136,Nigeria,32,Shola Ameobi,Newcastle United,26,2
GB1-2013,137,Ireland,27,Stephen Ireland,Stoke City,25,2
GB1-2013,138,England,28,Ashley Young,Manchester United,20,2
GB1-2013,139,England,27,Craig Gardner,Sunderland AFC,18,2
GB1-2013,140,Spain,28,Michu,Swansea City,17,2
GB1-2013,141,England,20,Alex Oxlade-Chamberlain,Arsenal FC,14,2
GB1-2013,142,Colombia,28,Hugo Rodallega,Fulham FC,13,2
GB1-2013,143,Belgium,26,Roland Lamah,Swansea City,9,2
GB1-2013,144,Sierra Leone,29,Curtis Davies,Hull City,37,2
GB1-2013,145,France,25,Steven Nzonzi,Stoke City,36,2
GB1-2013,146,Germany,29,Per Mertesacker,Arsenal FC,35,2
GB1-2013,147,England,33,John Terry,Chelsea FC,34,2
GB1-2013,148,Wales,21,Ben Davies,Swansea City,34,2
GB1-2013,149,France,24,Morgan Schneiderlin,Southampton FC,33,2
GB1-2013,150,Morocco,29,Karim El Ahmadi,Aston Villa,31,2
GB1-2013,151,Croatia,24,Dejan Lovren,Southampton FC,31,2
GB1-2013,152,Ireland,24,David Meyler,Hull City,30,2
GB1-2013,153,England,33,Scott Parker,Fulham FC,29,2
GB1-2013,154,England,27,Cameron Jerome,for 2 clubs,29,2
GB1-2013,155,Cote d'Ivoire,26,Yannick Sagbo,Hull City,28,2
GB1-2013,156,Czech Republic,33,Tomas Rosicky,Arsenal FC,27,2
GB1-2013,157,Argentina,33,Martín Demichelis,Manchester City,27,2
GB1-2013,158,Denmark,29,Daniel Agger,Liverpool FC,20,2
GB1-2013,159,Wales,27,Joe Ledley,Crystal Palace,14,2
GB1-2013,160,Egypt,21,Mohamed Salah,Chelsea FC,10,2
GB1-2013,161,Costa Rica,23,Bryan Oviedo,Everton FC,9,2
GB1-2013,162,Northern Ireland,34,Gareth McAuley,West Bromwich Albion,32,2
GB1-2013,163,France,28,Laurent Koscielny,Arsenal FC,32,2
GB1-2013,164,Spain,32,Mikel Arteta,Arsenal FC,31,2
GB1-2013,165,France,30,Mathieu Flamini,Arsenal FC,27,2
GB1-2013,166,England,25,Jonathan Howson,Norwich City,27,2
GB1-2013,167,Scotland,28,Phil Bardsley,Sunderland AFC,26,2
GB1-2013,168,Slovenia,33,Robert Koren,Hull City,22,2
GB1-2013,169,Scotland,27,Graham Dorrans,West Bromwich Albion,14,2
GB1-2013,170,France,34,Nicolas Anelka,West Bromwich Albion,12,2
GB1-2013,171,England,28,Matty Fryatt,Hull City,10,2
GB1-2013,172,Denmark,26,Nicklas Bendtner,Arsenal FC,9,2
GB1-2013,173,Portugal,27,Ricardo Vaz Tê,West Ham United,8,2
GB1-2013,174,Spain,24,Juan Cala,Cardiff City,7,2
GB1-2013,175,Congo,21,Thievy Bifouma,West Bromwich Albion,6,2
GB1-2013,176,England,18,James Wilson,Manchester United,1,2
GB1-2013,177,Serbia,28,Aleksandar Kolarov,Manchester City,30,1
GB1-2013,178,Argentina,29,Pablo Zabaleta,Manchester City,35,1
GB1-2013,179,England,28,James Milner,Manchester City,31,1
GB1-2013,180,Sweden,32,Johan Elmander,Norwich City,29,1
GB1-2013,181,France,28,Mathieu Debuchy,Newcastle United,29,1
GB1-2013,182,Ireland,23,James McCarthy,Everton FC,34,1
GB1-2013,183,England,20,Nathan Redmond,Norwich City,34,1
GB1-2013,184,France,32,Patrice Evra,Manchester United,33,1
GB1-2013,185,Scotland,27,James Morrison,West Bromwich Albion,32,1
GB1-2013,186,Sweden,28,Sebastian Larsson,Sunderland AFC,31,1
GB1-2013,187,Brazil,27,Ramires,Chelsea FC,30,1
GB1-2013,188,England,27,Aaron Lennon,Tottenham Hotspur,27,1
GB1-2013,189,Belgium,24,Nacer Chadli,Tottenham Hotspur,24,1
GB1-2013,190,South Africa,32,Steven Pienaar,Everton FC,23,1
GB1-2013,191,Uruguay,23,Gastón Ramírez,Southampton FC,18,1
GB1-2013,192,Nigeria,25,Sone Aluko,Hull City,17,1
GB1-2013,193,Costa Rica,28,Bryan Ruiz,Fulham FC,12,1
GB1-2013,194,Netherlands,25,Erik Pieters,Stoke City,36,1
GB1-2013,195,France,31,Bacary Sagna,Arsenal FC,35,1
GB1-2013,196,England,29,Liam Ridgewell,West Bromwich Albion,33,1
GB1-2013,197,England,29,Stewart Downing,West Ham United,32,1
GB1-2013,198,England,29,Liam Rosenior,Hull City,29,1
GB1-2013,199,England,23,Kyle Walker,Tottenham Hotspur,26,1
GB1-2013,200,England,22,Phil Jones,Manchester United,26,1
GB1-2013,201,Iceland,25,Aron Gunnarsson,Cardiff City,23,1
GB1-2013,202,England,23,Danny Rose,Tottenham Hotspur,22,1
GB1-2013,203,England,28,Danny Graham,Hull City,18,1
GB1-2013,204,Mali,26,Modibo Maïga,West Ham United,14,1
GB1-2013,205,England,22,Carl Jenkinson,Arsenal FC,14,1
GB1-2013,206,Australia,29,Mile Jedinak,Crystal Palace,38,1
GB1-2013,207,Ireland,32,Damien Delaney,Crystal Palace,37,1
GB1-2013,208,Curacao,25,Vurnon Anita,Newcastle United,34,1
GB1-2013,209,Wales,29,Ashley Williams,Swansea City,34,1
GB1-2013,210,United States,24,Jozy Altidore,Sunderland AFC,31,1
GB1-2013,211,England,28,Gary Cahill,Chelsea FC,30,1
GB1-2013,212,Belgium,26,Mousa Dembélé,Tottenham Hotspur,28,1
GB1-2013,213,Netherlands,25,Ricky van Wolfswinkel,Norwich City,25,1
GB1-2013,214,Nigeria,27,John Obi Mikel,Chelsea FC,24,1
GB1-2013,215,Jamaica,27,Adrian Mariappa,Crystal Palace,24,1
GB1-2013,216,England,21,Jon Flanagan,Liverpool FC,23,1
GB1-2013,217,Wales,34,Craig Bellamy,Cardiff City,22,1
GB1-2013,218,Scotland,29,Steven Whittaker,Norwich City,20,1
GB1-2013,219,Trinidad and Tobago,29,Kenwyne Jones,for 2 clubs,18,1
GB1-2013,220,England,26,Craig Noone,Cardiff City,17,1
GB1-2013,221,Ireland,31,Wes Hoolahan,Norwich City,16,1
GB1-2013,222,Netherlands,30,John Heitinga,for 2 clubs,15,1
GB1-2013,223,Scotland,24,Barry Bannan,Crystal Palace,15,1
GB1-2013,224,Ireland,25,Anthony Pilkington,Norwich City,15,1
GB1-2013,225,England,30,Glenn Murray,Crystal Palace,14,1
GB1-2013,226,France,28,Younès Kaboul,Tottenham Hotspur,13,1
GB1-2013,227,Switzerland,28,Philippe Senderos,Fulham FC,12,1
GB1-2013,228,England,22,Tom Ince,Crystal Palace,8,1
GB1-2013,229,England,26,Ryan Shawcross,Stoke City,37,1
GB1-2013,230,Ireland,33,John O'Shea,Sunderland AFC,33,1
GB1-2013,231,Cote d'Ivoire,32,Guy Demel,West Ham United,32,1
GB1-2013,232,Sweden,31,Jonas Olsson,West Bromwich Albion,32,1
GB1-2013,233,Bosnia-Herzegovina,26,Asmir Begovic,Stoke City,32,1
GB1-2013,234,England,32,Michael Carrick,Manchester United,29,1
GB1-2013,235,"Korea, South",24,Bo-kyung Kim,Cardiff City,28,1
GB1-2013,236,Argentina,26,Claudio Yacob,West Bromwich Albion,27,1
GB1-2013,237,England,22,Andros Townsend,Tottenham Hotspur,25,1
GB1-2013,238,England,24,Chris Smalling,Manchester United,25,1
GB1-2013,239,Wales,30,James Collins,West Ham United,24,1
GB1-2013,240,England,26,Lee Cattermole,Sunderland AFC,24,1
GB1-2013,241,Wales,24,Joe Allen,Liverpool FC,24,1
GB1-2013,242,Wales,25,James Chester,Hull City,24,1
GB1-2013,243,Wales,34,Danny Gabbidon,Crystal Palace,23,1
GB1-2013,244,Venezuela,29,Fernando Amorebieta,Fulham FC,23,1
GB1-2013,245,Sweden,22,Alexander Kacaniklic,Fulham FC,23,1
GB1-2013,246,New Zealand,25,Winston Reid,West Ham United,22,1
GB1-2013,247,England,24,Tom Cleverley,Manchester United,22,1
GB1-2013,248,Norway,28,Alexander Tettey,Norwich City,21,1
GB1-2013,249,Nigeria,23,Victor Moses,Liverpool FC,19,1
GB1-2013,250,France,24,Mamadou Sakho,Liverpool FC,18,1
GB1-2013,251,Wales,22,Paul Dummett,Newcastle United,18,1
GB1-2013,252,England,18,Sam Gallagher,Southampton FC,18,1
GB1-2013,253,Brazil,25,Sandro,Tottenham Hotspur,17,1
GB1-2013,254,Romania,24,Vlad Chiricheș,Tottenham Hotspur,17,1
GB1-2013,255,Spain,23,Antonio Luna,Aston Villa,17,1
GB1-2013,256,England,24,Ryan Bennett,Norwich City,16,1
GB1-2013,257,England,31,Jermain Defoe,Tottenham Hotspur,14,1
GB1-2013,258,England,27,Scott Dann,Crystal Palace,14,1
GB1-2013,259,Norway,19,Mats Møller Dæhli,Cardiff City,13,1
GB1-2013,260,France,25,Étienne Capoue,Tottenham Hotspur,12,1
GB1-2013,261,England,23,Stuart O'Keefe,Crystal Palace,12,1
GB1-2013,262,England,33,Grant Holt,Aston Villa,10,1
GB1-2013,263,England,28,Steven Taylor,Newcastle United,10,1
GB1-2013,264,Uruguay,33,Diego Lugano,West Bromwich Albion,9,1
GB1-2013,265,Germany,18,Serge Gnabry,Arsenal FC,9,1
GB1-2013,266,England,30,Jermaine Pennant,Stoke City,8,1
GB1-2013,267,Japan,25,Maya Yoshida,Southampton FC,8,1
GB1-2013,268,Netherlands,25,Marvin Emnes,Swansea City,7,1
GB1-2013,269,England,19,Cauley Woodrow,Fulham FC,6,1
GB1-2013,270,Netherlands,21,Chris David,Fulham FC,1,1
GB1-2014,1,Argentina,26,Sergio Agüero,Manchester City,33,26
GB1-2014,2,England,21,Harry Kane,Tottenham Hotspur,34,21
GB1-2014,3,Spain,26,Diego Costa,Chelsea FC,26,20
GB1-2014,4,England,25,Charlie Austin,Queens Park Rangers,35,18
GB1-2014,5,Chile,26,Alexis Sánchez,Arsenal FC,35,16
GB1-2014,6,Belgium,24,Eden Hazard,Chelsea FC,38,14
GB1-2014,7,France,28,Olivier Giroud,Arsenal FC,27,14
GB1-2014,8,Burundi,21,Saido Berahino,West Bromwich Albion,38,14
GB1-2014,9,Belgium,24,Christian Benteke,Aston Villa,29,13
GB1-2014,10,Spain,29,David Silva,Manchester City,32,12
GB1-2014,11,England,29,Wayne Rooney,Manchester United,33,12
GB1-2014,12,Italy,29,Graziano Pellè,Southampton FC,38,12
GB1-2014,13,Belgium,25,Nacer Chadli,Tottenham Hotspur,35,11
GB1-2014,14,England,22,Danny Ings,Burnley FC,35,11
GB1-2014,15,Argentina,28,Leonardo Ulloa,Leicester City,37,11
GB1-2014,16,Senegal,27,Mame Diouf,Stoke City,34,11
GB1-2014,17,Cote d'Ivoire,26,Wilfried Bony,for 2 clubs,30,11
GB1-2014,18,Senegal,29,Papiss Demba Cissé,Newcastle United,22,11
GB1-2014,19,Belgium,22,Romelu Lukaku,Everton FC,36,10
GB1-2014,20,Senegal,23,Sadio Mané,Southampton FC,30,10
GB1-2014,21,Denmark,23,Christian Eriksen,Tottenham Hotspur,38,10
GB1-2014,22,Netherlands,31,Robin van Persie,Manchester United,27,10
GB1-2014,23,Senegal,25,Diafra Sakho,West Ham United,23,10
GB1-2014,24,Cote d'Ivoire,32,Yaya Touré,Manchester City,29,10
GB1-2014,25,Spain,27,Juan Mata,Manchester United,33,9
GB1-2014,26,England,34,Steven Gerrard,Liverpool FC,29,9
GB1-2014,27,Ireland,31,Jonathan Walters,Stoke City,32,8
GB1-2014,28,England,34,Peter Crouch,Stoke City,33,8
GB1-2014,29,"Korea, South",26,Sung-yueng Ki,Swansea City,33,8
GB1-2014,30,Croatia,29,Nikica Jelavic,Hull City,26,8
GB1-2014,31,Spain,30,Santi Cazorla,Arsenal FC,37,7
GB1-2014,32,Iceland,25,Gylfi Sigurdsson,Swansea City,32,7
GB1-2014,33,England,20,Raheem Sterling,Liverpool FC,35,7
GB1-2014,34,England,31,Glenn Murray,Crystal Palace,17,7
GB1-2014,35,Scotland,29,Charlie Adam,Stoke City,29,7
GB1-2014,36,Belgium,27,Kevin Mirallas,Everton FC,29,7
GB1-2014,37,Spain,21,Ayoze Pérez,Newcastle United,36,7
GB1-2014,38,Scotland,28,Steven Naismith,Everton FC,31,7
GB1-2014,39,France,29,Bafétimbi Gomis,Swansea City,31,7
GB1-2014,40,France,28,Loïc Rémy,for 2 clubs,21,7
GB1-2014,41,England,24,Jordan Henderson,Liverpool FC,37,6
GB1-2014,42,England,30,Stewart Downing,West Ham United,37,6
GB1-2014,43,Brazil,23,Oscar,Chelsea FC,28,6
GB1-2014,44,England,28,Jason Puncheon,Crystal Palace,37,6
GB1-2014,45,Wales,24,Aaron Ramsey,Arsenal FC,29,6
GB1-2014,46,Spain,25,Ander Herrera,Manchester United,26,6
GB1-2014,47,Netherlands,25,Leroy Fer,Queens Park Rangers,29,6
GB1-2014,48,England,28,Gabriel Agbonlahor,Aston Villa,34,6
GB1-2014,49,England,36,Frank Lampard,Manchester City,32,6
GB1-2014,50,Belgium,27,Marouane Fellaini,Manchester United,27,6
GB1-2014,51,England,28,Jamie Vardy,Leicester City,34,5
GB1-2014,52,England,29,James Milner,Manchester City,32,5
GB1-2014,53,Ireland,28,Shane Long,Southampton FC,32,5
GB1-2014,54,Brazil,22,Philippe Coutinho,Liverpool FC,35,5
GB1-2014,55,England,27,Adam Lallana,Liverpool FC,27,5
GB1-2014,56,Montenegro,25,Stevan Jovetić,Manchester City,17,5
GB1-2014,57,Scotland,29,George Boyd,for 2 clubs,36,5
GB1-2014,58,England,25,Ashley Barnes,Burnley FC,35,5
GB1-2014,59,Scotland,28,Steven Fletcher,Sunderland AFC,30,5
GB1-2014,60,England,30,David Nugent,Leicester City,29,5
GB1-2014,61,Australia,30,Mile Jedinak,Crystal Palace,24,5
GB1-2014,62,England,22,Connor Wickham,Sunderland AFC,36,5
GB1-2014,63,Argentina,34,Esteban Cambiasso,Leicester City,31,5
GB1-2014,64,England,25,Dwight Gayle,Crystal Palace,25,5
GB1-2014,65,Senegal,30,Dame N'Doye,Hull City,15,5
GB1-2014,66,England,26,Andy Carroll,West Ham United,14,5
GB1-2014,67,England,34,John Terry,Chelsea FC,38,5
GB1-2014,68,England,26,Theo Walcott,Arsenal FC,14,5
GB1-2014,69,England,25,Jack Colback,Newcastle United,35,4
GB1-2014,70,Serbia,26,Dušan Tadić,Southampton FC,31,4
GB1-2014,71,Serbia,31,Branislav Ivanovic,Chelsea FC,38,4
GB1-2014,72,DR Congo,26,Yannick Bolasie,Crystal Palace,34,4
GB1-2014,73,Colombia,29,Radamel Falcao,Manchester United,26,4
GB1-2014,74,Germany,26,Mesut Özil,Arsenal FC,22,4
GB1-2014,75,Ecuador,25,Enner Valencia,West Ham United,32,4
GB1-2014,76,Algeria,24,Riyad Mahrez,Leicester City,30,4
GB1-2014,77,England,24,Danny Welbeck,for 2 clubs,27,4
GB1-2014,78,France,25,Moussa Sissoko,Newcastle United,34,4
GB1-2014,79,Senegal,25,Cheikhou Kouyaté,West Ham United,31,4
GB1-2014,80,Cote d'Ivoire,22,Wilfried Zaha,Crystal Palace,31,4
GB1-2014,81,Spain,29,Jordi Gómez,Sunderland AFC,29,4
GB1-2014,82,Nigeria,26,Brown Ideye,West Bromwich Albion,24,4
GB1-2014,83,Bosnia-Herzegovina,29,Edin Dzeko,Manchester City,22,4
GB1-2014,84,England,27,Adam Johnson,Sunderland AFC,32,4
GB1-2014,85,Cote d'Ivoire,37,Didier Drogba,Chelsea FC,28,4
GB1-2014,86,France,25,Morgan Schneiderlin,Southampton FC,26,4
GB1-2014,87,Uruguay,24,Abel Hernández,Hull City,25,4
GB1-2014,88,England,32,Jermain Defoe,Sunderland AFC,17,4
GB1-2014,89,Spain,24,Bojan Krkic,Stoke City,16,4
GB1-2014,90,England,25,Daniel Sturridge,Liverpool FC,12,4
GB1-2014,91,England,32,Phil Jagielka,Everton FC,37,4
GB1-2014,92,England,25,Chris Smalling,Manchester United,25,4
GB1-2014,93,England,27,Fraizer Campbell,Crystal Palace,20,4
GB1-2014,94,Senegal,27,Mohamed Diamé,for 2 clubs,15,4
GB1-2014,95,Spain,28,Cesc Fàbregas,Chelsea FC,34,3
GB1-2014,96,Argentina,27,Ángel Di María,Manchester United,27,3
GB1-2014,97,Scotland,24,Matt Phillips,Queens Park Rangers,25,3
GB1-2014,98,England,23,Jonjo Shelvey,Swansea City,31,3
GB1-2014,99,England,28,Craig Gardner,West Bromwich Albion,35,3
GB1-2014,100,Brazil,30,Fernandinho,Manchester City,33,3
GB1-2014,101,England,34,Bobby Zamora,Queens Park Rangers,31,3
GB1-2014,102,England,24,Danny Rose,Tottenham Hotspur,28,3
GB1-2014,103,Sweden,29,Sebastian Larsson,Sunderland AFC,36,3
GB1-2014,104,Nigeria,24,Victor Moses,Stoke City,19,3
GB1-2014,105,Ireland,26,Séamus Coleman,Everton FC,35,3
GB1-2014,106,England,27,Nathan Dyer,Swansea City,32,3
GB1-2014,107,Ghana,22,Jeffrey Schlupp,Leicester City,32,3
GB1-2014,108,Austria,23,Andreas Weimann,Aston Villa,31,3
GB1-2014,109,Chile,25,Eduardo Vargas,Queens Park Rangers,21,3
GB1-2014,110,France,26,Steven Nzonzi,Stoke City,38,3
GB1-2014,111,Kenya,23,Victor Wanyama,Southampton FC,32,3
GB1-2014,112,England,30,Wayne Routledge,Swansea City,29,3
GB1-2014,113,France,30,Morgan Amalfitano,West Ham United,24,3
GB1-2014,114,Nigeria,27,Victor Anichebe,West Bromwich Albion,21,3
GB1-2014,115,Cameroon,33,Samuel Eto'o,Everton FC,14,3
GB1-2014,116,England,25,Tom Cleverley,for 2 clubs,32,3
GB1-2014,117,England,25,Jack Cork,for 2 clubs,27,3
GB1-2014,118,France,29,Laurent Koscielny,Arsenal FC,27,3
GB1-2014,119,England,24,Jack Rodwell,Sunderland AFC,23,3
GB1-2014,120,Germany,24,André Schürrle,Chelsea FC,14,3
GB1-2014,121,Northern Ireland,30,Chris Brunt,West Bromwich Albion,34,2
GB1-2014,122,England,30,Leighton Baines,Everton FC,31,2
GB1-2014,123,Argentina,23,Erik Lamela,Tottenham Hotspur,33,2
GB1-2014,124,France,27,Samir Nasri,Manchester City,24,2
GB1-2014,125,Egypt,27,Ahmed El Mohamady,Hull City,38,2
GB1-2014,126,England,29,Ashley Young,Manchester United,26,2
GB1-2014,127,England,25,Aaron Cresswell,West Ham United,38,2
GB1-2014,128,Brazil,28,Ramires,Chelsea FC,23,2
GB1-2014,129,Brazil,26,Willian,Chelsea FC,36,2
GB1-2014,130,England,28,Scott Dann,Crystal Palace,34,2
GB1-2014,131,England,28,Mark Noble,West Ham United,28,2
GB1-2014,132,Serbia,29,Aleksandar Kolarov,Manchester City,21,2
GB1-2014,133,England,25,Marc Albrighton,Leicester City,18,2
GB1-2014,134,Jamaica,31,Wes Morgan,Leicester City,37,2
GB1-2014,135,England,25,Ryan Bertrand,Southampton FC,34,2
GB1-2014,136,England,21,Ross Barkley,Everton FC,29,2
GB1-2014,137,Ireland,24,James McCarthy,Everton FC,28,2
GB1-2014,138,England,21,Eric Dier,Tottenham Hotspur,28,2
GB1-2014,139,Netherlands,25,Daley Blind,Manchester United,25,2
GB1-2014,140,England,33,Rickie Lambert,Liverpool FC,25,2
GB1-2014,141,Brazil,27,Fernando,Manchester City,25,2
GB1-2014,142,England,23,Sammy Ameobi,Newcastle United,25,2
GB1-2014,143,England,28,Aaron Lennon,for 2 clubs,23,2
GB1-2014,144,England,34,Leon Osman,Everton FC,21,2
GB1-2014,145,England,23,Andros Townsend,Tottenham Hotspur,17,2
GB1-2014,146,Canada,26,Scott Arfield,Burnley FC,37,2
GB1-2014,147,Scotland,28,James Morrison,West Bromwich Albion,33,2
GB1-2014,148,England,25,Ben Mee,Burnley FC,33,2
GB1-2014,149,England,27,Ryan Shawcross,Stoke City,32,2
GB1-2014,150,France,28,Yoan Gouffran,Newcastle United,31,2
GB1-2014,151,Croatia,30,Niko Kranjcar,Queens Park Rangers,22,2
GB1-2014,152,Spain,20,Héctor Bellerín,Arsenal FC,20,2
GB1-2014,153,Serbia,21,Lazar Markovic,Liverpool FC,19,2
GB1-2014,154,Czech Republic,34,Tomas Rosicky,Arsenal FC,15,2
GB1-2014,155,Norway,33,Brede Hangeland,Crystal Palace,14,2
GB1-2014,156,England,23,Jack Wilshere,Arsenal FC,14,2
GB1-2014,157,Togo,31,Emmanuel Adebayor,Tottenham Hotspur,13,2
GB1-2014,158,Argentina,27,Mauro Zárate,for 2 clubs,11,2
GB1-2014,159,England,24,Nathaniel Clyne,Southampton FC,35,2
GB1-2014,160,Wales,28,Joe Ledley,Crystal Palace,32,2
GB1-2014,161,Scotland,27,James McArthur,Crystal Palace,32,2
GB1-2014,162,England,25,Craig Dawson,West Bromwich Albion,29,2
GB1-2014,163,Spain,22,Alberto Moreno,Liverpool FC,28,2
GB1-2014,164,Wales,26,Andy King,Leicester City,24,2
GB1-2014,165,England,31,Carlton Cole,West Ham United,23,2
GB1-2014,166,Wales,26,James Chester,Hull City,23,2
GB1-2014,167,Morocco,31,Marouane Chamakh,Crystal Palace,18,2
GB1-2014,168,Netherlands,28,Eljero Elia,Southampton FC,16,2
GB1-2014,169,Croatia,23,Andrej Kramaric,Leicester City,13,2
GB1-2014,170,Ecuador,25,Jefferson Montero,Swansea City,30,1
GB1-2014,171,Netherlands,25,Daryl Janmaat,Newcastle United,37,1
GB1-2014,172,England,20,James Ward-Prowse,Southampton FC,25,1
GB1-2014,173,Austria,26,Marko Arnautovic,Stoke City,29,1
GB1-2014,174,England,23,Ryan Mason,Tottenham Hotspur,31,1
GB1-2014,175,Argentina,30,Pablo Zabaleta,Manchester City,29,1
GB1-2014,176,Serbia,26,Nemanja Matić,Chelsea FC,36,1
GB1-2014,177,England,32,Joey Barton,Queens Park Rangers,28,1
GB1-2014,178,Benin,30,Stéphane Sessègnon,West Bromwich Albion,28,1
GB1-2014,179,Ireland,29,Stephen Quinn,Hull City,28,1
GB1-2014,180,France,29,Gaël Clichy,Manchester City,23,1
GB1-2014,181,Uruguay,24,Gastón Ramírez,for 2 clubs,23,1
GB1-2014,182,England,26,James Tomkins,West Ham United,22,1
GB1-2014,183,Scotland,27,Graham Dorrans,West Bromwich Albion,21,1
GB1-2014,184,Ireland,29,Aiden McGeady,Everton FC,16,1
GB1-2014,185,England,32,Joleon Lescott,West Bromwich Albion,34,1
GB1-2014,186,France,25,Rémy Cabella,Newcastle United,31,1
GB1-2014,187,Ireland,25,Ciaran Clark,Aston Villa,25,1
GB1-2014,188,France,31,Mathieu Flamini,Arsenal FC,23,1
GB1-2014,189,England,33,Michael Carrick,Manchester United,18,1
GB1-2014,190,England,29,Michael Kightly,Burnley FC,17,1
GB1-2014,191,England,25,Jake Livermore,Hull City,35,1
GB1-2014,192,England,31,Mike Williamson,Newcastle United,31,1
GB1-2014,193,England,32,Kevin Nolan,West Ham United,29,1
GB1-2014,194,Ireland,25,David Meyler,Hull City,28,1
GB1-2014,195,England,34,Paul Konchesky,Leicester City,26,1
GB1-2014,196,Belgium,27,Mousa Dembélé,Tottenham Hotspur,26,1
GB1-2014,197,Poland,34,Marcin Wasilewski,Leicester City,25,1
GB1-2014,198,Spain,29,Roberto Soldado,Tottenham Hotspur,24,1
GB1-2014,199,Martinique,25,Emmanuel Rivière,Newcastle United,23,1
GB1-2014,200,England,21,Alex Oxlade-Chamberlain,Arsenal FC,23,1
GB1-2014,201,England,20,Calum Chambers,Arsenal FC,23,1
GB1-2014,202,Japan,26,Maya Yoshida,Southampton FC,22,1
GB1-2014,203,England,29,Danny Graham,Sunderland AFC,14,1
GB1-2014,204,France,26,Gabriel Obertan,Newcastle United,13,1
GB1-2014,205,England,33,Joe Cole,Aston Villa,12,1
GB1-2014,206,Italy,24,Fabio Borini,Liverpool FC,12,1
GB1-2014,207,Argentina,31,Jonás Gutiérrez,Newcastle United,10,1
GB1-2014,208,Portugal,23,Nélson Oliveira,Swansea City,10,1
GB1-2014,209,Jamaica,19,Rolando Aarons,Newcastle United,4,1
GB1-2014,210,England,25,Joel Ward,Crystal Palace,37,1
GB1-2014,211,England,29,Gary Cahill,Chelsea FC,36,1
GB1-2014,212,Sierra Leone,23,Steven Caulker,Queens Park Rangers,35,1
GB1-2014,213,Slovakia,30,Martin Skrtel,Liverpool FC,33,1
GB1-2014,214,Argentina,33,Fabricio Coloccini,Newcastle United,32,1
GB1-2014,215,Belgium,28,Jan Vertonghen,Tottenham Hotspur,32,1
GB1-2014,216,Argentina,34,Martín Demichelis,Manchester City,31,1
GB1-2014,217,Scotland,30,Alan Hutton,Aston Villa,30,1
GB1-2014,218,New Zealand,26,Winston Reid,West Ham United,30,1
GB1-2014,219,England,31,Michael Dawson,for 2 clubs,28,1
GB1-2014,220,England,27,Lee Cattermole,Sunderland AFC,28,1
GB1-2014,221,Colombia,29,Carlos Sánchez,Aston Villa,28,1
GB1-2014,222,Germany,21,Emre Can,Liverpool FC,27,1
GB1-2014,223,Scotland,31,Darren Fletcher,for 2 clubs,26,1
GB1-2014,224,Belgium,26,Toby Alderweireld,Southampton FC,26,1
GB1-2014,225,Nigeria,26,Sone Aluko,Hull City,25,1
GB1-2014,226,Northern Ireland,35,Gareth McAuley,West Bromwich Albion,24,1
GB1-2014,227,Denmark,22,Jores Okore,Aston Villa,23,1
GB1-2014,228,England,20,John Stones,Everton FC,23,1
GB1-2014,229,Wales,25,Joe Allen,Liverpool FC,21,1
GB1-2014,230,Ireland,29,Paul McShane,Hull City,20,1
GB1-2014,231,England,30,Glen Johnson,Liverpool FC,19,1
GB1-2014,232,England,36,Clint Hill,Queens Park Rangers,19,1
GB1-2014,233,Brazil,26,Sandro,Queens Park Rangers,17,1
GB1-2014,234,Italy,24,Mario Balotelli,Liverpool FC,16,1
GB1-2014,235,Germany,30,Robert Huth,for 2 clubs,15,1
GB1-2014,236,Scotland,29,Ross Wallace,Burnley FC,15,1
GB1-2014,237,Sweden,32,Jonas Olsson,West Bromwich Albion,13,1
GB1-2014,238,England,19,James Wilson,Manchester United,13,1
GB1-2014,239,Cote d'Ivoire,31,Arouna Koné,Everton FC,12,1
GB1-2014,240,England,26,Scott Sinclair,for 2 clubs,11,1
GB1-2014,241,England,28,Steven Taylor,Newcastle United,10,1
GB1-2014,242,France,29,Mathieu Debuchy,Arsenal FC,10,1
GB1-2014,243,Portugal,29,Varela,West Bromwich Albion,7,1
GB1-2014,244,New Zealand,23,Chris Wood,Leicester City,7,1
GB1-2014,245,Netherlands,26,Siem de Jong,Newcastle United,4,1
GB1-2015,1,England,22,Harry Kane,Tottenham Hotspur,38,25
GB1-2015,2,England,29,Jamie Vardy,Leicester City,36,24
GB1-2015,3,Argentina,27,Sergio Agüero,Manchester City,30,24
GB1-2015,4,Belgium,23,Romelu Lukaku,Everton FC,37,18
GB1-2015,5,Algeria,25,Riyad Mahrez,Leicester City,37,17
GB1-2015,6,France,29,Olivier Giroud,Arsenal FC,38,16
GB1-2015,7,Nigeria,26,Odion Ighalo,Watford FC,37,16
GB1-2015,8,England,33,Jermain Defoe,Sunderland AFC,33,15
GB1-2015,9,England,27,Troy Deeney,Watford FC,38,13
GB1-2015,10,Chile,27,Alexis Sánchez,Arsenal FC,30,13
GB1-2015,11,Spain,27,Diego Costa,Chelsea FC,28,12
GB1-2015,12,Ghana,26,André Ayew,Swansea City,34,12
GB1-2015,13,Senegal,24,Sadio Mané,Southampton FC,37,11
GB1-2015,14,Austria,27,Marko Arnautovic,Stoke City,34,11
GB1-2015,15,Italy,30,Graziano Pellè,Southampton FC,30,11
GB1-2015,16,Netherlands,25,Georginio Wijnaldum,Newcastle United,38,11
GB1-2015,17,Iceland,26,Gylfi Sigurdsson,Swansea City,36,11
GB1-2015,18,France,20,Anthony Martial,Manchester United,31,11
GB1-2015,19,England,20,Dele Alli,Tottenham Hotspur,33,10
GB1-2015,20,Brazil,24,Roberto Firmino,Liverpool FC,31,10
GB1-2015,21,Ireland,29,Shane Long,Southampton FC,28,10
GB1-2015,22,France,29,Dimitri Payet,West Ham United,30,9
GB1-2015,23,Serbia,21,Aleksandar Mitrović,Newcastle United,34,9
GB1-2015,24,Belgium,25,Christian Benteke,Liverpool FC,29,9
GB1-2015,25,Venezuela,26,Salomón Rondón,West Bromwich Albion,34,9
GB1-2015,26,England,27,Andy Carroll,West Ham United,27,9
GB1-2015,27,England,22,Ross Barkley,Everton FC,38,8
GB1-2015,28,England,30,Wayne Rooney,Manchester United,28,8
GB1-2015,29,Brazil,23,Philippe Coutinho,Liverpool FC,26,8
GB1-2015,30,Jamaica,26,Michail Antonio,West Ham United,26,8
GB1-2015,31,Nigeria,19,Kelechi Iheanacho,Manchester City,26,8
GB1-2015,32,England,26,Daniel Sturridge,Liverpool FC,14,8
GB1-2015,33,Serbia,27,Dušan Tadić,Southampton FC,34,7
GB1-2015,34,Belgium,24,Kevin De Bruyne,Manchester City,25,7
GB1-2015,35,England,29,Mark Noble,West Ham United,37,7
GB1-2015,36,Spain,28,Pedro,Chelsea FC,29,7
GB1-2015,37,DR Congo,30,Dieumerci Mbokani,Norwich City,29,7
GB1-2015,38,Spain,25,Bojan Krkic,Stoke City,27,7
GB1-2015,39,Ghana,24,Jordan Ayew,Aston Villa,30,7
GB1-2015,40,Germany,27,Mesut Özil,Arsenal FC,35,6
GB1-2015,41,Denmark,24,Christian Eriksen,Tottenham Hotspur,35,6
GB1-2015,42,Spain,28,Juan Mata,Manchester United,38,6
GB1-2015,43,Cote d'Ivoire,33,Yaya Touré,Manchester City,32,6
GB1-2015,44,Argentina,29,Leonardo Ulloa,Leicester City,29,6
GB1-2015,45,England,22,Nathan Redmond,Norwich City,35,6
GB1-2015,46,Spain,22,Ayoze Pérez,Newcastle United,34,6
GB1-2015,47,Norway,24,Joshua King,AFC Bournemouth,31,6
GB1-2015,48,England,21,Raheem Sterling,Manchester City,31,6
GB1-2015,49,Argentina,23,Manuel Lanzini,West Ham United,26,6
GB1-2015,50,France,30,Bafétimbi Gomis,Swansea City,33,6
GB1-2015,51,England,30,James Milner,Liverpool FC,28,5
GB1-2015,52,Argentina,24,Erik Lamela,Tottenham Hotspur,34,5
GB1-2015,53,Spain,29,Cesc Fàbregas,Chelsea FC,37,5
GB1-2015,54,Brazil,27,Willian,Chelsea FC,35,5
GB1-2015,55,Netherlands,25,Patrick van Aanholt,Sunderland AFC,33,5
GB1-2015,56,Wales,25,Aaron Ramsey,Arsenal FC,31,5
GB1-2015,57,DR Congo,26,Yannick Bolasie,Crystal Palace,26,5
GB1-2015,58,Northern Ireland,31,Steven Davis,Southampton FC,34,5
GB1-2015,59,Ireland,32,Jonathan Walters,Stoke City,27,5
GB1-2015,60,Cote d'Ivoire,32,Arouna Koné,Everton FC,25,5
GB1-2015,61,England,23,Connor Wickham,Crystal Palace,21,5
GB1-2015,62,Senegal,26,Cheikhou Kouyaté,West Ham United,34,5
GB1-2015,63,Benin,27,Rudy Gestede,Aston Villa,32,5
GB1-2015,64,England,27,Theo Walcott,Arsenal FC,28,5
GB1-2015,65,Italy,25,Fabio Borini,Sunderland AFC,26,5
GB1-2015,66,Senegal,26,Diafra Sakho,West Ham United,21,5
GB1-2015,67,England,18,Marcus Rashford,Manchester United,11,5
GB1-2015,68,England,29,Scott Dann,Crystal Palace,35,5
GB1-2015,69,France,30,Yohan Cabaye,Crystal Palace,33,5
GB1-2015,70,Senegal,28,Mame Diouf,Stoke City,26,5
GB1-2015,71,England,29,Aaron Lennon,Everton FC,25,5
GB1-2015,72,Belgium,21,Divock Origi,Liverpool FC,16,5
GB1-2015,73,Japan,30,Shinji Okazaki,Leicester City,36,5
GB1-2015,74,England,24,Callum Wilson,AFC Bournemouth,13,5
GB1-2015,75,Ireland,33,Wes Hoolahan,Norwich City,30,4
GB1-2015,76,Scotland,26,Matt Ritchie,AFC Bournemouth,37,4
GB1-2015,77,England,28,Adam Lallana,Liverpool FC,30,4
GB1-2015,78,Belgium,25,Eden Hazard,Chelsea FC,31,4
GB1-2015,79,Cote d'Ivoire,27,Wilfried Bony,Manchester City,26,4
GB1-2015,80,Belgium,27,Toby Alderweireld,Tottenham Hotspur,38,4
GB1-2015,81,Belgium,28,Kevin Mirallas,Everton FC,23,4
GB1-2015,82,Ecuador,26,Enner Valencia,West Ham United,19,4
GB1-2015,83,England,24,Andros Townsend,for 2 clubs,16,4
GB1-2015,84,England,25,Danny Welbeck,Arsenal FC,11,4
GB1-2015,85,England,25,Steve Cook,AFC Bournemouth,36,4
GB1-2015,86,Argentina,25,Ramiro Funes Mori,Everton FC,28,4
GB1-2015,87,"Korea, South",23,Heung-min Son,Tottenham Hotspur,28,4
GB1-2015,88,England,23,Jesse Lingard,Manchester United,25,4
GB1-2015,89,Scotland,29,Steven Naismith,for 2 clubs,23,4
GB1-2015,90,Spain,26,Joselu,Stoke City,22,4
GB1-2015,91,England,26,Craig Dawson,West Bromwich Albion,38,4
GB1-2015,92,France,30,Laurent Koscielny,Arsenal FC,33,4
GB1-2015,93,Burundi,22,Saido Berahino,West Bromwich Albion,31,4
GB1-2015,94,Scotland,28,Steven Fletcher,Sunderland AFC,16,4
GB1-2015,95,DR Congo,23,Benik Afobe,AFC Bournemouth,15,4
GB1-2015,96,England,26,Danny Drinkwater,Leicester City,35,3
GB1-2015,97,Switzerland,24,Xherdan Shaqiri,Stoke City,27,3
GB1-2015,98,England,29,Charlie Daniels,AFC Bournemouth,37,3
GB1-2015,99,England,27,Jonathan Howson,Norwich City,36,3
GB1-2015,100,Serbia,30,Aleksandar Kolarov,Manchester City,29,3
GB1-2015,101,England,29,Craig Gardner,West Bromwich Albion,34,3
GB1-2015,102,Brazil,24,Oscar,Chelsea FC,27,3
GB1-2015,103,Netherlands,28,Jeremain Lens,Sunderland AFC,20,3
GB1-2015,104,Costa Rica,23,Joel Campbell,Arsenal FC,19,3
GB1-2015,105,Scotland,29,James Morrison,West Bromwich Albion,18,3
GB1-2015,106,England,22,Eric Dier,Tottenham Hotspur,37,3
GB1-2015,107,Ireland,24,Robbie Brady,Norwich City,36,3
GB1-2015,108,England,29,Cameron Jerome,Norwich City,34,3
GB1-2015,109,Belgium,26,Nacer Chadli,Tottenham Hotspur,29,3
GB1-2015,110,Spain,26,Ander Herrera,Manchester United,27,3
GB1-2015,111,England,29,Marc Pugh,AFC Bournemouth,26,3
GB1-2015,112,England,26,Junior Stanislas,AFC Bournemouth,21,3
GB1-2015,113,England,26,Dan Gosling,AFC Bournemouth,34,3
GB1-2015,114,Belgium,28,Mousa Dembélé,Tottenham Hotspur,29,3
GB1-2015,115,England,22,Duncan Watmore,Sunderland AFC,23,3
GB1-2015,116,Germany,31,Robert Huth,Leicester City,35,3
GB1-2015,117,Netherlands,24,Virgil van Dijk,Southampton FC,34,3
GB1-2015,118,Scotland,30,Russell Martin,Norwich City,30,3
GB1-2015,119,Senegal,30,Papiss Demba Cissé,Newcastle United,21,3
GB1-2015,120,England,32,Glenn Murray,for 2 clubs,21,3
GB1-2015,121,England,26,Dwight Gayle,Crystal Palace,16,3
GB1-2015,122,Argentina,28,Mauro Zárate,West Ham United,15,3
GB1-2015,123,Spain,30,David Silva,Manchester City,24,2
GB1-2015,124,Spain,22,Gerard Deulofeu,Everton FC,26,2
GB1-2015,125,England,26,Marc Albrighton,Leicester City,38,2
GB1-2015,126,England,28,Adam Johnson,Sunderland AFC,19,2
GB1-2015,127,Spain,26,César Azpilicueta,Chelsea FC,37,2
GB1-2015,128,England,26,Aaron Cresswell,West Ham United,37,2
GB1-2015,129,England,21,James Ward-Prowse,Southampton FC,33,2
GB1-2015,130,Netherlands,26,Daryl Janmaat,Newcastle United,32,2
GB1-2015,131,England,26,Tom Cleverley,Everton FC,22,2
GB1-2015,132,Brazil,31,Fernandinho,Manchester City,33,2
GB1-2015,133,Ireland,34,Damien Delaney,Crystal Palace,32,2
GB1-2015,134,Netherlands,30,Ibrahim Afellay,Stoke City,31,2
GB1-2015,135,England,29,Jason Puncheon,Crystal Palace,31,2
GB1-2015,136,England,25,Jordan Henderson,Liverpool FC,17,2
GB1-2015,137,France,28,Samir Nasri,Manchester City,12,2
GB1-2015,138,Ireland,27,James McClean,West Bromwich Albion,35,2
GB1-2015,139,Serbia,32,Branislav Ivanovic,Chelsea FC,33,2
GB1-2015,140,Serbia,27,Nemanja Matić,Chelsea FC,33,2
GB1-2015,141,England,26,Ashley Westwood,Aston Villa,32,2
GB1-2015,142,Ireland,25,James McCarthy,Everton FC,29,2
GB1-2015,143,Scotland,28,James McArthur,Crystal Palace,28,2
GB1-2015,144,Benin,31,Stéphane Sessègnon,West Bromwich Albion,25,2
GB1-2015,145,Wales,27,Andy King,Leicester City,25,2
GB1-2015,146,England,31,Leighton Baines,Everton FC,18,2
GB1-2015,147,Nigeria,20,Alex Iwobi,Arsenal FC,13,2
GB1-2015,148,Portugal,32,José Fonte,Southampton FC,37,2
GB1-2015,149,Wales,31,Ashley Williams,Swansea City,36,2
GB1-2015,150,Cote d'Ivoire,23,Wilfried Zaha,Crystal Palace,34,2
GB1-2015,151,England,26,Joel Ward,Crystal Palace,30,2
GB1-2015,152,England,31,Wayne Routledge,Swansea City,28,2
GB1-2015,153,"Korea, South",27,Sung-yueng Ki,Swansea City,28,2
GB1-2015,154,Spain,23,Carles Gil,Aston Villa,23,2
GB1-2015,155,Mali,28,Bakary Sako,Crystal Palace,20,2
GB1-2015,156,Wales,26,Joe Allen,Liverpool FC,19,2
GB1-2015,157,Cote d'Ivoire,27,Lamine Koné,Sunderland AFC,15,2
GB1-2015,158,Tunisia,25,Wahbi Khazri,Sunderland AFC,14,2
GB1-2015,159,Burkina Faso,20,Bertrand Traoré,Chelsea FC,10,2
GB1-2015,160,Jamaica,32,Wes Morgan,Leicester City,38,2
GB1-2015,161,England,33,Joleon Lescott,for 2 clubs,32,2
GB1-2015,162,Switzerland,29,Almen Abdi,Watford FC,32,2
GB1-2015,163,England,24,Adam Smith,AFC Bournemouth,31,2
GB1-2015,164,Netherlands,22,Memphis Depay,Manchester United,29,2
GB1-2015,165,England,27,Scott Sinclair,Aston Villa,27,2
GB1-2015,166,Brazil,28,Fernando,Manchester City,24,2
GB1-2015,167,Norway,29,Alexander Tettey,Norwich City,23,2
GB1-2015,168,England,30,Gary Cahill,Chelsea FC,23,2
GB1-2015,169,Austria,28,Sebastian Prödl,Watford FC,21,2
GB1-2015,170,England,23,Carl Jenkinson,West Ham United,20,2
GB1-2015,171,England,22,Jamaal Lascelles,Newcastle United,18,2
GB1-2015,172,England,26,Fabian Delph,Manchester City,17,2
GB1-2015,173,Belgium,30,Vincent Kompany,Manchester City,14,2
GB1-2015,174,DR Congo,23,Giannelli Imbula,Stoke City,14,2
GB1-2015,175,Brazil,28,Ramires,Chelsea FC,12,2
GB1-2015,176,Italy,26,Alberto Paloschi,Swansea City,10,2
GB1-2015,177,England,23,Danny Ings,Liverpool FC,6,2
GB1-2015,178,France,26,Moussa Sissoko,Newcastle United,37,1
GB1-2015,179,Spain,21,Héctor Bellerín,Arsenal FC,36,1
GB1-2015,180,England,24,Jonjo Shelvey,for 2 clubs,31,1
GB1-2015,181,France,25,Yann M'Vila,Sunderland AFC,37,1
GB1-2015,182,France,25,N'Golo Kanté,Leicester City,37,1
GB1-2015,183,Spain,23,Alberto Moreno,Liverpool FC,32,1
GB1-2015,184,Scotland,32,Darren Fletcher,West Bromwich Albion,38,1
GB1-2015,185,England,25,Kyle Walker,Tottenham Hotspur,33,1
GB1-2015,186,England,26,Ryan Bertrand,Southampton FC,32,1
GB1-2015,187,Curacao,27,Vurnon Anita,Newcastle United,28,1
GB1-2015,188,Ireland,27,Séamus Coleman,Everton FC,28,1
GB1-2015,189,England,25,Danny Rose,Tottenham Hotspur,24,1
GB1-2015,190,Cote d'Ivoire,28,Max Gradel,AFC Bournemouth,14,1
GB1-2015,191,England,26,Jack Cork,Swansea City,35,1
GB1-2015,192,England,20,Jordon Ibe,Liverpool FC,27,1
GB1-2015,193,Sweden,27,Martin Olsson,Norwich City,24,1
GB1-2015,194,Ghana,23,Jeffrey Schlupp,Leicester City,24,1
GB1-2015,195,The Gambia,23,Modou Barrow,Swansea City,22,1
GB1-2015,196,Nigeria,25,Victor Moses,for 2 clubs,21,1
GB1-2015,197,England,30,Ashley Young,Manchester United,18,1
GB1-2015,198,England,29,Gabriel Agbonlahor,Aston Villa,15,1
GB1-2015,199,Croatia,30,Nikica Jelavic,West Ham United,13,1
GB1-2015,200,Netherlands,26,Daley Blind,Manchester United,35,1
GB1-2015,201,England,30,Ben Watson,Watford FC,35,1
GB1-2015,202,Argentina,27,Federico Fernández,Swansea City,32,1
GB1-2015,203,Northern Ireland,28,Jonny Evans,West Bromwich Albion,30,1
GB1-2015,204,Kenya,24,Victor Wanyama,Southampton FC,30,1
GB1-2015,205,England,26,Jack Colback,Newcastle United,29,1
GB1-2015,206,Sweden,33,Jonas Olsson,West Bromwich Albion,28,1
GB1-2015,207,England,35,John Terry,Chelsea FC,24,1
GB1-2015,208,England,27,Micah Richards,Aston Villa,24,1
GB1-2015,209,New Zealand,27,Winston Reid,West Ham United,24,1
GB1-2015,210,England,29,Matt Jarvis,for 2 clubs,22,1
GB1-2015,211,Scotland,30,Charlie Adam,Stoke City,22,1
GB1-2015,212,England,34,Rickie Lambert,West Bromwich Albion,19,1
GB1-2015,213,Germany,31,Bastian Schweinsteiger,Manchester United,18,1
GB1-2015,214,Curacao,26,Cuco Martina,Southampton FC,15,1
GB1-2015,215,England,28,Nathan Dyer,for 2 clubs,13,1
GB1-2015,216,England,20,Ruben Loftus-Cheek,Chelsea FC,13,1
GB1-2015,217,Togo,32,Emmanuel Adebayor,Crystal Palace,12,1
GB1-2015,218,Jamaica,20,Rolando Aarons,Newcastle United,10,1
GB1-2015,219,England,25,Kieran Trippier,Tottenham Hotspur,6,1
GB1-2015,220,Northern Ireland,27,Craig Cathcart,Watford FC,35,1
GB1-2015,221,Northern Ireland,36,Gareth McAuley,West Bromwich Albion,34,1
GB1-2015,222,England,25,Nathaniel Clyne,Liverpool FC,33,1
GB1-2015,223,Cameroon,29,Sébastien Bassong,Norwich City,32,1
GB1-2015,224,Curacao,24,Leandro Bacuna,Aston Villa,31,1
GB1-2015,225,Argentina,28,Nicolás Otamendi,Manchester City,30,1
GB1-2015,226,Germany,22,Emre Can,Liverpool FC,30,1
GB1-2015,227,France,26,Morgan Schneiderlin,Manchester United,29,1
GB1-2015,228,Spain,24,Oriol Romeu,Southampton FC,29,1
GB1-2015,229,Italy,26,Matteo Darmian,Manchester United,28,1
GB1-2015,230,Argentina,34,Fabricio Coloccini,Newcastle United,26,1
GB1-2015,231,England,29,Billy Jones,Sunderland AFC,24,1
GB1-2015,232,Netherlands,21,Nathan Aké,Watford FC,24,1
GB1-2015,233,France,21,Kurt Zouma,Chelsea FC,23,1
GB1-2015,234,Wales,24,Paul Dummett,Newcastle United,23,1
GB1-2015,235,Slovakia,31,Martin Skrtel,Liverpool FC,22,1
GB1-2015,236,France,26,Mamadou Sakho,Liverpool FC,22,1
GB1-2015,237,England,25,Jack Rodwell,Sunderland AFC,22,1
GB1-2015,238,England,24,Ryan Mason,Tottenham Hotspur,22,1
GB1-2015,239,England,22,Alex Oxlade-Chamberlain,Arsenal FC,22,1
GB1-2015,240,Jamaica,28,Lewis Grabban,for 2 clubs,21,1
GB1-2015,241,Ireland,26,Harry Arter,AFC Bournemouth,21,1
GB1-2015,242,Brazil,25,Gabriel Paulista,Arsenal FC,21,1
GB1-2015,243,Japan,27,Maya Yoshida,Southampton FC,20,1
GB1-2015,244,Wales,29,Joe Ledley,Crystal Palace,19,1
GB1-2015,245,England,23,Tom Carroll,Tottenham Hotspur,19,1
GB1-2015,246,Belgium,28,Marouane Fellaini,Manchester United,18,1
GB1-2015,247,Ireland,26,Ciaran Clark,Aston Villa,18,1
GB1-2015,248,England,20,Jack Grealish,Aston Villa,16,1
GB1-2015,249,England,26,Kieran Gibbs,Arsenal FC,15,1
GB1-2015,250,Cote d'Ivoire,35,Kolo Touré,Liverpool FC,14,1
GB1-2015,251,Brazil,20,Kenedy,Chelsea FC,14,1
GB1-2015,252,France,29,Loïc Rémy,Chelsea FC,13,1
GB1-2015,253,"Korea, South",27,Chung-yong Lee,Crystal Palace,13,1
GB1-2015,254,England,28,Tommy Elphick,AFC Bournemouth,12,1
GB1-2015,255,Belgium,27,Ritchie De Laet,Leicester City,12,1
GB1-2015,256,Greece,31,Jose Cholevas,Watford FC,11,1
GB1-2015,257,Senegal,31,Dame N'Doye,Sunderland AFC,11,1
GB1-2015,258,Colombia,30,Radamel Falcao,Chelsea FC,10,1
GB1-2015,259,Switzerland,27,Timm Klose,Norwich City,10,1
GB1-2015,260,Scotland,31,Steven Whittaker,Norwich City,8,1
GB1-2015,261,England,26,Charlie Austin,Southampton FC,7,1
GB1-2015,262,Belgium,21,Adnan Januzaj,Manchester United,5,1
GB1-2015,263,Mali,27,Modibo Maïga,West Ham United,3,1
GB1-2015,264,Mexico,27,Miguel Layún,Watford FC,3,1
GB1-2015,265,Brazil,26,Alexandre Pato,Chelsea FC,2,1
GB1-2016,1,England,23,Harry Kane,Tottenham Hotspur,30,29
GB1-2016,2,Belgium,24,Romelu Lukaku,Everton FC,37,25
GB1-2016,3,Chile,28,Alexis Sánchez,Arsenal FC,38,24
GB1-2016,4,Spain,28,Diego Costa,Chelsea FC,35,20
GB1-2016,5,Argentina,28,Sergio Agüero,Manchester City,31,20
GB1-2016,6,England,21,Dele Alli,Tottenham Hotspur,37,18
GB1-2016,7,Sweden,35,Zlatan Ibrahimović,Manchester United,28,17
GB1-2016,8,Belgium,26,Eden Hazard,Chelsea FC,36,16
GB1-2016,9,Norway,25,Joshua King,AFC Bournemouth,36,16
GB1-2016,10,England,34,Jermain Defoe,Sunderland AFC,37,15
GB1-2016,11,Belgium,26,Christian Benteke,Crystal Palace,36,15
GB1-2016,12,Spain,32,Fernando Llorente,Swansea City,33,15
GB1-2016,13,"Korea, South",24,Heung-min Son,Tottenham Hotspur,34,14
GB1-2016,14,Brazil,24,Philippe Coutinho,Liverpool FC,31,13
GB1-2016,15,England,30,Jamie Vardy,Leicester City,35,13
GB1-2016,16,Senegal,24,Sadio Mané,Liverpool FC,27,13
GB1-2016,17,France,30,Olivier Giroud,Arsenal FC,29,12
GB1-2016,18,Brazil,25,Roberto Firmino,Liverpool FC,35,11
GB1-2016,19,England,28,Troy Deeney,Watford FC,37,10
GB1-2016,20,Wales,27,Sam Vokes,Burnley FC,37,10
GB1-2016,21,England,28,Theo Walcott,Arsenal FC,28,10
GB1-2016,22,Iceland,27,Gylfi Sigurdsson,Swansea City,38,9
GB1-2016,23,Spain,29,Pedro,Chelsea FC,35,9
GB1-2016,24,Spain,31,Álvaro Negredo,Middlesbrough FC,36,9
GB1-2016,25,Jamaica,27,Michail Antonio,West Ham United,29,9
GB1-2016,26,Jamaica,25,Andre Gray,Burnley FC,32,9
GB1-2016,27,Denmark,25,Christian Eriksen,Tottenham Hotspur,36,8
GB1-2016,28,Germany,28,Mesut Özil,Arsenal FC,33,8
GB1-2016,29,England,29,Adam Lallana,Liverpool FC,31,8
GB1-2016,30,Venezuela,27,Salomón Rondón,West Bromwich Albion,38,8
GB1-2016,31,Argentina,24,Manuel Lanzini,West Ham United,35,8
GB1-2016,32,Brazil,28,Willian,Chelsea FC,34,8
GB1-2016,33,Cote d'Ivoire,24,Wilfried Zaha,Crystal Palace,35,7
GB1-2016,34,England,22,Raheem Sterling,Manchester City,33,7
GB1-2016,35,Scotland,29,Robert Snodgrass,for 2 clubs,35,7
GB1-2016,36,England,27,Junior Stanislas,AFC Bournemouth,21,7
GB1-2016,37,Algeria,28,Islam Slimani,Leicester City,23,7
GB1-2016,38,Brazil,20,Gabriel Jesus,Manchester City,10,7
GB1-2016,39,England,31,James Milner,Liverpool FC,36,7
GB1-2016,40,Belgium,22,Divock Origi,Liverpool FC,34,7
GB1-2016,41,England,36,Peter Crouch,Stoke City,27,7
GB1-2016,42,France,28,Étienne Capoue,Watford FC,37,7
GB1-2016,43,England,23,Nathan Redmond,Southampton FC,37,7
GB1-2016,44,England,28,Andy Carroll,West Ham United,18,7
GB1-2016,45,Belgium,25,Kevin De Bruyne,Manchester City,36,6
GB1-2016,46,Netherlands,26,Georginio Wijnaldum,Liverpool FC,36,6
GB1-2016,47,Austria,28,Marko Arnautovic,Stoke City,32,6
GB1-2016,48,Algeria,26,Riyad Mahrez,Leicester City,36,6
GB1-2016,49,DR Congo,24,Benik Afobe,AFC Bournemouth,31,6
GB1-2016,50,Spain,26,Marcos Alonso,Chelsea FC,31,6
GB1-2016,51,Spain,29,Juan Mata,Manchester United,25,6
GB1-2016,52,Ghana,27,André Ayew,West Ham United,25,6
GB1-2016,53,Wales,27,Joe Allen,Stoke City,36,6
GB1-2016,54,Netherlands,27,Leroy Fer,Swansea City,34,6
GB1-2016,55,England,27,Ashley Barnes,Burnley FC,28,6
GB1-2016,56,Northern Ireland,37,Gareth McAuley,West Bromwich Albion,36,6
GB1-2016,57,England,27,Charlie Austin,Southampton FC,15,6
GB1-2016,58,England,31,Gary Cahill,Chelsea FC,37,6
GB1-2016,59,England,24,Callum Wilson,AFC Bournemouth,20,6
GB1-2016,60,Spain,30,Cesc Fàbregas,Chelsea FC,29,5
GB1-2016,61,England,23,Ross Barkley,Everton FC,36,5
GB1-2016,62,Belgium,27,Nacer Chadli,West Bromwich Albion,31,5
GB1-2016,63,England,31,Wayne Rooney,Manchester United,25,5
GB1-2016,64,France,24,Paul Pogba,Manchester United,30,5
GB1-2016,65,Germany,21,Leroy Sané,Manchester City,26,5
GB1-2016,66,Scotland,29,James McArthur,Crystal Palace,29,5
GB1-2016,67,Germany,23,Emre Can,Liverpool FC,32,5
GB1-2016,68,England,19,Marcus Rashford,Manchester United,32,5
GB1-2016,69,Scotland,30,James Morrison,West Bromwich Albion,31,5
GB1-2016,70,England,27,Jay Rodríguez,Southampton FC,24,5
GB1-2016,71,Netherlands,26,Patrick van Aanholt,for 2 clubs,32,5
GB1-2016,72,Belgium,23,Michy Batshuayi,Chelsea FC,20,5
GB1-2016,73,Cote d'Ivoire,34,Yaya Touré,Manchester City,25,5
GB1-2016,74,Spain,31,David Silva,Manchester City,34,4
GB1-2016,75,Scotland,26,Matt Phillips,West Bromwich Albion,27,4
GB1-2016,76,Belgium,29,Kevin Mirallas,Everton FC,35,4
GB1-2016,77,France,21,Anthony Martial,Manchester United,25,4
GB1-2016,78,England,22,James Ward-Prowse,Southampton FC,30,4
GB1-2016,79,England,30,Charlie Daniels,AFC Bournemouth,34,4
GB1-2016,80,France,31,Yohan Cabaye,Crystal Palace,32,4
GB1-2016,81,Ireland,28,Séamus Coleman,Everton FC,26,4
GB1-2016,82,Uruguay,26,Abel Hernández,Hull City,24,4
GB1-2016,83,Nigeria,20,Kelechi Iheanacho,Manchester City,20,4
GB1-2016,84,Ireland,33,Jonathan Walters,Stoke City,23,4
GB1-2016,85,Switzerland,25,Xherdan Shaqiri,Stoke City,21,4
GB1-2016,86,Spain,30,Nolito,Manchester City,19,4
GB1-2016,87,England,27,Craig Dawson,West Bromwich Albion,37,4
GB1-2016,88,Kenya,25,Victor Wanyama,Tottenham Hotspur,36,4
GB1-2016,89,Armenia,28,Henrikh Mkhitaryan,Manchester United,24,4
GB1-2016,90,Senegal,27,Oumar Niasse,Hull City,17,4
GB1-2016,91,Netherlands,26,Marten de Roon,Middlesbrough FC,33,4
GB1-2016,92,England,23,Alfie Mawson,Swansea City,27,4
GB1-2016,93,Uruguay,30,Cristhian Stuani,Middlesbrough FC,23,4
GB1-2016,94,Italy,27,Stefano Okaka,Watford FC,19,4
GB1-2016,95,Italy,25,Manolo Gabbiadini,Southampton FC,11,4
GB1-2016,96,England,25,Andros Townsend,Crystal Palace,36,3
GB1-2016,97,Serbia,28,Dušan Tadić,Southampton FC,33,3
GB1-2016,98,Scotland,23,Ryan Fraser,AFC Bournemouth,28,3
GB1-2016,99,Northern Ireland,32,Chris Brunt,West Bromwich Albion,31,3
GB1-2016,100,Nigeria,26,Victor Moses,Chelsea FC,34,3
GB1-2016,101,Nigeria,21,Alex Iwobi,Arsenal FC,26,3
GB1-2016,102,Algeria,27,Sofiane Feghouli,West Ham United,21,3
GB1-2016,103,England,26,Sam Clucas,Hull City,37,3
GB1-2016,104,Ireland,30,Shane Long,Southampton FC,32,3
GB1-2016,105,Japan,31,Shinji Okazaki,Leicester City,30,3
GB1-2016,106,Wales,28,Hal Robson-Kanu,West Bromwich Albion,29,3
GB1-2016,107,England,34,Phil Jagielka,Everton FC,27,3
GB1-2016,108,England,32,Wayne Routledge,Swansea City,27,3
GB1-2016,109,Ecuador,27,Enner Valencia,for 2 clubs,24,3
GB1-2016,110,England,30,Scott Dann,Crystal Palace,23,3
GB1-2016,111,England,27,Daniel Sturridge,Liverpool FC,20,3
GB1-2016,112,Netherlands,22,Nathan Aké,for 2 clubs,12,3
GB1-2016,113,Germany,26,İlkay Gündoğan,Manchester City,10,3
GB1-2016,114,England,29,Mark Noble,West Ham United,30,3
GB1-2016,115,England,28,James Tomkins,Crystal Palace,24,3
GB1-2016,116,England,33,Michael Dawson,Hull City,22,3
GB1-2016,117,Nigeria,29,Victor Anichebe,Sunderland AFC,18,3
GB1-2016,118,Belgium,31,Vincent Kompany,Manchester City,11,3
GB1-2016,119,Spain,26,Bojan Krkic,Stoke City,9,3
GB1-2016,120,England,23,Alex Oxlade-Chamberlain,Arsenal FC,29,2
GB1-2016,121,England,27,Marc Albrighton,Leicester City,33,2
GB1-2016,122,France,29,Dimitri Payet,West Ham United,18,2
GB1-2016,123,Austria,31,Christian Fuchs,Leicester City,36,2
GB1-2016,124,Greece,32,Jose Cholevas,Watford FC,33,2
GB1-2016,125,England,27,Ryan Bertrand,Southampton FC,28,2
GB1-2016,126,Scotland,33,Darren Fletcher,West Bromwich Albion,38,2
GB1-2016,127,England,32,Leighton Baines,Everton FC,32,2
GB1-2016,128,New Zealand,28,Winston Reid,West Ham United,30,2
GB1-2016,129,Uruguay,26,Gastón Ramírez,Middlesbrough FC,24,2
GB1-2016,130,England,18,Tom Davies,Everton FC,24,2
GB1-2016,131,Germany,32,Robert Huth,Leicester City,33,2
GB1-2016,132,Switzerland,24,Granit Xhaka,Arsenal FC,32,2
GB1-2016,133,England,24,Harry Maguire,Hull City,29,2
GB1-2016,134,Netherlands,22,Vincent Janssen,Tottenham Hotspur,27,2
GB1-2016,135,Germany,25,Shkodran Mustafi,Arsenal FC,26,2
GB1-2016,136,England,30,Marc Pugh,AFC Bournemouth,21,2
GB1-2016,137,England,26,Danny Rose,Tottenham Hotspur,18,2
GB1-2016,138,Italy,29,Andrea Ranocchia,Hull City,16,2
GB1-2016,139,England,26,Danny Welbeck,Arsenal FC,16,2
GB1-2016,140,Senegal,22,M'Baye Niang,Watford FC,16,2
GB1-2016,141,Argentina,25,Roberto Pereyra,Watford FC,13,2
GB1-2016,142,Spain,31,Santi Cazorla,Arsenal FC,8,2
GB1-2016,143,England,26,Steve Cook,AFC Bournemouth,38,2
GB1-2016,144,Scotland,31,George Boyd,Burnley FC,36,2
GB1-2016,145,England,24,Michael Keane,Burnley FC,35,2
GB1-2016,146,England,36,Gareth Barry,Everton FC,33,2
GB1-2016,147,Brazil,32,Fernandinho,Manchester City,32,2
GB1-2016,148,Ireland,25,Jeff Hendrick,Burnley FC,32,2
GB1-2016,149,Northern Ireland,29,Jonny Evans,West Bromwich Albion,31,2
GB1-2016,150,Croatia,27,Dejan Lovren,Liverpool FC,29,2
GB1-2016,151,Netherlands,27,Daryl Janmaat,Watford FC,27,2
GB1-2016,152,England,22,Calum Chambers,for 2 clubs,25,2
GB1-2016,153,Nigeria,20,Wilfred Ndidi,Leicester City,17,2
GB1-2016,154,England,23,Eric Dier,Tottenham Hotspur,36,2
GB1-2016,155,France,31,Laurent Koscielny,Arsenal FC,33,2
GB1-2016,156,England,27,Dan Gosling,AFC Bournemouth,27,2
GB1-2016,157,Italy,26,Fabio Borini,Sunderland AFC,24,2
GB1-2016,158,France,31,Younès Kaboul,for 2 clubs,23,2
GB1-2016,159,Wales,33,James Collins,West Ham United,22,2
GB1-2016,160,Norway,27,Adama Diomande,Hull City,22,2
GB1-2016,161,Nigeria,24,Ahmed Musa,Leicester City,21,2
GB1-2016,162,Belgium,26,Christian Kabasele,Watford FC,16,2
GB1-2016,163,Sweden,29,Martin Olsson,Swansea City,15,2
GB1-2016,164,Serbia,26,Luka Milivojevic,Crystal Palace,14,2
GB1-2016,165,Serbia,23,Lazar Markovic,Hull City,12,2
GB1-2016,166,Cote d'Ivoire,28,Wilfried Bony,Stoke City,10,2
GB1-2016,167,England,23,Connor Wickham,Crystal Palace,8,2
GB1-2016,168,Serbia,28,Nemanja Matić,Chelsea FC,35,1
GB1-2016,169,Spain,27,Ander Herrera,Manchester United,31,1
GB1-2016,170,England,26,Adam Smith,AFC Bournemouth,36,1
GB1-2016,171,Wales,26,Aaron Ramsey,Arsenal FC,23,1
GB1-2016,172,Spain,27,César Azpilicueta,Chelsea FC,38,1
GB1-2016,173,Ireland,27,Harry Arter,AFC Bournemouth,35,1
GB1-2016,174,Spain,22,Héctor Bellerín,Arsenal FC,33,1
GB1-2016,175,England,26,Jordan Henderson,Liverpool FC,24,1
GB1-2016,176,DR Congo,27,Yannick Bolasie,for 2 clubs,14,1
GB1-2016,177,Wales,32,Ashley Williams,Everton FC,36,1
GB1-2016,178,England,32,Stewart Downing,Middlesbrough FC,30,1
GB1-2016,179,Jamaica,20,Demarai Gray,Leicester City,30,1
GB1-2016,180,Ecuador,31,Antonio Valencia,Manchester United,28,1
GB1-2016,181,Scotland,31,Charlie Adam,Stoke City,24,1
GB1-2016,182,Wales,24,Ben Davies,Tottenham Hotspur,23,1
GB1-2016,183,Belgium,29,Steven Defour,Burnley FC,21,1
GB1-2016,184,Ghana,25,Jordan Ayew,Swansea City,14,1
GB1-2016,185,Ireland,28,James McClean,West Bromwich Albion,34,1
GB1-2016,186,Scotland,23,Andrew Robertson,Hull City,33,1
GB1-2016,187,Belgium,29,Mousa Dembélé,Tottenham Hotspur,30,1
GB1-2016,188,Senegal,29,Mame Diouf,Stoke City,27,1
GB1-2016,189,Uruguay,31,Miguel Britos,Watford FC,27,1
GB1-2016,190,England,24,Jesse Lingard,Manchester United,25,1
GB1-2016,191,Netherlands,27,Daley Blind,Manchester United,23,1
GB1-2016,192,England,32,Dean Marney,Burnley FC,21,1
GB1-2016,193,Iceland,26,Jóhann Berg Gudmundsson,Burnley FC,20,1
GB1-2016,194,England,24,Tom Carroll,for 2 clubs,18,1
GB1-2016,195,Ireland,25,Robbie Brady,Burnley FC,14,1
GB1-2016,196,Scotland,34,Shaun Maloney,Hull City,9,1
GB1-2016,197,England,24,Ben Gibson,Middlesbrough FC,38,1
GB1-2016,198,Ireland,31,Stephen Ward,Burnley FC,37,1
GB1-2016,199,England,27,Jake Livermore,for 2 clubs,37,1
GB1-2016,200,England,29,Ryan Shawcross,Stoke City,35,1
GB1-2016,201,Spain,25,Oriol Romeu,Southampton FC,35,1
GB1-2016,202,France,26,N'Golo Kanté,Chelsea FC,35,1
GB1-2016,203,Austria,29,Sebastian Prödl,Watford FC,33,1
GB1-2016,204,Senegal,27,Idrissa Gueye,Everton FC,33,1
GB1-2016,205,Argentina,29,Nicolás Otamendi,Manchester City,30,1
GB1-2016,206,Serbia,31,Aleksandar Kolarov,Manchester City,29,1
GB1-2016,207,England,27,Danny Drinkwater,Leicester City,29,1
GB1-2016,208,Ghana,22,Daniel Amartey,Leicester City,24,1
GB1-2016,209,Equatorial Guinea,24,Pedro Obiang,West Ham United,22,1
GB1-2016,210,England,21,Harry Winks,Tottenham Hotspur,21,1
GB1-2016,211,Argentina,32,Pablo Zabaleta,Manchester City,20,1
GB1-2016,212,Nigeria,21,Isaac Success,Watford FC,19,1
GB1-2016,213,Nigeria,27,Odion Ighalo,Watford FC,18,1
GB1-2016,214,England,27,Chris Smalling,Manchester United,18,1
GB1-2016,215,Netherlands,25,Jordy Clasie,Southampton FC,16,1
GB1-2016,216,Ireland,26,James McCarthy,Everton FC,12,1
GB1-2016,217,Argentina,24,Erik Lamela,Tottenham Hotspur,9,1
GB1-2016,218,Netherlands,24,Mike van der Hoorn,Swansea City,8,1
GB1-2016,219,Netherlands,25,Bruno Martins Indi,Stoke City,35,1
GB1-2016,220,England,27,Ben Mee,Burnley FC,34,1
GB1-2016,221,Brazil,30,David Luiz,Chelsea FC,33,1
GB1-2016,222,England,30,Tom Huddlestone,Hull City,31,1
GB1-2016,223,Canada,28,Scott Arfield,Burnley FC,31,1
GB1-2016,224,England,28,Kyle Naughton,Swansea City,31,1
GB1-2016,225,Senegal,27,Cheikhou Kouyaté,West Ham United,31,1
GB1-2016,226,Gabon,22,Didier Ndong,Sunderland AFC,31,1
GB1-2016,227,Belgium,28,Toby Alderweireld,Tottenham Hotspur,30,1
GB1-2016,228,Cote d'Ivoire,28,Lamine Koné,Sunderland AFC,30,1
GB1-2016,229,Cameroon,25,Joël Matip,Liverpool FC,29,1
GB1-2016,230,Belgium,29,Marouane Fellaini,Manchester United,28,1
GB1-2016,231,Jamaica,33,Wes Morgan,Leicester City,27,1
GB1-2016,232,England,30,Billy Jones,Sunderland AFC,27,1
GB1-2016,233,France,31,Gaël Clichy,Manchester City,25,1
GB1-2016,234,Morocco,23,Sofiane Boufal,Southampton FC,24,1
GB1-2016,235,Wales,28,Andy King,Leicester City,23,1
GB1-2016,236,Japan,28,Maya Yoshida,Southampton FC,23,1
GB1-2016,237,Colombia,31,Camilo Zúñiga,Watford FC,21,1
GB1-2016,238,Argentina,27,Marcos Rojo,Manchester United,21,1
GB1-2016,239,Tunisia,26,Wahbi Khazri,Sunderland AFC,21,1
GB1-2016,240,Netherlands,25,Virgil van Dijk,Southampton FC,21,1
GB1-2016,241,Ireland,27,David Meyler,Hull City,20,1
GB1-2016,242,Mali,24,Abdoulaye Doucouré,Watford FC,20,1
GB1-2016,243,Spain,23,Javier Manquillo,Sunderland AFC,20,1
GB1-2016,244,Wales,30,Joe Ledley,Crystal Palace,18,1
GB1-2016,245,Spain,34,Ángel Rangel,Swansea City,18,1
GB1-2016,246,Spain,24,Borja Bastón,Swansea City,18,1
GB1-2016,247,France,27,Morgan Schneiderlin,for 2 clubs,17,1
GB1-2016,248,Benin,28,Rudy Gestede,Middlesbrough FC,16,1
GB1-2016,249,Argentina,30,Leonardo Ulloa,Leicester City,16,1
GB1-2016,250,England,25,Ryan Mason,for 2 clubs,16,1
GB1-2016,251,Argentina,23,Jonathan Calleri,West Ham United,16,1
GB1-2016,252,Senegal,27,Alfred N'Diaye,Hull City,15,1
GB1-2016,253,England,34,Joey Barton,Burnley FC,14,1
GB1-2016,254,Spain,26,Daniel Ayala,Middlesbrough FC,14,1
GB1-2016,255,England,23,Patrick Bamford,for 2 clubs,14,1
GB1-2016,256,England,31,Grant Leadbitter,Middlesbrough FC,13,1
GB1-2016,257,England,29,Fraizer Campbell,Crystal Palace,12,1
GB1-2016,258,England,20,Ben Chilwell,Leicester City,12,1
GB1-2016,259,Spain,28,Lucas Pérez,Arsenal FC,11,1
GB1-2016,260,England,20,Dominic Calvert-Lewin,Everton FC,11,1
GB1-2016,261,Spain,25,Marc Muniesa,Stoke City,10,1
GB1-2016,262,England,36,John Terry,Chelsea FC,9,1
GB1-2016,263,Nigeria,19,Ademola Lookman,Everton FC,8,1
GB1-2016,264,England,27,Fabian Delph,Manchester City,7,1
GB1-2016,265,Senegal,27,Diafra Sakho,West Ham United,4,1
GB1-2016,266,England,22,Matthew Pennington,Everton FC,3,1
GB1-2016,267,England,21,Josh Harrop,Manchester United,1,1
GB1-2017,1,Egypt,25,Mohamed Salah,Liverpool FC,36,32
GB1-2017,2,England,24,Harry Kane,Tottenham Hotspur,37,30
GB1-2017,3,Argentina,29,Sergio Agüero,Manchester City,25,21
GB1-2017,4,England,31,Jamie Vardy,Leicester City,37,20
GB1-2017,5,England,23,Raheem Sterling,Manchester City,33,18
GB1-2017,6,Belgium,24,Romelu Lukaku,Manchester United,34,16
GB1-2017,7,Brazil,26,Roberto Firmino,Liverpool FC,37,15
GB1-2017,8,France,26,Alexandre Lacazette,Arsenal FC,32,14
GB1-2017,9,Brazil,21,Gabriel Jesus,Manchester City,29,13
GB1-2017,10,Algeria,27,Riyad Mahrez,Leicester City,36,12
GB1-2017,11,"Korea, South",25,Heung-min Son,Tottenham Hotspur,37,12
GB1-2017,12,Belgium,27,Eden Hazard,Chelsea FC,34,12
GB1-2017,13,England,34,Glenn Murray,Brighton & Hove Albion,35,12
GB1-2017,14,Austria,29,Marko Arnautovic,West Ham United,31,11
GB1-2017,15,Spain,25,Álvaro Morata,Chelsea FC,31,11
GB1-2017,16,Germany,22,Leroy Sané,Manchester City,32,10
GB1-2017,17,Denmark,26,Christian Eriksen,Tottenham Hotspur,37,10
GB1-2017,18,Senegal,26,Sadio Mané,Liverpool FC,29,10
GB1-2017,19,Gabon,28,Pierre-Emerick Aubameyang,Arsenal FC,13,10
GB1-2017,20,England,32,Wayne Rooney,Everton FC,31,10
GB1-2017,21,Serbia,27,Luka Milivojevic,Crystal Palace,36,10
GB1-2017,22,New Zealand,26,Chris Wood,Burnley FC,24,10
GB1-2017,23,Spain,32,David Silva,Manchester City,29,9
GB1-2017,24,England,22,Dele Alli,Tottenham Hotspur,36,9
GB1-2017,25,Chile,29,Alexis Sánchez,for 2 clubs,31,9
GB1-2017,26,France,22,Anthony Martial,Manchester United,30,9
GB1-2017,27,Cote d'Ivoire,25,Wilfried Zaha,Crystal Palace,29,9
GB1-2017,28,England,28,Ashley Barnes,Burnley FC,36,9
GB1-2017,29,Belgium,26,Kevin De Bruyne,Manchester City,37,8
GB1-2017,30,Switzerland,26,Xherdan Shaqiri,Stoke City,36,8
GB1-2017,31,England,25,Jesse Lingard,Manchester United,33,8
GB1-2017,32,Spain,24,Ayoze Pérez,Newcastle United,36,8
GB1-2017,33,Norway,26,Joshua King,AFC Bournemouth,33,8
GB1-2017,34,England,26,Callum Wilson,AFC Bournemouth,28,8
GB1-2017,35,Senegal,28,Oumar Niasse,Everton FC,22,8
GB1-2017,36,Mexico,29,Chicharito,West Ham United,28,8
GB1-2017,37,Germany,26,Pascal Groß,Brighton & Hove Albion,38,7
GB1-2017,38,Wales,27,Aaron Ramsey,Arsenal FC,24,7
GB1-2017,39,Brazil,25,Philippe Coutinho,Liverpool FC,14,7
GB1-2017,40,England,20,Marcus Rashford,Manchester United,35,7
GB1-2017,41,Mali,25,Abdoulaye Doucouré,Watford FC,37,7
GB1-2017,42,Venezuela,28,Salomón Rondón,West Bromwich Albion,36,7
GB1-2017,43,Ghana,26,Jordan Ayew,Swansea City,36,7
GB1-2017,44,Spain,27,Marcos Alonso,Chelsea FC,33,7
GB1-2017,45,England,28,Jay Rodríguez,West Bromwich Albion,37,7
GB1-2017,46,France,31,Olivier Giroud,for 2 clubs,29,7
GB1-2017,47,Benin,23,Steve Mounié,Huddersfield Town,28,7
GB1-2017,48,England,28,Charlie Austin,Southampton FC,24,7
GB1-2017,49,France,25,Paul Pogba,Manchester United,27,6
GB1-2017,50,Brazil,29,Willian,Chelsea FC,36,6
GB1-2017,51,Portugal,23,Bernardo Silva,Manchester City,35,6
GB1-2017,52,Serbia,29,Dušan Tadić,Southampton FC,36,6
GB1-2017,53,England,28,Dwight Gayle,Newcastle United,35,6
GB1-2017,54,Senegal,30,Mame Diouf,Stoke City,35,6
GB1-2017,55,Japan,31,Shinji Okazaki,Leicester City,27,6
GB1-2017,56,Belgium,29,Laurent Depoitre,Huddersfield Town,33,6
GB1-2017,57,Argentina,25,Manuel Lanzini,West Ham United,27,5
GB1-2017,58,Cameroon,28,Eric-Maxim Choupo-Moting,Stoke City,30,5
GB1-2017,59,Brazil,21,Richarlison,Watford FC,38,5
GB1-2017,60,Brazil,33,Fernandinho,Manchester City,34,5
GB1-2017,61,Argentina,27,Roberto Pereyra,Watford FC,32,5
GB1-2017,62,Colombia,25,José Izquierdo,Brighton & Hove Albion,32,5
GB1-2017,63,Jamaica,26,Andre Gray,Watford FC,31,5
GB1-2017,64,Scotland,24,Ryan Fraser,AFC Bournemouth,26,5
GB1-2017,65,England,37,Peter Crouch,Stoke City,31,5
GB1-2017,66,England,29,Troy Deeney,Watford FC,29,5
GB1-2017,67,Spain,32,Nacho Monreal,Arsenal FC,28,5
GB1-2017,68,England,27,Danny Welbeck,Arsenal FC,28,5
GB1-2017,69,England,28,Junior Stanislas,AFC Bournemouth,19,5
GB1-2017,70,Scotland,30,James McArthur,Crystal Palace,33,5
GB1-2017,71,England,20,Tammy Abraham,Swansea City,31,5
GB1-2017,72,Netherlands,27,Patrick van Aanholt,Crystal Palace,28,5
GB1-2017,73,Italy,26,Manolo Gabbiadini,Southampton FC,28,5
GB1-2017,74,Türkiye,26,Cenk Tosun,Everton FC,14,5
GB1-2017,75,Germany,29,Mesut Özil,Arsenal FC,26,4
GB1-2017,76,England,21,Dominic Calvert-Lewin,Everton FC,32,4
GB1-2017,77,Australia,27,Aaron Mooy,Huddersfield Town,36,4
GB1-2017,78,Iceland,28,Gylfi Sigurdsson,Everton FC,27,4
GB1-2017,79,Spain,30,Pedro,Chelsea FC,31,4
GB1-2017,80,Wales,28,Sam Vokes,Burnley FC,30,4
GB1-2017,81,Germany,27,İlkay Gündoğan,Manchester City,30,4
GB1-2017,82,Spain,28,Joselu,Newcastle United,30,4
GB1-2017,83,England,35,Jermain Defoe,AFC Bournemouth,24,4
GB1-2017,84,Argentina,30,Nicolás Otamendi,Manchester City,34,4
GB1-2017,85,England,31,Mark Noble,West Ham United,29,4
GB1-2017,86,England,28,Chris Smalling,Manchester United,29,4
GB1-2017,87,Belgium,30,Marouane Fellaini,Manchester United,16,4
GB1-2017,88,Armenia,29,Henrikh Mkhitaryan,for 2 clubs,26,3
GB1-2017,89,England,24,Alex Oxlade-Chamberlain,for 2 clubs,35,3
GB1-2017,90,Scotland,28,Matt Ritchie,Newcastle United,35,3
GB1-2017,91,Belgium,27,Christian Benteke,Crystal Palace,31,3
GB1-2017,92,Spain,30,Juan Mata,Manchester United,28,3
GB1-2017,93,Nigeria,22,Alex Iwobi,Arsenal FC,26,3
GB1-2017,94,Germany,24,Emre Can,Liverpool FC,26,3
GB1-2017,95,Ghana,28,André Ayew,for 2 clubs,30,3
GB1-2017,96,England,23,James Ward-Prowse,Southampton FC,30,3
GB1-2017,97,Nigeria,27,Victor Moses,Chelsea FC,28,3
GB1-2017,98,Nigeria,21,Kelechi Iheanacho,Leicester City,21,3
GB1-2017,99,England,29,Theo Walcott,for 2 clubs,20,3
GB1-2017,100,Jamaica,21,Demarai Gray,Leicester City,35,3
GB1-2017,101,France,26,Anthony Knockaert,Brighton & Hove Albion,33,3
GB1-2017,102,Ecuador,32,Antonio Valencia,Manchester United,31,3
GB1-2017,103,England,27,Sam Clucas,Swansea City,29,3
GB1-2017,104,Germany,26,Shkodran Mustafi,Arsenal FC,27,3
GB1-2017,105,Northern Ireland,33,Steven Davis,Southampton FC,23,3
GB1-2017,106,Brazil,26,Danilo,Manchester City,23,3
GB1-2017,107,Wales,29,Andy King,for 2 clubs,22,3
GB1-2017,108,Jamaica,28,Michail Antonio,West Ham United,21,3
GB1-2017,109,England,29,Andy Carroll,West Ham United,16,3
GB1-2017,110,Netherlands,26,Rajiv van La Parra,Huddersfield Town,33,3
GB1-2017,111,England,24,Jamaal Lascelles,Newcastle United,33,3
GB1-2017,112,England,29,James Tomkins,Crystal Palace,28,3
GB1-2017,113,Netherlands,28,Daryl Janmaat,Watford FC,23,3
GB1-2017,114,Spain,30,Vicente Iborra,Leicester City,19,3
GB1-2017,115,Mali,29,Bakary Sako,Crystal Palace,16,3
GB1-2017,116,Iceland,27,Jóhann Berg Gudmundsson,Burnley FC,35,2
GB1-2017,117,England,28,Marc Albrighton,Leicester City,34,2
GB1-2017,118,Spain,28,César Azpilicueta,Chelsea FC,37,2
GB1-2017,119,Wales,28,Joe Allen,Stoke City,36,2
GB1-2017,120,England,26,Andros Townsend,Crystal Palace,36,2
GB1-2017,121,England,22,Jordon Ibe,AFC Bournemouth,32,2
GB1-2017,122,Wales,25,Ben Davies,Tottenham Hotspur,29,2
GB1-2017,123,England,31,Andrew Surman,AFC Bournemouth,25,2
GB1-2017,124,Spain,31,Cesc Fàbregas,Chelsea FC,32,2
GB1-2017,125,England,32,Ashley Young,Manchester United,30,2
GB1-2017,126,Bosnia-Herzegovina,24,Sead Kolasinac,Arsenal FC,27,2
GB1-2017,127,Netherlands,23,Nathan Aké,AFC Bournemouth,38,2
GB1-2017,128,England,25,Harry Maguire,Leicester City,38,2
GB1-2017,129,Spain,23,Héctor Bellerín,Arsenal FC,35,2
GB1-2017,130,Senegal,28,Cheikhou Kouyaté,West Ham United,33,2
GB1-2017,131,Argentina,26,Erik Lamela,Tottenham Hotspur,25,2
GB1-2017,132,England,22,Ruben Loftus-Cheek,Crystal Palace,24,2
GB1-2017,133,England,33,Leighton Baines,Everton FC,22,2
GB1-2017,134,England,23,Will Hughes,Watford FC,15,2
GB1-2017,135,England,28,Jake Livermore,West Bromwich Albion,34,2
GB1-2017,136,Ireland,26,Jeff Hendrick,Burnley FC,34,2
GB1-2017,137,Ireland,31,Shane Long,Southampton FC,30,2
GB1-2017,138,Scotland,27,Matt Phillips,West Bromwich Albion,30,2
GB1-2017,139,France,23,Tiemoué Bakayoko,Chelsea FC,29,2
GB1-2017,140,Ghana,26,Christian Atsu,Newcastle United,28,2
GB1-2017,141,Morocco,24,Sofiane Boufal,Southampton FC,26,2
GB1-2017,142,"Korea, South",29,Sung-yueng Ki,Swansea City,25,2
GB1-2017,143,Cote d'Ivoire,25,Serge Aurier,Tottenham Hotspur,17,2
GB1-2017,144,Israel,30,Tomer Hemed,Brighton & Hove Albion,16,2
GB1-2017,145,Brazil,22,Kenedy,for 2 clubs,13,2
GB1-2017,146,England,28,Jack Cork,Burnley FC,38,2
GB1-2017,147,England,24,Alfie Mawson,Swansea City,38,2
GB1-2017,148,England,27,Steve Cook,AFC Bournemouth,34,2
GB1-2017,149,Senegal,28,Idrissa Gueye,Everton FC,33,2
GB1-2017,150,England,19,Tom Davies,Everton FC,33,2
GB1-2017,151,Croatia,28,Dejan Lovren,Liverpool FC,29,2
GB1-2017,152,Northern Ireland,30,Jonny Evans,West Bromwich Albion,28,2
GB1-2017,153,England,28,Dan Gosling,AFC Bournemouth,28,2
GB1-2017,154,Germany,25,Antonio Rüdiger,Chelsea FC,27,2
GB1-2017,155,Japan,29,Maya Yoshida,Southampton FC,24,2
GB1-2017,156,Ireland,28,Ciaran Clark,Newcastle United,20,2
GB1-2017,157,Canada,29,Scott Arfield,Burnley FC,18,2
GB1-2017,158,England,28,Daniel Sturridge,for 2 clubs,15,2
GB1-2017,159,Portugal,25,João Mário,West Ham United,13,2
GB1-2017,160,Senegal,27,Badou Ndiaye,Stoke City,13,2
GB1-2017,161,Belgium,24,Michy Batshuayi,Chelsea FC,12,2
GB1-2017,162,Egypt,27,Ahmed Hegazy,West Bromwich Albion,38,2
GB1-2017,163,England,26,Tom Ince,Huddersfield Town,33,2
GB1-2017,164,Senegal,30,Mohamed Diamé,Newcastle United,31,2
GB1-2017,165,Belgium,27,Christian Kabasele,Watford FC,28,2
GB1-2017,166,England,28,Craig Dawson,West Bromwich Albion,28,2
GB1-2017,167,France,32,Laurent Koscielny,Arsenal FC,25,2
GB1-2017,168,Egypt,21,Ramadan Sobhi,Stoke City,24,2
GB1-2017,169,France,22,Lys Mousset,AFC Bournemouth,23,2
GB1-2017,170,England,24,Jack Stephens,Southampton FC,22,2
GB1-2017,171,Wales,28,Hal Robson-Kanu,West Bromwich Albion,21,2
GB1-2017,172,Equatorial Guinea,26,Pedro Obiang,West Ham United,21,2
GB1-2017,173,Cote d'Ivoire,29,Wilfried Bony,Swansea City,15,2
GB1-2017,174,Senegal,28,Diafra Sakho,West Ham United,14,2
GB1-2017,175,Switzerland,25,Granit Xhaka,Arsenal FC,38,1
GB1-2017,176,England,28,Aaron Cresswell,West Ham United,36,1
GB1-2017,177,Scotland,24,Andrew Robertson,Liverpool FC,22,1
GB1-2017,178,England,31,Charlie Daniels,AFC Bournemouth,35,1
GB1-2017,179,England,24,Nathan Redmond,Southampton FC,31,1
GB1-2017,180,England,26,Jonjo Shelvey,Newcastle United,30,1
GB1-2017,181,England,26,Adam Smith,AFC Bournemouth,27,1
GB1-2017,182,England,26,Jack Wilshere,Arsenal FC,20,1
GB1-2017,183,Netherlands,27,Georginio Wijnaldum,Liverpool FC,33,1
GB1-2017,184,Peru,26,André Carrillo,Watford FC,28,1
GB1-2017,185,England,28,Tom Cleverley,Watford FC,23,1
GB1-2017,186,England,28,Fabian Delph,Manchester City,22,1
GB1-2017,187,France,28,Mamadou Sakho,Crystal Palace,19,1
GB1-2017,188,Ireland,27,Kevin Long,Burnley FC,16,1
GB1-2017,189,Algeria,29,Islam Slimani,for 2 clubs,16,1
GB1-2017,190,Ireland,25,Robbie Brady,Burnley FC,15,1
GB1-2017,191,England,26,Lewis Dunk,Brighton & Hove Albion,38,1
GB1-2017,192,Serbia,29,Nemanja Matić,Manchester United,36,1
GB1-2017,193,England,23,Solly March,Brighton & Hove Albion,36,1
GB1-2017,194,France,27,N'Golo Kanté,Chelsea FC,34,1
GB1-2017,195,France,28,Moussa Sissoko,Tottenham Hotspur,33,1
GB1-2017,196,Argentina,29,Federico Fernández,Swansea City,30,1
GB1-2017,197,Ireland,32,Stephen Ward,Burnley FC,28,1
GB1-2017,198,Scotland,34,Darren Fletcher,Stoke City,27,1
GB1-2017,199,England,30,Ryan Shawcross,Stoke City,27,1
GB1-2017,200,England,27,Jordan Henderson,Liverpool FC,27,1
GB1-2017,201,England,37,Gareth Barry,West Bromwich Albion,25,1
GB1-2017,202,Gabon,24,Mario Lemina,Southampton FC,25,1
GB1-2017,203,England,23,Jacob Murphy,Newcastle United,25,1
GB1-2017,204,Belgium,29,Steven Defour,Burnley FC,24,1
GB1-2017,205,Spain,21,Mikel Merino,Newcastle United,24,1
GB1-2017,206,Italy,25,Davide Zappacosta,Chelsea FC,22,1
GB1-2017,207,England,20,Dominic Solanke,Liverpool FC,21,1
GB1-2017,208,Netherlands,28,Leroy Fer,Swansea City,20,1
GB1-2017,209,DR Congo,25,Elias Kachunga,Huddersfield Town,19,1
GB1-2017,210,England,19,Trent Alexander-Arnold,Liverpool FC,19,1
GB1-2017,211,Belgium,32,Vincent Kompany,Manchester City,17,1
GB1-2017,212,Italy,28,Stefano Okaka,Watford FC,15,1
GB1-2017,213,England,25,Alex Pritchard,Huddersfield Town,14,1
GB1-2017,214,Spain,25,Jesé,Stoke City,13,1
GB1-2017,215,Curacao,24,Jürgen Locadia,Brighton & Hove Albion,6,1
GB1-2017,216,Spain,26,Oriol Romeu,Southampton FC,34,1
GB1-2017,217,France,23,Kurt Zouma,Stoke City,34,1
GB1-2017,218,Italy,29,Angelo Ogbonna,West Ham United,32,1
GB1-2017,219,Ireland,29,James McClean,West Bromwich Albion,30,1
GB1-2017,220,Jamaica,23,Isaac Hayden,Newcastle United,26,1
GB1-2017,221,Cameroon,26,Joël Matip,Liverpool FC,25,1
GB1-2017,222,Wales,33,Ashley Williams,Everton FC,24,1
GB1-2017,223,Netherlands,25,Mike van der Hoorn,Swansea City,24,1
GB1-2017,224,France,29,Étienne Capoue,Watford FC,23,1
GB1-2017,225,Spain,27,Kiko Femenía,Watford FC,23,1
GB1-2017,226,Estonia,32,Ragnar Klavan,Liverpool FC,19,1
GB1-2017,227,Netherlands,27,Luciano Narsingh,Swansea City,18,1
GB1-2017,228,Kenya,26,Victor Wanyama,Tottenham Hotspur,18,1
GB1-2017,229,England,30,Scott Dann,Crystal Palace,17,1
GB1-2017,230,Spain,33,Fernando Llorente,Tottenham Hotspur,16,1
GB1-2017,231,DR Congo,28,Yannick Bolasie,Everton FC,16,1
GB1-2017,232,Argentina,31,Leonardo Ulloa,for 2 clubs,14,1
GB1-2017,233,Wales,34,James Collins,West Ham United,13,1
GB1-2017,234,Ireland,28,Harry Arter,AFC Bournemouth,13,1
GB1-2017,235,Cote d'Ivoire,24,Eric Bailly,Manchester United,13,1
GB1-2017,236,England,28,Danny Drinkwater,Chelsea FC,12,1
GB1-2017,237,Uruguay,32,Miguel Britos,Watford FC,12,1
GB1-2017,238,Brazil,30,David Luiz,Chelsea FC,10,1
GB1-2017,239,England,20,Sam Field,West Bromwich Albion,10,1
GB1-2017,240,England,25,Danny Ings,Liverpool FC,8,1
GB1-2017,241,Spain,24,Gerard Deulofeu,Watford FC,7,1
GB1-2017,242,Germany,33,Per Mertesacker,Arsenal FC,6,1
GB1-2017,243,Serbia,23,Aleksandar Mitrović,Newcastle United,6,1
GB1-2017,244,Mali,26,Molla Wagué,Watford FC,6,1
GB1-2017,245,England,25,Joe Lolley,Huddersfield Town,6,1
GB1-2017,246,Belgium,28,Nacer Chadli,West Bromwich Albion,5,1
GB1-2017,247,Poland,22,Jan Bednarek,Southampton FC,5,1
GB1-2017,248,Scotland,31,James Morrison,West Bromwich Albion,4,1
GB1-2017,249,Senegal,27,Henri Saivet,Newcastle United,1,1
GB1-2018,1,Egypt,26,Mohamed Salah,Liverpool FC,38,22
GB1-2018,2,Gabon,29,Pierre-Emerick Aubameyang,Arsenal FC,36,22
GB1-2018,3,Senegal,27,Sadio Mané,Liverpool FC,36,22
GB1-2018,4,Argentina,30,Sergio Agüero,Manchester City,33,21
GB1-2018,5,England,32,Jamie Vardy,Leicester City,34,18
GB1-2018,6,England,24,Raheem Sterling,Manchester City,34,17
GB1-2018,7,England,25,Harry Kane,Tottenham Hotspur,28,17
GB1-2018,8,Belgium,28,Eden Hazard,Chelsea FC,37,16
GB1-2018,9,England,27,Callum Wilson,AFC Bournemouth,30,14
GB1-2018,10,France,27,Alexandre Lacazette,Arsenal FC,35,13
GB1-2018,11,France,26,Paul Pogba,Manchester United,35,13
GB1-2018,12,Mexico,28,Raúl Jiménez,Wolverhampton Wanderers,38,13
GB1-2018,13,Iceland,29,Gylfi Sigurdsson,Everton FC,38,13
GB1-2018,14,Brazil,21,Richarlison,Everton FC,35,13
GB1-2018,15,England,35,Glenn Murray,Brighton & Hove Albion,38,13
GB1-2018,16,Brazil,27,Roberto Firmino,Liverpool FC,34,12
GB1-2018,17,"Korea, South",26,Heung-min Son,Tottenham Hotspur,31,12
GB1-2018,18,Norway,27,Joshua King,AFC Bournemouth,35,12
GB1-2018,19,Serbia,28,Luka Milivojevic,Crystal Palace,38,12
GB1-2018,20,England,29,Ashley Barnes,Burnley FC,37,12
GB1-2018,21,Spain,25,Ayoze Pérez,Newcastle United,37,12
GB1-2018,22,Belgium,25,Romelu Lukaku,Manchester United,32,12
GB1-2018,23,Venezuela,29,Salomón Rondón,Newcastle United,32,11
GB1-2018,24,Serbia,24,Aleksandar Mitrović,Fulham FC,37,11
GB1-2018,25,Germany,23,Leroy Sané,Manchester City,31,10
GB1-2018,26,England,21,Marcus Rashford,Manchester United,33,10
GB1-2018,27,Cote d'Ivoire,26,Wilfried Zaha,Crystal Palace,34,10
GB1-2018,28,Spain,25,Gerard Deulofeu,Watford FC,30,10
GB1-2018,29,Austria,30,Marko Arnautovic,West Ham United,28,10
GB1-2018,30,France,23,Anthony Martial,Manchester United,27,10
GB1-2018,31,New Zealand,27,Chris Wood,Burnley FC,38,10
GB1-2018,32,Brazil,26,Lucas Moura,Tottenham Hotspur,32,10
GB1-2018,33,Brazil,26,Felipe Anderson,West Ham United,36,9
GB1-2018,34,Portugal,22,Diogo Jota,Wolverhampton Wanderers,33,9
GB1-2018,35,England,30,Troy Deeney,Watford FC,32,9
GB1-2018,36,Denmark,27,Christian Eriksen,Tottenham Hotspur,35,8
GB1-2018,37,Spain,31,Pedro,Chelsea FC,31,8
GB1-2018,38,Scotland,25,Ryan Fraser,AFC Bournemouth,38,7
GB1-2018,39,Portugal,24,Bernardo Silva,Manchester City,36,7
GB1-2018,40,England,22,James Maddison,Leicester City,36,7
GB1-2018,41,Wales,21,David Brooks,AFC Bournemouth,30,7
GB1-2018,42,Algeria,28,Riyad Mahrez,Manchester City,27,7
GB1-2018,43,Brazil,22,Gabriel Jesus,Manchester City,29,7
GB1-2018,44,England,26,Danny Ings,Southampton FC,24,7
GB1-2018,45,Jamaica,27,Andre Gray,Watford FC,29,7
GB1-2018,46,Mexico,30,Chicharito,West Ham United,25,7
GB1-2018,47,England,24,James Ward-Prowse,Southampton FC,26,7
GB1-2018,48,Spain,33,David Silva,Manchester City,33,6
GB1-2018,49,Jamaica,29,Michail Antonio,West Ham United,33,6
GB1-2018,50,England,27,Andros Townsend,Crystal Palace,38,6
GB1-2018,51,England,25,Nathan Redmond,Southampton FC,38,6
GB1-2018,52,Armenia,30,Henrikh Mkhitaryan,Arsenal FC,25,6
GB1-2018,53,Germany,28,İlkay Gündoğan,Manchester City,31,6
GB1-2018,54,Switzerland,27,Xherdan Shaqiri,Liverpool FC,24,6
GB1-2018,55,England,22,Dominic Calvert-Lewin,Everton FC,35,6
GB1-2018,56,England,23,Ruben Loftus-Cheek,Chelsea FC,24,6
GB1-2018,57,Argentina,28,Roberto Pereyra,Watford FC,33,6
GB1-2018,58,Germany,28,André Schürrle,Fulham FC,24,6
GB1-2018,59,Mali,26,Abdoulaye Doucouré,Watford FC,35,5
GB1-2018,60,England,33,James Milner,Liverpool FC,31,5
GB1-2018,61,England,32,Mark Noble,West Ham United,31,5
GB1-2018,62,Spain,24,Víctor Camarasa,Cardiff City,32,5
GB1-2018,63,Netherlands,32,Ryan Babel,Fulham FC,16,5
GB1-2018,64,England,23,Dele Alli,Tottenham Hotspur,25,5
GB1-2018,65,England,30,Theo Walcott,Everton FC,37,5
GB1-2018,66,Jamaica,26,Bobby De Cordova-Reid,Cardiff City,27,5
GB1-2018,67,Germany,30,Mesut Özil,Arsenal FC,24,5
GB1-2018,68,Ireland,27,Shane Duffy,Brighton & Hove Albion,35,5
GB1-2018,69,Ireland,32,Shane Long,Southampton FC,26,5
GB1-2018,70,Spain,26,Álvaro Morata,Chelsea FC,16,5
GB1-2018,71,Argentina,31,Gonzalo Higuaín,Chelsea FC,14,5
GB1-2018,72,Belgium,25,Michy Batshuayi,Crystal Palace,11,5
GB1-2018,73,Wales,28,Aaron Ramsey,Arsenal FC,28,4
GB1-2018,74,Ireland,27,Matt Doherty,Wolverhampton Wanderers,38,4
GB1-2018,75,France,28,N'Golo Kanté,Chelsea FC,36,4
GB1-2018,76,France,25,Lucas Digne,Everton FC,35,4
GB1-2018,77,Denmark,23,Pierre-Emile Højbjerg,Southampton FC,31,4
GB1-2018,78,Portugal,22,Rúben Neves,Wolverhampton Wanderers,35,4
GB1-2018,79,England,26,Jesse Lingard,Manchester United,27,4
GB1-2018,80,Netherlands,27,Virgil van Dijk,Liverpool FC,38,4
GB1-2018,81,Ghana,26,Jeffrey Schlupp,Crystal Palace,30,4
GB1-2018,82,Switzerland,26,Granit Xhaka,Arsenal FC,29,4
GB1-2018,83,Argentina,27,Erik Lamela,Tottenham Hotspur,19,4
GB1-2018,84,Netherlands,24,Nathan Aké,AFC Bournemouth,38,4
GB1-2018,85,Jamaica,22,Demarai Gray,Leicester City,34,4
GB1-2018,86,Cote d'Ivoire,34,Sol Bamba,Cardiff City,28,4
GB1-2018,87,Scotland,24,Callum Paterson,Cardiff City,27,4
GB1-2018,88,Switzerland,27,Fabian Schär,Newcastle United,24,4
GB1-2018,89,Guatemala,27,Nathaniel Méndez-Laing,Cardiff City,20,4
GB1-2018,90,Cote d'Ivoire,28,Willy Boly,Wolverhampton Wanderers,36,4
GB1-2018,91,England,21,Karlan Grant,Huddersfield Town,13,4
GB1-2018,92,Nigeria,23,Alex Iwobi,Arsenal FC,35,3
GB1-2018,93,Brazil,30,Willian,Chelsea FC,32,3
GB1-2018,94,Scotland,31,James McArthur,Crystal Palace,38,3
GB1-2018,95,Iceland,28,Jóhann Berg Gudmundsson,Burnley FC,29,3
GB1-2018,96,Greece,34,Jose Cholevas,Watford FC,28,3
GB1-2018,97,England,25,Ross Barkley,Chelsea FC,27,3
GB1-2018,98,England,19,Dwight McNeil,Burnley FC,21,3
GB1-2018,99,Belgium,22,Youri Tielemans,Leicester City,13,3
GB1-2018,100,Spain,24,Aymeric Laporte,Manchester City,35,3
GB1-2018,101,Türkiye,27,Cenk Tosun,Everton FC,25,3
GB1-2018,102,Germany,27,Pascal Groß,Brighton & Hove Albion,25,3
GB1-2018,103,Spain,31,Juan Mata,Manchester United,22,3
GB1-2018,104,Brazil,32,David Luiz,Chelsea FC,36,3
GB1-2018,105,Netherlands,28,Patrick van Aanholt,Crystal Palace,36,3
GB1-2018,106,Scotland,27,Stuart Armstrong,Southampton FC,29,3
GB1-2018,107,England,24,Josh Murphy,Cardiff City,29,3
GB1-2018,108,England,26,James Tarkowski,Burnley FC,35,3
GB1-2018,109,Canada,28,Junior Hoilett,Cardiff City,32,3
GB1-2018,110,Australia,28,Aaron Mooy,Huddersfield Town,29,3
GB1-2018,111,Denmark,29,Zanka,Huddersfield Town,24,3
GB1-2018,112,Angola,25,Ivan Cavaleiro,Wolverhampton Wanderers,23,3
GB1-2018,113,Belgium,24,Divock Origi,Liverpool FC,12,3
GB1-2018,114,Northern Ireland,30,Craig Cathcart,Watford FC,36,3
GB1-2018,115,Netherlands,28,Georginio Wijnaldum,Liverpool FC,35,3
GB1-2018,116,Ireland,27,Jeff Hendrick,Burnley FC,32,3
GB1-2018,117,England,26,Harry Maguire,Leicester City,31,3
GB1-2018,118,Romania,26,Florin Andone,Brighton & Hove Albion,23,3
GB1-2018,119,Jamaica,35,Wes Morgan,Leicester City,22,3
GB1-2018,120,Wales,29,Sam Vokes,Burnley FC,20,3
GB1-2018,121,England,25,Eric Dier,Tottenham Hotspur,20,3
GB1-2018,122,France,33,Laurent Koscielny,Arsenal FC,17,3
GB1-2018,123,Spain,30,Lucas Pérez,West Ham United,15,3
GB1-2018,124,Mauritania,23,Aboubakar Kamara,Fulham FC,13,3
GB1-2018,125,Ireland,29,Ciaran Clark,Newcastle United,11,3
GB1-2018,126,Scotland,29,Matt Ritchie,Newcastle United,36,2
GB1-2018,127,England,29,Ashley Westwood,Burnley FC,34,2
GB1-2018,128,Portugal,25,Ricardo Pereira,Leicester City,35,2
GB1-2018,129,England,18,Ryan Sessegnon,Fulham FC,35,2
GB1-2018,130,France,27,Anthony Knockaert,Brighton & Hove Albion,30,2
GB1-2018,131,Scotland,31,Robert Snodgrass,West Ham United,33,2
GB1-2018,132,England,24,Will Hughes,Watford FC,32,2
GB1-2018,133,Spain,28,Marcos Alonso,Chelsea FC,31,2
GB1-2018,134,France,32,Olivier Giroud,Chelsea FC,27,2
GB1-2018,135,Benin,24,Steve Mounié,Huddersfield Town,31,2
GB1-2018,136,England,33,Ashley Young,Manchester United,30,2
GB1-2018,137,England,29,Junior Stanislas,AFC Bournemouth,23,2
GB1-2018,138,Spain,29,Ander Herrera,Manchester United,22,2
GB1-2018,139,Uruguay,23,Lucas Torreira,Arsenal FC,34,2
GB1-2018,140,France,24,Kurt Zouma,Everton FC,32,2
GB1-2018,141,Ireland,30,Séamus Coleman,Everton FC,29,2
GB1-2018,142,England,29,Marc Albrighton,Leicester City,27,2
GB1-2018,143,England,29,Charlie Austin,Southampton FC,25,2
GB1-2018,144,Belgium,27,Kevin De Bruyne,Manchester City,19,2
GB1-2018,145,England,27,Lewis Dunk,Brighton & Hove Albion,36,2
GB1-2018,146,England,29,Dan Gosling,AFC Bournemouth,25,2
GB1-2018,147,Guinea,24,Naby Keïta,Liverpool FC,25,2
GB1-2018,148,Tunisia,20,Yan Valery,Southampton FC,23,2
GB1-2018,149,England,29,Daniel Sturridge,Liverpool FC,18,2
GB1-2018,150,Nigeria,22,Wilfred Ndidi,Leicester City,38,2
GB1-2018,151,Italy,27,Jorginho,Chelsea FC,37,2
GB1-2018,152,England,20,Declan Rice,West Ham United,34,2
GB1-2018,153,Germany,27,Shkodran Mustafi,Arsenal FC,31,2
GB1-2018,154,England,24,Calum Chambers,Fulham FC,31,2
GB1-2018,155,England,26,Alex Pritchard,Huddersfield Town,30,2
GB1-2018,156,Colombia,24,Jefferson Lerma,AFC Bournemouth,30,2
GB1-2018,157,Denmark,22,Philip Billing,Huddersfield Town,27,2
GB1-2018,158,Curacao,25,Jürgen Locadia,Brighton & Hove Albion,26,2
GB1-2018,159,Belgium,24,Leander Dendoncker,Wolverhampton Wanderers,19,2
GB1-2018,160,Morocco,29,Romain Saïss,Wolverhampton Wanderers,19,2
GB1-2018,161,Spain,28,Joselu,Newcastle United,16,2
GB1-2018,162,Scotland,22,Scott McTominay,Manchester United,16,2
GB1-2018,163,Ukraine,28,Andriy Yarmolenko,West Ham United,9,2
GB1-2018,164,England,20,Trent Alexander-Arnold,Liverpool FC,29,1
GB1-2018,165,Portugal,32,João Moutinho,Wolverhampton Wanderers,38,1
GB1-2018,166,Spain,29,César Azpilicueta,Chelsea FC,38,1
GB1-2018,167,England,24,Solly March,Brighton & Hove Albion,35,1
GB1-2018,168,Brazil,26,Bernard,Everton FC,34,1
GB1-2018,169,England,23,Luke Shaw,Manchester United,29,1
GB1-2018,170,Jamaica,24,Isaac Hayden,Newcastle United,25,1
GB1-2018,171,Spain,34,Fernando Llorente,Tottenham Hotspur,20,1
GB1-2018,172,Argentina,25,Luciano Vietto,Fulham FC,20,1
GB1-2018,173,England,28,Sean Morrison,Cardiff City,34,1
GB1-2018,174,France,30,Étienne Capoue,Watford FC,33,1
GB1-2018,175,England,28,Jordan Henderson,Liverpool FC,32,1
GB1-2018,176,Nigeria,22,Kelechi Iheanacho,Leicester City,30,1
GB1-2018,177,Brazil,33,Fernandinho,Manchester City,29,1
GB1-2018,178,England,28,Kieran Trippier,Tottenham Hotspur,27,1
GB1-2018,179,Spain,33,Nacho Monreal,Arsenal FC,22,1
GB1-2018,180,Chile,30,Alexis Sánchez,Manchester United,20,1
GB1-2018,181,England,23,Matt Targett,Southampton FC,16,1
GB1-2018,182,England,29,Jack Cork,Burnley FC,37,1
GB1-2018,183,England,26,Michael Keane,Everton FC,33,1
GB1-2018,184,Cote d'Ivoire,27,Jean Michaël Seri,Fulham FC,32,1
GB1-2018,185,Germany,23,Max Meyer,Crystal Palace,29,1
GB1-2018,186,United States,25,DeAndre Yedlin,Newcastle United,29,1
GB1-2018,187,Brazil,25,Fabinho,Liverpool FC,28,1
GB1-2018,188,Greece,30,Sokratis Papastathopoulos,Arsenal FC,25,1
GB1-2018,189,Angola,25,Hélder Costa,Wolverhampton Wanderers,25,1
GB1-2018,190,Ghana,27,Jordan Ayew,Crystal Palace,20,1
GB1-2018,191,Portugal,27,Cédric Soares,Southampton FC,18,1
GB1-2018,192,Sweden,25,Ken Sema,Watford FC,17,1
GB1-2018,193,England,21,Harvey Barnes,Leicester City,16,1
GB1-2018,194,England,28,Kyle Walker,Manchester City,33,1
GB1-2018,195,Spain,25,Jonny Otto,Wolverhampton Wanderers,33,1
GB1-2018,196,Netherlands,25,Terence Kongolo,Huddersfield Town,32,1
GB1-2018,197,England,28,Steve Cook,AFC Bournemouth,31,1
GB1-2018,198,Scotland,28,Tom Cairney,Fulham FC,31,1
GB1-2018,199,England,29,Dale Stephens,Brighton & Hove Albion,30,1
GB1-2018,200,Netherlands,27,Davy Pröpper,Brighton & Hove Albion,30,1
GB1-2018,201,Sweden,24,Victor Lindelöf,Manchester United,30,1
GB1-2018,202,Nigeria,23,Isaac Success,Watford FC,30,1
GB1-2018,203,England,30,James Tomkins,Crystal Palace,29,1
GB1-2018,204,Spain,28,Kiko Femenía,Watford FC,29,1
GB1-2018,205,Spain,23,Adama Traoré,Wolverhampton Wanderers,29,1
GB1-2018,206,Iceland,30,Aron Gunnarsson,Cardiff City,28,1
GB1-2018,207,Portugal,25,André Gomes,Everton FC,27,1
GB1-2018,208,England,28,Adam Smith,AFC Bournemouth,25,1
GB1-2018,209,Brazil,23,Kenedy,Newcastle United,25,1
GB1-2018,210,Italy,30,Angelo Ogbonna,West Ham United,24,1
GB1-2018,211,Colombia,22,Davinson Sánchez,Tottenham Hotspur,23,1
GB1-2018,212,Belgium,23,Isaac Mbenza,Huddersfield Town,22,1
GB1-2018,213,Gabon,25,Mario Lemina,Southampton FC,21,1
GB1-2018,214,Denmark,25,Kenneth Zohore,Cardiff City,19,1
GB1-2018,215,England,23,Jordon Ibe,AFC Bournemouth,19,1
GB1-2018,216,Israel,31,Beram Kayal,Brighton & Hove Albion,18,1
GB1-2018,217,Brazil,26,Fred,Manchester United,17,1
GB1-2018,218,England,31,Aaron Lennon,Burnley FC,16,1
GB1-2018,219,Belgium,28,Christian Benteke,Crystal Palace,16,1
GB1-2018,220,England,27,Jonjo Shelvey,Newcastle United,16,1
GB1-2018,221,England,21,Ainsley Maitland-Niles,Arsenal FC,16,1
GB1-2018,222,Brazil,23,Andreas Pereira,Manchester United,15,1
GB1-2018,223,Croatia,29,Dejan Lovren,Liverpool FC,13,1
GB1-2018,224,Czech Republic,27,Matej Vydra,Burnley FC,13,1
GB1-2018,225,Argentina,26,Manuel Lanzini,West Ham United,10,1
GB1-2018,226,England,27,Danny Welbeck,Arsenal FC,8,1
GB1-2018,227,Ireland,18,Michael Obafemi,Southampton FC,6,1
GB1-2018,228,Germany,29,Christopher Schindler,Huddersfield Town,37,1
GB1-2018,229,England,29,Ryan Bennett,Wolverhampton Wanderers,34,1
GB1-2018,230,Germany,26,Antonio Rüdiger,Chelsea FC,33,1
GB1-2018,231,Morocco,22,Issa Diop,West Ham United,33,1
GB1-2018,232,Spain,27,Oriol Romeu,Southampton FC,31,1
GB1-2018,233,Serbia,30,Nemanja Matić,Manchester United,28,1
GB1-2018,234,Ghana,27,Christian Atsu,Newcastle United,28,1
GB1-2018,235,England,23,Harry Winks,Tottenham Hotspur,26,1
GB1-2018,236,England,29,Ryan Bertrand,Southampton FC,24,1
GB1-2018,237,Northern Ireland,31,Jonny Evans,Leicester City,24,1
GB1-2018,238,England,29,Chris Smalling,Manchester United,24,1
GB1-2018,239,England,25,Jack Stephens,Southampton FC,24,1
GB1-2018,240,France,23,Lys Mousset,AFC Bournemouth,24,1
GB1-2018,241,Paraguay,27,Fabián Balbuena,West Ham United,23,1
GB1-2018,242,Belgium,31,Jan Vertonghen,Tottenham Hotspur,22,1
GB1-2018,243,Cameroon,27,Joël Matip,Liverpool FC,22,1
GB1-2018,244,England,32,Charlie Daniels,AFC Bournemouth,21,1
GB1-2018,245,Curacao,21,Juninho Bacuna,Huddersfield Town,21,1
GB1-2018,246,Algeria,26,Rachid Ghezzal,Leicester City,19,1
GB1-2018,247,Belgium,33,Vincent Kompany,Manchester City,17,1
GB1-2018,248,Japan,26,Yoshinori Muto,Newcastle United,17,1
GB1-2018,249,Togo,30,Floyd Ayité,Fulham FC,16,1
GB1-2018,250,England,26,Ryan Fredericks,West Ham United,15,1
GB1-2018,251,England,28,Danny Ward,Cardiff City,14,1
GB1-2018,252,England,29,Tom Cleverley,Watford FC,13,1
GB1-2018,253,Kenya,27,Victor Wanyama,Tottenham Hotspur,13,1
GB1-2018,254,England,25,Kadeem Harris,Cardiff City,13,1
GB1-2018,255,Colombia,24,Yerry Mina,Everton FC,13,1
GB1-2018,256,England,18,Phil Foden,Manchester City,13,1
GB1-2018,257,Italy,27,Manolo Gabbiadini,Southampton FC,12,1
GB1-2018,258,Argentina,21,Juan Foyth,Tottenham Hotspur,12,1
GB1-2018,259,Brazil,27,Danilo,Manchester City,11,1
GB1-2018,260,Slovenia,23,Jon Gorenc Stankovic,Huddersfield Town,11,1
GB1-2018,261,England,21,Sean Longstaff,Newcastle United,9,1
GB1-2018,262,Nigeria,30,Leon Balogun,Brighton & Hove Albion,8,1
GB1-2018,263,Portugal,19,Domingos Quina,Watford FC,8,1
GB1-2018,264,England,36,Phil Jagielka,Everton FC,7,1
GB1-2018,265,England,29,Joel Ward,Crystal Palace,7,1
GB1-2018,266,England,19,Eddie Nketiah,Arsenal FC,5,1
GB1-2018,267,England,26,Ben Gibson,Burnley FC,1,1
GB1-2019,1,England,33,Jamie Vardy,Leicester City,35,23
GB1-2019,2,Gabon,31,Pierre-Emerick Aubameyang,Arsenal FC,36,22
GB1-2019,3,England,28,Danny Ings,Southampton FC,38,22
GB1-2019,4,England,25,Raheem Sterling,Manchester City,33,20
GB1-2019,5,Egypt,28,Mohamed Salah,Liverpool FC,34,19
GB1-2019,6,Senegal,28,Sadio Mané,Liverpool FC,35,18
GB1-2019,7,England,26,Harry Kane,Tottenham Hotspur,29,18
GB1-2019,8,England,22,Marcus Rashford,Manchester United,31,17
GB1-2019,9,France,24,Anthony Martial,Manchester United,32,17
GB1-2019,10,Mexico,29,Raúl Jiménez,Wolverhampton Wanderers,38,17
GB1-2019,11,Argentina,32,Sergio Agüero,Manchester City,24,16
GB1-2019,12,England,22,Tammy Abraham,Chelsea FC,34,15
GB1-2019,13,Brazil,23,Gabriel Jesus,Manchester City,34,14
GB1-2019,14,New Zealand,28,Chris Wood,Burnley FC,32,14
GB1-2019,15,Belgium,29,Kevin De Bruyne,Manchester City,35,13
GB1-2019,16,Brazil,23,Richarlison,Everton FC,36,13
GB1-2019,17,England,23,Dominic Calvert-Lewin,Everton FC,36,13
GB1-2019,18,Algeria,29,Riyad Mahrez,Manchester City,33,11
GB1-2019,19,"Korea, South",28,Heung-min Son,Tottenham Hotspur,30,11
GB1-2019,20,Finland,30,Teemu Pukki,Norwich City,36,11
GB1-2019,21,France,29,Alexandre Lacazette,Arsenal FC,30,10
GB1-2019,22,France,23,Neal Maupay,Brighton & Hove Albion,37,10
GB1-2019,23,Jamaica,30,Michail Antonio,West Ham United,24,10
GB1-2019,24,England,32,Troy Deeney,Watford FC,27,10
GB1-2019,25,England,18,Mason Greenwood,Manchester United,31,10
GB1-2019,26,Brazil,28,Roberto Firmino,Liverpool FC,38,9
GB1-2019,27,Brazil,31,Willian,Chelsea FC,36,9
GB1-2019,28,United States,21,Christian Pulisic,Chelsea FC,25,9
GB1-2019,29,Ghana,28,Jordan Ayew,Crystal Palace,37,9
GB1-2019,30,Portugal,25,Bruno Fernandes,Manchester United,14,8
GB1-2019,31,England,24,Jack Grealish,Aston Villa,36,8
GB1-2019,32,Spain,26,Ayoze Pérez,Leicester City,33,8
GB1-2019,33,England,24,Dele Alli,Tottenham Hotspur,25,8
GB1-2019,34,England,28,Callum Wilson,AFC Bournemouth,35,8
GB1-2019,35,England,30,Jay Rodríguez,Burnley FC,36,8
GB1-2019,36,France,33,Olivier Giroud,Chelsea FC,18,8
GB1-2019,37,England,21,Mason Mount,Chelsea FC,37,7
GB1-2019,38,Cote d'Ivoire,26,Sébastien Haller,West Ham United,32,7
GB1-2019,39,Portugal,23,Diogo Jota,Wolverhampton Wanderers,34,7
GB1-2019,40,Wales,23,Harry Wilson,AFC Bournemouth,31,7
GB1-2019,41,Spain,34,David Silva,Manchester City,27,6
GB1-2019,42,England,22,Harvey Barnes,Leicester City,36,6
GB1-2019,43,Portugal,25,Bernardo Silva,Manchester City,34,6
GB1-2019,44,France,24,Lys Mousset,Sheffield United,30,6
GB1-2019,45,Norway,28,Joshua King,AFC Bournemouth,26,6
GB1-2019,46,England,23,James Maddison,Leicester City,31,6
GB1-2019,47,England,22,Todd Cantwell,Norwich City,37,6
GB1-2019,48,Egypt,25,Trezeguet,Aston Villa,34,6
GB1-2019,49,England,28,Jonjo Shelvey,Newcastle United,26,6
GB1-2019,50,Scotland,24,Oli McBurnie,Sheffield United,36,6
GB1-2019,51,England,30,Ashley Barnes,Burnley FC,19,6
GB1-2019,52,Cote d'Ivoire,25,Nicolas Pépé,Arsenal FC,31,5
GB1-2019,53,Senegal,22,Ismaïla Sarr,Watford FC,28,5
GB1-2019,54,Scotland,32,Robert Snodgrass,West Ham United,24,5
GB1-2019,55,Nigeria,23,Kelechi Iheanacho,Leicester City,20,5
GB1-2019,56,Belgium,25,Leandro Trossard,Brighton & Hove Albion,31,5
GB1-2019,57,England,25,James Ward-Prowse,Southampton FC,38,5
GB1-2019,58,England,26,John Lundstram,Sheffield United,34,5
GB1-2019,59,Scotland,28,Stuart Armstrong,Southampton FC,30,5
GB1-2019,60,Scotland,28,John Fleck,Sheffield United,30,5
GB1-2019,61,England,20,Phil Foden,Manchester City,23,5
GB1-2019,62,Netherlands,29,Virgil van Dijk,Liverpool FC,38,5
GB1-2019,63,Ukraine,30,Andriy Yarmolenko,West Ham United,23,5
GB1-2019,64,Brazil,23,Wesley Moraes,Aston Villa,21,5
GB1-2019,65,England,21,Trent Alexander-Arnold,Liverpool FC,38,4
GB1-2019,66,Spain,24,Adama Traoré,Wolverhampton Wanderers,37,4
GB1-2019,67,England,30,Jordan Henderson,Liverpool FC,30,4
GB1-2019,68,Spain,25,Gerard Deulofeu,Watford FC,28,4
GB1-2019,69,Cote d'Ivoire,27,Wilfried Zaha,Crystal Palace,38,4
GB1-2019,70,Brazil,27,Lucas Moura,Tottenham Hotspur,35,4
GB1-2019,71,Netherlands,25,Anwar El Ghazi,Aston Villa,34,4
GB1-2019,72,England,26,Nathan Redmond,Southampton FC,32,4
GB1-2019,73,Ireland,28,Matt Doherty,Wolverhampton Wanderers,36,4
GB1-2019,74,England,33,Mark Noble,West Ham United,33,4
GB1-2019,75,Scotland,24,Ché Adams,Southampton FC,30,4
GB1-2019,76,Belgium,25,Divock Origi,Liverpool FC,28,4
GB1-2019,77,Spain,29,Marcos Alonso,Chelsea FC,18,4
GB1-2019,78,Mali,27,Abdoulaye Doucouré,Watford FC,37,4
GB1-2019,79,Paraguay,26,Miguel Almirón,Newcastle United,36,4
GB1-2019,80,Italy,28,Jorginho,Chelsea FC,31,4
GB1-2019,81,England,30,Dwight Gayle,Newcastle United,20,4
GB1-2019,82,England,26,Alex Oxlade-Chamberlain,Liverpool FC,30,4
GB1-2019,83,Scotland,23,Scott McTominay,Manchester United,27,4
GB1-2019,84,Belgium,25,Leander Dendoncker,Wolverhampton Wanderers,38,4
GB1-2019,85,Netherlands,29,Georginio Wijnaldum,Liverpool FC,37,4
GB1-2019,86,Belgium,23,Youri Tielemans,Leicester City,37,3
GB1-2019,87,Wales,22,Daniel James,Manchester United,33,3
GB1-2019,88,Ireland,29,Conor Hourihane,Aston Villa,27,3
GB1-2019,89,France,23,Allan Saint-Maximin,Newcastle United,26,3
GB1-2019,90,England,28,Lewis Dunk,Brighton & Hove Albion,36,3
GB1-2019,91,Portugal,20,Pedro Neto,Wolverhampton Wanderers,29,3
GB1-2019,92,Scotland,25,John McGinn,Aston Villa,28,3
GB1-2019,93,England,23,Ben Chilwell,Leicester City,27,3
GB1-2019,94,Brazil,22,Douglas Luiz,Aston Villa,36,3
GB1-2019,95,Spain,24,Rodri,Manchester City,35,3
GB1-2019,96,Netherlands,29,Patrick van Aanholt,Crystal Palace,29,3
GB1-2019,97,Portugal,26,Ricardo Pereira,Leicester City,28,3
GB1-2019,98,Brazil,27,Bernard,Everton FC,27,3
GB1-2019,99,England,34,Billy Sharp,Sheffield United,25,3
GB1-2019,100,Ireland,20,Aaron Connolly,Brighton & Hove Albion,24,3
GB1-2019,101,Ireland,20,Michael Obafemi,Southampton FC,21,3
GB1-2019,102,Ghana,27,Jeffrey Schlupp,Crystal Palace,17,3
GB1-2019,103,England,22,Dominic Solanke,AFC Bournemouth,32,3
GB1-2019,104,Morocco,23,Issa Diop,West Ham United,32,3
GB1-2019,105,Serbia,29,Luka Milivojevic,Crystal Palace,31,3
GB1-2019,106,England,25,Adam Webster,Brighton & Hove Albion,31,3
GB1-2019,107,England,30,Dan Gosling,AFC Bournemouth,24,3
GB1-2019,108,England,30,Junior Stanislas,AFC Bournemouth,15,3
GB1-2019,109,Netherlands,22,Steven Bergwijn,Tottenham Hotspur,14,3
GB1-2019,110,England,30,Aaron Cresswell,West Ham United,31,3
GB1-2019,111,Argentina,29,Roberto Pereyra,Watford FC,28,3
GB1-2019,112,France,29,N'Golo Kanté,Chelsea FC,22,3
GB1-2019,113,Brazil,19,Gabriel Martinelli,Arsenal FC,14,3
GB1-2019,114,Czech Republic,25,Tomáš Souček,West Ham United,13,3
GB1-2019,115,Scotland,26,Andrew Robertson,Liverpool FC,36,2
GB1-2019,116,England,20,Dwight McNeil,Burnley FC,38,2
GB1-2019,117,Spain,30,César Azpilicueta,Chelsea FC,36,2
GB1-2019,118,England,30,Ashley Westwood,Burnley FC,35,2
GB1-2019,119,Spain,24,Pablo Fornals,West Ham United,36,2
GB1-2019,120,Ireland,30,Enda Stevens,Sheffield United,38,2
GB1-2019,121,Greece,27,George Baldock,Sheffield United,38,2
GB1-2019,122,Germany,29,Pascal Groß,Brighton & Hove Albion,29,2
GB1-2019,123,Brazil,26,Fabinho,Liverpool FC,28,2
GB1-2019,124,Iceland,30,Gylfi Sigurdsson,Everton FC,35,2
GB1-2019,125,Argentina,31,Federico Fernández,Newcastle United,32,2
GB1-2019,126,Ireland,33,Shane Long,Southampton FC,26,2
GB1-2019,127,England,31,Theo Walcott,Everton FC,25,2
GB1-2019,128,Jamaica,24,Demarai Gray,Leicester City,21,2
GB1-2019,129,Guinea,25,Naby Keïta,Liverpool FC,18,2
GB1-2019,130,England,27,James Tarkowski,Burnley FC,38,2
GB1-2019,131,Portugal,23,Rúben Neves,Wolverhampton Wanderers,38,2
GB1-2019,132,Brazil,23,Joelinton,Newcastle United,38,2
GB1-2019,133,Spain,26,Jonny Otto,Wolverhampton Wanderers,35,2
GB1-2019,134,Belgium,31,Toby Alderweireld,Tottenham Hotspur,33,2
GB1-2019,135,England,27,Tyrone Mings,Aston Villa,33,2
GB1-2019,136,Australia,29,Aaron Mooy,Brighton & Hove Albion,31,2
GB1-2019,137,Netherlands,25,Nathan Aké,AFC Bournemouth,29,2
GB1-2019,138,Italy,20,Moise Kean,Everton FC,29,2
GB1-2019,139,Ireland,32,David McGoldrick,Sheffield United,28,2
GB1-2019,140,Argentina,28,Erik Lamela,Tottenham Hotspur,25,2
GB1-2019,141,Ireland,28,Jeff Hendrick,Burnley FC,24,2
GB1-2019,142,England,34,James Milner,Liverpool FC,22,2
GB1-2019,143,France,23,Tanguy Ndombélé,Tottenham Hotspur,21,2
GB1-2019,144,Denmark,27,Christian Eriksen,Tottenham Hotspur,20,2
GB1-2019,145,Netherlands,25,Jetro Willems,Newcastle United,19,2
GB1-2019,146,Mali,22,Moussa Djenepo,Southampton FC,18,2
GB1-2019,147,Brazil,33,David Luiz,Arsenal FC,33,2
GB1-2019,148,Morocco,30,Romain Saïss,Wolverhampton Wanderers,33,2
GB1-2019,149,Nigeria,23,Wilfred Ndidi,Leicester City,32,2
GB1-2019,150,Germany,29,İlkay Gündoğan,Manchester City,31,2
GB1-2019,151,France,30,Moussa Sissoko,Tottenham Hotspur,29,2
GB1-2019,152,Colombia,25,Yerry Mina,Everton FC,29,2
GB1-2019,153,Belgium,29,Christian Benteke,Crystal Palace,24,2
GB1-2019,154,Argentina,32,Nicolás Otamendi,Manchester City,24,2
GB1-2019,155,Czech Republic,28,Matej Vydra,Burnley FC,19,2
GB1-2019,156,England,29,Danny Welbeck,Watford FC,18,2
GB1-2019,157,Scotland,30,Matt Ritchie,Newcastle United,18,2
GB1-2019,158,Ireland,27,John Egan,Sheffield United,36,2
GB1-2019,159,Italy,32,Angelo Ogbonna,West Ham United,31,2
GB1-2019,160,England,27,Michael Keane,Everton FC,31,2
GB1-2019,161,England,30,Craig Dawson,Watford FC,29,2
GB1-2019,162,Jamaica,29,Andre Gray,Watford FC,23,2
GB1-2019,163,Switzerland,28,Fabian Schär,Newcastle United,22,2
GB1-2019,164,Germany,27,Antonio Rüdiger,Chelsea FC,20,2
GB1-2019,165,Greece,32,Sokratis Papastathopoulos,Arsenal FC,19,2
GB1-2019,166,Ireland,30,Ciaran Clark,Newcastle United,14,2
GB1-2019,167,England,21,Eddie Nketiah,Arsenal FC,13,2
GB1-2019,168,Italy,21,Patrick Cutrone,Wolverhampton Wanderers,12,2
GB1-2019,169,Türkiye,28,Cenk Tosun,for 2 clubs,10,2
GB1-2019,170,Iran,26,Alireza Jahanbakhsh,Brighton & Hove Albion,10,2
GB1-2019,171,England,20,Matty Longstaff,Newcastle United,9,2
GB1-2019,172,France,28,Florian Lejeune,Newcastle United,6,2
GB1-2019,173,Argentina,23,Emiliano Buendía,Norwich City,36,1
GB1-2019,174,Portugal,33,João Moutinho,Wolverhampton Wanderers,38,1
GB1-2019,175,Cote d'Ivoire,27,Serge Aurier,Tottenham Hotspur,33,1
GB1-2019,176,England,18,Bukayo Saka,Arsenal FC,26,1
GB1-2019,177,England,19,Callum Hudson-Odoi,Chelsea FC,22,1
GB1-2019,178,England,30,Kyle Walker,Manchester City,29,1
GB1-2019,179,Scotland,26,Ryan Fraser,AFC Bournemouth,28,1
GB1-2019,180,Brazil,27,Felipe Anderson,West Ham United,25,1
GB1-2019,181,England,26,Ross Barkley,Chelsea FC,21,1
GB1-2019,182,France,27,Paul Pogba,Manchester United,16,1
GB1-2019,183,England,23,Jarrod Bowen,West Ham United,13,1
GB1-2019,184,England,21,Declan Rice,West Ham United,38,1
GB1-2019,185,Croatia,26,Mateo Kovacic,Chelsea FC,31,1
GB1-2019,186,England,26,Jack Stephens,Southampton FC,28,1
GB1-2019,187,Brazil,24,Andreas Pereira,Manchester United,25,1
GB1-2019,188,Northern Ireland,32,Jonny Evans,Leicester City,38,1
GB1-2019,189,Netherlands,28,Davy Pröpper,Brighton & Hove Albion,35,1
GB1-2019,190,Colombia,25,Jefferson Lerma,AFC Bournemouth,33,1
GB1-2019,191,Switzerland,27,Granit Xhaka,Arsenal FC,31,1
GB1-2019,192,Jamaica,25,Isaac Hayden,Newcastle United,29,1
GB1-2019,193,England,24,Matt Targett,Aston Villa,28,1
GB1-2019,194,Belgium,26,Dennis Praet,Leicester City,27,1
GB1-2019,195,Cuba,27,Onel Hernández,Norwich City,26,1
GB1-2019,196,England,22,Ezri Konsa,Aston Villa,25,1
GB1-2019,197,Germany,31,Mesut Özil,Arsenal FC,18,1
GB1-2019,198,Ireland,28,Robbie Brady,Burnley FC,17,1
GB1-2019,199,Ireland,24,Callum Robinson,Sheffield United,16,1
GB1-2019,200,Northern Ireland,29,Oliver Norwood,Sheffield United,38,1
GB1-2019,201,England,27,Harry Maguire,Manchester United,38,1
GB1-2019,202,Scotland,28,Kenny McLean,Norwich City,37,1
GB1-2019,203,Senegal,30,Cheikhou Kouyaté,Crystal Palace,35,1
GB1-2019,204,Poland,24,Jan Bednarek,Southampton FC,34,1
GB1-2019,205,Türkiye,24,Çağlar Söyüncü,Leicester City,34,1
GB1-2019,206,Denmark,24,Philip Billing,AFC Bournemouth,34,1
GB1-2019,207,England,30,Ryan Bertrand,Southampton FC,32,1
GB1-2019,208,England,30,Ben Mee,Burnley FC,32,1
GB1-2019,209,Norway,34,Alexander Tettey,Norwich City,30,1
GB1-2019,210,England,25,Will Hughes,Watford FC,30,1
GB1-2019,211,Uruguay,24,Lucas Torreira,Arsenal FC,29,1
GB1-2019,212,England,20,Joe Willock,Arsenal FC,29,1
GB1-2019,213,England,29,Andros Townsend,Crystal Palace,24,1
GB1-2019,214,Belgium,33,Jan Vertonghen,Tottenham Hotspur,23,1
GB1-2019,215,England,36,Glenn Murray,Brighton & Hove Albion,23,1
GB1-2019,216,England,22,Sean Longstaff,Newcastle United,23,1
GB1-2019,217,Portugal,28,Cédric Soares,for 2 clubs,21,1
GB1-2019,218,Bangladesh,22,Hamza Choudhury,Leicester City,20,1
GB1-2019,219,England,30,James Tomkins,Crystal Palace,18,1
GB1-2019,220,Egypt,32,Ahmed El Mohamady,Aston Villa,18,1
GB1-2019,221,England,19,Brandon Williams,Manchester United,17,1
GB1-2019,222,Belgium,26,Michy Batshuayi,Chelsea FC,16,1
GB1-2019,223,England,32,Adam Lallana,Liverpool FC,15,1
GB1-2019,224,Scotland,23,Kieran Tierney,Arsenal FC,15,1
GB1-2019,225,England,24,Calum Chambers,Arsenal FC,14,1
GB1-2019,226,Norway,22,Sander Berge,Sheffield United,14,1
GB1-2019,227,Iceland,29,Jóhann Berg Gudmundsson,Burnley FC,12,1
GB1-2019,228,Spain,32,Pedro,Chelsea FC,11,1
GB1-2019,229,Portugal,24,Daniel Podence,Wolverhampton Wanderers,9,1
GB1-2019,230,England,26,Connor Wickham,Crystal Palace,6,1
GB1-2019,231,Sweden,26,Victor Lindelöf,Manchester United,35,1
GB1-2019,232,England,22,Tom Davies,Everton FC,30,1
GB1-2019,233,England,29,Steve Cook,AFC Bournemouth,29,1
GB1-2019,234,Northern Ireland,22,Jamal Lewis,Norwich City,28,1
GB1-2019,235,Morocco,26,Adam Masina,Watford FC,26,1
GB1-2019,236,Nigeria,24,Alex Iwobi,Everton FC,25,1
GB1-2019,237,England,26,Jamaal Lascelles,Newcastle United,24,1
GB1-2019,238,England,27,Jesse Lingard,Manchester United,22,1
GB1-2019,239,Mali,23,Yves Bissouma,Brighton & Hove Albion,22,1
GB1-2019,240,Switzerland,27,Josip Drmic,Norwich City,21,1
GB1-2019,241,Bosnia-Herzegovina,31,Mario Vrancic,Norwich City,20,1
GB1-2019,242,Denmark,27,Jannik Vestergaard,Southampton FC,19,1
GB1-2019,243,Ireland,28,Shane Duffy,Brighton & Hove Albion,19,1
GB1-2019,244,England,30,Tom Cleverley,Watford FC,18,1
GB1-2019,245,England,25,Kortney Hause,Aston Villa,18,1
GB1-2019,246,Belgium,25,Björn Engels,Aston Villa,17,1
GB1-2019,247,Paraguay,28,Fabián Balbuena,West Ham United,17,1
GB1-2019,248,England,20,Reiss Nelson,Arsenal FC,17,1
GB1-2019,249,United States,27,DeAndre Yedlin,Newcastle United,16,1
GB1-2019,250,Spain,26,Aymeric Laporte,Manchester City,15,1
GB1-2019,251,Spain,25,Héctor Bellerín,Arsenal FC,15,1
GB1-2019,252,England,22,Fikayo Tomori,Chelsea FC,15,1
GB1-2019,253,Tanzania,27,Mbwana Samatta,Aston Villa,14,1
GB1-2019,254,Austria,24,Valentino Lazaro,Newcastle United,13,1
GB1-2019,255,Wales,22,Chris Mepham,AFC Bournemouth,12,1
GB1-2019,256,Cameroon,28,Joël Matip,Liverpool FC,9,1
GB1-2019,257,Wales,23,David Brooks,AFC Bournemouth,9,1
GB1-2019,258,Germany,25,Dennis Srbeny,Norwich City,8,1
GB1-2019,259,Switzerland,28,Xherdan Shaqiri,Liverpool FC,7,1
GB1-2019,260,England,19,Curtis Jones,Liverpool FC,6,1
GB1-2019,261,Romania,26,Florin Andone,Brighton & Hove Albion,3,1
GB1-2019,262,Mexico,31,Chicharito,West Ham United,2,1
GB1-2020,1,England,27,Harry Kane,Tottenham Hotspur,35,23
GB1-2020,2,Egypt,28,Mohamed Salah,Liverpool FC,37,22
GB1-2020,3,Portugal,26,Bruno Fernandes,Manchester United,37,18
GB1-2020,4,"Korea, South",28,Heung-min Son,Tottenham Hotspur,37,17
GB1-2020,5,England,27,Patrick Bamford,Leeds United,38,17
GB1-2020,6,England,24,Dominic Calvert-Lewin,Everton FC,33,16
GB1-2020,7,England,34,Jamie Vardy,Leicester City,34,15
GB1-2020,8,England,25,Ollie Watkins,Aston Villa,37,14
GB1-2020,9,Germany,30,İlkay Gündoğan,Manchester City,28,13
GB1-2020,10,France,29,Alexandre Lacazette,Arsenal FC,31,13
GB1-2020,11,England,29,Callum Wilson,Newcastle United,26,12
GB1-2020,12,England,28,Danny Ings,Southampton FC,29,12
GB1-2020,13,New Zealand,29,Chris Wood,Burnley FC,33,12
GB1-2020,14,Nigeria,24,Kelechi Iheanacho,Leicester City,25,12
GB1-2020,15,England,23,Marcus Rashford,Manchester United,37,11
GB1-2020,16,Senegal,29,Sadio Mané,Liverpool FC,35,11
GB1-2020,17,Brazil,25,Matheus Pereira,West Bromwich Albion,33,11
GB1-2020,18,Cote d'Ivoire,28,Wilfried Zaha,Crystal Palace,30,11
GB1-2020,19,Wales,31,Gareth Bale,Tottenham Hotspur,20,11
GB1-2020,20,England,26,Raheem Sterling,Manchester City,31,10
GB1-2020,21,Jamaica,31,Michail Antonio,West Ham United,26,10
GB1-2020,22,Gabon,31,Pierre-Emerick Aubameyang,Arsenal FC,29,10
GB1-2020,23,Uruguay,34,Edinson Cavani,Manchester United,26,10
GB1-2020,24,Czech Republic,26,Tomáš Souček,West Ham United,38,10
GB1-2020,25,Belgium,30,Christian Benteke,Crystal Palace,30,10
GB1-2020,26,Cote d'Ivoire,25,Nicolas Pépé,Arsenal FC,29,10
GB1-2020,27,Netherlands,26,Anwar El Ghazi,Aston Villa,28,10
GB1-2020,28,Brazil,29,Roberto Firmino,Liverpool FC,36,9
GB1-2020,29,Algeria,30,Riyad Mahrez,Manchester City,27,9
GB1-2020,30,Scotland,24,Ché Adams,Southampton FC,36,9
GB1-2020,31,England,20,Phil Foden,Manchester City,28,9
GB1-2020,32,England,28,Jesse Lingard,for 2 clubs,16,9
GB1-2020,33,Brazil,24,Gabriel Jesus,Manchester City,29,9
GB1-2020,34,England,23,Harvey Barnes,Leicester City,25,9
GB1-2020,35,Portugal,24,Diogo Jota,for 2 clubs,19,9
GB1-2020,36,England,24,Jack Harrison,Leeds United,36,8
GB1-2020,37,England,26,James Ward-Prowse,Southampton FC,38,8
GB1-2020,38,England,24,James Maddison,Leicester City,31,8
GB1-2020,39,England,24,Jarrod Bowen,West Ham United,38,8
GB1-2020,40,Northern Ireland,30,Stuart Dallas,Leeds United,38,8
GB1-2020,41,France,24,Neal Maupay,Brighton & Hove Albion,33,8
GB1-2020,42,Ireland,33,David McGoldrick,Sheffield United,35,8
GB1-2020,43,England,21,Joe Willock,for 2 clubs,21,8
GB1-2020,44,Burkina Faso,25,Bertrand Traoré,Aston Villa,36,7
GB1-2020,45,Brazil,24,Richarlison,Everton FC,34,7
GB1-2020,46,England,19,Mason Greenwood,Manchester United,31,7
GB1-2020,47,Spain,30,Rodrigo,Leeds United,26,7
GB1-2020,48,Spain,21,Ferran Torres,Manchester City,24,7
GB1-2020,49,Italy,29,Jorginho,Chelsea FC,28,7
GB1-2020,50,Germany,25,Timo Werner,Chelsea FC,35,6
GB1-2020,51,England,25,Jack Grealish,Aston Villa,26,6
GB1-2020,52,Belgium,29,Kevin De Bruyne,Manchester City,25,6
GB1-2020,53,Brazil,24,Raphinha,Leeds United,30,6
GB1-2020,54,England,22,Mason Mount,Chelsea FC,36,6
GB1-2020,55,Iceland,31,Gylfi Sigurdsson,Everton FC,36,6
GB1-2020,56,Colombia,29,James Rodríguez,Everton FC,23,6
GB1-2020,57,Belgium,24,Youri Tielemans,Leicester City,38,6
GB1-2020,58,England,30,Danny Welbeck,Brighton & Hove Albion,24,6
GB1-2020,59,England,23,Tammy Abraham,Chelsea FC,22,6
GB1-2020,60,Portugal,21,Pedro Neto,Wolverhampton Wanderers,31,5
GB1-2020,61,Belgium,26,Leandro Trossard,Brighton & Hove Albion,35,5
GB1-2020,62,Spain,25,Pablo Fornals,West Ham United,33,5
GB1-2020,63,England,19,Bukayo Saka,Arsenal FC,32,5
GB1-2020,64,Jamaica,28,Bobby De Cordova-Reid,Fulham FC,33,5
GB1-2020,65,Portugal,24,Rúben Neves,Wolverhampton Wanderers,36,5
GB1-2020,66,England,29,Lewis Dunk,Brighton & Hove Albion,33,5
GB1-2020,67,Ireland,26,Callum Robinson,West Bromwich Albion,28,5
GB1-2020,68,France,26,Kurt Zouma,Chelsea FC,24,5
GB1-2020,69,England,22,Eberechi Eze,Crystal Palace,34,4
GB1-2020,70,Germany,21,Kai Havertz,Chelsea FC,27,4
GB1-2020,71,France,25,Anthony Martial,Manchester United,22,4
GB1-2020,72,Poland,30,Mateusz Klich,Leeds United,35,4
GB1-2020,73,Scotland,29,Stuart Armstrong,Southampton FC,33,4
GB1-2020,74,Nigeria,23,Ademola Lookman,Fulham FC,34,4
GB1-2020,75,Portugal,18,Fábio Silva,Wolverhampton Wanderers,32,4
GB1-2020,76,Brazil,24,Joelinton,Newcastle United,31,4
GB1-2020,77,United States,22,Christian Pulisic,Chelsea FC,27,4
GB1-2020,78,Paraguay,27,Miguel Almirón,Newcastle United,34,4
GB1-2020,79,Scotland,24,Scott McTominay,Manchester United,32,4
GB1-2020,80,Argentina,32,Sergio Agüero,Manchester City,12,4
GB1-2020,81,England,26,John Stones,Manchester City,22,4
GB1-2020,82,France,34,Olivier Giroud,Chelsea FC,17,4
GB1-2020,83,Mexico,29,Raúl Jiménez,Wolverhampton Wanderers,10,4
GB1-2020,84,Germany,29,Pascal Groß,Brighton & Hove Albion,34,3
GB1-2020,85,Scotland,26,John McGinn,Aston Villa,37,3
GB1-2020,86,England,24,Ben Chilwell,Chelsea FC,27,3
GB1-2020,87,France,28,Paul Pogba,Manchester United,26,3
GB1-2020,88,Brazil,28,Lucas Moura,Tottenham Hotspur,30,3
GB1-2020,89,France,24,Allan Saint-Maximin,Newcastle United,25,3
GB1-2020,90,England,31,Ashley Westwood,Burnley FC,38,3
GB1-2020,91,Serbia,26,Aleksandar Mitrović,Fulham FC,27,3
GB1-2020,92,England,32,Theo Walcott,for 2 clubs,22,3
GB1-2020,93,Angola,27,Hélder Costa,Leeds United,22,3
GB1-2020,94,France,24,Tanguy Ndombélé,Tottenham Hotspur,33,3
GB1-2020,95,Czech Republic,29,Matej Vydra,Burnley FC,28,3
GB1-2020,96,Portugal,25,Daniel Podence,Wolverhampton Wanderers,24,3
GB1-2020,97,Senegal,29,Mbaye Diagne,West Bromwich Albion,16,3
GB1-2020,98,England,28,Michael Keane,Everton FC,35,3
GB1-2020,99,England,30,Kyle Bartley,West Bromwich Albion,30,3
GB1-2020,100,England,27,Ross Barkley,for 2 clubs,26,3
GB1-2020,101,Wales,23,Daniel James,Manchester United,15,3
GB1-2020,102,Angola,27,Ivan Cavaleiro,Fulham FC,36,3
GB1-2020,103,Denmark,28,Jannik Vestergaard,Southampton FC,30,3
GB1-2020,104,Italy,33,Angelo Ogbonna,West Ham United,28,3
GB1-2020,105,Morocco,31,Romain Saïss,Wolverhampton Wanderers,27,3
GB1-2020,106,England,31,Ashley Barnes,Burnley FC,22,3
GB1-2020,107,England,31,Craig Dawson,West Ham United,22,3
GB1-2020,108,Japan,26,Takumi Minamino,for 2 clubs,19,3
GB1-2020,109,England,35,Billy Sharp,Sheffield United,16,3
GB1-2020,110,Cote d'Ivoire,26,Sébastien Haller,West Ham United,16,3
GB1-2020,111,Nigeria,22,Josh Maja,Fulham FC,15,3
GB1-2020,112,England,22,Trent Alexander-Arnold,Liverpool FC,36,2
GB1-2020,113,Portugal,26,Bernardo Silva,Manchester City,26,2
GB1-2020,114,Denmark,25,Pierre-Emile Højbjerg,Tottenham Hotspur,38,2
GB1-2020,115,England,21,Dwight McNeil,Burnley FC,36,2
GB1-2020,116,DR Congo,23,Aaron Wan-Bissaka,Manchester United,34,2
GB1-2020,117,England,20,Emile Smith Rowe,Arsenal FC,20,2
GB1-2020,118,Spain,25,Adama Traoré,Wolverhampton Wanderers,37,2
GB1-2020,119,North Macedonia,29,Ezgjan Alioski,Leeds United,36,2
GB1-2020,120,Mali,28,Abdoulaye Doucouré,Everton FC,29,2
GB1-2020,121,England,27,Nathan Redmond,Southampton FC,29,2
GB1-2020,122,Portugal,26,João Cancelo,Manchester City,28,2
GB1-2020,123,Ghana,28,Jeffrey Schlupp,Crystal Palace,27,2
GB1-2020,124,Belgium,25,Timothy Castagne,Leicester City,27,2
GB1-2020,125,England,26,Jacob Murphy,Newcastle United,26,2
GB1-2020,126,Morocco,28,Hakim Ziyech,Chelsea FC,23,2
GB1-2020,127,England,20,Callum Hudson-Odoi,Chelsea FC,23,2
GB1-2020,128,Cote d'Ivoire,28,Serge Aurier,Tottenham Hotspur,19,2
GB1-2020,129,England,28,Tyrone Mings,Aston Villa,36,2
GB1-2020,130,Spain,24,Rodri,Manchester City,34,2
GB1-2020,131,England,21,Conor Gallagher,West Bromwich Albion,30,2
GB1-2020,132,Northern Ireland,33,Jonny Evans,Leicester City,28,2
GB1-2020,133,England,22,James Justin,Leicester City,23,2
GB1-2020,134,Belgium,27,Michy Batshuayi,Crystal Palace,18,2
GB1-2020,135,England,28,Harry Maguire,Manchester United,34,2
GB1-2020,136,Scotland,30,Matt Phillips,West Bromwich Albion,33,2
GB1-2020,137,England,22,Declan Rice,West Ham United,32,2
GB1-2020,138,Nigeria,24,Ola Aina,Fulham FC,31,2
GB1-2020,139,Spain,27,Ayoze Pérez,Leicester City,25,2
GB1-2020,140,Ireland,29,Jeff Hendrick,Newcastle United,22,2
GB1-2020,141,England,26,Solly March,Brighton & Hove Albion,21,2
GB1-2020,142,Egypt,26,Trezeguet,Aston Villa,21,2
GB1-2020,143,England,21,Eddie Nketiah,Arsenal FC,17,2
GB1-2020,144,Ireland,21,Aaron Connolly,Brighton & Hove Albion,17,2
GB1-2020,145,Brazil,19,Gabriel Martinelli,Arsenal FC,14,2
GB1-2020,146,France,26,Benjamin Mendy,Manchester City,13,2
GB1-2020,147,Netherlands,30,Georginio Wijnaldum,Liverpool FC,38,2
GB1-2020,148,England,23,Ezri Konsa,Aston Villa,36,2
GB1-2020,149,Netherlands,24,Jaïro Riedewald,Crystal Palace,33,2
GB1-2020,150,Nigeria,27,Semi Ajayi,West Bromwich Albion,33,2
GB1-2020,151,England,31,Ben Mee,Burnley FC,30,2
GB1-2020,152,Colombia,26,Yerry Mina,Everton FC,24,2
GB1-2020,153,Brazil,36,Thiago Silva,Chelsea FC,23,2
GB1-2020,154,Brazil,23,Gabriel,Arsenal FC,23,2
GB1-2020,155,Iceland,30,Jóhann Berg Gudmundsson,Burnley FC,22,2
GB1-2020,156,Wales,32,Hal Robson-Kanu,West Bromwich Albion,19,2
GB1-2020,157,England,27,Jamaal Lascelles,Newcastle United,19,2
GB1-2020,158,Morocco,24,Issa Diop,West Ham United,18,2
GB1-2020,159,England,20,Jayden Bogle,Sheffield United,16,2
GB1-2020,160,Spain,30,Marcos Alonso,Chelsea FC,13,2
GB1-2020,161,Scotland,27,Andrew Robertson,Liverpool FC,38,1
GB1-2020,162,Algeria,25,Saïd Benrahma,West Ham United,30,1
GB1-2020,163,England,29,Andros Townsend,Crystal Palace,34,1
GB1-2020,164,England,25,Luke Shaw,Manchester United,32,1
GB1-2020,165,England,31,Marc Albrighton,Leicester City,31,1
GB1-2020,166,Brazil,32,Willian,Arsenal FC,25,1
GB1-2020,167,Scotland,23,Kieran Tierney,Arsenal FC,27,1
GB1-2020,168,Nigeria,24,Wilfred Ndidi,Leicester City,26,1
GB1-2020,169,Netherlands,23,Steven Bergwijn,Tottenham Hotspur,21,1
GB1-2020,170,England,25,Darnell Furlong,West Bromwich Albion,35,1
GB1-2020,171,Ghana,29,Jordan Ayew,Crystal Palace,33,1
GB1-2020,172,England,29,Jonjo Shelvey,Newcastle United,30,1
GB1-2020,173,Nigeria,25,Alex Iwobi,Everton FC,30,1
GB1-2020,174,Spain,26,Héctor Bellerín,Arsenal FC,25,1
GB1-2020,175,Ghana,20,Tariq Lamptey,Brighton & Hove Albion,11,1
GB1-2020,176,England,21,Reece James,Chelsea FC,32,1
GB1-2020,177,England,31,Jay Rodríguez,Burnley FC,31,1
GB1-2020,178,Switzerland,28,Granit Xhaka,Arsenal FC,31,1
GB1-2020,179,England,25,Kalvin Phillips,Leeds United,29,1
GB1-2020,180,Wales,22,Tyler Roberts,Leeds United,27,1
GB1-2020,181,Spain,31,César Azpilicueta,Chelsea FC,26,1
GB1-2020,182,England,20,Curtis Jones,Liverpool FC,24,1
GB1-2020,183,Scotland,24,Oli McBurnie,Sheffield United,23,1
GB1-2020,184,Norway,22,Martin Ødegaard,Arsenal FC,14,1
GB1-2020,185,Cameroon,29,Joël Matip,Liverpool FC,10,1
GB1-2020,186,Spain,33,Juan Mata,Manchester United,9,1
GB1-2020,187,Poland,25,Jan Bednarek,Southampton FC,36,1
GB1-2020,188,England,31,Matthew Lowton,Burnley FC,34,1
GB1-2020,189,Portugal,27,Nélson Semedo,Wolverhampton Wanderers,34,1
GB1-2020,190,Portugal,34,João Moutinho,Wolverhampton Wanderers,33,1
GB1-2020,191,Serbia,30,Luka Milivojevic,Crystal Palace,31,1
GB1-2020,192,Denmark,24,Joachim Andersen,Fulham FC,31,1
GB1-2020,193,England,33,Adam Lallana,Brighton & Hove Albion,30,1
GB1-2020,194,Sweden,26,Victor Lindelöf,Manchester United,29,1
GB1-2020,195,Netherlands,29,Joël Veltman,Brighton & Hove Albion,28,1
GB1-2020,196,Gabon,27,Mario Lemina,Fulham FC,28,1
GB1-2020,197,Scotland,24,Oliver Burke,Sheffield United,25,1
GB1-2020,198,England,30,Kyle Walker,Manchester City,24,1
GB1-2020,199,England,30,Jordan Henderson,Liverpool FC,21,1
GB1-2020,200,Spain,29,Oriol Romeu,Southampton FC,21,1
GB1-2020,201,Cote d'Ivoire,30,Willy Boly,Wolverhampton Wanderers,21,1
GB1-2020,202,Argentina,22,Alexis Mac Allister,Brighton & Hove Albion,21,1
GB1-2020,203,Algeria,19,Rayan Aït-Nouri,Wolverhampton Wanderers,21,1
GB1-2020,204,England,35,Gary Cahill,Crystal Palace,20,1
GB1-2020,205,Ireland,29,Robbie Brady,Burnley FC,19,1
GB1-2020,206,Netherlands,24,Donny van de Beek,Manchester United,19,1
GB1-2020,207,England,21,Tyrick Mitchell,Crystal Palace,19,1
GB1-2020,208,England,31,Dwight Gayle,Newcastle United,18,1
GB1-2020,209,Nigeria,21,Nathan Tella,Southampton FC,18,1
GB1-2020,210,Argentina,25,Giovani Lo Celso,Tottenham Hotspur,18,1
GB1-2020,211,Brazil,29,Willian José,Wolverhampton Wanderers,17,1
GB1-2020,212,Argentina,28,Manuel Lanzini,West Ham United,17,1
GB1-2020,213,England,24,Nat Phillips,Liverpool FC,17,1
GB1-2020,214,Sweden,26,Emil Krafth,Newcastle United,16,1
GB1-2020,215,England,27,Joe Bryan,Fulham FC,16,1
GB1-2020,216,Belgium,27,Dennis Praet,Leicester City,15,1
GB1-2020,217,Norway,23,Sander Berge,Sheffield United,15,1
GB1-2020,218,England,23,Keinan Davis,Aston Villa,15,1
GB1-2020,219,England,28,Ryan Fredericks,West Ham United,14,1
GB1-2020,220,England,27,Alex Oxlade-Chamberlain,Liverpool FC,13,1
GB1-2020,221,Scotland,29,Tom Cairney,Fulham FC,10,1
GB1-2020,222,Ireland,29,Conor Hourihane,Aston Villa,4,1
GB1-2020,223,England,28,Conor Coady,Wolverhampton Wanderers,37,1
GB1-2020,224,Senegal,31,Cheikhou Kouyaté,Crystal Palace,36,1
GB1-2020,225,England,28,James Tarkowski,Burnley FC,36,1
GB1-2020,226,Mali,24,Yves Bissouma,Brighton & Hove Albion,36,1
GB1-2020,227,Brazil,28,Alisson,Liverpool FC,33,1
GB1-2020,228,Belgium,26,Leander Dendoncker,Wolverhampton Wanderers,33,1
GB1-2020,229,Portugal,24,Rúben Dias,Manchester City,32,1
GB1-2020,230,England,25,Ruben Loftus-Cheek,for 2 clubs,31,1
GB1-2020,231,Brazil,28,Fred,Manchester United,30,1
GB1-2020,232,England,26,Adam Webster,Brighton & Hove Albion,29,1
GB1-2020,233,Jamaica,24,Mason Holgate,Everton FC,28,1
GB1-2020,234,England,29,Dan Burn,Brighton & Hove Albion,27,1
GB1-2020,235,Netherlands,21,Pascal Struijk,Leeds United,27,1
GB1-2020,236,Mali,22,Moussa Djenepo,Southampton FC,27,1
GB1-2020,237,Belgium,32,Toby Alderweireld,Tottenham Hotspur,25,1
GB1-2020,238,Scotland,29,Liam Cooper,Leeds United,25,1
GB1-2020,239,Spain,30,Thiago Alcántara,Liverpool FC,24,1
GB1-2020,240,England,26,Ben Osborn,Sheffield United,24,1
GB1-2020,241,Argentina,29,Erik Lamela,Tottenham Hotspur,23,1
GB1-2020,242,Egypt,28,Mohamed Elneny,Arsenal FC,23,1
GB1-2020,243,Türkiye,25,Çağlar Söyüncü,Leicester City,23,1
GB1-2020,244,Ireland,31,Ciaran Clark,Newcastle United,22,1
GB1-2020,245,England,23,Karlan Grant,West Bromwich Albion,21,1
GB1-2020,246,Brazil,34,David Luiz,Arsenal FC,20,1
GB1-2020,247,DR Congo,23,Grady Diangana,West Bromwich Albion,20,1
GB1-2020,248,Germany,28,Antonio Rüdiger,Chelsea FC,19,1
GB1-2020,249,England,32,Andy Carroll,Newcastle United,18,1
GB1-2020,250,Switzerland,29,Fabian Schär,Newcastle United,18,1
GB1-2020,251,England,34,Scott Dann,Crystal Palace,15,1
GB1-2020,252,Wales,29,Paul Dummett,Newcastle United,15,1
GB1-2020,253,Spain,27,Diego Llorente,Leeds United,15,1
GB1-2020,254,Colombia,22,Steven Alzate,Brighton & Hove Albion,15,1
GB1-2020,255,Paraguay,29,Fabián Balbuena,West Ham United,14,1
GB1-2020,256,England,21,Ben Johnson,West Ham United,14,1
GB1-2020,257,England,19,Luke Thomas,Leicester City,14,1
GB1-2020,258,England,24,Kean Bryan,Sheffield United,13,1
GB1-2020,259,Brazil,28,Bernard,Everton FC,12,1
GB1-2020,260,Ghana,26,Daniel Amartey,Leicester City,12,1
GB1-2020,261,England,21,Morgan Gibbs-White,Wolverhampton Wanderers,11,1
GB1-2020,262,Netherlands,26,Nathan Aké,Manchester City,10,1
GB1-2020,263,Brazil,26,Carlos Vinícius,Tottenham Hotspur,9,1
GB1-2020,264,England,25,Kortney Hause,Aston Villa,7,1
GB1-2020,265,France,23,Jean-Philippe Mateta,Crystal Palace,7,1
GB1-2020,266,Netherlands,29,Virgil van Dijk,Liverpool FC,5,1
GB1-2020,267,Portugal,18,Fábio Carvalho,Fulham FC,4,1
GB1-2020,268,Canada,17,Daniel Jebbison,Sheffield United,4,1
GB1-2020,269,Ireland,23,Jimmy Dunne,Burnley FC,3,1
GB1-2020,270,Sweden,19,Anthony Elanga,Manchester United,2,1
GB1-2021,1,Egypt,29,Mohamed Salah,Liverpool FC,35,23
GB1-2021,2,"Korea, South",29,Heung-min Son,Tottenham Hotspur,35,23
GB1-2021,3,Portugal,37,Cristiano Ronaldo,Manchester United,30,18
GB1-2021,4,England,28,Harry Kane,Tottenham Hotspur,37,17
GB1-2021,5,Senegal,30,Sadio Mané,Liverpool FC,34,16
GB1-2021,6,Belgium,30,Kevin De Bruyne,Manchester City,30,15
GB1-2021,7,Portugal,25,Diogo Jota,Liverpool FC,35,15
GB1-2021,8,England,35,Jamie Vardy,Leicester City,25,15
GB1-2021,9,Cote d'Ivoire,29,Wilfried Zaha,Crystal Palace,33,14
GB1-2021,10,England,27,Raheem Sterling,Manchester City,30,13
GB1-2021,11,England,25,Jarrod Bowen,West Ham United,36,12
GB1-2021,12,England,25,James Maddison,Leicester City,35,12
GB1-2021,13,England,26,Ivan Toney,Brentford FC,33,12
GB1-2021,14,England,23,Mason Mount,Chelsea FC,32,11
GB1-2021,15,England,20,Bukayo Saka,Arsenal FC,38,11
GB1-2021,16,Algeria,31,Riyad Mahrez,Manchester City,28,11
GB1-2021,17,Finland,32,Teemu Pukki,Norwich City,37,11
GB1-2021,18,Brazil,25,Raphinha,Leeds United,35,11
GB1-2021,19,England,26,Ollie Watkins,Aston Villa,35,11
GB1-2021,20,Jamaica,32,Michail Antonio,West Ham United,36,10
GB1-2021,21,Portugal,27,Bruno Fernandes,Manchester United,36,10
GB1-2021,22,Nigeria,24,Emmanuel Dennis,Watford FC,33,10
GB1-2021,23,England,27,James Ward-Prowse,Southampton FC,36,10
GB1-2021,24,Brazil,25,Richarlison,Everton FC,30,10
GB1-2021,25,England,21,Emile Smith Rowe,Arsenal FC,33,10
GB1-2021,26,England,21,Phil Foden,Manchester City,28,9
GB1-2021,27,Cote d'Ivoire,25,Maxwel Cornet,Burnley FC,26,9
GB1-2021,28,Brazil,25,Gabriel Jesus,Manchester City,28,8
GB1-2021,29,Algeria,26,Saïd Benrahma,West Ham United,32,8
GB1-2021,30,Portugal,27,Bernardo Silva,Manchester City,35,8
GB1-2021,31,Germany,22,Kai Havertz,Chelsea FC,29,8
GB1-2021,32,Belgium,27,Leandro Trossard,Brighton & Hove Albion,34,8
GB1-2021,33,England,22,Conor Gallagher,Crystal Palace,34,8
GB1-2021,34,Germany,31,İlkay Gündoğan,Manchester City,27,8
GB1-2021,35,France,25,Neal Maupay,Brighton & Hove Albion,32,8
GB1-2021,36,England,25,Jack Harrison,Leeds United,35,8
GB1-2021,37,Belgium,29,Romelu Lukaku,Chelsea FC,26,8
GB1-2021,38,England,30,Callum Wilson,Newcastle United,18,8
GB1-2021,39,England,29,Danny Ings,Aston Villa,30,7
GB1-2021,40,Norway,23,Martin Ødegaard,Arsenal FC,36,7
GB1-2021,41,Scotland,25,Ché Adams,Southampton FC,30,7
GB1-2021,42,Spain,25,Rodri,Manchester City,33,7
GB1-2021,43,DR Congo,25,Yoane Wissa,Brentford FC,30,7
GB1-2021,44,England,24,Harvey Barnes,Leicester City,32,6
GB1-2021,45,Brazil,20,Gabriel Martinelli,Arsenal FC,29,6
GB1-2021,46,Spain,26,Pablo Fornals,West Ham United,36,6
GB1-2021,47,Mexico,31,Raúl Jiménez,Wolverhampton Wanderers,34,6
GB1-2021,48,Belgium,25,Youri Tielemans,Leicester City,32,6
GB1-2021,49,France,24,Odsonne Édouard,Crystal Palace,28,6
GB1-2021,50,Italy,30,Jorginho,Chelsea FC,29,6
GB1-2021,51,England,31,Danny Welbeck,Brighton & Hove Albion,25,6
GB1-2021,52,United States,23,Christian Pulisic,Chelsea FC,22,6
GB1-2021,53,England,20,Jacob Ramsey,Aston Villa,34,6
GB1-2021,54,Albania,20,Armando Broja,Southampton FC,32,6
GB1-2021,55,Spain,31,Rodrigo,Leeds United,31,6
GB1-2021,56,Nigeria,24,Ademola Lookman,Leicester City,26,6
GB1-2021,57,England,22,Reece James,Chelsea FC,26,5
GB1-2021,58,Sweden,22,Dejan Kulusevski,Tottenham Hotspur,18,5
GB1-2021,59,France,25,Allan Saint-Maximin,Newcastle United,35,5
GB1-2021,60,Jamaica,25,Demarai Gray,Everton FC,34,5
GB1-2021,61,Brazil,30,Roberto Firmino,Liverpool FC,20,5
GB1-2021,62,Norway,30,Joshua King,Watford FC,32,5
GB1-2021,63,Argentina,29,Manuel Lanzini,West Ham United,30,5
GB1-2021,64,Zambia,23,Patson Daka,Leicester City,23,5
GB1-2021,65,Brazil,29,Philippe Coutinho,Aston Villa,19,5
GB1-2021,66,Argentina,23,Alexis Mac Allister,Brighton & Hove Albion,33,5
GB1-2021,67,Colombia,23,Cucho Hernández,Watford FC,25,5
GB1-2021,68,Senegal,24,Ismaïla Sarr,Watford FC,22,5
GB1-2021,69,England,25,Dominic Calvert-Lewin,Everton FC,17,5
GB1-2021,70,Czech Republic,27,Tomáš Souček,West Ham United,35,5
GB1-2021,71,"Korea, South",26,Hee-chan Hwang,Wolverhampton Wanderers,30,5
GB1-2021,72,Brazil,28,Fabinho,Liverpool FC,29,5
GB1-2021,73,France,24,Jean-Philippe Mateta,Crystal Palace,22,5
GB1-2021,74,England,22,Eddie Nketiah,Arsenal FC,21,5
GB1-2021,75,England,20,Mason Greenwood,Manchester United,18,5
GB1-2021,76,Brazil,24,Bruno Guimarães,Newcastle United,17,5
GB1-2021,77,Brazil,24,Gabriel,Arsenal FC,35,5
GB1-2021,78,New Zealand,30,Chris Wood,for 2 clubs,34,5
GB1-2021,79,Cameroon,22,Bryan Mbeumo,Brentford FC,35,4
GB1-2021,80,France,30,Alexandre Lacazette,Arsenal FC,30,4
GB1-2021,81,Argentina,25,Emiliano Buendía,Aston Villa,35,4
GB1-2021,82,Wales,24,Daniel James,for 2 clubs,34,4
GB1-2021,83,Spain,31,Marcos Alonso,Chelsea FC,28,4
GB1-2021,84,Brazil,29,Fred,Manchester United,28,4
GB1-2021,85,Nigeria,25,Kelechi Iheanacho,Leicester City,26,4
GB1-2021,86,Poland,24,Matty Cash,Aston Villa,38,4
GB1-2021,87,Morocco,29,Hakim Ziyech,Chelsea FC,23,4
GB1-2021,88,Colombia,25,Luis Díaz,Liverpool FC,13,4
GB1-2021,89,Brazil,25,Joelinton,Newcastle United,35,4
GB1-2021,90,England,21,Anthony Gordon,Everton FC,35,4
GB1-2021,91,Portugal,25,Rúben Neves,Wolverhampton Wanderers,33,4
GB1-2021,92,Ghana,29,Jeffrey Schlupp,Crystal Palace,32,4
GB1-2021,93,Norway,27,Mohamed Elyounoussi,Southampton FC,30,4
GB1-2021,94,England,24,Marcus Rashford,Manchester United,25,4
GB1-2021,95,Belgium,31,Christian Benteke,Crystal Palace,25,4
GB1-2021,96,Germany,26,Timo Werner,Chelsea FC,21,4
GB1-2021,97,Gabon,32,Pierre-Emerick Aubameyang,Arsenal FC,14,4
GB1-2021,98,England,29,Conor Coady,Wolverhampton Wanderers,38,4
GB1-2021,99,Spain,27,Aymeric Laporte,Manchester City,33,4
GB1-2021,100,Poland,26,Jan Bednarek,Southampton FC,31,4
GB1-2021,101,Germany,24,Vitaly Janelt,Brentford FC,31,4
GB1-2021,102,Scotland,28,Andrew Robertson,Liverpool FC,29,3
GB1-2021,103,Denmark,28,Christian Nørgaard,Brentford FC,35,3
GB1-2021,104,Scotland,27,John McGinn,Aston Villa,35,3
GB1-2021,105,Cameroon,30,Joël Matip,Liverpool FC,31,3
GB1-2021,106,Ghana,30,Jordan Ayew,Crystal Palace,31,3
GB1-2021,107,England,22,Jadon Sancho,Manchester United,29,3
GB1-2021,108,England,26,Jack Grealish,Manchester City,26,3
GB1-2021,109,Sweden,31,Pontus Jansson,Brentford FC,37,3
GB1-2021,110,Germany,29,Antonio Rüdiger,Chelsea FC,34,3
GB1-2021,111,Netherlands,30,Virgil van Dijk,Liverpool FC,34,3
GB1-2021,112,England,29,Michael Keane,Everton FC,32,3
GB1-2021,113,Spain,25,Sergi Canós,Brentford FC,31,3
GB1-2021,114,England,30,Andros Townsend,Everton FC,21,3
GB1-2021,115,Brazil,37,Thiago Silva,Chelsea FC,32,3
GB1-2021,116,Brazil,20,João Pedro,Watford FC,28,3
GB1-2021,117,Netherlands,24,Steven Bergwijn,Tottenham Hotspur,25,3
GB1-2021,118,Guinea,27,Naby Keïta,Liverpool FC,23,3
GB1-2021,119,England,22,Trevoh Chalobah,Chelsea FC,20,3
GB1-2021,120,Belgium,27,Divock Origi,Liverpool FC,7,3
GB1-2021,121,England,25,Ben Chilwell,Chelsea FC,7,3
GB1-2021,122,Jamaica,24,Rico Henry,Brentford FC,34,3
GB1-2021,123,Spain,28,Diego Llorente,Leeds United,28,3
GB1-2021,124,England,32,Ben Mee,Burnley FC,21,3
GB1-2021,125,Japan,27,Takumi Minamino,Liverpool FC,11,3
GB1-2021,126,England,23,Trent Alexander-Arnold,Liverpool FC,32,2
GB1-2021,127,Brazil,29,Lucas Moura,Tottenham Hotspur,34,2
GB1-2021,128,England,31,Jordan Henderson,Liverpool FC,35,2
GB1-2021,129,France,20,Michael Olise,Crystal Palace,26,2
GB1-2021,130,Croatia,28,Mateo Kovacic,Chelsea FC,25,2
GB1-2021,131,Zambia,24,Enock Mwepu,Brighton & Hove Albion,18,2
GB1-2021,132,Mali,29,Abdoulaye Doucouré,Everton FC,30,2
GB1-2021,133,Germany,30,Pascal Groß,Brighton & Hove Albion,29,2
GB1-2021,134,Portugal,24,Rúben Dias,Manchester City,29,2
GB1-2021,135,France,31,N'Golo Kanté,Chelsea FC,26,2
GB1-2021,136,England,20,Joe Gelhardt,Leeds United,20,2
GB1-2021,137,Ireland,30,Matt Doherty,Tottenham Hotspur,15,2
GB1-2021,138,England,26,Josh Brownhill,Burnley FC,35,2
GB1-2021,139,Brazil,24,Douglas Luiz,Aston Villa,34,2
GB1-2021,140,England,32,Aaron Cresswell,West Ham United,31,2
GB1-2021,141,Scotland,28,Ryan Fraser,Newcastle United,27,2
GB1-2021,142,Portugal,26,Daniel Podence,Wolverhampton Wanderers,26,2
GB1-2021,143,Spain,25,Sergio Reguilón,Tottenham Hotspur,25,2
GB1-2021,144,England,25,Adam Armstrong,Southampton FC,23,2
GB1-2021,145,Czech Republic,29,Matej Vydra,Burnley FC,22,2
GB1-2021,146,Netherlands,29,Wout Weghorst,Burnley FC,20,2
GB1-2021,147,Spain,28,Ayoze Pérez,Leicester City,14,2
GB1-2021,148,Spain,30,Oriol Romeu,Southampton FC,36,2
GB1-2021,149,Denmark,26,Pierre-Emile Højbjerg,Tottenham Hotspur,36,2
GB1-2021,150,England,32,Craig Dawson,West Ham United,34,2
GB1-2021,151,Belgium,27,Leander Dendoncker,Wolverhampton Wanderers,30,2
GB1-2021,152,England,32,Jay Rodríguez,Burnley FC,29,2
GB1-2021,153,Nigeria,26,Alex Iwobi,Everton FC,28,2
GB1-2021,154,England,30,Luke Ayling,Leeds United,26,2
GB1-2021,155,Switzerland,30,Fabian Schär,Newcastle United,25,2
GB1-2021,156,Sweden,20,Anthony Elanga,Manchester United,21,2
GB1-2021,157,England,28,Patrick Bamford,Leeds United,9,2
GB1-2021,158,France,32,Moussa Sissoko,for 2 clubs,36,2
GB1-2021,159,England,21,Marc Guéhi,Crystal Palace,36,2
GB1-2021,160,Portugal,35,João Moutinho,Wolverhampton Wanderers,35,2
GB1-2021,161,Portugal,22,Francisco Trincão,Wolverhampton Wanderers,28,2
GB1-2021,162,United States,22,Josh Sargent,Norwich City,26,2
GB1-2021,163,Scotland,30,Stuart Armstrong,Southampton FC,25,2
GB1-2021,164,Jamaica,25,Mason Holgate,Everton FC,25,2
GB1-2021,165,England,30,Jonjo Shelvey,Newcastle United,24,2
GB1-2021,166,Ghana,28,Thomas Partey,Arsenal FC,24,2
GB1-2021,167,Brazil,37,Fernandinho,Manchester City,19,2
GB1-2021,168,England,28,Alex Oxlade-Chamberlain,Liverpool FC,17,2
GB1-2021,169,Uruguay,35,Edinson Cavani,Manchester United,15,2
GB1-2021,170,Spain,21,Ferran Torres,Manchester City,4,2
GB1-2021,171,Morocco,32,Romain Saïss,Wolverhampton Wanderers,31,2
GB1-2021,172,England,22,Joe Willock,Newcastle United,29,2
GB1-2021,173,England,24,Ezri Konsa,Aston Villa,29,2
GB1-2021,174,England,35,Aaron Lennon,Burnley FC,28,2
GB1-2021,175,Colombia,25,Davinson Sánchez,Tottenham Hotspur,23,2
GB1-2021,176,England,27,Adam Webster,Brighton & Hove Albion,22,2
GB1-2021,177,Ireland,21,Nathan Collins,Burnley FC,19,2
GB1-2021,178,England,29,Jesse Lingard,Manchester United,16,2
GB1-2021,179,Netherlands,25,Donny van de Beek,for 2 clubs,15,2
GB1-2021,180,Netherlands,27,Nathan Aké,Manchester City,14,2
GB1-2021,181,Spain,28,Jonny Otto,Wolverhampton Wanderers,13,2
GB1-2021,182,England,31,Kieran Trippier,Newcastle United,6,2
GB1-2021,183,France,29,Paul Pogba,Manchester United,20,1
GB1-2021,184,Portugal,27,João Cancelo,Manchester City,36,1
GB1-2021,185,England,28,Nathan Redmond,Southampton FC,27,1
GB1-2021,186,England,23,Declan Rice,West Ham United,36,1
GB1-2021,187,Spain,31,Thiago Alcántara,Liverpool FC,25,1
GB1-2021,188,Algeria,20,Rayan Aït-Nouri,Wolverhampton Wanderers,23,1
GB1-2021,189,Denmark,30,Christian Eriksen,Brentford FC,11,1
GB1-2021,190,England,29,Tyrone Mings,Aston Villa,36,1
GB1-2021,191,Scotland,24,Kieran Tierney,Arsenal FC,22,1
GB1-2021,192,England,21,Callum Hudson-Odoi,Chelsea FC,15,1
GB1-2021,193,Portugal,28,Ricardo Pereira,Leicester City,14,1
GB1-2021,194,England,29,James Tarkowski,Burnley FC,35,1
GB1-2021,195,Poland,31,Mateusz Klich,Leeds United,33,1
GB1-2021,196,England,27,Jacob Murphy,Newcastle United,33,1
GB1-2021,197,England,26,Matt Targett,for 2 clubs,33,1
GB1-2021,198,England,25,Kyle Walker-Peters,Southampton FC,32,1
GB1-2021,199,Kosovo,25,Milot Rashica,Norwich City,31,1
GB1-2021,200,England,23,Kiernan Dewsbury-Hall,Leicester City,28,1
GB1-2021,201,England,19,Tino Livramento,Southampton FC,28,1
GB1-2021,202,Spain,32,César Azpilicueta,Chelsea FC,27,1
GB1-2021,203,Switzerland,29,Granit Xhaka,Arsenal FC,27,1
GB1-2021,204,Mali,25,Yves Bissouma,Brighton & Hove Albion,26,1
GB1-2021,205,England,32,Matthew Lowton,Burnley FC,25,1
GB1-2021,206,Norway,24,Kristoffer Ajer,Brentford FC,24,1
GB1-2021,207,Norway,25,Mathias Normann,Norwich City,23,1
GB1-2021,208,Cote d'Ivoire,26,Nicolas Pépé,Arsenal FC,20,1
GB1-2021,209,Spain,28,Javier Manquillo,Newcastle United,19,1
GB1-2021,210,Jamaica,24,Leon Bailey,Aston Villa,18,1
GB1-2021,211,England,32,Marc Albrighton,Leicester City,17,1
GB1-2021,212,Iran,28,Saman Ghoddos,Brentford FC,17,1
GB1-2021,213,Spain,23,Marc Cucurella,Brighton & Hove Albion,35,1
GB1-2021,214,Netherlands,30,Joël Veltman,Brighton & Hove Albion,34,1
GB1-2021,215,Northern Ireland,31,Stuart Dallas,Leeds United,34,1
GB1-2021,216,France,28,Pierre Lees-Melou,Norwich City,33,1
GB1-2021,217,Jamaica,28,Ethan Pinnock,Brentford FC,32,1
GB1-2021,218,Brazil,23,Emerson Royal,Tottenham Hotspur,31,1
GB1-2021,219,Ireland,33,Séamus Coleman,Everton FC,30,1
GB1-2021,220,Scotland,25,Scott McTominay,Manchester United,30,1
GB1-2021,221,England,30,Dan Burn,for 2 clubs,29,1
GB1-2021,222,Wales,29,Ben Davies,Tottenham Hotspur,29,1
GB1-2021,223,Slovakia,35,Juraj Kucka,Watford FC,26,1
GB1-2021,224,England,24,Sean Longstaff,Newcastle United,24,1
GB1-2021,225,Wales,23,Tyler Roberts,Leeds United,23,1
GB1-2021,226,France,29,Raphaël Varane,Manchester United,22,1
GB1-2021,227,Portugal,22,Nuno Tavares,Arsenal FC,22,1
GB1-2021,228,Portugal,30,Cédric Soares,Arsenal FC,21,1
GB1-2021,229,Wales,26,Connor Roberts,Burnley FC,21,1
GB1-2021,230,Denmark,22,Mads Roerslev,Brentford FC,21,1
GB1-2021,231,Venezuela,32,Salomón Rondón,Everton FC,20,1
GB1-2021,232,England,24,Kieran Dowell,Norwich City,19,1
GB1-2021,233,Northern Ireland,34,Jonny Evans,Leicester City,18,1
GB1-2021,234,Ireland,20,Adam Idah,Norwich City,17,1
GB1-2021,235,England,21,Curtis Jones,Liverpool FC,15,1
GB1-2021,236,DR Congo,28,Arthur Masuaku,West Ham United,13,1
GB1-2021,237,England,23,Eberechi Eze,Crystal Palace,13,1
GB1-2021,238,Portugal,22,Pedro Neto,Wolverhampton Wanderers,13,1
GB1-2021,239,Netherlands,26,Anwar El Ghazi,for 2 clubs,11,1
GB1-2021,240,France,25,Tanguy Ndombélé,Tottenham Hotspur,9,1
GB1-2021,241,Ecuador,20,Moisés Caicedo,Brighton & Hove Albion,8,1
GB1-2021,242,Scotland,30,Grant Hanley,Norwich City,33,1
GB1-2021,243,Scotland,30,Kenny McLean,Norwich City,31,1
GB1-2021,244,England,29,Harry Maguire,Manchester United,30,1
GB1-2021,245,Paraguay,28,Miguel Almirón,Newcastle United,30,1
GB1-2021,246,England,24,Maximilian Kilman,Wolverhampton Wanderers,30,1
GB1-2021,247,England,30,Lewis Dunk,Brighton & Hove Albion,29,1
GB1-2021,248,Netherlands,22,Pascal Struijk,Leeds United,29,1
GB1-2021,249,Türkiye,25,Çağlar Söyüncü,Leicester City,28,1
GB1-2021,250,Belgium,26,Timothy Castagne,Leicester City,27,1
GB1-2021,251,England,28,Jamaal Lascelles,Newcastle United,26,1
GB1-2021,252,France,27,Kurt Zouma,for 2 clubs,24,1
GB1-2021,253,England,32,Ashley Barnes,Burnley FC,23,1
GB1-2021,254,Argentina,24,Cristian Romero,Tottenham Hotspur,22,1
GB1-2021,255,Grenada,24,Shandon Baptiste,Brentford FC,22,1
GB1-2021,256,England,26,Dele Alli,for 2 clubs,21,1
GB1-2021,257,England,32,Jack Cork,Burnley FC,20,1
GB1-2021,258,Spain,25,Adama Traoré,Wolverhampton Wanderers,20,1
GB1-2021,259,England,22,Ben Johnson,West Ham United,20,1
GB1-2021,260,Ukraine,32,Andriy Yarmolenko,West Ham United,19,1
GB1-2021,261,Cote d'Ivoire,28,Hassane Kamara,Watford FC,19,1
GB1-2021,262,Croatia,24,Nikola Vlašić,West Ham United,19,1
GB1-2021,263,Ireland,30,Shane Duffy,Brighton & Hove Albion,18,1
GB1-2021,264,England,26,Rob Holding,Arsenal FC,15,1
GB1-2021,265,England,27,John Stones,Manchester City,14,1
GB1-2021,266,Jamaica,26,Isaac Hayden,Newcastle United,14,1
GB1-2021,267,Ireland,35,Shane Long,Southampton FC,13,1
GB1-2021,268,England,27,Calum Chambers,for 2 clubs,13,1
GB1-2021,269,Ukraine,22,Vitaliy Mykolenko,Everton FC,13,1
GB1-2021,270,England,35,Mark Noble,West Ham United,11,1
GB1-2021,271,Italy,33,Angelo Ogbonna,West Ham United,11,1
GB1-2021,272,Denmark,31,Zanka,Brentford FC,8,1
GB1-2021,273,England,33,James Tomkins,Crystal Palace,8,1
GB1-2021,274,France,26,Anthony Martial,Manchester United,8,1
GB1-2021,275,England,26,Kortney Hause,Aston Villa,7,1
GB1-2021,276,England,28,Ross Barkley,Chelsea FC,6,1
GB1-2021,277,England,23,Tom Davies,Everton FC,6,1
GB1-2021,278,England,19,Jarrad Branthwaite,Everton FC,6,1
GB1-2021,279,Ireland,19,Andrew Omobamidele,Norwich City,5,1
GB1-2021,280,England,32,Dan Gosling,Watford FC,4,1
GB1-2021,281,Ireland,29,Jeff Hendrick,Newcastle United,3,1
GB1-2022,1,Norway,22,Erling Haaland,Manchester City,35,36
GB1-2022,2,England,29,Harry Kane,Tottenham Hotspur,38,30
GB1-2022,3,England,27,Ivan Toney,Brentford FC,33,20
GB1-2022,4,Egypt,30,Mohamed Salah,Liverpool FC,38,19
GB1-2022,5,England,31,Callum Wilson,Newcastle United,31,18
GB1-2022,6,England,25,Marcus Rashford,Manchester United,35,17
GB1-2022,7,Norway,24,Martin Ødegaard,Arsenal FC,37,15
GB1-2022,8,England,27,Ollie Watkins,Aston Villa,37,15
GB1-2022,9,Brazil,21,Gabriel Martinelli,Arsenal FC,36,15
GB1-2022,10,England,21,Bukayo Saka,Arsenal FC,38,14
GB1-2022,11,Serbia,28,Aleksandar Mitrović,Fulham FC,24,14
GB1-2022,12,England,25,Harvey Barnes,Leicester City,34,13
GB1-2022,13,Spain,32,Rodrigo,Leeds United,31,13
GB1-2022,14,Brazil,26,Gabriel Jesus,Arsenal FC,26,11
GB1-2022,15,England,23,Phil Foden,Manchester City,32,11
GB1-2022,16,Brazil,31,Roberto Firmino,Liverpool FC,25,11
GB1-2022,17,Paraguay,29,Miguel Almirón,Newcastle United,34,11
GB1-2022,18,England,26,James Maddison,Leicester City,30,10
GB1-2022,19,"Korea, South",30,Heung-min Son,Tottenham Hotspur,36,10
GB1-2022,20,England,24,Eberechi Eze,Crystal Palace,38,10
GB1-2022,21,Argentina,24,Alexis Mac Allister,Brighton & Hove Albion,35,10
GB1-2022,22,Sweden,23,Alexander Isak,Newcastle United,22,10
GB1-2022,23,Nigeria,25,Taiwo Awoniyi,Nottingham Forest,27,10
GB1-2022,24,Cameroon,23,Bryan Mbeumo,Brentford FC,38,9
GB1-2022,25,Germany,31,Pascal Groß,Brighton & Hove Albion,37,9
GB1-2022,26,England,28,James Ward-Prowse,Southampton FC,38,9
GB1-2022,27,Uruguay,23,Darwin Núñez,Liverpool FC,29,9
GB1-2022,28,Argentina,23,Julián Alvarez,Manchester City,31,9
GB1-2022,29,Belgium,28,Leandro Trossard,for 2 clubs,36,8
GB1-2022,30,Portugal,28,Bruno Fernandes,Manchester United,37,8
GB1-2022,31,Germany,32,İlkay Gündoğan,Manchester City,31,8
GB1-2022,32,Wales,22,Brennan Johnson,Nottingham Forest,38,8
GB1-2022,33,England,30,Danny Ings,for 2 clubs,35,8
GB1-2022,34,Belgium,31,Kevin De Bruyne,Manchester City,32,7
GB1-2022,35,England,28,Solly March,Brighton & Hove Albion,33,7
GB1-2022,36,Switzerland,30,Granit Xhaka,Arsenal FC,37,7
GB1-2022,37,Japan,26,Kaoru Mitoma,Brighton & Hove Albion,33,7
GB1-2022,38,Portugal,26,Diogo Jota,Liverpool FC,22,7
GB1-2022,39,DR Congo,26,Yoane Wissa,Brentford FC,38,7
GB1-2022,40,England,23,Dwight McNeil,Everton FC,36,7
GB1-2022,41,Netherlands,24,Cody Gakpo,Liverpool FC,21,7
GB1-2022,42,Cote d'Ivoire,30,Wilfried Zaha,Crystal Palace,27,7
GB1-2022,43,Denmark,26,Philip Billing,AFC Bournemouth,36,7
GB1-2022,44,Germany,23,Kai Havertz,Chelsea FC,35,7
GB1-2022,45,England,22,Jacob Ramsey,Aston Villa,35,6
GB1-2022,46,England,25,Dominic Solanke,AFC Bournemouth,33,6
GB1-2022,47,England,26,Jarrod Bowen,West Ham United,38,6
GB1-2022,48,Brazil,25,Douglas Luiz,Aston Villa,37,6
GB1-2022,49,Brazil,26,Joelinton,Newcastle United,32,6
GB1-2022,50,England,32,Danny Welbeck,Brighton & Hove Albion,31,6
GB1-2022,51,Algeria,27,Saïd Benrahma,West Ham United,35,6
GB1-2022,52,England,28,Raheem Sterling,Chelsea FC,28,6
GB1-2022,53,England,23,Jadon Sancho,Manchester United,26,6
GB1-2022,54,France,27,Anthony Martial,Manchester United,21,6
GB1-2022,55,Ireland,18,Evan Ferguson,Brighton & Hove Albion,19,6
GB1-2022,56,Portugal,26,Rúben Neves,Wolverhampton Wanderers,35,6
GB1-2022,57,Portugal,27,Daniel Podence,Wolverhampton Wanderers,32,6
GB1-2022,58,Algeria,32,Riyad Mahrez,Manchester City,30,5
GB1-2022,59,England,23,Morgan Gibbs-White,for 2 clubs,37,5
GB1-2022,60,England,26,Jack Harrison,Leeds United,36,5
GB1-2022,61,England,27,Jack Grealish,Manchester City,28,5
GB1-2022,62,Denmark,27,Mathias Jensen,Brentford FC,37,5
GB1-2022,63,Nigeria,26,Kelechi Iheanacho,Leicester City,28,5
GB1-2022,64,Brazil,34,Willian,Fulham FC,27,5
GB1-2022,65,England,24,Marcus Tavernier,AFC Bournemouth,23,5
GB1-2022,66,Jamaica,33,Michail Antonio,West Ham United,33,5
GB1-2022,67,Scotland,26,Ché Adams,Southampton FC,28,5
GB1-2022,68,Argentina,26,Emiliano Buendía,Aston Villa,38,5
GB1-2022,69,France,25,Odsonne Édouard,Crystal Palace,35,5
GB1-2022,70,Brazil,28,Carlos Vinícius,Fulham FC,28,5
GB1-2022,71,Mali,30,Abdoulaye Doucouré,Everton FC,25,5
GB1-2022,72,Uruguay,25,Rodrigo Bentancur,Tottenham Hotspur,18,5
GB1-2022,73,Colombia,28,Jefferson Lerma,AFC Bournemouth,37,5
GB1-2022,74,Germany,26,Deniz Undav,Brighton & Hove Albion,22,5
GB1-2022,75,Colombia,23,Luis Sinisterra,Leeds United,19,5
GB1-2022,76,Portugal,28,Bernardo Silva,Manchester City,34,4
GB1-2022,77,Brazil,27,Andreas Pereira,Fulham FC,33,4
GB1-2022,78,Denmark,27,Pierre-Emile Højbjerg,Tottenham Hotspur,35,4
GB1-2022,79,Brazil,25,Bruno Guimarães,Newcastle United,32,4
GB1-2022,80,Jamaica,25,Leon Bailey,Aston Villa,33,4
GB1-2022,81,Zambia,24,Patson Daka,Leicester City,30,4
GB1-2022,82,Ghana,31,Jordan Ayew,Crystal Palace,38,4
GB1-2022,83,Brazil,31,Casemiro,Manchester United,28,4
GB1-2022,84,England,29,Patrick Bamford,Leeds United,28,4
GB1-2022,85,Brazil,25,Lucas Paquetá,West Ham United,28,4
GB1-2022,86,Netherlands,21,Crysencio Summerville,Leeds United,28,4
GB1-2022,87,England,24,Declan Rice,West Ham United,37,4
GB1-2022,88,England,28,Jacob Murphy,Newcastle United,36,4
GB1-2022,89,England,24,Josh Dasilva,Brentford FC,36,4
GB1-2022,90,England,23,Eddie Nketiah,Arsenal FC,30,4
GB1-2022,91,Brazil,23,Antony,Manchester United,25,4
GB1-2022,92,Paraguay,19,Julio Enciso,Brighton & Hove Albion,20,4
GB1-2022,93,Argentina,20,Carlos Alcaraz,Southampton FC,18,4
GB1-2022,94,Colombia,26,Luis Díaz,Liverpool FC,17,4
GB1-2022,95,Jamaica,30,Bobby De Cordova-Reid,Fulham FC,36,4
GB1-2022,96,Jamaica,26,Demarai Gray,Everton FC,33,4
GB1-2022,97,England,22,Anthony Gordon,for 2 clubs,32,4
GB1-2022,98,Wales,30,Kieffer Moore,AFC Bournemouth,27,4
GB1-2022,99,Israel,23,Manor Solomon,Fulham FC,19,4
GB1-2022,100,Portugal,23,João Félix,Chelsea FC,16,4
GB1-2022,101,England,23,Joe Willock,Newcastle United,35,3
GB1-2022,102,England,36,Jamie Vardy,Leicester City,37,3
GB1-2022,103,England,28,Harrison Reed,Fulham FC,37,3
GB1-2022,104,Spain,23,Pedro Porro,Tottenham Hotspur,15,3
GB1-2022,105,England,33,Ben Mee,Brentford FC,37,3
GB1-2022,106,Belgium,26,Youri Tielemans,Leicester City,31,3
GB1-2022,107,England,24,Mason Mount,Chelsea FC,24,3
GB1-2022,108,Argentina,18,Alejandro Garnacho,Manchester United,19,3
GB1-2022,109,Brazil,22,Danilo,Nottingham Forest,13,3
GB1-2022,110,England,23,Reiss Nelson,Arsenal FC,11,3
GB1-2022,111,Germany,25,Vitaly Janelt,Brentford FC,35,3
GB1-2022,112,England,23,Conor Gallagher,Chelsea FC,35,3
GB1-2022,113,Ghana,30,Jeffrey Schlupp,Crystal Palace,34,3
GB1-2022,114,Netherlands,31,Virgil van Dijk,Liverpool FC,32,3
GB1-2022,115,Spain,27,Pablo Fornals,West Ham United,32,3
GB1-2022,116,England,23,Jaidon Anthony,AFC Bournemouth,30,3
GB1-2022,117,"Korea, South",27,Hee-chan Hwang,Wolverhampton Wanderers,27,3
GB1-2022,118,Denmark,25,Rasmus Nissen Kristensen,Leeds United,26,3
GB1-2022,119,England,22,Curtis Jones,Liverpool FC,18,3
GB1-2022,120,Brazil,25,Gabriel,Arsenal FC,38,3
GB1-2022,121,Portugal,27,João Palhinha,Fulham FC,35,3
GB1-2022,122,Ghana,29,Thomas Partey,Arsenal FC,33,3
GB1-2022,123,Jamaica,29,Ethan Pinnock,Brentford FC,30,3
GB1-2022,124,New Zealand,31,Chris Wood,for 2 clubs,25,3
GB1-2022,125,Italy,24,Gianluca Scamacca,West Ham United,16,3
GB1-2022,126,France,21,Michael Olise,Crystal Palace,37,2
GB1-2022,127,England,24,Trent Alexander-Arnold,Liverpool FC,37,2
GB1-2022,128,Nigeria,27,Alex Iwobi,Everton FC,38,2
GB1-2022,129,Sweden,23,Dejan Kulusevski,Tottenham Hotspur,30,2
GB1-2022,130,Spain,26,Rodri,Manchester City,36,2
GB1-2022,131,England,25,Ben White,Arsenal FC,38,2
GB1-2022,132,Wales,26,Harry Wilson,Fulham FC,29,2
GB1-2022,133,Italy,19,Wilfried Gnonto,Leeds United,24,2
GB1-2022,134,Belgium,27,Timothy Castagne,Leicester City,37,2
GB1-2022,135,Czech Republic,28,Tomáš Souček,West Ham United,36,2
GB1-2022,136,England,26,Ben Chilwell,Chelsea FC,23,2
GB1-2022,137,Brazil,30,Fred,Manchester United,35,2
GB1-2022,138,Spain,27,Adama Traoré,Wolverhampton Wanderers,34,2
GB1-2022,139,Wales,30,Ben Davies,Tottenham Hotspur,31,2
GB1-2022,140,England,24,Kiernan Dewsbury-Hall,Leicester City,31,2
GB1-2022,141,France,25,Romain Perraud,Southampton FC,29,2
GB1-2022,142,England,29,John Stones,Manchester City,23,2
GB1-2022,143,England,34,Theo Walcott,Southampton FC,20,2
GB1-2022,144,Nigeria,25,Emmanuel Dennis,Nottingham Forest,19,2
GB1-2022,145,Portugal,28,João Cancelo,Manchester City,17,2
GB1-2022,146,England,29,Eric Dier,Tottenham Hotspur,33,2
GB1-2022,147,Italy,31,Jorginho,for 2 clubs,32,2
GB1-2022,148,Scotland,31,Stuart Armstrong,Southampton FC,32,2
GB1-2022,149,England,26,Adam Armstrong,Southampton FC,30,2
GB1-2022,150,England,31,Luke Ayling,Leeds United,29,2
GB1-2022,151,Netherlands,23,Pascal Struijk,Leeds United,29,2
GB1-2022,152,France,21,William Saliba,Arsenal FC,27,2
GB1-2022,153,Brazil,24,Emerson Royal,Tottenham Hotspur,26,2
GB1-2022,154,Wales,25,Daniel James,for 2 clubs,24,2
GB1-2022,155,Senegal,31,Kalidou Koulibaly,Chelsea FC,23,2
GB1-2022,156,Ghana,21,Kamaldeen Sulemana,Southampton FC,18,2
GB1-2022,157,England,26,Dominic Calvert-Lewin,Everton FC,17,2
GB1-2022,158,England,34,Adam Lallana,Brighton & Hove Albion,16,2
GB1-2022,159,Scotland,32,Tom Cairney,Fulham FC,33,2
GB1-2022,160,Argentina,26,Marcos Senesi,AFC Bournemouth,31,2
GB1-2022,161,France,25,Jean-Philippe Mateta,Crystal Palace,29,2
GB1-2022,162,France,28,Kurt Zouma,West Ham United,25,2
GB1-2022,163,Nigeria,26,Joe Aribo,Southampton FC,21,2
GB1-2022,164,Morocco,27,Nayef Aguerd,West Ham United,18,2
GB1-2022,165,England,22,Ryan Sessegnon,Tottenham Hotspur,17,2
GB1-2022,166,Brazil,24,Matheus Cunha,Wolverhampton Wanderers,17,2
GB1-2022,167,Portugal,20,Fábio Carvalho,Liverpool FC,13,2
GB1-2022,168,Uruguay,25,Matías Viña,AFC Bournemouth,12,2
GB1-2022,169,Burkina Faso,27,Bertrand Traoré,Aston Villa,8,2
GB1-2022,170,Colombia,28,Yerry Mina,Everton FC,7,2
GB1-2022,171,Croatia,34,Ivan Perišić,Tottenham Hotspur,34,1
GB1-2022,172,Denmark,31,Christian Eriksen,Manchester United,28,1
GB1-2022,173,England,32,Kieran Trippier,Newcastle United,38,1
GB1-2022,174,Ecuador,25,Pervis Estupiñán,Brighton & Hove Albion,35,1
GB1-2022,175,Netherlands,27,Kenny Tete,Fulham FC,31,1
GB1-2022,176,France,26,Allan Saint-Maximin,Newcastle United,25,1
GB1-2022,177,England,25,Sean Longstaff,Newcastle United,33,1
GB1-2022,178,Brazil,26,Richarlison,Tottenham Hotspur,27,1
GB1-2022,179,Denmark,29,Christian Nørgaard,Brentford FC,22,1
GB1-2022,180,Switzerland,31,Fabian Schär,Newcastle United,36,1
GB1-2022,181,United States,22,Brenden Aaronson,Leeds United,36,1
GB1-2022,182,Scotland,28,John McGinn,Aston Villa,34,1
GB1-2022,183,Belgium,21,Amadou Onana,Everton FC,33,1
GB1-2022,184,England,27,Luke Shaw,Manchester United,31,1
GB1-2022,185,Portugal,24,Diogo Dalot,Manchester United,26,1
GB1-2022,186,Burkina Faso,21,Dango Ouattara,AFC Bournemouth,19,1
GB1-2022,187,England,30,Tyrone Mings,Aston Villa,35,1
GB1-2022,188,Spain,26,Marc Roca,Leeds United,32,1
GB1-2022,189,England,20,Harvey Elliott,Liverpool FC,32,1
GB1-2022,190,Belgium,25,Wout Faes,Leicester City,31,1
GB1-2022,191,Croatia,29,Mateo Kovacic,Chelsea FC,27,1
GB1-2022,192,Ukraine,26,Oleksandr Zinchenko,Arsenal FC,27,1
GB1-2022,193,Portugal,22,Fábio Vieira,Arsenal FC,22,1
GB1-2022,194,France,20,Sékou Mara,Southampton FC,22,1
GB1-2022,195,England,21,Sam Greenwood,Leeds United,18,1
GB1-2022,196,England,30,Michael Keane,Everton FC,12,1
GB1-2022,197,England,30,James Tarkowski,Everton FC,38,1
GB1-2022,198,Ecuador,21,Moisés Caicedo,Brighton & Hove Albion,37,1
GB1-2022,199,Portugal,24,Matheus Nunes,Wolverhampton Wanderers,34,1
GB1-2022,200,Norway,28,Mohamed Elyounoussi,Southampton FC,33,1
GB1-2022,201,Scotland,28,Ryan Christie,AFC Bournemouth,32,1
GB1-2022,202,Netherlands,31,Joël Veltman,Brighton & Hove Albion,31,1
GB1-2022,203,England,28,Will Hughes,Crystal Palace,27,1
GB1-2022,204,Belgium,25,Orel Mangala,Nottingham Forest,27,1
GB1-2022,205,England,30,Conor Coady,for 2 clubs,24,1
GB1-2022,206,United States,24,Christian Pulisic,Chelsea FC,24,1
GB1-2022,207,Brazil,26,Lyanco,Southampton FC,21,1
GB1-2022,208,Dominican Republic,26,Junior Firpo,Leeds United,19,1
GB1-2022,209,England,23,Reece James,Chelsea FC,16,1
GB1-2022,210,Portugal,26,Gonçalo Guedes,Wolverhampton Wanderers,13,1
GB1-2022,211,Argentina,18,Facundo Buonanotte,Brighton & Hove Albion,13,1
GB1-2022,212,Albania,21,Armando Broja,Chelsea FC,12,1
GB1-2022,213,Portugal,29,Ricardo Pereira,Leicester City,10,1
GB1-2022,214,England,31,Dan Burn,Newcastle United,38,1
GB1-2022,215,England,22,Marc Guéhi,Crystal Palace,37,1
GB1-2022,216,England,31,Lewis Dunk,Brighton & Hove Albion,36,1
GB1-2022,217,United States,35,Tim Ream,Fulham FC,33,1
GB1-2022,218,Denmark,26,Joachim Andersen,Crystal Palace,32,1
GB1-2022,219,England,26,Kyle Walker-Peters,Southampton FC,31,1
GB1-2022,220,Wales,22,Neco Williams,Nottingham Forest,31,1
GB1-2022,221,England,26,Joe Worrall,Nottingham Forest,30,1
GB1-2022,222,England,37,Ashley Young,Aston Villa,29,1
GB1-2022,223,Belgium,19,Roméo Lavia,Southampton FC,29,1
GB1-2022,224,England,33,Joel Ward,Crystal Palace,28,1
GB1-2022,225,France,29,Lucas Digne,Aston Villa,28,1
GB1-2022,226,France,26,Neal Maupay,for 2 clubs,27,1
GB1-2022,227,Argentina,25,Lisandro Martínez,Manchester United,27,1
GB1-2022,228,Netherlands,28,Nathan Aké,Manchester City,26,1
GB1-2022,229,England,33,Craig Dawson,for 2 clubs,25,1
GB1-2022,230,England,25,Tosin Adarabioyo,Fulham FC,25,1
GB1-2022,231,Morocco,26,Issa Diop,Fulham FC,25,1
GB1-2022,232,Cote d'Ivoire,30,Serge Aurier,Nottingham Forest,24,1
GB1-2022,233,Scotland,26,Scott McTominay,Manchester United,24,1
GB1-2022,234,Spain,34,Diego Costa,Wolverhampton Wanderers,23,1
GB1-2022,235,Ireland,34,Séamus Coleman,Everton FC,23,1
GB1-2022,236,England,22,Oliver Skipp,Tottenham Hotspur,23,1
GB1-2022,237,Belgium,29,Dennis Praet,Leicester City,22,1
GB1-2022,238,Italy,28,Emerson,West Ham United,22,1
GB1-2022,239,Senegal,33,Cheikhou Kouyaté,Nottingham Forest,21,1
GB1-2022,240,Algeria,21,Rayan Aït-Nouri,Wolverhampton Wanderers,21,1
GB1-2022,241,Brazil,30,Philippe Coutinho,Aston Villa,20,1
GB1-2022,242,England,24,Sam Surridge,Nottingham Forest,20,1
GB1-2022,243,Senegal,30,Nampalys Mendy,Leicester City,19,1
GB1-2022,244,Scotland,31,Liam Cooper,Leeds United,18,1
GB1-2022,245,Spain,29,Jonny Otto,Wolverhampton Wanderers,18,1
GB1-2022,246,France,22,Wesley Fofana,for 2 clubs,17,1
GB1-2022,247,Portugal,24,Toti,Wolverhampton Wanderers,17,1
GB1-2022,248,Gabon,33,Pierre-Emerick Aubameyang,Chelsea FC,15,1
GB1-2022,249,Brazil,30,Lucas Moura,Tottenham Hotspur,15,1
GB1-2022,250,Cameroon,31,Joël Matip,Liverpool FC,14,1
GB1-2022,251,England,27,Rob Holding,Arsenal FC,14,1
GB1-2022,252,Spain,31,Pablo Sarabia,Wolverhampton Wanderers,13,1
GB1-2022,253,Croatia,26,Duje Caleta-Car,Southampton FC,13,1
GB1-2022,254,Brazil,23,Tetê,Leicester City,13,1
GB1-2022,255,England,24,Lewis O'Brien,Nottingham Forest,13,1
GB1-2022,256,Sweden,32,Pontus Jansson,Brentford FC,12,1
GB1-2022,257,Ireland,31,Matt Doherty,Tottenham Hotspur,12,1
GB1-2022,258,England,21,Noni Madueke,Chelsea FC,12,1
GB1-2022,259,France,22,Benoît Badiashile,Chelsea FC,11,1
GB1-2022,260,England,22,Ellis Simms,Everton FC,11,1
GB1-2022,261,Ghana,23,Antoine Semenyo,AFC Bournemouth,11,1
GB1-2022,262,Brazil,22,João Gomes,Wolverhampton Wanderers,11,1
GB1-2022,263,Spain,18,Stefan Bajcetic,Liverpool FC,11,1
GB1-2022,264,Portugal,37,Cristiano Ronaldo,Manchester United,10,1
GB1-2022,265,Argentina,30,Manuel Lanzini,West Ham United,10,1
GB1-2022,266,England,29,Alex Oxlade-Chamberlain,Liverpool FC,9,1
GB1-2022,267,Netherlands,26,Arnaut Danjuma,Tottenham Hotspur,9,1
GB1-2022,268,Türkiye,26,Çağlar Söyüncü,Leicester City,7,1
GB1-2022,269,Poland,23,Jakub Kiwior,Arsenal FC,7,1
GB1-2022,270,England,33,Marc Albrighton,Leicester City,6,1
GB1-2022,271,England,34,James Tomkins,Crystal Palace,6,1
GB1-2023,1,Norway,23,Erling Haaland,Manchester City,31,27
GB1-2023,2,England,22,Cole Palmer,for 2 clubs,34,22
GB1-2023,3,Sweden,24,Alexander Isak,Newcastle United,30,21
GB1-2023,4,England,28,Ollie Watkins,Aston Villa,37,19
GB1-2023,5,England,23,Phil Foden,Manchester City,35,19
GB1-2023,6,England,26,Dominic Solanke,AFC Bournemouth,38,19
GB1-2023,7,Egypt,31,Mohamed Salah,Liverpool FC,32,18
GB1-2023,8,"Korea, South",31,Heung-min Son,Tottenham Hotspur,35,17
GB1-2023,9,England,22,Bukayo Saka,Arsenal FC,35,16
GB1-2023,10,France,26,Jean-Philippe Mateta,Crystal Palace,35,16
GB1-2023,11,England,27,Jarrod Bowen,West Ham United,34,16
GB1-2023,12,Senegal,22,Nicolas Jackson,Chelsea FC,35,14
GB1-2023,13,New Zealand,32,Chris Wood,Nottingham Forest,31,14
GB1-2023,14,Germany,24,Kai Havertz,Arsenal FC,37,13
GB1-2023,15,Brazil,24,Matheus Cunha,Wolverhampton Wanderers,32,12
GB1-2023,16,DR Congo,27,Yoane Wissa,Brentford FC,34,12
GB1-2023,17,"Korea, South",28,Hee-chan Hwang,Wolverhampton Wanderers,29,12
GB1-2023,18,Belgium,29,Leandro Trossard,Arsenal FC,34,12
GB1-2023,19,England,23,Anthony Gordon,Newcastle United,35,11
GB1-2023,20,Uruguay,24,Darwin Núñez,Liverpool FC,36,11
GB1-2023,21,Argentina,24,Julián Alvarez,Manchester City,36,11
GB1-2023,22,England,28,Carlton Morris,Luton Town,38,11
GB1-2023,23,Brazil,26,Richarlison,Tottenham Hotspur,28,11
GB1-2023,24,England,25,Eberechi Eze,Crystal Palace,27,11
GB1-2023,25,Jamaica,26,Leon Bailey,Aston Villa,35,10
GB1-2023,26,Portugal,29,Bruno Fernandes,Manchester United,35,10
GB1-2023,27,France,22,Michael Olise,Crystal Palace,19,10
GB1-2023,28,Portugal,27,Diogo Jota,Liverpool FC,21,10
GB1-2023,29,Denmark,21,Rasmus Højlund,Manchester United,30,10
GB1-2023,30,England,26,Elijah Adebayo,Luton Town,27,10
GB1-2023,31,Cameroon,24,Bryan Mbeumo,Brentford FC,25,9
GB1-2023,32,Brazil,26,Douglas Luiz,Aston Villa,35,9
GB1-2023,33,Brazil,22,João Pedro,Brighton & Hove Albion,31,9
GB1-2023,34,Brazil,23,Rodrigo Muniz,Fulham FC,26,9
GB1-2023,35,England,32,Callum Wilson,Newcastle United,20,9
GB1-2023,36,Norway,25,Martin Ødegaard,Arsenal FC,35,8
GB1-2023,37,Spain,27,Rodri,Manchester City,34,8
GB1-2023,38,Ghana,23,Mohammed Kudus,West Ham United,33,8
GB1-2023,39,England,29,Raheem Sterling,Chelsea FC,31,8
GB1-2023,40,Colombia,27,Luis Díaz,Liverpool FC,37,8
GB1-2023,41,Netherlands,25,Cody Gakpo,Liverpool FC,35,8
GB1-2023,42,Sweden,24,Dejan Kulusevski,Tottenham Hotspur,36,8
GB1-2023,43,Ghana,24,Antoine Semenyo,AFC Bournemouth,33,8
GB1-2023,44,England,23,Callum Hudson-Odoi,Nottingham Forest,29,8
GB1-2023,45,England,25,Declan Rice,Arsenal FC,38,7
GB1-2023,46,Brazil,26,Bruno Guimarães,Newcastle United,37,7
GB1-2023,47,England,29,James Ward-Prowse,West Ham United,37,7
GB1-2023,48,Argentina,19,Alejandro Garnacho,Manchester United,36,7
GB1-2023,49,England,26,Marcus Rashford,Manchester United,33,7
GB1-2023,50,Czech Republic,29,Tomáš Souček,West Ham United,37,7
GB1-2023,51,Mali,31,Abdoulaye Doucouré,Everton FC,32,7
GB1-2023,52,England,27,Dominic Calvert-Lewin,Everton FC,32,7
GB1-2023,53,Scotland,27,Scott McTominay,Manchester United,32,7
GB1-2023,54,Netherlands,25,Justin Kluivert,AFC Bournemouth,32,7
GB1-2023,55,France,26,Odsonne Édouard,Crystal Palace,30,7
GB1-2023,56,Mexico,33,Raúl Jiménez,Fulham FC,24,7
GB1-2023,57,France,24,Moussa Diaby,Aston Villa,38,6
GB1-2023,58,Portugal,29,Bernardo Silva,Manchester City,33,6
GB1-2023,59,Scotland,29,John McGinn,Aston Villa,35,6
GB1-2023,60,Brazil,22,Gabriel Martinelli,Arsenal FC,35,6
GB1-2023,61,France,27,Neal Maupay,for 2 clubs,31,6
GB1-2023,62,Scotland,27,Oli McBurnie,Sheffield United,21,6
GB1-2023,63,Nigeria,26,Taiwo Awoniyi,Nottingham Forest,20,6
GB1-2023,64,England,26,Sean Longstaff,Newcastle United,35,6
GB1-2023,65,Jamaica,31,Bobby De Cordova-Reid,Fulham FC,33,6
GB1-2023,66,Jamaica,34,Michail Antonio,West Ham United,26,6
GB1-2023,67,Cote d'Ivoire,22,Simon Adingra,Brighton & Hove Albion,31,6
GB1-2023,68,Ireland,19,Evan Ferguson,Brighton & Hove Albion,27,6
GB1-2023,69,Chile,25,Ben Brereton Díaz,Sheffield United,14,6
GB1-2023,70,Denmark,25,Jacob Bruun Larsen,Burnley FC,32,6
GB1-2023,71,Wales,22,Brennan Johnson,for 2 clubs,35,5
GB1-2023,72,England,24,Morgan Gibbs-White,Nottingham Forest,37,5
GB1-2023,73,Sweden,22,Anthony Elanga,Nottingham Forest,36,5
GB1-2023,74,England,24,Conor Gallagher,Chelsea FC,37,5
GB1-2023,75,Argentina,25,Alexis Mac Allister,Liverpool FC,33,5
GB1-2023,76,England,30,Ross Barkley,Luton Town,32,5
GB1-2023,77,Ukraine,23,Mykhaylo Mudryk,Chelsea FC,31,5
GB1-2023,78,England,24,Eddie Nketiah,Arsenal FC,27,5
GB1-2023,79,England,33,Danny Welbeck,Brighton & Hove Albion,29,5
GB1-2023,80,South Africa,23,Lyle Foster,Burnley FC,24,5
GB1-2023,81,England,22,Noni Madueke,Chelsea FC,23,5
GB1-2023,82,England,26,Harvey Barnes,Newcastle United,21,5
GB1-2023,83,Nigeria,28,Alex Iwobi,for 2 clubs,32,5
GB1-2023,84,Switzerland,23,Zeki Amdouni,Burnley FC,34,5
GB1-2023,85,Colombia,20,Jhon Durán,Aston Villa,23,5
GB1-2023,86,Argentina,26,Cristian Romero,Tottenham Hotspur,33,5
GB1-2023,87,Germany,32,Pascal Groß,Brighton & Hove Albion,36,4
GB1-2023,88,England,27,James Maddison,Tottenham Hotspur,28,4
GB1-2023,89,Belgium,32,Kevin De Bruyne,Manchester City,18,4
GB1-2023,90,Netherlands,26,Gustavo Hamer,Sheffield United,36,4
GB1-2023,91,Ghana,32,Jordan Ayew,Crystal Palace,35,4
GB1-2023,92,Wales,27,Harry Wilson,Fulham FC,35,4
GB1-2023,93,Spain,32,Pablo Sarabia,Wolverhampton Wanderers,30,4
GB1-2023,94,Brazil,27,Gabriel Jesus,Arsenal FC,27,4
GB1-2023,95,Brazil,26,Lucas Paquetá,West Ham United,31,4
GB1-2023,96,Argentina,27,Marcos Senesi,AFC Bournemouth,31,4
GB1-2023,97,England,26,Ben White,Arsenal FC,37,4
GB1-2023,98,Switzerland,32,Fabian Schär,Newcastle United,36,4
GB1-2023,99,Ireland,27,Chiedozie Ogbene,Luton Town,30,4
GB1-2023,100,England,28,Josh Brownhill,Burnley FC,33,4
GB1-2023,101,Brazil,35,Willian,Fulham FC,31,4
GB1-2023,102,England,22,Cameron Archer,for 2 clubs,30,4
GB1-2023,103,Croatia,22,Josko Gvardiol,Manchester City,28,4
GB1-2023,104,England,28,Ivan Toney,Brentford FC,17,4
GB1-2023,105,Brazil,26,Gabriel,Arsenal FC,36,4
GB1-2023,106,Gabon,30,Mario Lemina,Wolverhampton Wanderers,35,4
GB1-2023,107,Portugal,28,João Palhinha,Fulham FC,33,4
GB1-2023,108,Cote d'Ivoire,21,David Datro Fofana,Burnley FC,15,4
GB1-2023,109,Curacao,24,Tahith Chong,Luton Town,33,4
GB1-2023,110,Senegal,34,Idrissa Gueye,Everton FC,25,4
GB1-2023,111,Belgium,21,Jérémy Doku,Manchester City,29,3
GB1-2023,112,England,21,Harvey Elliott,Liverpool FC,34,3
GB1-2023,113,Spain,24,Pedro Porro,Tottenham Hotspur,35,3
GB1-2023,114,England,29,Jacob Murphy,Newcastle United,21,3
GB1-2023,115,Brazil,28,Andreas Pereira,Fulham FC,37,3
GB1-2023,116,England,24,Dwight McNeil,Everton FC,35,3
GB1-2023,117,Japan,26,Kaoru Mitoma,Brighton & Hove Albion,19,3
GB1-2023,118,England,25,Trent Alexander-Arnold,Liverpool FC,28,3
GB1-2023,119,Ireland,25,Dara O'Shea,Burnley FC,33,3
GB1-2023,120,Denmark,28,Mathias Jensen,Brentford FC,32,3
GB1-2023,121,England,25,Marcus Tavernier,AFC Bournemouth,30,3
GB1-2023,122,Senegal,21,Pape Matar Sarr,Tottenham Hotspur,34,3
GB1-2023,123,Hungary,23,Dominik Szoboszlai,Liverpool FC,33,3
GB1-2023,124,England,21,James McAtee,for 2 clubs,31,3
GB1-2023,125,England,27,Jack Harrison,Everton FC,29,3
GB1-2023,126,France,19,Wilson Odobert,Burnley FC,29,3
GB1-2023,127,Argentina,23,Enzo Fernández,Chelsea FC,28,3
GB1-2023,128,Scotland,30,Andrew Robertson,Liverpool FC,23,3
GB1-2023,129,England,21,Jarrad Branthwaite,Everton FC,35,3
GB1-2023,130,England,23,Jayden Bogle,Sheffield United,34,3
GB1-2023,131,England,32,Lewis Dunk,Brighton & Hove Albion,33,3
GB1-2023,132,Paraguay,30,Miguel Almirón,Newcastle United,33,3
GB1-2023,133,Brazil,39,Thiago Silva,Chelsea FC,31,3
GB1-2023,134,England,23,Keane Lewis-Potter,Brentford FC,30,3
GB1-2023,135,Argentina,19,Facundo Buonanotte,Brighton & Hove Albion,27,3
GB1-2023,136,England,19,Kobbie Mainoo,Manchester United,24,3
GB1-2023,137,England,28,Jack Grealish,Manchester City,20,3
GB1-2023,138,England,21,Morgan Rogers,Aston Villa,11,3
GB1-2023,139,England,29,Solly March,Brighton & Hove Albion,7,3
GB1-2023,140,France,29,Kurt Zouma,West Ham United,33,3
GB1-2023,141,Guinea-Bissau,26,Beto,Everton FC,30,3
GB1-2023,142,Netherlands,23,Micky van de Ven,Tottenham Hotspur,27,3
GB1-2023,143,England,18,Jack Hinshelwood,Brighton & Hove Albion,12,3
GB1-2023,144,France,26,Christopher Nkunku,Chelsea FC,11,3
GB1-2023,145,Portugal,24,Pedro Neto,Wolverhampton Wanderers,20,2
GB1-2023,146,England,24,Alfie Doughty,Luton Town,37,2
GB1-2023,147,Belgium,27,Youri Tielemans,Aston Villa,32,2
GB1-2023,148,Ireland,28,Josh Cullen,Burnley FC,25,2
GB1-2023,149,Germany,28,Timo Werner,Tottenham Hotspur,13,2
GB1-2023,150,Denmark,27,Joachim Andersen,Crystal Palace,38,2
GB1-2023,151,England,24,Tyrick Mitchell,Crystal Palace,37,2
GB1-2023,152,Portugal,25,Diogo Dalot,Manchester United,36,2
GB1-2023,153,Algeria,22,Rayan Aït-Nouri,Wolverhampton Wanderers,33,2
GB1-2023,154,Italy,21,Destiny Udogie,Tottenham Hotspur,28,2
GB1-2023,155,England,31,Harry Maguire,Manchester United,22,2
GB1-2023,156,Ecuador,26,Pervis Estupiñán,Brighton & Hove Albion,19,2
GB1-2023,157,Spain,28,Adama Traoré,Fulham FC,17,2
GB1-2023,158,Türkiye,27,Enes Ünal,AFC Bournemouth,16,2
GB1-2023,159,Netherlands,32,Virgil van Dijk,Liverpool FC,36,2
GB1-2023,160,England,32,Dan Burn,Newcastle United,33,2
GB1-2023,161,Ghana,31,Jeffrey Schlupp,Crystal Palace,29,2
GB1-2023,162,Netherlands,29,Nathan Aké,Manchester City,29,2
GB1-2023,163,Denmark,27,Philip Billing,AFC Bournemouth,29,2
GB1-2023,164,Poland,26,Matty Cash,Aston Villa,29,2
GB1-2023,165,Brazil,23,Danilo,Nottingham Forest,29,2
GB1-2023,166,Argentina,25,Nicolás Domínguez,Nottingham Forest,26,2
GB1-2023,167,Argentina,28,Giovani Lo Celso,Tottenham Hotspur,22,2
GB1-2023,168,Colombia,24,Luis Sinisterra,AFC Bournemouth,20,2
GB1-2023,169,Netherlands,24,Sven Botman,Newcastle United,17,2
GB1-2023,170,France,23,William Saliba,Arsenal FC,38,2
GB1-2023,171,Brazil,23,João Gomes,Wolverhampton Wanderers,34,2
GB1-2023,172,Denmark,30,Christian Nørgaard,Brentford FC,31,2
GB1-2023,173,Norway,26,Kristoffer Ajer,Brentford FC,28,2
GB1-2023,174,Japan,25,Takehiro Tomiyasu,Arsenal FC,22,2
GB1-2023,175,Haiti,25,Jean-Ricner Bellegarde,Wolverhampton Wanderers,22,2
GB1-2023,176,England,34,Jay Rodríguez,Burnley FC,21,2
GB1-2023,177,Cote d'Ivoire,33,Willy Boly,Nottingham Forest,20,2
GB1-2023,178,Brazil,27,Joelinton,Newcastle United,20,2
GB1-2023,179,England,31,Luke Berry,Luton Town,17,2
GB1-2023,180,Germany,22,Kevin Schade,Brentford FC,11,2
GB1-2023,181,England,26,Maximilian Kilman,Wolverhampton Wanderers,38,2
GB1-2023,182,Bosnia-Herzegovina,25,Anel Ahmedhodzic,Sheffield United,31,2
GB1-2023,183,France,26,Axel Disasi,Chelsea FC,31,2
GB1-2023,184,Switzerland,28,Manuel Akanji,Manchester City,30,2
GB1-2023,185,Belgium,22,Amadou Onana,Everton FC,30,2
GB1-2023,186,Spain,27,Pau Torres,Aston Villa,29,2
GB1-2023,187,Jamaica,30,Ethan Pinnock,Brentford FC,29,2
GB1-2023,188,Ukraine,24,Vitaliy Mykolenko,Everton FC,28,2
GB1-2023,189,Italy,24,Nicolò Zaniolo,Aston Villa,25,2
GB1-2023,190,Spain,30,Álex Moreno,Aston Villa,21,2
GB1-2023,191,Nigeria,25,Gabriel Osho,Luton Town,21,2
GB1-2023,192,England,26,Tosin Adarabioyo,Fulham FC,20,2
GB1-2023,193,Spain,21,Ansu Fati,Brighton & Hove Albion,19,2
GB1-2023,194,Scotland,25,Jacob Brown,Luton Town,19,2
GB1-2023,195,England,21,Jarell Quansah,Liverpool FC,17,2
GB1-2023,196,England,34,Ben Mee,Brentford FC,16,2
GB1-2023,197,England,19,Rico Lewis,Manchester City,16,2
GB1-2023,198,Brazil,28,Carlos Vinícius,Fulham FC,13,2
GB1-2023,199,Austria,26,Sasa Kalajdzic,Wolverhampton Wanderers,11,2
GB1-2023,200,England,33,Kieran Trippier,Newcastle United,28,1
GB1-2023,201,Scotland,33,Tom Cairney,Fulham FC,34,1
GB1-2023,202,Germany,26,Vitaly Janelt,Brentford FC,38,1
GB1-2023,203,Italy,29,Emerson,West Ham United,36,1
GB1-2023,204,Portugal,25,Toti,Wolverhampton Wanderers,35,1
GB1-2023,205,Ecuador,22,Moisés Caicedo,Chelsea FC,35,1
GB1-2023,206,Belgium,28,Timothy Castagne,Fulham FC,34,1
GB1-2023,207,France,30,Lucas Digne,Aston Villa,33,1
GB1-2023,208,England,32,Andros Townsend,Luton Town,27,1
GB1-2023,209,Iceland,33,Jóhann Berg Gudmundsson,Burnley FC,26,1
GB1-2023,210,England,28,Harry Toffolo,Nottingham Forest,23,1
GB1-2023,211,Poland,24,Jakub Kiwior,Arsenal FC,20,1
GB1-2023,212,Belgium,24,Albert Sambi Lokonga,Luton Town,17,1
GB1-2023,213,England,17,Lewis Miley,Newcastle United,17,1
GB1-2023,214,Portugal,23,Fábio Vieira,Arsenal FC,11,1
GB1-2023,215,Northern Ireland,20,Conor Bradley,Liverpool FC,11,1
GB1-2023,216,Norway,26,Sander Berge,Burnley FC,37,1
GB1-2023,217,England,23,James Garner,Everton FC,37,1
GB1-2023,218,Denmark,24,Mads Roerslev,Brentford FC,34,1
GB1-2023,219,Burkina Faso,22,Dango Ouattara,AFC Bournemouth,30,1
GB1-2023,220,Ukraine,27,Oleksandr Zinchenko,Arsenal FC,27,1
GB1-2023,221,Nigeria,26,Frank Onyeka,Brentford FC,26,1
GB1-2023,222,Brazil,32,Casemiro,Manchester United,25,1
GB1-2023,223,Denmark,32,Christian Eriksen,Manchester United,22,1
GB1-2023,224,Albania,22,Armando Broja,for 2 clubs,21,1
GB1-2023,225,Wales,31,Ben Davies,Tottenham Hotspur,17,1
GB1-2023,226,France,23,Lorenz Assignon,Burnley FC,15,1
GB1-2023,227,Italy,19,Luca Koleosho,Burnley FC,15,1
GB1-2023,228,England,31,James Tarkowski,Everton FC,38,1
GB1-2023,229,England,26,Ezri Konsa,Aston Villa,35,1
GB1-2023,230,England,26,Ryan Yates,Nottingham Forest,35,1
GB1-2023,231,England,30,Jack Robinson,Sheffield United,34,1
GB1-2023,232,Ireland,23,Nathan Collins,Brentford FC,32,1
GB1-2023,233,Mexico,26,Edson Álvarez,West Ham United,31,1
GB1-2023,234,Brazil,24,Antony,Manchester United,29,1
GB1-2023,235,England,30,Charlie Taylor,Burnley FC,28,1
GB1-2023,236,Colombia,29,Jefferson Lerma,Crystal Palace,28,1
GB1-2023,237,Netherlands,32,Joël Veltman,Brighton & Hove Albion,27,1
GB1-2023,238,United States,24,Chris Richards,Crystal Palace,26,1
GB1-2023,239,England,33,Craig Dawson,Wolverhampton Wanderers,25,1
GB1-2023,240,England,29,Cauley Woodrow,Luton Town,24,1
GB1-2023,241,England,30,Jordan Clark,Luton Town,23,1
GB1-2023,242,Uruguay,26,Rodrigo Bentancur,Tottenham Hotspur,23,1
GB1-2023,243,England,23,Curtis Jones,Liverpool FC,23,1
GB1-2023,244,England,21,Levi Colwill,Chelsea FC,23,1
GB1-2023,245,England,20,Alex Scott,AFC Bournemouth,23,1
GB1-2023,246,Nigeria,27,Ola Aina,Nottingham Forest,22,1
GB1-2023,247,England,31,Danny Ings,West Ham United,20,1
GB1-2023,248,Sweden,29,Victor Lindelöf,Manchester United,19,1
GB1-2023,249,England,22,Jacob Ramsey,Aston Villa,16,1
GB1-2023,250,Wales,29,Tom Lockyer,Luton Town,14,1
GB1-2023,251,Norway,20,Oscar Bobb,Manchester City,14,1
GB1-2023,252,France,28,Anthony Martial,Manchester United,13,1
GB1-2023,253,Wales,26,David Brooks,AFC Bournemouth,13,1
GB1-2023,254,Grenada,26,Shandon Baptiste,Brentford FC,10,1
GB1-2023,255,Cote d'Ivoire,21,Amad Diallo,Manchester United,9,1
GB1-2023,256,Austria,20,Carney Chukwuemeka,Chelsea FC,9,1
GB1-2023,257,Cote d'Ivoire,27,Maxwel Cornet,West Ham United,7,1
GB1-2023,258,Ukraine,21,Ilya Zabarnyi,AFC Bournemouth,37,1
GB1-2023,259,Brazil,24,Vini Souza,Sheffield United,36,1
GB1-2023,260,Croatia,30,Mateo Kovacic,Manchester City,30,1
GB1-2023,261,Ireland,32,Matt Doherty,Wolverhampton Wanderers,30,1
GB1-2023,262,England,22,Teden Mengi,Luton Town,30,1
GB1-2023,263,Japan,31,Wataru Endo,Liverpool FC,29,1
GB1-2023,264,Nigeria,24,Calvin Bassey,Fulham FC,29,1
GB1-2023,265,Northern Ireland,33,Oliver Norwood,Sheffield United,27,1
GB1-2023,266,Netherlands,22,Ryan Gravenberch,Liverpool FC,26,1
GB1-2023,267,England,21,Tino Livramento,Newcastle United,26,1
GB1-2023,268,Serbia,27,Saša Lukić,Fulham FC,24,1
GB1-2023,269,France,31,Raphaël Varane,Manchester United,22,1
GB1-2023,270,Brazil,25,Emerson Royal,Tottenham Hotspur,22,1
GB1-2023,271,Senegal,28,Moussa Niakhaté,Nottingham Forest,21,1
GB1-2023,272,Morocco,28,Nayef Aguerd,West Ham United,21,1
GB1-2023,273,Belgium,25,Orel Mangala,Nottingham Forest,20,1
GB1-2023,274,Iran,30,Saman Ghoddos,Brentford FC,19,1
GB1-2023,275,Greece,26,Konstantinos Mavropanos,West Ham United,19,1
GB1-2023,276,United States,36,Tim Ream,Fulham FC,18,1
GB1-2023,277,England,19,Lewis Hall,Newcastle United,18,1
GB1-2023,278,England,30,Jamaal Lascelles,Newcastle United,16,1
GB1-2023,279,England,29,John Stones,Manchester City,16,1
GB1-2023,280,Denmark,34,Zanka,Brentford FC,14,1
GB1-2023,281,Netherlands,28,Kenny Tete,Fulham FC,14,1
GB1-2023,282,England,25,Mason Mount,Manchester United,14,1
GB1-2023,283,Netherlands,27,Arnaut Danjuma,Everton FC,14,1
GB1-2023,284,Scotland,34,Matt Ritchie,Newcastle United,13,1
GB1-2023,285,England,24,Trevoh Chalobah,Chelsea FC,13,1
GB1-2023,286,Belgium,21,Ameen Al-Dakhil,Burnley FC,13,1
GB1-2023,287,Portugal,30,André Gomes,Everton FC,12,1
GB1-2023,288,England,21,Lewis Dobbin,Everton FC,12,1
GB1-2023,289,England,20,Alfie Gilchrist,Chelsea FC,11,1
GB1-2023,290,England,31,Michael Keane,Everton FC,9,1
GB1-2023,291,England,24,Joe Willock,Newcastle United,9,1
GB1-2023,292,Belgium,28,Leander Dendoncker,Aston Villa,8,1
GB1-2023,293,Wales,31,Kieffer Moore,AFC Bournemouth,8,1
GB1-2023,294,Italy,23,Sandro Tonali,Newcastle United,8,1
GB1-2023,295,Denmark,26,Mads Andersen,Luton Town,8,1
GB1-2023,296,Argentina,20,Alejo Veliz,Tottenham Hotspur,8,1
GB1-2023,297,Tunisia,20,Hannibal,Manchester United,5,1
GB1-2023,298,England,19,George Earthy,West Ham United,3,1
GB1-2024,1,Egypt,32,Mohamed Salah,Liverpool FC,38,29
GB1-2024,2,Sweden,25,Alexander Isak,Newcastle United,34,23
GB1-2024,3,Norway,24,Erling Haaland,Manchester City,31,22
GB1-2024,4,Cameroon,25,Bryan Mbeumo,Brentford FC,38,20
GB1-2024,5,New Zealand,33,Chris Wood,Nottingham Forest,36,20
GB1-2024,6,DR Congo,28,Yoane Wissa,Brentford FC,35,19
GB1-2024,7,England,29,Ollie Watkins,Aston Villa,38,16
GB1-2024,8,England,23,Cole Palmer,Chelsea FC,37,15
GB1-2024,9,Brazil,25,Matheus Cunha,Wolverhampton Wanderers,33,15
GB1-2024,10,Norway,25,Jørgen Strand Larsen,Wolverhampton Wanderers,35,14
GB1-2024,11,France,27,Jean-Philippe Mateta,Crystal Palace,37,14
GB1-2024,12,England,28,Jarrod Bowen,West Ham United,34,13
GB1-2024,13,Colombia,28,Luis Díaz,Liverpool FC,36,13
GB1-2024,14,Netherlands,26,Justin Kluivert,AFC Bournemouth,34,12
GB1-2024,15,Mexico,34,Raúl Jiménez,Fulham FC,38,12
GB1-2024,16,England,22,Liam Delap,Ipswich Town,37,12
GB1-2024,17,Ghana,25,Antoine Semenyo,AFC Bournemouth,37,11
GB1-2024,18,Wales,24,Brennan Johnson,Tottenham Hotspur,33,11
GB1-2024,19,Germany,23,Kevin Schade,Brentford FC,38,11
GB1-2024,20,Brazil,23,João Pedro,Brighton & Hove Albion,27,10
GB1-2024,21,Netherlands,26,Cody Gakpo,Liverpool FC,35,10
GB1-2024,22,Brazil,25,Evanilson,AFC Bournemouth,31,10
GB1-2024,23,Senegal,23,Nicolas Jackson,Chelsea FC,30,10
GB1-2024,24,Japan,28,Kaoru Mitoma,Brighton & Hove Albion,36,10
GB1-2024,25,England,34,Danny Welbeck,Brighton & Hove Albion,30,10
GB1-2024,26,England,28,James Maddison,Tottenham Hotspur,31,9
GB1-2024,27,Nigeria,29,Alex Iwobi,Fulham FC,38,9
GB1-2024,28,England,27,Harvey Barnes,Newcastle United,33,9
GB1-2024,29,England,38,Jamie Vardy,Leicester City,35,9
GB1-2024,30,England,27,Dominic Solanke,Tottenham Hotspur,27,9
GB1-2024,31,Germany,25,Kai Havertz,Arsenal FC,23,9
GB1-2024,32,Czech Republic,30,Tomáš Souček,West Ham United,35,9
GB1-2024,33,Senegal,25,Iliman Ndiaye,Everton FC,33,9
GB1-2024,34,England,30,Jacob Murphy,Newcastle United,35,8
GB1-2024,35,England,22,Morgan Rogers,Aston Villa,37,8
GB1-2024,36,Portugal,30,Bruno Fernandes,Manchester United,36,8
GB1-2024,37,Belgium,30,Leandro Trossard,Arsenal FC,38,8
GB1-2024,38,England,26,Eberechi Eze,Crystal Palace,34,8
GB1-2024,39,Cote d'Ivoire,22,Amad Diallo,Manchester United,26,8
GB1-2024,40,Senegal,27,Ismaïla Sarr,Crystal Palace,38,8
GB1-2024,41,Brazil,23,Gabriel Martinelli,Arsenal FC,33,8
GB1-2024,42,Brazil,23,Rodrigo Muniz,Fulham FC,31,8
GB1-2024,43,Guinea-Bissau,27,Beto,Everton FC,30,8
GB1-2024,44,England,25,Morgan Gibbs-White,Nottingham Forest,34,7
GB1-2024,45,"Korea, South",32,Heung-min Son,Tottenham Hotspur,30,7
GB1-2024,46,Sweden,25,Dejan Kulusevski,Tottenham Hotspur,32,7
GB1-2024,47,England,23,Noni Madueke,Chelsea FC,32,7
GB1-2024,48,Burkina Faso,23,Dango Ouattara,AFC Bournemouth,32,7
GB1-2024,49,Spain,28,Mikel Merino,Arsenal FC,28,7
GB1-2024,50,England,24,Phil Foden,Manchester City,28,7
GB1-2024,51,Egypt,26,Omar Marmoush,Manchester City,16,7
GB1-2024,52,Colombia,21,Jhon Durán,Aston Villa,20,7
GB1-2024,53,Sweden,23,Anthony Elanga,Nottingham Forest,38,6
GB1-2024,54,England,23,Bukayo Saka,Arsenal FC,25,6
GB1-2024,55,Hungary,24,Dominik Szoboszlai,Liverpool FC,36,6
GB1-2024,56,Argentina,24,Enzo Fernández,Chelsea FC,36,6
GB1-2024,57,England,24,Anthony Gordon,Newcastle United,34,6
GB1-2024,58,The Gambia,20,Yankuba Minteh,Brighton & Hove Albion,32,6
GB1-2024,59,Portugal,28,Diogo Jota,Liverpool FC,26,6
GB1-2024,60,England,27,Marcus Rashford,for 2 clubs,25,6
GB1-2024,61,England,24,Emile Smith Rowe,Fulham FC,34,6
GB1-2024,62,Argentina,20,Alejandro Garnacho,Manchester United,36,6
GB1-2024,63,Croatia,31,Mateo Kovacic,Manchester City,31,6
GB1-2024,64,Wales,28,Harry Wilson,Fulham FC,25,6
GB1-2024,65,Brazil,27,Bruno Guimarães,Newcastle United,38,5
GB1-2024,66,Argentina,26,Alexis Mac Allister,Liverpool FC,35,5
GB1-2024,67,Denmark,31,Christian Nørgaard,Brentford FC,34,5
GB1-2024,68,Ghana,24,Mohammed Kudus,West Ham United,32,5
GB1-2024,69,England,24,Callum Hudson-Odoi,Nottingham Forest,31,5
GB1-2024,70,Uruguay,25,Darwin Núñez,Liverpool FC,30,5
GB1-2024,71,France,22,Georginio Rutter,Brighton & Hove Albion,28,5
GB1-2024,72,England,20,Jack Hinshelwood,Brighton & Hove Albion,26,5
GB1-2024,73,Serbia,27,Nikola Milenković,Nottingham Forest,37,5
GB1-2024,74,Spain,26,Marc Cucurella,Chelsea FC,36,5
GB1-2024,75,Argentina,20,Facundo Buonanotte,Leicester City,31,5
GB1-2024,76,Croatia,23,Josko Gvardiol,Manchester City,37,5
GB1-2024,77,Ghana,33,Jordan Ayew,for 2 clubs,31,5
GB1-2024,78,England,25,Dwight McNeil,Everton FC,21,4
GB1-2024,79,Algeria,23,Rayan Aït-Nouri,Wolverhampton Wanderers,37,4
GB1-2024,80,England,26,Declan Rice,Arsenal FC,35,4
GB1-2024,81,Belgium,33,Kevin De Bruyne,Manchester City,28,4
GB1-2024,82,Colombia,28,Daniel Muñoz,Crystal Palace,37,4
GB1-2024,83,Portugal,25,Pedro Neto,Chelsea FC,35,4
GB1-2024,84,Portugal,30,Bernardo Silva,Manchester City,33,4
GB1-2024,85,Brazil,28,Joelinton,Newcastle United,29,4
GB1-2024,86,Italy,25,Sandro Tonali,Newcastle United,36,4
GB1-2024,87,Ghana,31,Thomas Partey,Arsenal FC,35,4
GB1-2024,88,England,18,Ethan Nwaneri,Arsenal FC,26,4
GB1-2024,89,England,25,Ryan Sessegnon,Fulham FC,16,4
GB1-2024,90,Denmark,22,Rasmus Højlund,Manchester United,32,4
GB1-2024,91,England,26,Stephy Mavididi,Leicester City,30,4
GB1-2024,92,Nigeria,30,Paul Onuachu,Southampton FC,25,4
GB1-2024,93,Brazil,28,Richarlison,Tottenham Hotspur,15,4
GB1-2024,94,Switzerland,33,Fabian Schär,Newcastle United,34,4
GB1-2024,95,Brazil,27,Lucas Paquetá,West Ham United,33,4
GB1-2024,96,Ireland,29,Sammie Szmodics,Ipswich Town,20,4
GB1-2024,97,Norway,26,Martin Ødegaard,Arsenal FC,30,3
GB1-2024,98,Belgium,28,Youri Tielemans,Aston Villa,36,3
GB1-2024,99,England,26,Trent Alexander-Arnold,Liverpool FC,33,3
GB1-2024,100,England,26,Marcus Tavernier,AFC Bournemouth,29,3
GB1-2024,101,Belgium,22,Jérémy Doku,Manchester City,29,3
GB1-2024,102,England,25,Jadon Sancho,Chelsea FC,31,3
GB1-2024,103,England,24,Curtis Jones,Liverpool FC,33,3
GB1-2024,104,Brazil,27,Gabriel,Arsenal FC,28,3
GB1-2024,105,Senegal,22,Pape Matar Sarr,Tottenham Hotspur,36,3
GB1-2024,106,England,24,Marc Guéhi,Crystal Palace,34,3
GB1-2024,107,Mali,32,Abdoulaye Doucouré,Everton FC,33,3
GB1-2024,108,Netherlands,23,Joshua Zirkzee,Manchester United,32,3
GB1-2024,109,Spain,20,Dean Huijsen,AFC Bournemouth,32,3
GB1-2024,110,Portugal,25,Jota Silva,Nottingham Forest,31,3
GB1-2024,111,England,21,Omari Hutchinson,Ipswich Town,31,3
GB1-2024,112,England,25,Eddie Nketiah,for 2 clubs,29,3
GB1-2024,113,France,27,Christopher Nkunku,Chelsea FC,27,3
GB1-2024,114,England,28,Dominic Calvert-Lewin,Everton FC,26,3
GB1-2024,115,Spain,33,Pablo Sarabia,Wolverhampton Wanderers,23,3
GB1-2024,116,Germany,32,Niclas Füllkrug,West Ham United,18,3
GB1-2024,117,Netherlands,33,Virgil van Dijk,Liverpool FC,37,3
GB1-2024,118,Brazil,24,João Gomes,Wolverhampton Wanderers,36,3
GB1-2024,119,Cameroon,21,Carlos Baleba,Brighton & Hove Albion,34,3
GB1-2024,120,Scotland,26,George Hirst,Ipswich Town,26,3
GB1-2024,121,England,25,Trevoh Chalobah,for 2 clubs,25,3
GB1-2024,122,England,31,Ross Barkley,Aston Villa,20,3
GB1-2024,123,Spain,29,Marco Asensio,Aston Villa,13,3
GB1-2024,124,Nigeria,28,Joe Aribo,Southampton FC,32,3
GB1-2024,125,Belgium,23,Amadou Onana,Aston Villa,26,3
GB1-2024,126,Brazil,27,Gabriel Jesus,Arsenal FC,17,3
GB1-2024,127,England,22,James McAtee,Manchester City,15,3
GB1-2024,128,England,32,Michael Keane,Everton FC,14,3
GB1-2024,129,Netherlands,26,Donyell Malen,Aston Villa,14,3
GB1-2024,130,Denmark,24,Mikkel Damsgaard,Brentford FC,38,2
GB1-2024,131,Spain,29,Adama Traoré,Fulham FC,36,2
GB1-2024,132,Haiti,26,Jean-Ricner Bellegarde,Wolverhampton Wanderers,35,2
GB1-2024,133,Hungary,21,Milos Kerkez,AFC Bournemouth,38,2
GB1-2024,134,England,22,Elliot Anderson,Nottingham Forest,37,2
GB1-2024,135,Brazil,29,Andreas Pereira,Fulham FC,33,2
GB1-2024,136,Spain,25,Pedro Porro,Tottenham Hotspur,33,2
GB1-2024,137,Ireland,24,Nathan Collins,Brentford FC,38,2
GB1-2024,138,DR Congo,27,Aaron Wan-Bissaka,West Ham United,36,2
GB1-2024,139,Portugal,20,Mateus Fernandes,Southampton FC,36,2
GB1-2024,140,Portugal,28,Gonçalo Guedes,Wolverhampton Wanderers,29,2
GB1-2024,141,Morocco,21,Bilal El Khannouss,Leicester City,32,2
GB1-2024,142,Scotland,30,Ryan Christie,AFC Bournemouth,29,2
GB1-2024,143,Paraguay,21,Julio Enciso,for 2 clubs,25,2
GB1-2024,144,Denmark,24,Matt O'Riley,Brighton & Hove Albion,21,2
GB1-2024,145,Argentina,22,Carlos Alcaraz,for 2 clubs,16,2
GB1-2024,146,England,27,James Justin,Leicester City,36,2
GB1-2024,147,Cote d'Ivoire,23,Simon Adingra,Brighton & Hove Albion,29,2
GB1-2024,148,England,27,Adam Armstrong,Southampton FC,20,2
GB1-2024,149,Ghana,24,Tariq Lamptey,Brighton & Hove Albion,15,2
GB1-2024,150,France,20,Mathys Tel,Tottenham Hotspur,13,2
GB1-2024,151,Nigeria,28,Ola Aina,Nottingham Forest,35,2
GB1-2024,152,England,27,Ryan Yates,Nottingham Forest,35,2
GB1-2024,153,England,22,Levi Colwill,Chelsea FC,35,2
GB1-2024,154,Sweden,21,Yasin Ayari,Brighton & Hove Albion,34,2
GB1-2024,155,England,19,Tyler Dibling,Southampton FC,33,2
GB1-2024,156,Italy,30,Emerson,West Ham United,31,2
GB1-2024,157,Ireland,33,Matt Doherty,Wolverhampton Wanderers,30,2
GB1-2024,158,Argentina,27,Lisandro Martínez,Manchester United,20,2
GB1-2024,159,Italy,22,Riccardo Calafiori,Arsenal FC,19,2
GB1-2024,160,Portugal,22,Fábio Carvalho,Brentford FC,19,2
GB1-2024,161,Türkiye,27,Enes Ünal,AFC Bournemouth,17,2
GB1-2024,162,Zimbabwe,28,Marshall Munetsi,Wolverhampton Wanderers,14,2
GB1-2024,163,Brazil,22,Murillo,Nottingham Forest,36,2
GB1-2024,164,France,24,William Saliba,Arsenal FC,35,2
GB1-2024,165,England,23,Cameron Archer,Southampton FC,35,2
GB1-2024,166,England,27,Ezri Konsa,Aston Villa,34,2
GB1-2024,167,Poland,29,Jan Bednarek,Southampton FC,30,2
GB1-2024,168,Wales,27,David Brooks,AFC Bournemouth,29,2
GB1-2024,169,Netherlands,25,Matthijs de Ligt,Manchester United,29,2
GB1-2024,170,Mali,28,Yves Bissouma,Tottenham Hotspur,28,2
GB1-2024,171,Uruguay,27,Rodrigo Bentancur,Tottenham Hotspur,26,2
GB1-2024,172,Scotland,34,Tom Cairney,Fulham FC,25,2
GB1-2024,173,Portugal,21,Rodrigo Gomes,Wolverhampton Wanderers,25,2
GB1-2024,174,Jamaica,31,Ethan Pinnock,Brentford FC,22,2
GB1-2024,175,"Korea, South",29,Hee-chan Hwang,Wolverhampton Wanderers,21,2
GB1-2024,176,England,23,Jaden Philogene,for 2 clubs,21,2
GB1-2024,177,Ireland,24,Jake O'Brien,Everton FC,20,2
GB1-2024,178,Wales,27,Nathan Broadhead,Ipswich Town,18,2
GB1-2024,179,England,30,John Stones,Manchester City,11,2
GB1-2024,180,England,20,Nico O'Reilly,Manchester City,9,2
GB1-2024,181,Brazil,21,Savinho,Manchester City,29,1
GB1-2024,182,Germany,34,İlkay Gündoğan,Manchester City,33,1
GB1-2024,183,Portugal,26,Matheus Nunes,Manchester City,26,1
GB1-2024,184,England,23,Jacob Ramsey,Aston Villa,29,1
GB1-2024,185,Netherlands,25,Mats Wieffer,Brighton & Hove Albion,25,1
GB1-2024,186,England,24,Keane Lewis-Potter,Brentford FC,38,1
GB1-2024,187,Ecuador,23,Moisés Caicedo,Chelsea FC,38,1
GB1-2024,188,Scotland,30,John McGinn,Aston Villa,34,1
GB1-2024,189,Germany,20,Brajan Gruda,Brighton & Hove Albion,21,1
GB1-2024,190,England,28,Lewis Cook,AFC Bournemouth,36,1
GB1-2024,191,Wales,24,Neco Williams,Nottingham Forest,35,1
GB1-2024,192,England,25,Leif Davis,Ipswich Town,33,1
GB1-2024,193,England,39,Ashley Young,Everton FC,32,1
GB1-2024,194,Germany,26,Vitaly Janelt,Brentford FC,32,1
GB1-2024,195,Netherlands,23,Jurriën Timber,Arsenal FC,30,1
GB1-2024,196,Jamaica,32,Bobby De Cordova-Reid,Leicester City,23,1
GB1-2024,197,Gabon,31,Mario Lemina,Wolverhampton Wanderers,17,1
GB1-2024,198,Ukraine,25,Vitaliy Mykolenko,Everton FC,35,1
GB1-2024,199,France,26,Ibrahima Konaté,Liverpool FC,31,1
GB1-2024,200,Uruguay,24,Manuel Ugarte,Manchester United,29,1
GB1-2024,201,Netherlands,23,Ian Maatsen,Aston Villa,29,1
GB1-2024,202,England,20,Rico Lewis,Manchester City,28,1
GB1-2024,203,England,24,Djed Spence,Tottenham Hotspur,25,1
GB1-2024,204,England,30,James Ward-Prowse,for 2 clubs,24,1
GB1-2024,205,Jamaica,27,Leon Bailey,Aston Villa,24,1
GB1-2024,206,Denmark,33,Christian Eriksen,Manchester United,23,1
GB1-2024,207,England,25,Ben Johnson,Ipswich Town,23,1
GB1-2024,208,England,22,Harvey Elliott,Liverpool FC,18,1
GB1-2024,209,England,32,Danny Ings,West Ham United,15,1
GB1-2024,210,England,33,Dan Burn,Newcastle United,37,1
GB1-2024,211,France,25,Maxence Lacroix,Crystal Palace,35,1
GB1-2024,212,England,28,Jack Harrison,Everton FC,34,1
GB1-2024,213,Netherlands,24,Jan Paul van Hecke,Brighton & Hove Albion,34,1
GB1-2024,214,Egypt,33,Sam Morsy,Ipswich Town,33,1
GB1-2024,215,England,32,James Tarkowski,Everton FC,33,1
GB1-2024,216,Spain,28,Carlos Soler,West Ham United,31,1
GB1-2024,217,Ecuador,27,Pervis Estupiñán,Brighton & Hove Albion,30,1
GB1-2024,218,Japan,24,Yukinari Sugawara,Southampton FC,30,1
GB1-2024,219,Sweden,25,Jens Cajuste,Ipswich Town,30,1
GB1-2024,220,Poland,27,Matty Cash,Aston Villa,27,1
GB1-2024,221,France,21,Lesley Ugochukwu,Southampton FC,26,1
GB1-2024,222,Ghana,23,Kamaldeen Sulemana,Southampton FC,26,1
GB1-2024,223,Northern Ireland,21,Justin Devenny,Crystal Palace,23,1
GB1-2024,224,England,27,Tosin Adarabioyo,Chelsea FC,22,1
GB1-2024,225,England,28,Conor Chaplin,Ipswich Town,22,1
GB1-2024,226,England,29,Jack Grealish,Manchester City,20,1
GB1-2024,227,England,25,Reece James,Chelsea FC,19,1
GB1-2024,228,Netherlands,23,Crysencio Summerville,West Ham United,19,1
GB1-2024,229,Argentina,27,Cristian Romero,Tottenham Hotspur,18,1
GB1-2024,230,Ireland,23,Kasey McAteer,Leicester City,18,1
GB1-2024,231,Paraguay,22,Diego Gómez,Brighton & Hove Albion,16,1
GB1-2024,232,Jamaica,34,Michail Antonio,West Ham United,14,1
GB1-2024,233,England,24,Reiss Nelson,for 2 clubs,12,1
GB1-2024,234,Portugal,25,João Félix,Chelsea FC,12,1
GB1-2024,235,Colombia,25,Luis Sinisterra,AFC Bournemouth,12,1
GB1-2024,236,England,19,Tyrique George,Chelsea FC,8,1
GB1-2024,237,England,20,Romain Esse,Crystal Palace,7,1
GB1-2024,238,Nigeria,25,Calvin Bassey,Fulham FC,35,1
GB1-2024,239,Belgium,27,Wout Faes,Leicester City,34,1
GB1-2024,240,England,23,Taylor Harwood-Bellis,Southampton FC,34,1
GB1-2024,241,Ireland,26,Jack Taylor,Ipswich Town,32,1
GB1-2024,242,England,32,Harry Maguire,Manchester United,27,1
GB1-2024,243,England,26,Flynn Downes,Southampton FC,27,1
GB1-2024,244,Nigeria,27,Taiwo Awoniyi,Nottingham Forest,26,1
GB1-2024,245,France,25,Boubacar Kamara,Aston Villa,26,1
GB1-2024,246,England,24,Jacob Greaves,Ipswich Town,25,1
GB1-2024,247,Brazil,33,Casemiro,Manchester United,24,1
GB1-2024,248,United States,25,Chris Richards,Crystal Palace,24,1
GB1-2024,249,Zambia,26,Patson Daka,Leicester City,23,1
GB1-2024,250,England,18,Myles Lewis-Skelly,Arsenal FC,23,1
GB1-2024,251,England,32,Conor Coady,Leicester City,22,1
GB1-2024,252,Ireland,20,Evan Ferguson,for 2 clubs,21,1
GB1-2024,253,England,31,Jack Stephens,Southampton FC,19,1
GB1-2024,254,Belgium,26,Orel Mangala,Everton FC,19,1
GB1-2024,255,Italy,23,Caleb Okoli,Leicester City,19,1
GB1-2024,256,Paraguay,25,Ramón Sosa,Nottingham Forest,19,1
GB1-2024,257,Ireland,25,Will Smallbone,Southampton FC,18,1
GB1-2024,258,England,26,Mason Mount,Manchester United,17,1
GB1-2024,259,Poland,25,Jakub Kiwior,Arsenal FC,17,1
GB1-2024,260,Cote d'Ivoire,27,Emmanuel Agbadou,Wolverhampton Wanderers,16,1
GB1-2024,261,France,20,Wilson Odobert,Tottenham Hotspur,16,1
GB1-2024,262,Canada,21,Daniel Jebbison,AFC Bournemouth,16,1
GB1-2024,263,Denmark,21,William Osula,Newcastle United,14,1
GB1-2024,264,England,19,Lewis Miley,Newcastle United,14,1
GB1-2024,265,Scotland,27,Kieran Tierney,Arsenal FC,13,1
GB1-2024,266,France,27,Axel Disasi,for 2 clubs,13,1
GB1-2024,267,Scotland,28,Ross Stewart,Southampton FC,12,1
GB1-2024,268,Spain,23,Nico González,Manchester City,11,1
GB1-2024,269,England,28,Ben Chilwell,Crystal Palace,8,1
GB1-2024,270,Türkiye,25,Ferdi Kadıoğlu,Brighton & Hove Albion,6,1
GB1-2024,271,Brazil,21,Matheus França,Crystal Palace,4,1
GB1-2025,1,Norway,25,Erling Haaland,Manchester City,35,27
GB1-2025,2,Brazil,24,Igor Thiago,Brentford FC,38,22
GB1-2025,3,Ghana,26,Antoine Semenyo,for 2 clubs,37,17
GB1-2025,4,England,30,Ollie Watkins,Aston Villa,37,16
GB1-2025,5,Brazil,24,João Pedro,Chelsea FC,35,15
GB1-2025,6,England,26,Morgan Gibbs-White,Nottingham Forest,37,15
GB1-2025,7,Sweden,27,Viktor Gyökeres,Arsenal FC,36,14
GB1-2025,8,England,29,Dominic Calvert-Lewin,Leeds United,35,14
GB1-2025,9,England,35,Danny Welbeck,Brighton & Hove Albion,37,13
GB1-2025,10,France,19,Junior Kroupi,AFC Bournemouth,33,13
GB1-2025,11,France,28,Jean-Philippe Mateta,Crystal Palace,32,12
GB1-2025,12,Brazil,29,Richarlison,Tottenham Hotspur,32,11
GB1-2025,13,France,23,Hugo Ekitiké,Liverpool FC,28,11
GB1-2025,14,Cameroon,26,Bryan Mbeumo,Manchester United,33,11
GB1-2025,15,Slovenia,22,Benjamin Sesko,Manchester United,30,11
GB1-2025,16,Netherlands,27,Zian Flemming,Burnley FC,29,11
GB1-2025,17,England,23,Morgan Rogers,Aston Villa,37,10
GB1-2025,18,Wales,29,Harry Wilson,Fulham FC,36,10
GB1-2025,19,Argentina,25,Enzo Fernández,Chelsea FC,36,10
GB1-2025,20,Brazil,26,Matheus Cunha,Manchester United,33,10
GB1-2025,21,England,24,Cole Palmer,Chelsea FC,26,10
GB1-2025,22,Portugal,31,Bruno Fernandes,Manchester United,35,9
GB1-2025,23,England,29,Jarrod Bowen,West Ham United,38,9
GB1-2025,24,Brazil,28,Bruno Guimarães,Newcastle United,29,9
GB1-2025,25,Mexico,35,Raúl Jiménez,Fulham FC,36,9
GB1-2025,26,Brazil,34,Casemiro,Manchester United,34,9
GB1-2025,27,Guinea-Bissau,28,Beto,Everton FC,37,9
GB1-2025,28,Senegal,28,Ismaïla Sarr,Crystal Palace,28,9
GB1-2025,29,England,27,Kiernan Dewsbury-Hall,Everton FC,31,8
GB1-2025,30,England,26,Jaidon Anthony,Burnley FC,37,8
GB1-2025,31,Germany,24,Kevin Schade,Brentford FC,35,8
GB1-2025,32,Germany,24,Nick Woltemade,Newcastle United,33,8
GB1-2025,33,Switzerland,25,Noah Okafor,Leeds United,28,8
GB1-2025,34,France,23,Thierno Barry,Everton FC,38,8
GB1-2025,35,Burkina Faso,24,Dango Ouattara,Brentford FC,32,7
GB1-2025,36,England,24,Bukayo Saka,Arsenal FC,31,7
GB1-2025,37,Egypt,33,Mohamed Salah,Liverpool FC,27,7
GB1-2025,38,Netherlands,27,Cody Gakpo,Liverpool FC,36,7
GB1-2025,39,England,25,Phil Foden,Manchester City,33,7
GB1-2025,40,England,27,Marcus Tavernier,AFC Bournemouth,34,7
GB1-2025,41,England,27,Eberechi Eze,for 2 clubs,33,7
GB1-2025,42,England,28,Harvey Barnes,Newcastle United,37,7
GB1-2025,43,England,34,Callum Wilson,West Ham United,32,7
GB1-2025,44,Netherlands,24,Brian Brobbey,Sunderland AFC,31,7
GB1-2025,45,Denmark,22,William Osula,Newcastle United,24,7
GB1-2025,46,Hungary,25,Dominik Szoboszlai,Liverpool FC,36,6
GB1-2025,47,Belgium,31,Leandro Trossard,Arsenal FC,31,6
GB1-2025,48,Brazil,25,Igor Jesus,Nottingham Forest,37,6
GB1-2025,49,Brazil,26,Evanilson,AFC Bournemouth,36,6
GB1-2025,50,Senegal,26,Iliman Ndiaye,Everton FC,32,6
GB1-2025,51,Argentina,29,Emiliano Buendía,Aston Villa,36,6
GB1-2025,52,England,25,Anthony Gordon,Newcastle United,26,6
GB1-2025,53,Germany,27,Lukas Nmecha,Leeds United,31,6
GB1-2025,54,Netherlands,34,Virgil van Dijk,Liverpool FC,38,6
GB1-2025,55,Haiti,25,Wilson Isidor,Sunderland AFC,32,6
GB1-2025,56,Argentina,27,Taty Castellanos,West Ham United,18,6
GB1-2025,57,Belgium,23,Jérémy Doku,Manchester City,30,5
GB1-2025,58,France,26,Enzo Le Fée,Sunderland AFC,36,5
GB1-2025,59,Portugal,26,Pedro Neto,Chelsea FC,34,5
GB1-2025,60,Scotland,31,John McGinn,Aston Villa,30,5
GB1-2025,61,Germany,23,Florian Wirtz,Liverpool FC,33,5
GB1-2025,62,Netherlands,24,Crysencio Summerville,West Ham United,31,5
GB1-2025,63,Netherlands,24,Ryan Gravenberch,Liverpool FC,36,5
GB1-2025,64,England,21,Nico O'Reilly,Manchester City,34,5
GB1-2025,65,Germany,27,Anton Stach,Leeds United,29,5
GB1-2025,66,Portugal,30,João Palhinha,Tottenham Hotspur,33,5
GB1-2025,67,Netherlands,27,Tijjani Reijnders,Manchester City,28,5
GB1-2025,68,Brazil,19,Rayan,AFC Bournemouth,15,5
GB1-2025,69,Spain,27,Martín Zubimendi,Arsenal FC,38,5
GB1-2025,70,Paraguay,23,Diego Gómez,Brighton & Hove Albion,32,5
GB1-2025,71,Czech Republic,31,Tomáš Souček,West Ham United,35,5
GB1-2025,72,France,22,Rayan Cherki,Manchester City,33,4
GB1-2025,73,England,27,Declan Rice,Arsenal FC,36,4
GB1-2025,74,United States,25,Brenden Aaronson,Leeds United,37,4
GB1-2025,75,England,23,Elliot Anderson,Nottingham Forest,38,4
GB1-2025,76,Denmark,25,Mikkel Damsgaard,Brentford FC,33,4
GB1-2025,77,England,21,Jack Hinshelwood,Brighton & Hove Albion,27,4
GB1-2025,78,Denmark,21,Patrick Dorgu,Manchester United,26,4
GB1-2025,79,Nigeria,30,Alex Iwobi,Fulham FC,29,4
GB1-2025,80,Colombia,29,Daniel Muñoz,Crystal Palace,29,4
GB1-2025,81,Spain,29,Mikel Merino,Arsenal FC,22,4
GB1-2025,82,Morocco,21,Chemsdine Talbi,Sunderland AFC,28,4
GB1-2025,83,Nigeria,28,Taiwo Awoniyi,Nottingham Forest,17,4
GB1-2025,84,Norway,26,Jørgen Strand Larsen,for 2 clubs,36,4
GB1-2025,85,Netherlands,25,Micky van de Ven,Tottenham Hotspur,35,4
GB1-2025,86,France,21,Mathys Tel,Tottenham Hotspur,31,4
GB1-2025,87,Argentina,27,Cristian Romero,Tottenham Hotspur,23,4
GB1-2025,88,Netherlands,26,Donyell Malen,Aston Villa,21,4
GB1-2025,89,Brazil,28,Lucas Paquetá,West Ham United,18,4
GB1-2025,90,Germany,24,Malick Thiaw,Newcastle United,35,4
GB1-2025,91,Netherlands,24,Jurriën Timber,Arsenal FC,30,3
GB1-2025,92,Portugal,21,Mateus Fernandes,West Ham United,36,3
GB1-2025,93,England,25,Marc Guéhi,for 2 clubs,35,3
GB1-2025,94,The Gambia,21,Yankuba Minteh,Brighton & Hove Albion,34,3
GB1-2025,95,France,28,Nordi Mukiele,Sunderland AFC,32,3
GB1-2025,96,Brazil,28,Gabriel,Arsenal FC,32,3
GB1-2025,97,France,24,Georginio Rutter,Brighton & Hove Albion,32,3
GB1-2025,98,England,25,Callum Hudson-Odoi,Nottingham Forest,30,3
GB1-2025,99,Nigeria,26,Samuel Chukwueze,Fulham FC,23,3
GB1-2025,100,Netherlands,25,Jan Paul van Hecke,Brighton & Hove Albion,36,3
GB1-2025,101,England,25,Keane Lewis-Potter,Brentford FC,36,3
GB1-2025,102,Poland,28,Matty Cash,Aston Villa,35,3
GB1-2025,103,Sweden,22,Yasin Ayari,Brighton & Hove Albion,29,3
GB1-2025,104,England,26,Ryan Sessegnon,Fulham FC,27,3
GB1-2025,105,Egypt,27,Omar Marmoush,Manchester City,21,3
GB1-2025,106,France,22,Lesley Ugochukwu,Burnley FC,35,3
GB1-2025,107,England,31,Jacob Murphy,Newcastle United,33,3
GB1-2025,108,Morocco,26,Amine Adli,AFC Bournemouth,31,3
GB1-2025,109,Uruguay,27,Santiago Bueno,Wolverhampton Wanderers,29,3
GB1-2025,110,Portugal,18,Mateus Mané,Wolverhampton Wanderers,27,3
GB1-2025,111,South Africa,25,Lyle Foster,Burnley FC,26,3
GB1-2025,112,England,22,Alex Scott,AFC Bournemouth,37,3
GB1-2025,113,Denmark,30,Mathias Jensen,Brentford FC,36,3
GB1-2025,114,England,33,Michael Keane,Everton FC,33,3
GB1-2025,115,Nigeria,25,Tolu Arokodare,Wolverhampton Wanderers,33,3
GB1-2025,116,Ecuador,24,Moisés Caicedo,Chelsea FC,33,3
GB1-2025,117,England,24,Noni Madueke,Arsenal FC,26,3
GB1-2025,118,Japan,28,Kaoru Mitoma,Brighton & Hove Albion,25,3
GB1-2025,119,England,32,Ross Barkley,Aston Villa,21,3
GB1-2025,120,Sweden,26,Alexander Isak,Liverpool FC,14,3
GB1-2025,121,England,25,Emile Smith Rowe,Fulham FC,37,3
GB1-2025,122,England,26,Trevoh Chalobah,Chelsea FC,34,3
GB1-2025,123,Greece,28,Konstantinos Mavropanos,West Ham United,31,3
GB1-2025,124,England,27,Mason Mount,Manchester United,23,3
GB1-2025,125,Portugal,22,Rodrigo Gomes,Wolverhampton Wanderers,22,3
GB1-2025,126,New Zealand,34,Chris Wood,Nottingham Forest,15,3
GB1-2025,127,England,28,Dominic Solanke,Tottenham Hotspur,15,3
GB1-2025,128,Brazil,29,Gabriel Jesus,Arsenal FC,14,3
GB1-2025,129,England,25,James Garner,Everton FC,38,2
GB1-2025,130,England,30,Jack Grealish,Everton FC,20,2
GB1-2025,131,Ghana,25,Mohammed Kudus,Tottenham Hotspur,19,2
GB1-2025,132,England,26,Reece James,Chelsea FC,29,2
GB1-2025,133,Netherlands,23,Xavi Simons,Tottenham Hotspur,28,2
GB1-2025,134,Portugal,31,Bernardo Silva,Manchester City,38,2
GB1-2025,135,Argentina,27,Alexis Mac Allister,Liverpool FC,37,2
GB1-2025,136,Cote d'Ivoire,23,Amad Diallo,Manchester United,32,2
GB1-2025,137,Senegal,23,Pape Matar Sarr,Tottenham Hotspur,26,2
GB1-2025,138,England,33,James Tarkowski,Everton FC,37,2
GB1-2025,139,Wales,25,Neco Williams,Nottingham Forest,37,2
GB1-2025,140,France,23,Malo Gusto,Chelsea FC,34,2
GB1-2025,141,Belgium,25,Maxim De Cuyper,Brighton & Hove Albion,30,2
GB1-2025,142,England,24,Jacob Ramsey,Newcastle United,28,2
GB1-2025,143,Netherlands,26,Mats Wieffer,Brighton & Hove Albion,26,2
GB1-2025,144,Senegal,36,Idrissa Gueye,Everton FC,25,2
GB1-2025,145,Senegal,22,Habib Diarra,Sunderland AFC,20,2
GB1-2025,146,Germany,26,Kai Havertz,Arsenal FC,12,2
GB1-2025,147,Spain,23,Yéremy Pino,Crystal Palace,34,2
GB1-2025,148,Northern Ireland,26,Dan Ballard,Sunderland AFC,29,2
GB1-2025,149,Cote d'Ivoire,28,Ibrahim Sangaré,Nottingham Forest,28,2
GB1-2025,150,"Korea, South",30,Hee-chan Hwang,Wolverhampton Wanderers,26,2
GB1-2025,151,United States,27,Tyler Adams,AFC Bournemouth,25,2
GB1-2025,152,England,20,Archie Gray,Tottenham Hotspur,24,2
GB1-2025,153,England,28,Sean Longstaff,Leeds United,23,2
GB1-2025,154,Brazil,18,Estêvão,Chelsea FC,22,2
GB1-2025,155,Ireland,29,Josh Cullen,Burnley FC,18,2
GB1-2025,156,Croatia,24,Josko Gvardiol,Manchester City,18,2
GB1-2025,157,England,29,Adam Armstrong,Wolverhampton Wanderers,14,2
GB1-2025,158,Northern Ireland,24,Trai Hume,Sunderland AFC,38,2
GB1-2025,159,Wales,25,Brennan Johnson,for 2 clubs,34,2
GB1-2025,160,Hungary,22,Milos Kerkez,Liverpool FC,34,2
GB1-2025,161,England,28,James Justin,Leeds United,29,2
GB1-2025,162,France,22,Loum Tchaouna,Burnley FC,29,2
GB1-2025,163,Czech Republic,27,Ladislav Krejci,Wolverhampton Wanderers,28,2
GB1-2025,164,Brazil,29,Joelinton,Newcastle United,27,2
GB1-2025,165,Italy,28,Federico Chiesa,Liverpool FC,26,2
GB1-2025,166,Netherlands,25,Joshua Zirkzee,Manchester United,24,2
GB1-2025,167,Greece,18,Charalampos Kostoulas,Brighton & Hove Albion,21,2
GB1-2025,168,England,17,Rio Ngumoha,Liverpool FC,19,2
GB1-2025,169,Wales,28,Joe Rodon,Leeds United,35,2
GB1-2025,170,Japan,27,Ao Tanaka,Leeds United,28,2
GB1-2025,171,Scotland,31,Ryan Christie,AFC Bournemouth,26,2
GB1-2025,172,Portugal,29,Rúben Dias,Manchester City,26,2
GB1-2025,173,Belgium,24,Amadou Onana,Aston Villa,25,2
GB1-2025,174,Scotland,35,Tom Cairney,Fulham FC,24,2
GB1-2025,175,Netherlands,27,Justin Kluivert,AFC Bournemouth,20,2
GB1-2025,176,Spain,21,Eliezer Mayenda,Sunderland AFC,20,2
GB1-2025,177,Italy,22,Nicolò Savona,Nottingham Forest,14,2
GB1-2025,178,England,28,Tammy Abraham,Aston Villa,12,2
GB1-2025,179,England,26,Eddie Nketiah,Crystal Palace,12,2
GB1-2025,180,Portugal,27,Matheus Nunes,Manchester City,34,1
GB1-2025,181,England,22,Omari Hutchinson,Nottingham Forest,31,1
GB1-2025,182,Norway,27,Martin Ødegaard,Arsenal FC,24,1
GB1-2025,183,Switzerland,33,Granit Xhaka,Sunderland AFC,34,1
GB1-2025,184,France,24,Adrien Truffert,AFC Bournemouth,38,1
GB1-2025,185,England,22,Adam Wharton,Crystal Palace,34,1
GB1-2025,186,Spain,27,Marc Cucurella,Chelsea FC,34,1
GB1-2025,187,England,25,Jayden Bogle,Leeds United,34,1
GB1-2025,188,Brazil,24,Gabriel Martinelli,Arsenal FC,30,1
GB1-2025,189,Tunisia,23,Hannibal,Burnley FC,27,1
GB1-2025,190,Germany,28,Vitaly Janelt,Brentford FC,25,1
GB1-2025,191,Argentina,21,Alejandro Garnacho,Chelsea FC,24,1
GB1-2025,192,England,20,Lewis Miley,Newcastle United,23,1
GB1-2025,193,Portugal,27,Diogo Dalot,Manchester United,34,1
GB1-2025,194,England,35,Jordan Henderson,Brentford FC,32,1
GB1-2025,195,Wales,28,David Brooks,AFC Bournemouth,31,1
GB1-2025,196,England,34,Dan Burn,Newcastle United,29,1
GB1-2025,197,Serbia,29,Saša Lukić,Fulham FC,26,1
GB1-2025,198,England,27,Marcus Edwards,Burnley FC,23,1
GB1-2025,199,Sweden,20,Lucas Bergvall,Tottenham Hotspur,23,1
GB1-2025,200,Germany,34,Pascal Groß,Brighton & Hove Albion,19,1
GB1-2025,201,France,26,Boubacar Kamara,Aston Villa,18,1
GB1-2025,202,England,26,Tyrick Mitchell,Crystal Palace,38,1
GB1-2025,203,Ukraine,22,Yegor Yarmolyuk,Brentford FC,37,1
GB1-2025,204,France,26,Maxence Lacroix,Crystal Palace,35,1
GB1-2025,205,Ireland,25,Nathan Collins,Brentford FC,35,1
GB1-2025,206,Spain,23,Hugo Bueno,Wolverhampton Wanderers,35,1
GB1-2025,207,England,25,Curtis Jones,Liverpool FC,34,1
GB1-2025,208,Spain,26,Pedro Porro,Tottenham Hotspur,34,1
GB1-2025,209,England,19,Josh King,Fulham FC,32,1
GB1-2025,210,England,21,Kobbie Mainoo,Manchester United,28,1
GB1-2025,211,Italy,24,Riccardo Calafiori,Arsenal FC,26,1
GB1-2025,212,Brazil,23,Kevin,Fulham FC,26,1
GB1-2025,213,Slovenia,27,Jaka Bijol,Leeds United,25,1
GB1-2025,214,Ecuador,24,Piero Hincapié,Arsenal FC,25,1
GB1-2025,215,Brazil,22,Savinho,Manchester City,24,1
GB1-2025,216,England,33,Harry Maguire,Manchester United,23,1
GB1-2025,217,England,30,Luke Shaw,Manchester United,38,1
GB1-2025,218,Ireland,25,Jake O'Brien,Everton FC,37,1
GB1-2025,219,Italy,21,Michael Kayode,Brentford FC,37,1
GB1-2025,220,Wales,25,Ethan Ampadu,Leeds United,35,1
GB1-2025,221,Brazil,25,João Gomes,Wolverhampton Wanderers,35,1
GB1-2025,222,Paraguay,29,Omar Alderete,Sunderland AFC,33,1
GB1-2025,223,Nigeria,26,Calvin Bassey,Fulham FC,30,1
GB1-2025,224,France,27,Randal Kolo Muani,Tottenham Hotspur,30,1
GB1-2025,225,England,21,Lewis Hall,Newcastle United,30,1
GB1-2025,226,England,23,Liam Delap,Chelsea FC,28,1
GB1-2025,227,Argentina,27,Nicolás Domínguez,Nottingham Forest,27,1
GB1-2025,228,Uruguay,28,Rodrigo Bentancur,Tottenham Hotspur,26,1
GB1-2025,229,Haiti,27,Jean-Ricner Bellegarde,Wolverhampton Wanderers,26,1
GB1-2025,230,Netherlands,26,Sven Botman,Newcastle United,25,1
GB1-2025,231,Switzerland,25,Dan Ndoye,Nottingham Forest,24,1
GB1-2025,232,Albania,24,Armando Broja,Burnley FC,24,1
GB1-2025,233,Cote d'Ivoire,24,Evann Guessand,for 2 clubs,21,1
GB1-2025,234,Brazil,25,Rodrigo Muniz,Fulham FC,21,1
GB1-2025,235,England,40,James Milner,Brighton & Hove Albion,20,1
GB1-2025,236,DR Congo,29,Yoane Wissa,Newcastle United,19,1
GB1-2025,237,Germany,21,Brajan Gruda,Brighton & Hove Albion,18,1
GB1-2025,238,England,18,Chris Rigg,Sunderland AFC,18,1
GB1-2025,239,England,26,Conor Gallagher,Tottenham Hotspur,16,1
GB1-2025,240,Cote d'Ivoire,24,Simon Adingra,Sunderland AFC,14,1
GB1-2025,241,Zimbabwe,29,Marshall Munetsi,Wolverhampton Wanderers,13,1
GB1-2025,242,England,23,Jarrad Branthwaite,Everton FC,10,1
GB1-2025,243,Greece,19,Stefanos Tzimas,Brighton & Hove Albion,9,1
GB1-2025,244,England,16,Max Dowman,Arsenal FC,6,1
GB1-2025,245,Türkiye,26,Ferdi Kadıoğlu,Brighton & Hove Albion,37,1
GB1-2025,246,France,26,Ibrahima Konaté,Liverpool FC,36,1
GB1-2025,247,Brazil,24,André,Wolverhampton Wanderers,35,1
GB1-2025,248,England,34,Lewis Dunk,Brighton & Hove Albion,33,1
GB1-2025,249,England,31,Josh Laurent,Burnley FC,33,1
GB1-2025,250,United States,26,Chris Richards,Crystal Palace,33,1
GB1-2025,251,France,25,William Saliba,Arsenal FC,31,1
GB1-2025,252,Spain,20,Álex Jiménez,AFC Bournemouth,31,1
GB1-2025,253,Brazil,22,Andrey Santos,Chelsea FC,27,1
GB1-2025,254,Spain,24,Nico González,Manchester City,25,1
GB1-2025,255,Brazil,23,Murillo,Nottingham Forest,25,1
GB1-2025,256,Netherlands,34,Joël Veltman,Brighton & Hove Albion,24,1
GB1-2025,257,Scotland,32,Andrew Robertson,Liverpool FC,24,1
GB1-2025,258,Türkiye,29,Enes Ünal,AFC Bournemouth,23,1
GB1-2025,259,England,29,Kyle Walker-Peters,West Ham United,23,1
GB1-2025,260,Colombia,28,Jhon Arias,Wolverhampton Wanderers,23,1
GB1-2025,261,Netherlands,30,Kenny Tete,Fulham FC,22,1
GB1-2025,262,United States,28,Antonee Robinson,Fulham FC,22,1
GB1-2025,263,France,22,Soungoutou Magassa,West Ham United,22,1
GB1-2025,264,Spain,29,Rodri,Manchester City,21,1
GB1-2025,265,Brazil,28,Douglas Luiz,for 2 clubs,21,1
GB1-2025,266,Brazil,24,Morato,Nottingham Forest,21,1
GB1-2025,267,Northern Ireland,22,Justin Devenny,Crystal Palace,21,1
GB1-2025,268,England,20,Josh Acheampong,Chelsea FC,17,1
GB1-2025,269,Germany,23,Merlin Röhl,Everton FC,16,1
GB1-2025,270,DR Congo,28,Axel Tuanzebe,Burnley FC,14,1
GB1-2025,271,Morocco,29,Issa Diop,Fulham FC,13,1
GB1-2025,272,Netherlands,26,Matthijs de Ligt,Manchester United,13,1
GB1-2025,273,Burkina Faso,30,Bertrand Traoré,Sunderland AFC,12,1
GB1-2025,274,England,31,Harrison Reed,Fulham FC,7,1
GB1-2025,275,Peru,25,Oliver Sonne,Burnley FC,7,1
GB1-2025,276,Denmark,25,Matt O'Riley,Brighton & Hove Albion,6,1
GB1-2025,277,Portugal,23,Fábio Carvalho,Brentford FC,6,1
GB1-2025,278,Italy,25,Lorenzo Lucca,Nottingham Forest,4,1
GB1-2025,279,Wales,32,Ben Davies,Tottenham Hotspur,3,1
GB1-2025,280,England,20,Tom Edozie,Wolverhampton Wanderers,3,1
